Program Version: 52.1 (52.1.0.0002)
Mac OS Version: 26.5.2
Architecture: arm64
Model: Mac17,8
Processor count: 18
Time: 2026-07-26 15:42:27 -04:00 (2026-07-26T19:42:27Z)
Installed memory: 24,576 MB
Install path: /Applications/Logos.app/Contents/Frameworks/FaithlifeDesktop.framework/Versions/52.1.0.0002/Frameworks/ApplicationBundle.framework/Versions/A/Resources/lib/Logos.dll
Free install space: 1,061,053 MB
Data path: /Users/mjwebster/Library/Application Support/Logos4/Data/wq8ubj9r.32o
Free disk space: 1,061,053 MB
Temp path: /var/folders/1f/wxxg_vjx4cqbgn1bv5fy1x840000gn/T/
Free temp space: 1,061,053 MB
Swap usage: total = 0.00M used = 0.00M free = 0.00M

Program Version: 52.1 (52.1.0.0002)
Time: 2026-07-26 15:42:27 -04:00 (2026-07-26T19:42:27Z)
Error handling response (POST https://prefsapi.logos.com/v2/prefs/sync/up).
System.Net.Http.HttpRequestException: An error occurred while sending the request.
 ---> System.IO.IOException: Unable to read data from the transport connection: Operation timed out.
 ---> System.Net.Sockets.SocketException (60): Operation timed out
   at System.Net.Sockets.Socket.AwaitableSocketAsyncEventArgs.CreateException(SocketError error, Boolean forAsyncThrow)
   at System.Net.Sockets.NetworkStream.ReadAsync(Memory`1 buffer, CancellationToken cancellationToken)
   at System.Net.Security.SslStream.EnsureFullTlsFrameAsync[TIOAdapter](CancellationToken cancellationToken, Int32 estimatedSize)
   at System.Threading.ExecutionContext.RunInternal(ExecutionContext executionContext, ContextCallback callback, Object state)
   at System.Net.Sockets.SocketAsyncEngine.System.Threading.IThreadPoolWorkItem.Execute()
   at System.Threading.ThreadPoolWorkQueue.Dispatch()
   at System.Threading.PortableThreadPool.WorkerThread.WorkerThreadStart()
   at System.Threading.Thread.StartCallback()
--- End of stack trace from previous location ---

   --- End of inner exception stack trace ---
   at System.Net.Security.SslStream.EnsureFullTlsFrameAsync[TIOAdapter](CancellationToken cancellationToken, Int32 estimatedSize)
   at System.Runtime.CompilerServices.PoolingAsyncValueTaskMethodBuilder`1.StateMachineBox`1.System.Threading.Tasks.Sources.IValueTaskSource<TResult>.GetResult(Int16 token)
   at System.Net.Security.SslStream.ReadAsyncInternal[TIOAdapter](Memory`1 buffer, CancellationToken cancellationToken)
   at System.Runtime.CompilerServices.PoolingAsyncValueTaskMethodBuilder`1.StateMachineBox`1.System.Threading.Tasks.Sources.IValueTaskSource<TResult>.GetResult(Int16 token)
   at System.Net.Http.HttpConnection.<CheckUsabilityOnScavenge>g__ReadAheadWithZeroByteReadAsync|39_0()
   at System.Net.Http.HttpConnection.SendAsync(HttpRequestMessage request, Boolean async, CancellationToken cancellationToken)
   --- End of inner exception stack trace ---
   at System.Net.Http.HttpConnection.SendAsync(HttpRequestMessage request, Boolean async, CancellationToken cancellationToken)
   at System.Net.Http.HttpConnectionPool.SendWithVersionDetectionAndRetryAsync(HttpRequestMessage request, Boolean async, Boolean doRequestAuth, CancellationToken cancellationToken)
   at System.Net.Http.HttpMessageHandlerStage.Send(HttpRequestMessage request, CancellationToken cancellationToken)
   at System.Net.Http.Metrics.MetricsHandler.SendAsync(HttpRequestMessage request, Boolean async, CancellationToken cancellationToken)
   at System.Net.Http.HttpMessageHandlerStage.Send(HttpRequestMessage request, CancellationToken cancellationToken)
   at System.Net.Http.RedirectHandler.SendAsync(HttpRequestMessage request, Boolean async, CancellationToken cancellationToken)
   at System.Net.Http.DecompressionHandler.SendAsync(HttpRequestMessage request, Boolean async, CancellationToken cancellationToken)
   at System.Net.Http.SocketsHttpHandler.Send(HttpRequestMessage request, CancellationToken cancellationToken)
   at Microsoft.Extensions.Http.Logging.LoggingHttpMessageHandler.<SendCoreAsync>g__Core|4_0(HttpRequestMessage request, Boolean useAsync, CancellationToken cancellationToken)
   at Microsoft.Extensions.Http.Logging.LoggingHttpMessageHandler.Send(HttpRequestMessage request, CancellationToken cancellationToken)
   at Microsoft.Extensions.Http.Logging.LoggingScopeHttpMessageHandler.<SendCoreAsync>g__Core|4_0(HttpRequestMessage request, Boolean useAsync, CancellationToken cancellationToken)
   at Microsoft.Extensions.Http.Logging.LoggingScopeHttpMessageHandler.Send(HttpRequestMessage request, CancellationToken cancellationToken)
   at System.Net.Http.HttpClient.Send(HttpRequestMessage request, HttpCompletionOption completionOption, CancellationToken cancellationToken)
   at Libronix.Utility.Net.WebServiceRequestBase`1.GetResponse(IWorkState workState)

Program Version: 52.1 (52.1.0.0002)
Time: 2026-07-26 15:42:57 -04:00 (2026-07-26T19:42:57Z)
Error building request (GET https://usereventsapi.logos.com/v1/events).
System.Net.Http.HttpRequestException: An error occurred while sending the request.
 ---> System.IO.IOException: Unable to read data from the transport connection: Operation timed out.
 ---> System.Net.Sockets.SocketException (60): Operation timed out
   at System.Net.Sockets.Socket.AwaitableSocketAsyncEventArgs.CreateException(SocketError error, Boolean forAsyncThrow)
   at System.Net.Sockets.NetworkStream.ReadAsync(Memory`1 buffer, CancellationToken cancellationToken)
   at System.Net.Security.SslStream.EnsureFullTlsFrameAsync[TIOAdapter](CancellationToken cancellationToken, Int32 estimatedSize)
   at System.Threading.ExecutionContext.RunInternal(ExecutionContext executionContext, ContextCallback callback, Object state)
   at System.Net.Sockets.SocketAsyncEngine.System.Threading.IThreadPoolWorkItem.Execute()
   at System.Threading.ThreadPoolWorkQueue.Dispatch()
   at System.Threading.PortableThreadPool.WorkerThread.WorkerThreadStart()
   at System.Threading.Thread.StartCallback()
--- End of stack trace from previous location ---

   --- End of inner exception stack trace ---
   at System.Net.Security.SslStream.EnsureFullTlsFrameAsync[TIOAdapter](CancellationToken cancellationToken, Int32 estimatedSize)
   at System.Runtime.CompilerServices.PoolingAsyncValueTaskMethodBuilder`1.StateMachineBox`1.System.Threading.Tasks.Sources.IValueTaskSource<TResult>.GetResult(Int16 token)
   at System.Net.Security.SslStream.ReadAsyncInternal[TIOAdapter](Memory`1 buffer, CancellationToken cancellationToken)
   at System.Runtime.CompilerServices.PoolingAsyncValueTaskMethodBuilder`1.StateMachineBox`1.System.Threading.Tasks.Sources.IValueTaskSource<TResult>.GetResult(Int16 token)
   at System.Net.Http.HttpConnection.<CheckUsabilityOnScavenge>g__ReadAheadWithZeroByteReadAsync|39_0()
   at System.Net.Http.HttpConnection.SendAsync(HttpRequestMessage request, Boolean async, CancellationToken cancellationToken)
   --- End of inner exception stack trace ---
   at System.Net.Http.HttpConnection.SendAsync(HttpRequestMessage request, Boolean async, CancellationToken cancellationToken)
   at System.Net.Http.HttpConnectionPool.SendWithVersionDetectionAndRetryAsync(HttpRequestMessage request, Boolean async, Boolean doRequestAuth, CancellationToken cancellationToken)
   at System.Net.Http.RedirectHandler.SendAsync(HttpRequestMessage request, Boolean async, CancellationToken cancellationToken)
   at System.Net.Http.DecompressionHandler.SendAsync(HttpRequestMessage request, Boolean async, CancellationToken cancellationToken)
   at Microsoft.Extensions.Http.Logging.LoggingHttpMessageHandler.<SendCoreAsync>g__Core|4_0(HttpRequestMessage request, Boolean useAsync, CancellationToken cancellationToken)
   at Libronix.Utility.Net.TimeoutHandler.SendAsync(HttpRequestMessage request, CancellationToken cancellationToken)
   at Microsoft.Extensions.Http.Logging.LoggingScopeHttpMessageHandler.<SendCoreAsync>g__Core|4_0(HttpRequestMessage request, Boolean useAsync, CancellationToken cancellationToken)
   at System.Net.Http.HttpClient.<SendAsync>g__Core|83_0(HttpRequestMessage request, HttpCompletionOption completionOption, CancellationTokenSource cts, Boolean disposeCts, CancellationTokenSource pendingRequestsCts, CancellationToken originalCancellationToken)
   at Libronix.Utility.Net.WebServiceRequestBase`1.GetResponseAsync(CancellationToken cancellationToken)

Program Version: 52.1 (52.1.0.0002)
Time: 2026-07-26 15:42:57 -04:00 (2026-07-26T19:42:57Z)
Error downloading user events.
Libronix.Utility.Net.WebServiceException: Error building request. Request: GET https://usereventsapi.logos.com/v1/events
 ---> System.Net.Http.HttpRequestException: An error occurred while sending the request.
 ---> System.IO.IOException: Unable to read data from the transport connection: Operation timed out.
 ---> System.Net.Sockets.SocketException (60): Operation timed out
   at System.Net.Sockets.Socket.AwaitableSocketAsyncEventArgs.CreateException(SocketError error, Boolean forAsyncThrow)
   at System.Net.Sockets.NetworkStream.ReadAsync(Memory`1 buffer, CancellationToken cancellationToken)
   at System.Net.Security.SslStream.EnsureFullTlsFrameAsync[TIOAdapter](CancellationToken cancellationToken, Int32 estimatedSize)
   at System.Threading.ExecutionContext.RunInternal(ExecutionContext executionContext, ContextCallback callback, Object state)
   at System.Net.Sockets.SocketAsyncEngine.System.Threading.IThreadPoolWorkItem.Execute()
   at System.Threading.ThreadPoolWorkQueue.Dispatch()
   at System.Threading.PortableThreadPool.WorkerThread.WorkerThreadStart()
   at System.Threading.Thread.StartCallback()
--- End of stack trace from previous location ---

   --- End of inner exception stack trace ---
   at System.Net.Security.SslStream.EnsureFullTlsFrameAsync[TIOAdapter](CancellationToken cancellationToken, Int32 estimatedSize)
   at System.Runtime.CompilerServices.PoolingAsyncValueTaskMethodBuilder`1.StateMachineBox`1.System.Threading.Tasks.Sources.IValueTaskSource<TResult>.GetResult(Int16 token)
   at System.Net.Security.SslStream.ReadAsyncInternal[TIOAdapter](Memory`1 buffer, CancellationToken cancellationToken)
   at System.Runtime.CompilerServices.PoolingAsyncValueTaskMethodBuilder`1.StateMachineBox`1.System.Threading.Tasks.Sources.IValueTaskSource<TResult>.GetResult(Int16 token)
   at System.Net.Http.HttpConnection.<CheckUsabilityOnScavenge>g__ReadAheadWithZeroByteReadAsync|39_0()
   at System.Net.Http.HttpConnection.SendAsync(HttpRequestMessage request, Boolean async, CancellationToken cancellationToken)
   --- End of inner exception stack trace ---
   at System.Net.Http.HttpConnection.SendAsync(HttpRequestMessage request, Boolean async, CancellationToken cancellationToken)
   at System.Net.Http.HttpConnectionPool.SendWithVersionDetectionAndRetryAsync(HttpRequestMessage request, Boolean async, Boolean doRequestAuth, CancellationToken cancellationToken)
   at System.Net.Http.RedirectHandler.SendAsync(HttpRequestMessage request, Boolean async, CancellationToken cancellationToken)
   at System.Net.Http.DecompressionHandler.SendAsync(HttpRequestMessage request, Boolean async, CancellationToken cancellationToken)
   at Microsoft.Extensions.Http.Logging.LoggingHttpMessageHandler.<SendCoreAsync>g__Core|4_0(HttpRequestMessage request, Boolean useAsync, CancellationToken cancellationToken)
   at Libronix.Utility.Net.TimeoutHandler.SendAsync(HttpRequestMessage request, CancellationToken cancellationToken)
   at Microsoft.Extensions.Http.Logging.LoggingScopeHttpMessageHandler.<SendCoreAsync>g__Core|4_0(HttpRequestMessage request, Boolean useAsync, CancellationToken cancellationToken)
   at System.Net.Http.HttpClient.<SendAsync>g__Core|83_0(HttpRequestMessage request, HttpCompletionOption completionOption, CancellationTokenSource cts, Boolean disposeCts, CancellationTokenSource pendingRequestsCts, CancellationToken originalCancellationToken)
   at Libronix.Utility.Net.WebServiceRequestBase`1.GetResponseAsync(CancellationToken cancellationToken)
   --- End of inner exception stack trace ---
   at Libronix.Utility.Net.WebServiceRequestBase`1.GetResponseAsync(CancellationToken cancellationToken)
   at Logos.UserEvents.Manager.UserEventManager.DoUpdate()

Program Version: 52.1 (52.1.0.0002)
Time: 2026-07-26 15:42:59 -04:00 (2026-07-26T19:42:59Z)
Couldn't download licenses file.
Libronix.Utility.Net.WebServiceException: Error building request. Request: GET https://licensesapi.logos.com/v5/licensesfile
 ---> System.Net.Http.HttpRequestException: An error occurred while sending the request.
 ---> System.IO.IOException: Unable to read data from the transport connection: Operation timed out.
 ---> System.Net.Sockets.SocketException (60): Operation timed out
   at System.Net.Sockets.Socket.AwaitableSocketAsyncEventArgs.CreateException(SocketError error, Boolean forAsyncThrow)
   at System.Net.Sockets.NetworkStream.ReadAsync(Memory`1 buffer, CancellationToken cancellationToken)
   at System.Net.Security.SslStream.EnsureFullTlsFrameAsync[TIOAdapter](CancellationToken cancellationToken, Int32 estimatedSize)
   at System.Threading.ExecutionContext.RunInternal(ExecutionContext executionContext, ContextCallback callback, Object state)
   at System.Net.Sockets.SocketAsyncEngine.System.Threading.IThreadPoolWorkItem.Execute()
   at System.Threading.ThreadPoolWorkQueue.Dispatch()
   at System.Threading.PortableThreadPool.WorkerThread.WorkerThreadStart()
   at System.Threading.Thread.StartCallback()
--- End of stack trace from previous location ---

   --- End of inner exception stack trace ---
   at System.Net.Security.SslStream.EnsureFullTlsFrameAsync[TIOAdapter](CancellationToken cancellationToken, Int32 estimatedSize)
   at System.Runtime.CompilerServices.PoolingAsyncValueTaskMethodBuilder`1.StateMachineBox`1.System.Threading.Tasks.Sources.IValueTaskSource<TResult>.GetResult(Int16 token)
   at System.Net.Security.SslStream.ReadAsyncInternal[TIOAdapter](Memory`1 buffer, CancellationToken cancellationToken)
   at System.Runtime.CompilerServices.PoolingAsyncValueTaskMethodBuilder`1.StateMachineBox`1.System.Threading.Tasks.Sources.IValueTaskSource<TResult>.GetResult(Int16 token)
   at System.Net.Http.HttpConnection.<CheckUsabilityOnScavenge>g__ReadAheadWithZeroByteReadAsync|39_0()
   at System.Net.Http.HttpConnection.SendAsync(HttpRequestMessage request, Boolean async, CancellationToken cancellationToken)
   --- End of inner exception stack trace ---
   at System.Net.Http.HttpConnection.SendAsync(HttpRequestMessage request, Boolean async, CancellationToken cancellationToken)
   at System.Net.Http.HttpConnectionPool.SendWithVersionDetectionAndRetryAsync(HttpRequestMessage request, Boolean async, Boolean doRequestAuth, CancellationToken cancellationToken)
   at System.Net.Http.RedirectHandler.SendAsync(HttpRequestMessage request, Boolean async, CancellationToken cancellationToken)
   at System.Net.Http.DecompressionHandler.SendAsync(HttpRequestMessage request, Boolean async, CancellationToken cancellationToken)
   at Microsoft.Extensions.Http.Logging.LoggingHttpMessageHandler.<SendCoreAsync>g__Core|4_0(HttpRequestMessage request, Boolean useAsync, CancellationToken cancellationToken)
   at Libronix.Utility.Net.TimeoutHandler.SendAsync(HttpRequestMessage request, CancellationToken cancellationToken)
   at Microsoft.Extensions.Http.Logging.LoggingScopeHttpMessageHandler.<SendCoreAsync>g__Core|4_0(HttpRequestMessage request, Boolean useAsync, CancellationToken cancellationToken)
   at System.Net.Http.HttpClient.<SendAsync>g__Core|83_0(HttpRequestMessage request, HttpCompletionOption completionOption, CancellationTokenSource cts, Boolean disposeCts, CancellationTokenSource pendingRequestsCts, CancellationToken originalCancellationToken)
   at Libronix.Utility.Net.WebServiceRequestBase`1.GetResponseAsync(CancellationToken cancellationToken)
   --- End of inner exception stack trace ---
   at Libronix.Utility.Net.WebServiceRequestBase`1.GetResponseAsync(CancellationToken cancellationToken)
   at Libronix.Utility.Net.WebServiceRequestBase`1.GetResponseAsync(IWorkState workState)
   at LDLS4.WebServiceClient.GetLicensesAsync(LicensesApiClient licensesApiClient, LicenseManager licenseManager, Boolean forceDownload, CancellationToken cancellationToken) in /Volumes/Code/ghe_actions-2.301.1/ghec-LogosBible-2/_work/LogosDesktop/LogosDesktop/src/LDLS4/WebServiceClient.cs:line 199

Program Version: 52.1 (52.1.0.0002)
Time: 2026-07-26 15:52:29 -04:00 (2026-07-26T19:52:29Z)
Error building request (GET https://usereventsapi.logos.com/v1/events).
System.Net.Http.HttpRequestException: An error occurred while sending the request.
 ---> System.IO.IOException: Unable to read data from the transport connection: Connection reset by peer.
 ---> System.Net.Sockets.SocketException (54): Connection reset by peer
   at System.Net.Sockets.Socket.AwaitableSocketAsyncEventArgs.CreateException(SocketError error, Boolean forAsyncThrow)
   at System.Net.Sockets.NetworkStream.ReadAsync(Memory`1 buffer, CancellationToken cancellationToken)
   at System.Net.Security.SslStream.EnsureFullTlsFrameAsync[TIOAdapter](CancellationToken cancellationToken, Int32 estimatedSize)
   at System.Threading.ExecutionContext.RunInternal(ExecutionContext executionContext, ContextCallback callback, Object state)
   at System.Net.Sockets.SocketAsyncEngine.System.Threading.IThreadPoolWorkItem.Execute()
   at System.Threading.ThreadPoolWorkQueue.Dispatch()
   at System.Threading.PortableThreadPool.WorkerThread.WorkerThreadStart()
   at System.Threading.Thread.StartCallback()
--- End of stack trace from previous location ---

   --- End of inner exception stack trace ---
   at System.Net.Security.SslStream.EnsureFullTlsFrameAsync[TIOAdapter](CancellationToken cancellationToken, Int32 estimatedSize)
   at System.Runtime.CompilerServices.PoolingAsyncValueTaskMethodBuilder`1.StateMachineBox`1.System.Threading.Tasks.Sources.IValueTaskSource<TResult>.GetResult(Int16 token)
   at System.Net.Security.SslStream.ReadAsyncInternal[TIOAdapter](Memory`1 buffer, CancellationToken cancellationToken)
   at System.Runtime.CompilerServices.PoolingAsyncValueTaskMethodBuilder`1.StateMachineBox`1.System.Threading.Tasks.Sources.IValueTaskSource<TResult>.GetResult(Int16 token)
   at System.Net.Http.HttpConnection.<CheckUsabilityOnScavenge>g__ReadAheadWithZeroByteReadAsync|39_0()
   at System.Net.Http.HttpConnection.SendAsync(HttpRequestMessage request, Boolean async, CancellationToken cancellationToken)
   --- End of inner exception stack trace ---
   at System.Net.Http.HttpConnection.SendAsync(HttpRequestMessage request, Boolean async, CancellationToken cancellationToken)
   at System.Net.Http.HttpConnectionPool.SendWithVersionDetectionAndRetryAsync(HttpRequestMessage request, Boolean async, Boolean doRequestAuth, CancellationToken cancellationToken)
   at System.Net.Http.RedirectHandler.SendAsync(HttpRequestMessage request, Boolean async, CancellationToken cancellationToken)
   at System.Net.Http.DecompressionHandler.SendAsync(HttpRequestMessage request, Boolean async, CancellationToken cancellationToken)
   at Microsoft.Extensions.Http.Logging.LoggingHttpMessageHandler.<SendCoreAsync>g__Core|4_0(HttpRequestMessage request, Boolean useAsync, CancellationToken cancellationToken)
   at Libronix.Utility.Net.TimeoutHandler.SendAsync(HttpRequestMessage request, CancellationToken cancellationToken)
   at Microsoft.Extensions.Http.Logging.LoggingScopeHttpMessageHandler.<SendCoreAsync>g__Core|4_0(HttpRequestMessage request, Boolean useAsync, CancellationToken cancellationToken)
   at System.Net.Http.HttpClient.<SendAsync>g__Core|83_0(HttpRequestMessage request, HttpCompletionOption completionOption, CancellationTokenSource cts, Boolean disposeCts, CancellationTokenSource pendingRequestsCts, CancellationToken originalCancellationToken)
   at Libronix.Utility.Net.WebServiceRequestBase`1.GetResponseAsync(CancellationToken cancellationToken)

Program Version: 52.1 (52.1.0.0002)
Time: 2026-07-26 15:52:29 -04:00 (2026-07-26T19:52:29Z)
Error downloading user events.
Libronix.Utility.Net.WebServiceException: Error building request. Request: GET https://usereventsapi.logos.com/v1/events
 ---> System.Net.Http.HttpRequestException: An error occurred while sending the request.
 ---> System.IO.IOException: Unable to read data from the transport connection: Connection reset by peer.
 ---> System.Net.Sockets.SocketException (54): Connection reset by peer
   at System.Net.Sockets.Socket.AwaitableSocketAsyncEventArgs.CreateException(SocketError error, Boolean forAsyncThrow)
   at System.Net.Sockets.NetworkStream.ReadAsync(Memory`1 buffer, CancellationToken cancellationToken)
   at System.Net.Security.SslStream.EnsureFullTlsFrameAsync[TIOAdapter](CancellationToken cancellationToken, Int32 estimatedSize)
   at System.Threading.ExecutionContext.RunInternal(ExecutionContext executionContext, ContextCallback callback, Object state)
   at System.Net.Sockets.SocketAsyncEngine.System.Threading.IThreadPoolWorkItem.Execute()
   at System.Threading.ThreadPoolWorkQueue.Dispatch()
   at System.Threading.PortableThreadPool.WorkerThread.WorkerThreadStart()
   at System.Threading.Thread.StartCallback()
--- End of stack trace from previous location ---

   --- End of inner exception stack trace ---
   at System.Net.Security.SslStream.EnsureFullTlsFrameAsync[TIOAdapter](CancellationToken cancellationToken, Int32 estimatedSize)
   at System.Runtime.CompilerServices.PoolingAsyncValueTaskMethodBuilder`1.StateMachineBox`1.System.Threading.Tasks.Sources.IValueTaskSource<TResult>.GetResult(Int16 token)
   at System.Net.Security.SslStream.ReadAsyncInternal[TIOAdapter](Memory`1 buffer, CancellationToken cancellationToken)
   at System.Runtime.CompilerServices.PoolingAsyncValueTaskMethodBuilder`1.StateMachineBox`1.System.Threading.Tasks.Sources.IValueTaskSource<TResult>.GetResult(Int16 token)
   at System.Net.Http.HttpConnection.<CheckUsabilityOnScavenge>g__ReadAheadWithZeroByteReadAsync|39_0()
   at System.Net.Http.HttpConnection.SendAsync(HttpRequestMessage request, Boolean async, CancellationToken cancellationToken)
   --- End of inner exception stack trace ---
   at System.Net.Http.HttpConnection.SendAsync(HttpRequestMessage request, Boolean async, CancellationToken cancellationToken)
   at System.Net.Http.HttpConnectionPool.SendWithVersionDetectionAndRetryAsync(HttpRequestMessage request, Boolean async, Boolean doRequestAuth, CancellationToken cancellationToken)
   at System.Net.Http.RedirectHandler.SendAsync(HttpRequestMessage request, Boolean async, CancellationToken cancellationToken)
   at System.Net.Http.DecompressionHandler.SendAsync(HttpRequestMessage request, Boolean async, CancellationToken cancellationToken)
   at Microsoft.Extensions.Http.Logging.LoggingHttpMessageHandler.<SendCoreAsync>g__Core|4_0(HttpRequestMessage request, Boolean useAsync, CancellationToken cancellationToken)
   at Libronix.Utility.Net.TimeoutHandler.SendAsync(HttpRequestMessage request, CancellationToken cancellationToken)
   at Microsoft.Extensions.Http.Logging.LoggingScopeHttpMessageHandler.<SendCoreAsync>g__Core|4_0(HttpRequestMessage request, Boolean useAsync, CancellationToken cancellationToken)
   at System.Net.Http.HttpClient.<SendAsync>g__Core|83_0(HttpRequestMessage request, HttpCompletionOption completionOption, CancellationTokenSource cts, Boolean disposeCts, CancellationTokenSource pendingRequestsCts, CancellationToken originalCancellationToken)
   at Libronix.Utility.Net.WebServiceRequestBase`1.GetResponseAsync(CancellationToken cancellationToken)
   --- End of inner exception stack trace ---
   at Libronix.Utility.Net.WebServiceRequestBase`1.GetResponseAsync(CancellationToken cancellationToken)
   at Logos.UserEvents.Manager.UserEventManager.DoUpdate()

Program Version: 52.1 (52.1.0.0002)
Time: 2026-07-26 15:52:32 -04:00 (2026-07-26T19:52:32Z)
Couldn't download licenses file.
Libronix.Utility.Net.WebServiceException: Error building request. Request: GET https://licensesapi.logos.com/v5/licensesfile
 ---> System.Net.Http.HttpRequestException: An error occurred while sending the request.
 ---> System.IO.IOException: Unable to read data from the transport connection: Connection reset by peer.
 ---> System.Net.Sockets.SocketException (54): Connection reset by peer
   at System.Net.Sockets.Socket.AwaitableSocketAsyncEventArgs.CreateException(SocketError error, Boolean forAsyncThrow)
   at System.Net.Sockets.NetworkStream.ReadAsync(Memory`1 buffer, CancellationToken cancellationToken)
   at System.Net.Security.SslStream.EnsureFullTlsFrameAsync[TIOAdapter](CancellationToken cancellationToken, Int32 estimatedSize)
   at System.Threading.ExecutionContext.RunInternal(ExecutionContext executionContext, ContextCallback callback, Object state)
   at System.Net.Sockets.SocketAsyncEngine.System.Threading.IThreadPoolWorkItem.Execute()
   at System.Threading.ThreadPoolWorkQueue.Dispatch()
   at System.Threading.PortableThreadPool.WorkerThread.WorkerThreadStart()
   at System.Threading.Thread.StartCallback()
--- End of stack trace from previous location ---

   --- End of inner exception stack trace ---
   at System.Net.Security.SslStream.EnsureFullTlsFrameAsync[TIOAdapter](CancellationToken cancellationToken, Int32 estimatedSize)
   at System.Runtime.CompilerServices.PoolingAsyncValueTaskMethodBuilder`1.StateMachineBox`1.System.Threading.Tasks.Sources.IValueTaskSource<TResult>.GetResult(Int16 token)
   at System.Net.Security.SslStream.ReadAsyncInternal[TIOAdapter](Memory`1 buffer, CancellationToken cancellationToken)
   at System.Runtime.CompilerServices.PoolingAsyncValueTaskMethodBuilder`1.StateMachineBox`1.System.Threading.Tasks.Sources.IValueTaskSource<TResult>.GetResult(Int16 token)
   at System.Net.Http.HttpConnection.<CheckUsabilityOnScavenge>g__ReadAheadWithZeroByteReadAsync|39_0()
   at System.Net.Http.HttpConnection.SendAsync(HttpRequestMessage request, Boolean async, CancellationToken cancellationToken)
   --- End of inner exception stack trace ---
   at System.Net.Http.HttpConnection.SendAsync(HttpRequestMessage request, Boolean async, CancellationToken cancellationToken)
   at System.Net.Http.HttpConnectionPool.SendWithVersionDetectionAndRetryAsync(HttpRequestMessage request, Boolean async, Boolean doRequestAuth, CancellationToken cancellationToken)
   at System.Net.Http.RedirectHandler.SendAsync(HttpRequestMessage request, Boolean async, CancellationToken cancellationToken)
   at System.Net.Http.DecompressionHandler.SendAsync(HttpRequestMessage request, Boolean async, CancellationToken cancellationToken)
   at Microsoft.Extensions.Http.Logging.LoggingHttpMessageHandler.<SendCoreAsync>g__Core|4_0(HttpRequestMessage request, Boolean useAsync, CancellationToken cancellationToken)
   at Libronix.Utility.Net.TimeoutHandler.SendAsync(HttpRequestMessage request, CancellationToken cancellationToken)
   at Microsoft.Extensions.Http.Logging.LoggingScopeHttpMessageHandler.<SendCoreAsync>g__Core|4_0(HttpRequestMessage request, Boolean useAsync, CancellationToken cancellationToken)
   at System.Net.Http.HttpClient.<SendAsync>g__Core|83_0(HttpRequestMessage request, HttpCompletionOption completionOption, CancellationTokenSource cts, Boolean disposeCts, CancellationTokenSource pendingRequestsCts, CancellationToken originalCancellationToken)
   at Libronix.Utility.Net.WebServiceRequestBase`1.GetResponseAsync(CancellationToken cancellationToken)
   --- End of inner exception stack trace ---
   at Libronix.Utility.Net.WebServiceRequestBase`1.GetResponseAsync(CancellationToken cancellationToken)
   at Libronix.Utility.Net.WebServiceRequestBase`1.GetResponseAsync(IWorkState workState)
   at LDLS4.WebServiceClient.GetLicensesAsync(LicensesApiClient licensesApiClient, LicenseManager licenseManager, Boolean forceDownload, CancellationToken cancellationToken) in /Volumes/Code/ghe_actions-2.301.1/ghec-LogosBible-2/_work/LogosDesktop/LogosDesktop/src/LDLS4/WebServiceClient.cs:line 199

Program Version: 52.1 (52.1.0.0002)
Time: 2026-07-26 16:52:08 -04:00 (2026-07-26T20:52:08Z)
Couldn't download licenses file.
Libronix.Utility.Net.WebServiceException: Error building request. Request: GET https://licensesapi.logos.com/v5/licensesfile
 ---> System.Net.Http.HttpRequestException: An error occurred while sending the request.
 ---> System.IO.IOException: Unable to read data from the transport connection: Operation timed out.
 ---> System.Net.Sockets.SocketException (60): Operation timed out
   at System.Net.Sockets.Socket.AwaitableSocketAsyncEventArgs.CreateException(SocketError error, Boolean forAsyncThrow)
   at System.Net.Sockets.NetworkStream.ReadAsync(Memory`1 buffer, CancellationToken cancellationToken)
   at System.Net.Security.SslStream.EnsureFullTlsFrameAsync[TIOAdapter](CancellationToken cancellationToken, Int32 estimatedSize)
   at System.Threading.ExecutionContext.RunInternal(ExecutionContext executionContext, ContextCallback callback, Object state)
   at System.Net.Sockets.SocketAsyncEngine.System.Threading.IThreadPoolWorkItem.Execute()
   at System.Threading.ThreadPoolWorkQueue.Dispatch()
   at System.Threading.PortableThreadPool.WorkerThread.WorkerThreadStart()
   at System.Threading.Thread.StartCallback()
--- End of stack trace from previous location ---

   --- End of inner exception stack trace ---
   at System.Net.Security.SslStream.EnsureFullTlsFrameAsync[TIOAdapter](CancellationToken cancellationToken, Int32 estimatedSize)
   at System.Runtime.CompilerServices.PoolingAsyncValueTaskMethodBuilder`1.StateMachineBox`1.System.Threading.Tasks.Sources.IValueTaskSource<TResult>.GetResult(Int16 token)
   at System.Net.Security.SslStream.ReadAsyncInternal[TIOAdapter](Memory`1 buffer, CancellationToken cancellationToken)
   at System.Runtime.CompilerServices.PoolingAsyncValueTaskMethodBuilder`1.StateMachineBox`1.System.Threading.Tasks.Sources.IValueTaskSource<TResult>.GetResult(Int16 token)
   at System.Net.Http.HttpConnection.<CheckUsabilityOnScavenge>g__ReadAheadWithZeroByteReadAsync|39_0()
   at System.Net.Http.HttpConnection.SendAsync(HttpRequestMessage request, Boolean async, CancellationToken cancellationToken)
   --- End of inner exception stack trace ---
   at System.Net.Http.HttpConnection.SendAsync(HttpRequestMessage request, Boolean async, CancellationToken cancellationToken)
   at System.Net.Http.HttpConnectionPool.SendWithVersionDetectionAndRetryAsync(HttpRequestMessage request, Boolean async, Boolean doRequestAuth, CancellationToken cancellationToken)
   at System.Net.Http.RedirectHandler.SendAsync(HttpRequestMessage request, Boolean async, CancellationToken cancellationToken)
   at System.Net.Http.DecompressionHandler.SendAsync(HttpRequestMessage request, Boolean async, CancellationToken cancellationToken)
   at Microsoft.Extensions.Http.Logging.LoggingHttpMessageHandler.<SendCoreAsync>g__Core|4_0(HttpRequestMessage request, Boolean useAsync, CancellationToken cancellationToken)
   at Libronix.Utility.Net.TimeoutHandler.SendAsync(HttpRequestMessage request, CancellationToken cancellationToken)
   at Microsoft.Extensions.Http.Logging.LoggingScopeHttpMessageHandler.<SendCoreAsync>g__Core|4_0(HttpRequestMessage request, Boolean useAsync, CancellationToken cancellationToken)
   at System.Net.Http.HttpClient.<SendAsync>g__Core|83_0(HttpRequestMessage request, HttpCompletionOption completionOption, CancellationTokenSource cts, Boolean disposeCts, CancellationTokenSource pendingRequestsCts, CancellationToken originalCancellationToken)
   at Libronix.Utility.Net.WebServiceRequestBase`1.GetResponseAsync(CancellationToken cancellationToken)
   --- End of inner exception stack trace ---
   at Libronix.Utility.Net.WebServiceRequestBase`1.GetResponseAsync(CancellationToken cancellationToken)
   at Libronix.Utility.Net.WebServiceRequestBase`1.GetResponseAsync(IWorkState workState)
   at LDLS4.WebServiceClient.GetLicensesAsync(LicensesApiClient licensesApiClient, LicenseManager licenseManager, Boolean forceDownload, CancellationToken cancellationToken) in /Volumes/Code/ghe_actions-2.301.1/ghec-LogosBible-2/_work/LogosDesktop/LogosDesktop/src/LDLS4/WebServiceClient.cs:line 199

Program Version: 52.1 (52.1.0.0002)
Time: 2026-07-26 16:54:50 -04:00 (2026-07-26T20:54:50Z)
SQLite Error 284: automatic index on Records(IsDataset)

Program Version: 52.1 (52.1.0.0002)
Time: 2026-07-26 17:22:22 -04:00 (2026-07-26T21:22:22Z)
SQLite Error 283: recovered 140 frames from WAL file /Users/mjwebster/Library/Application Support/Logos4/Data/wq8ubj9r.32o/AmplitudeReporter/AmplitudeEvents.db-wal

Program Version: 52.1 (52.1.0.0002)
Time: 2026-07-26 17:22:27 -04:00 (2026-07-26T21:22:27Z)
SQLite Error 284: automatic index on Records(IsDataset)

Program Version: 52.1 (52.1.0.0002)
Time: 2026-07-26 17:24:08 -04:00 (2026-07-26T21:24:08Z)
SQLite Error 284: automatic index on Records(IsDataset)

Program Version: 52.1 (52.1.0.0002)
Time: 2026-07-27 05:17:08 -04:00 (2026-07-27T09:17:08Z)
Error building request (GET https://usereventsapi.logos.com/v1/events).
System.Net.Http.HttpRequestException: An error occurred while sending the request.
 ---> System.IO.IOException: The encryption operation failed, see inner exception.
 ---> System.ComponentModel.Win32Exception (14): Bad address
   --- End of inner exception stack trace ---
   at System.Net.Security.SslStream.WriteAsyncInternal[TIOAdapter](ReadOnlyMemory`1 buffer, CancellationToken cancellationToken)
   at System.Net.Http.HttpConnection.FlushAsync(Boolean async)
   at System.Net.Http.HttpConnection.SendAsync(HttpRequestMessage request, Boolean async, CancellationToken cancellationToken)
   at System.Net.Http.HttpConnection.SendAsync(HttpRequestMessage request, Boolean async, CancellationToken cancellationToken)
   at System.Net.Http.HttpConnectionPool.SendWithVersionDetectionAndRetryAsync(HttpRequestMessage request, Boolean async, Boolean doRequestAuth, CancellationToken cancellationToken)
   at System.Net.Http.HttpConnectionPoolManager.SendAsync(HttpRequestMessage request, Boolean async, Boolean doRequestAuth, CancellationToken cancellationToken)
   at System.Net.Http.HttpMessageHandlerStage.SendAsync(HttpRequestMessage request, CancellationToken cancellationToken)
   at System.Net.Http.RedirectHandler.SendAsync(HttpRequestMessage request, Boolean async, CancellationToken cancellationToken)
   at System.Net.Http.DecompressionHandler.SendAsync(HttpRequestMessage request, Boolean async, CancellationToken cancellationToken)
   at System.Net.Http.DecompressionHandler.SendAsync(HttpRequestMessage request, Boolean async, CancellationToken cancellationToken)
   at System.Net.Http.SocketsHttpHandler.SendAsync(HttpRequestMessage request, CancellationToken cancellationToken)
   at Microsoft.Extensions.Http.Logging.LoggingHttpMessageHandler.<SendCoreAsync>g__Core|4_0(HttpRequestMessage request, Boolean useAsync, CancellationToken cancellationToken)
   at Microsoft.Extensions.Http.Logging.LoggingHttpMessageHandler.SendAsync(HttpRequestMessage request, CancellationToken cancellationToken)
   at Libronix.Utility.Net.TimeoutHandler.SendAsync(HttpRequestMessage request, CancellationToken cancellationToken)
   at Libronix.Utility.Net.TimeoutHandler.SendAsync(HttpRequestMessage request, CancellationToken cancellationToken)
   at Microsoft.Extensions.Http.Logging.LoggingScopeHttpMessageHandler.<SendCoreAsync>g__Core|4_0(HttpRequestMessage request, Boolean useAsync, CancellationToken cancellationToken)
   at Microsoft.Extensions.Http.Logging.LoggingScopeHttpMessageHandler.SendAsync(HttpRequestMessage request, CancellationToken cancellationToken)
   at System.Net.Http.HttpClient.<SendAsync>g__Core|83_0(HttpRequestMessage request, HttpCompletionOption completionOption, CancellationTokenSource cts, Boolean disposeCts, CancellationTokenSource pendingRequestsCts, CancellationToken originalCancellationToken)
   at System.Runtime.CompilerServices.AsyncMethodBuilderCore.Start[TStateMachine](TStateMachine& stateMachine)
   at Libronix.Utility.Net.WebServiceRequestBase`1.GetResponseAsync(CancellationToken cancellationToken)
   at Logos.UserEvents.Manager.UserEventManager.DoUpdate()
   at Logos.UserEvents.Manager.UserEventManager.ThreadProc()
   at System.Threading.Thread.StartCallback()
--- End of stack trace from previous location ---
   at System.Net.Security.SslStream.WriteAsyncInternal[TIOAdapter](ReadOnlyMemory`1 buffer, CancellationToken cancellationToken)
   at System.Net.Http.HttpConnection.SendAsync(HttpRequestMessage request, Boolean async, CancellationToken cancellationToken)
   --- End of inner exception stack trace ---
   at System.Net.Http.HttpConnection.SendAsync(HttpRequestMessage request, Boolean async, CancellationToken cancellationToken)
   at System.Net.Http.HttpConnectionPool.SendWithVersionDetectionAndRetryAsync(HttpRequestMessage request, Boolean async, Boolean doRequestAuth, CancellationToken cancellationToken)
   at System.Net.Http.RedirectHandler.SendAsync(HttpRequestMessage request, Boolean async, CancellationToken cancellationToken)
   at System.Net.Http.DecompressionHandler.SendAsync(HttpRequestMessage request, Boolean async, CancellationToken cancellationToken)
   at Microsoft.Extensions.Http.Logging.LoggingHttpMessageHandler.<SendCoreAsync>g__Core|4_0(HttpRequestMessage request, Boolean useAsync, CancellationToken cancellationToken)
   at Libronix.Utility.Net.TimeoutHandler.SendAsync(HttpRequestMessage request, CancellationToken cancellationToken)
   at Microsoft.Extensions.Http.Logging.LoggingScopeHttpMessageHandler.<SendCoreAsync>g__Core|4_0(HttpRequestMessage request, Boolean useAsync, CancellationToken cancellationToken)
   at System.Net.Http.HttpClient.<SendAsync>g__Core|83_0(HttpRequestMessage request, HttpCompletionOption completionOption, CancellationTokenSource cts, Boolean disposeCts, CancellationTokenSource pendingRequestsCts, CancellationToken originalCancellationToken)
   at Libronix.Utility.Net.WebServiceRequestBase`1.GetResponseAsync(CancellationToken cancellationToken)

Program Version: 52.1 (52.1.0.0002)
Time: 2026-07-27 05:17:08 -04:00 (2026-07-27T09:17:08Z)
Error downloading user events.
Libronix.Utility.Net.WebServiceException: Error building request. Request: GET https://usereventsapi.logos.com/v1/events
 ---> System.Net.Http.HttpRequestException: An error occurred while sending the request.
 ---> System.IO.IOException: The encryption operation failed, see inner exception.
 ---> System.ComponentModel.Win32Exception (14): Bad address
   --- End of inner exception stack trace ---
   at System.Net.Security.SslStream.WriteAsyncInternal[TIOAdapter](ReadOnlyMemory`1 buffer, CancellationToken cancellationToken)
   at System.Net.Http.HttpConnection.FlushAsync(Boolean async)
   at System.Net.Http.HttpConnection.SendAsync(HttpRequestMessage request, Boolean async, CancellationToken cancellationToken)
   at System.Net.Http.HttpConnection.SendAsync(HttpRequestMessage request, Boolean async, CancellationToken cancellationToken)
   at System.Net.Http.HttpConnectionPool.SendWithVersionDetectionAndRetryAsync(HttpRequestMessage request, Boolean async, Boolean doRequestAuth, CancellationToken cancellationToken)
   at System.Net.Http.HttpConnectionPoolManager.SendAsync(HttpRequestMessage request, Boolean async, Boolean doRequestAuth, CancellationToken cancellationToken)
   at System.Net.Http.HttpMessageHandlerStage.SendAsync(HttpRequestMessage request, CancellationToken cancellationToken)
   at System.Net.Http.RedirectHandler.SendAsync(HttpRequestMessage request, Boolean async, CancellationToken cancellationToken)
   at System.Net.Http.DecompressionHandler.SendAsync(HttpRequestMessage request, Boolean async, CancellationToken cancellationToken)
   at System.Net.Http.DecompressionHandler.SendAsync(HttpRequestMessage request, Boolean async, CancellationToken cancellationToken)
   at System.Net.Http.SocketsHttpHandler.SendAsync(HttpRequestMessage request, CancellationToken cancellationToken)
   at Microsoft.Extensions.Http.Logging.LoggingHttpMessageHandler.<SendCoreAsync>g__Core|4_0(HttpRequestMessage request, Boolean useAsync, CancellationToken cancellationToken)
   at Microsoft.Extensions.Http.Logging.LoggingHttpMessageHandler.SendAsync(HttpRequestMessage request, CancellationToken cancellationToken)
   at Libronix.Utility.Net.TimeoutHandler.SendAsync(HttpRequestMessage request, CancellationToken cancellationToken)
   at Libronix.Utility.Net.TimeoutHandler.SendAsync(HttpRequestMessage request, CancellationToken cancellationToken)
   at Microsoft.Extensions.Http.Logging.LoggingScopeHttpMessageHandler.<SendCoreAsync>g__Core|4_0(HttpRequestMessage request, Boolean useAsync, CancellationToken cancellationToken)
   at Microsoft.Extensions.Http.Logging.LoggingScopeHttpMessageHandler.SendAsync(HttpRequestMessage request, CancellationToken cancellationToken)
   at System.Net.Http.HttpClient.<SendAsync>g__Core|83_0(HttpRequestMessage request, HttpCompletionOption completionOption, CancellationTokenSource cts, Boolean disposeCts, CancellationTokenSource pendingRequestsCts, CancellationToken originalCancellationToken)
   at System.Runtime.CompilerServices.AsyncMethodBuilderCore.Start[TStateMachine](TStateMachine& stateMachine)
   at Libronix.Utility.Net.WebServiceRequestBase`1.GetResponseAsync(CancellationToken cancellationToken)
   at Logos.UserEvents.Manager.UserEventManager.DoUpdate()
   at Logos.UserEvents.Manager.UserEventManager.ThreadProc()
   at System.Threading.Thread.StartCallback()
--- End of stack trace from previous location ---
   at System.Net.Security.SslStream.WriteAsyncInternal[TIOAdapter](ReadOnlyMemory`1 buffer, CancellationToken cancellationToken)
   at System.Net.Http.HttpConnection.SendAsync(HttpRequestMessage request, Boolean async, CancellationToken cancellationToken)
   --- End of inner exception stack trace ---
   at System.Net.Http.HttpConnection.SendAsync(HttpRequestMessage request, Boolean async, CancellationToken cancellationToken)
   at System.Net.Http.HttpConnectionPool.SendWithVersionDetectionAndRetryAsync(HttpRequestMessage request, Boolean async, Boolean doRequestAuth, CancellationToken cancellationToken)
   at System.Net.Http.RedirectHandler.SendAsync(HttpRequestMessage request, Boolean async, CancellationToken cancellationToken)
   at System.Net.Http.DecompressionHandler.SendAsync(HttpRequestMessage request, Boolean async, CancellationToken cancellationToken)
   at Microsoft.Extensions.Http.Logging.LoggingHttpMessageHandler.<SendCoreAsync>g__Core|4_0(HttpRequestMessage request, Boolean useAsync, CancellationToken cancellationToken)
   at Libronix.Utility.Net.TimeoutHandler.SendAsync(HttpRequestMessage request, CancellationToken cancellationToken)
   at Microsoft.Extensions.Http.Logging.LoggingScopeHttpMessageHandler.<SendCoreAsync>g__Core|4_0(HttpRequestMessage request, Boolean useAsync, CancellationToken cancellationToken)
   at System.Net.Http.HttpClient.<SendAsync>g__Core|83_0(HttpRequestMessage request, HttpCompletionOption completionOption, CancellationTokenSource cts, Boolean disposeCts, CancellationTokenSource pendingRequestsCts, CancellationToken originalCancellationToken)
   at Libronix.Utility.Net.WebServiceRequestBase`1.GetResponseAsync(CancellationToken cancellationToken)
   --- End of inner exception stack trace ---
   at Libronix.Utility.Net.WebServiceRequestBase`1.GetResponseAsync(CancellationToken cancellationToken)
   at Logos.UserEvents.Manager.UserEventManager.DoUpdate()

Program Version: 52.1 (52.1.0.0002)
Time: 2026-07-27 10:11:39 -04:00 (2026-07-27T14:11:39Z)
Exception thrown in web browser interop request handler 'logos.hybrid-ui.runProxiedFunction': Function 0 not found

Program Version: 52.1 (52.1.0.0002)
Time: 2026-07-27 10:12:19 -04:00 (2026-07-27T14:12:19Z)
SQLite Error 284: automatic index on Records(IsDataset)

Program Version: 52.1 (52.1.0.0002)
Time: 2026-07-27 11:25:25 -04:00 (2026-07-27T15:25:25Z)
Exception thrown in web browser interop request handler 'logos.hybrid-ui.runProxiedFunction': Function 0 not found

Program Version: 52.1 (52.1.0.0002)
Time: 2026-07-27 11:25:31 -04:00 (2026-07-27T15:25:31Z)
Exception thrown in web browser interop request handler 'logos.hybrid-ui.runProxiedFunction': Function 0 not found

Program Version: 52.1 (52.1.0.0002)
Time: 2026-07-27 14:50:23 -04:00 (2026-07-27T18:50:23Z)
Error handling response (POST https://layoutsapi.logos.com/v1/layouts/sync/down).
System.Net.Http.HttpRequestException: An error occurred while sending the request.
 ---> System.IO.IOException: Unable to read data from the transport connection: Operation timed out.
 ---> System.Net.Sockets.SocketException (60): Operation timed out
   at System.Net.Sockets.Socket.AwaitableSocketAsyncEventArgs.CreateException(SocketError error, Boolean forAsyncThrow)
   at System.Net.Sockets.NetworkStream.ReadAsync(Memory`1 buffer, CancellationToken cancellationToken)
   at System.Net.Security.SslStream.EnsureFullTlsFrameAsync[TIOAdapter](CancellationToken cancellationToken, Int32 estimatedSize)
   at System.Threading.ExecutionContext.RunInternal(ExecutionContext executionContext, ContextCallback callback, Object state)
   at System.Net.Sockets.SocketAsyncEngine.System.Threading.IThreadPoolWorkItem.Execute()
   at System.Threading.ThreadPoolWorkQueue.Dispatch()
   at System.Threading.PortableThreadPool.WorkerThread.WorkerThreadStart()
   at System.Threading.Thread.StartCallback()
--- End of stack trace from previous location ---

   --- End of inner exception stack trace ---
   at System.Net.Security.SslStream.EnsureFullTlsFrameAsync[TIOAdapter](CancellationToken cancellationToken, Int32 estimatedSize)
   at System.Runtime.CompilerServices.PoolingAsyncValueTaskMethodBuilder`1.StateMachineBox`1.System.Threading.Tasks.Sources.IValueTaskSource<TResult>.GetResult(Int16 token)
   at System.Net.Security.SslStream.ReadAsyncInternal[TIOAdapter](Memory`1 buffer, CancellationToken cancellationToken)
   at System.Runtime.CompilerServices.PoolingAsyncValueTaskMethodBuilder`1.StateMachineBox`1.System.Threading.Tasks.Sources.IValueTaskSource<TResult>.GetResult(Int16 token)
   at System.Net.Http.HttpConnection.<CheckUsabilityOnScavenge>g__ReadAheadWithZeroByteReadAsync|39_0()
   at System.Net.Http.HttpConnection.SendAsync(HttpRequestMessage request, Boolean async, CancellationToken cancellationToken)
   --- End of inner exception stack trace ---
   at System.Net.Http.HttpConnection.SendAsync(HttpRequestMessage request, Boolean async, CancellationToken cancellationToken)
   at System.Net.Http.HttpConnectionPool.SendWithVersionDetectionAndRetryAsync(HttpRequestMessage request, Boolean async, Boolean doRequestAuth, CancellationToken cancellationToken)
   at System.Net.Http.Metrics.MetricsHandler.SendAsync(HttpRequestMessage request, Boolean async, CancellationToken cancellationToken)
   at System.Net.Http.HttpMessageHandlerStage.Send(HttpRequestMessage request, CancellationToken cancellationToken)
   at System.Net.Http.RedirectHandler.SendAsync(HttpRequestMessage request, Boolean async, CancellationToken cancellationToken)
   at System.Net.Http.DecompressionHandler.SendAsync(HttpRequestMessage request, Boolean async, CancellationToken cancellationToken)
   at System.Net.Http.SocketsHttpHandler.Send(HttpRequestMessage request, CancellationToken cancellationToken)
   at Microsoft.Extensions.Http.Logging.LoggingHttpMessageHandler.<SendCoreAsync>g__Core|4_0(HttpRequestMessage request, Boolean useAsync, CancellationToken cancellationToken)
   at Microsoft.Extensions.Http.Logging.LoggingHttpMessageHandler.Send(HttpRequestMessage request, CancellationToken cancellationToken)
   at Microsoft.Extensions.Http.Logging.LoggingScopeHttpMessageHandler.<SendCoreAsync>g__Core|4_0(HttpRequestMessage request, Boolean useAsync, CancellationToken cancellationToken)
   at Microsoft.Extensions.Http.Logging.LoggingScopeHttpMessageHandler.Send(HttpRequestMessage request, CancellationToken cancellationToken)
   at System.Net.Http.HttpClient.Send(HttpRequestMessage request, HttpCompletionOption completionOption, CancellationToken cancellationToken)
   at Libronix.Utility.Net.WebServiceRequestBase`1.GetResponse(IWorkState workState)

Program Version: 52.1 (52.1.0.0002)
Time: 2026-07-27 15:52:50 -04:00 (2026-07-27T19:52:50Z)
Exception thrown in web browser interop request handler 'logos.hybrid-ui.runProxiedFunction': Function 0 not found

Program Version: 52.1 (52.1.0.0002)
Time: 2026-07-27 16:21:34 -04:00 (2026-07-27T20:21:34Z)
SQLite Error 284: automatic index on Records(IsDataset)

Program Version: 52.1 (52.1.0.0002)
Time: 2026-07-27 18:01:14 -04:00 (2026-07-27T22:01:14Z)
Couldn't download licenses file.
Libronix.Utility.Net.WebServiceException: Error building request. Request: GET https://licensesapi.logos.com/v5/licensesfile
 ---> System.Net.Http.HttpRequestException: An error occurred while sending the request.
 ---> System.IO.IOException: Unable to read data from the transport connection: Can't assign requested address.
 ---> System.Net.Sockets.SocketException (49): Can't assign requested address
   at System.Net.Sockets.Socket.AwaitableSocketAsyncEventArgs.CreateException(SocketError error, Boolean forAsyncThrow)
   at System.Net.Sockets.NetworkStream.ReadAsync(Memory`1 buffer, CancellationToken cancellationToken)
   at System.Net.Security.SslStream.EnsureFullTlsFrameAsync[TIOAdapter](CancellationToken cancellationToken, Int32 estimatedSize)
   at System.Threading.ExecutionContext.RunInternal(ExecutionContext executionContext, ContextCallback callback, Object state)
   at System.Net.Sockets.SocketAsyncEngine.System.Threading.IThreadPoolWorkItem.Execute()
   at System.Threading.ThreadPoolWorkQueue.Dispatch()
   at System.Threading.PortableThreadPool.WorkerThread.WorkerThreadStart()
   at System.Threading.Thread.StartCallback()
--- End of stack trace from previous location ---

   --- End of inner exception stack trace ---
   at System.Net.Security.SslStream.EnsureFullTlsFrameAsync[TIOAdapter](CancellationToken cancellationToken, Int32 estimatedSize)
   at System.Runtime.CompilerServices.PoolingAsyncValueTaskMethodBuilder`1.StateMachineBox`1.System.Threading.Tasks.Sources.IValueTaskSource<TResult>.GetResult(Int16 token)
   at System.Net.Security.SslStream.ReadAsyncInternal[TIOAdapter](Memory`1 buffer, CancellationToken cancellationToken)
   at System.Runtime.CompilerServices.PoolingAsyncValueTaskMethodBuilder`1.StateMachineBox`1.System.Threading.Tasks.Sources.IValueTaskSource<TResult>.GetResult(Int16 token)
   at System.Net.Http.HttpConnection.<CheckUsabilityOnScavenge>g__ReadAheadWithZeroByteReadAsync|39_0()
   at System.Net.Http.HttpConnection.SendAsync(HttpRequestMessage request, Boolean async, CancellationToken cancellationToken)
   --- End of inner exception stack trace ---
   at System.Net.Http.HttpConnection.SendAsync(HttpRequestMessage request, Boolean async, CancellationToken cancellationToken)
   at System.Net.Http.HttpConnectionPool.SendWithVersionDetectionAndRetryAsync(HttpRequestMessage request, Boolean async, Boolean doRequestAuth, CancellationToken cancellationToken)
   at System.Net.Http.RedirectHandler.SendAsync(HttpRequestMessage request, Boolean async, CancellationToken cancellationToken)
   at System.Net.Http.DecompressionHandler.SendAsync(HttpRequestMessage request, Boolean async, CancellationToken cancellationToken)
   at Microsoft.Extensions.Http.Logging.LoggingHttpMessageHandler.<SendCoreAsync>g__Core|4_0(HttpRequestMessage request, Boolean useAsync, CancellationToken cancellationToken)
   at Libronix.Utility.Net.TimeoutHandler.SendAsync(HttpRequestMessage request, CancellationToken cancellationToken)
   at Microsoft.Extensions.Http.Logging.LoggingScopeHttpMessageHandler.<SendCoreAsync>g__Core|4_0(HttpRequestMessage request, Boolean useAsync, CancellationToken cancellationToken)
   at System.Net.Http.HttpClient.<SendAsync>g__Core|83_0(HttpRequestMessage request, HttpCompletionOption completionOption, CancellationTokenSource cts, Boolean disposeCts, CancellationTokenSource pendingRequestsCts, CancellationToken originalCancellationToken)
   at Libronix.Utility.Net.WebServiceRequestBase`1.GetResponseAsync(CancellationToken cancellationToken)
   --- End of inner exception stack trace ---
   at Libronix.Utility.Net.WebServiceRequestBase`1.GetResponseAsync(CancellationToken cancellationToken)
   at Libronix.Utility.Net.WebServiceRequestBase`1.GetResponseAsync(IWorkState workState)
   at LDLS4.WebServiceClient.GetLicensesAsync(LicensesApiClient licensesApiClient, LicenseManager licenseManager, Boolean forceDownload, CancellationToken cancellationToken) in /Volumes/Code/ghe_actions-2.301.1/ghec-LogosBible-2/_work/LogosDesktop/LogosDesktop/src/LDLS4/WebServiceClient.cs:line 199

Program Version: 52.1 (52.1.0.0002)
Time: 2026-07-27 19:00:31 -04:00 (2026-07-27T23:00:31Z)
Error handling response (POST https://prefsapi.logos.com/v2/prefs/sync/up).
System.Net.Http.HttpRequestException: nodename nor servname provided, or not known (prefsapi.logos.com:443)
 ---> System.Net.Sockets.SocketException (0xFFFDFFFF): nodename nor servname provided, or not known
   at System.Net.Sockets.Socket.AwaitableSocketAsyncEventArgs.ThrowException(SocketError error, CancellationToken cancellationToken)
   at System.Net.Sockets.Socket.AwaitableSocketAsyncEventArgs.System.Threading.Tasks.Sources.IValueTaskSource.GetResult(Int16 token)
   at System.Net.Http.HttpConnectionPool.ConnectToTcpHostAsync(String host, Int32 port, HttpRequestMessage initialRequest, Boolean async, CancellationToken cancellationToken)
   --- End of inner exception stack trace ---
   at System.Net.Http.HttpConnectionPool.ConnectToTcpHostAsync(String host, Int32 port, HttpRequestMessage initialRequest, Boolean async, CancellationToken cancellationToken)
   at System.Net.Http.HttpConnectionPool.ConnectAsync(HttpRequestMessage request, Boolean async, CancellationToken cancellationToken)
   at System.Net.Http.HttpConnectionPool.CreateHttp11ConnectionAsync(HttpRequestMessage request, Boolean async, CancellationToken cancellationToken)
   at System.Net.Http.HttpConnectionPool.InjectNewHttp11ConnectionAsync(QueueItem queueItem)
   at System.Threading.Tasks.TaskCompletionSourceWithCancellation`1.WaitWithCancellation(CancellationToken cancellationToken)
   at System.Net.Http.HttpConnectionWaiter`1.WaitForConnectionAsync(HttpRequestMessage request, HttpConnectionPool pool, Boolean async, CancellationToken requestCancellationToken)
   at System.Net.Http.HttpConnectionPool.SendWithVersionDetectionAndRetryAsync(HttpRequestMessage request, Boolean async, Boolean doRequestAuth, CancellationToken cancellationToken)
   at System.Net.Http.Metrics.MetricsHandler.SendAsync(HttpRequestMessage request, Boolean async, CancellationToken cancellationToken)
   at System.Net.Http.HttpMessageHandlerStage.Send(HttpRequestMessage request, CancellationToken cancellationToken)
   at System.Net.Http.RedirectHandler.SendAsync(HttpRequestMessage request, Boolean async, CancellationToken cancellationToken)
   at System.Net.Http.DecompressionHandler.SendAsync(HttpRequestMessage request, Boolean async, CancellationToken cancellationToken)
   at System.Net.Http.SocketsHttpHandler.Send(HttpRequestMessage request, CancellationToken cancellationToken)
   at Microsoft.Extensions.Http.Logging.LoggingHttpMessageHandler.<SendCoreAsync>g__Core|4_0(HttpRequestMessage request, Boolean useAsync, CancellationToken cancellationToken)
   at Microsoft.Extensions.Http.Logging.LoggingHttpMessageHandler.Send(HttpRequestMessage request, CancellationToken cancellationToken)
   at Microsoft.Extensions.Http.Logging.LoggingScopeHttpMessageHandler.<SendCoreAsync>g__Core|4_0(HttpRequestMessage request, Boolean useAsync, CancellationToken cancellationToken)
   at Microsoft.Extensions.Http.Logging.LoggingScopeHttpMessageHandler.Send(HttpRequestMessage request, CancellationToken cancellationToken)
   at System.Net.Http.HttpClient.Send(HttpRequestMessage request, HttpCompletionOption completionOption, CancellationToken cancellationToken)
   at Libronix.Utility.Net.WebServiceRequestBase`1.GetResponse(IWorkState workState)

Program Version: 52.1 (52.1.0.0002)
Time: 2026-07-27 19:00:46 -04:00 (2026-07-27T23:00:46Z)
Error handling response (POST https://prefsapi.logos.com/v2/prefs/sync/up).
System.Net.Http.HttpRequestException: nodename nor servname provided, or not known (prefsapi.logos.com:443)
 ---> System.Net.Sockets.SocketException (0xFFFDFFFF): nodename nor servname provided, or not known
   at System.Net.Sockets.Socket.AwaitableSocketAsyncEventArgs.ThrowException(SocketError error, CancellationToken cancellationToken)
   at System.Net.Sockets.Socket.AwaitableSocketAsyncEventArgs.System.Threading.Tasks.Sources.IValueTaskSource.GetResult(Int16 token)
   at System.Net.Http.HttpConnectionPool.ConnectToTcpHostAsync(String host, Int32 port, HttpRequestMessage initialRequest, Boolean async, CancellationToken cancellationToken)
   --- End of inner exception stack trace ---
   at System.Net.Http.HttpConnectionPool.ConnectToTcpHostAsync(String host, Int32 port, HttpRequestMessage initialRequest, Boolean async, CancellationToken cancellationToken)
   at System.Net.Http.HttpConnectionPool.ConnectAsync(HttpRequestMessage request, Boolean async, CancellationToken cancellationToken)
   at System.Net.Http.HttpConnectionPool.CreateHttp11ConnectionAsync(HttpRequestMessage request, Boolean async, CancellationToken cancellationToken)
   at System.Net.Http.HttpConnectionPool.InjectNewHttp11ConnectionAsync(QueueItem queueItem)
   at System.Threading.Tasks.TaskCompletionSourceWithCancellation`1.WaitWithCancellation(CancellationToken cancellationToken)
   at System.Net.Http.HttpConnectionWaiter`1.WaitForConnectionAsync(HttpRequestMessage request, HttpConnectionPool pool, Boolean async, CancellationToken requestCancellationToken)
   at System.Net.Http.HttpConnectionPool.SendWithVersionDetectionAndRetryAsync(HttpRequestMessage request, Boolean async, Boolean doRequestAuth, CancellationToken cancellationToken)
   at System.Net.Http.Metrics.MetricsHandler.SendAsync(HttpRequestMessage request, Boolean async, CancellationToken cancellationToken)
   at System.Net.Http.HttpMessageHandlerStage.Send(HttpRequestMessage request, CancellationToken cancellationToken)
   at System.Net.Http.RedirectHandler.SendAsync(HttpRequestMessage request, Boolean async, CancellationToken cancellationToken)
   at System.Net.Http.DecompressionHandler.SendAsync(HttpRequestMessage request, Boolean async, CancellationToken cancellationToken)
   at System.Net.Http.SocketsHttpHandler.Send(HttpRequestMessage request, CancellationToken cancellationToken)
   at Microsoft.Extensions.Http.Logging.LoggingHttpMessageHandler.<SendCoreAsync>g__Core|4_0(HttpRequestMessage request, Boolean useAsync, CancellationToken cancellationToken)
   at Microsoft.Extensions.Http.Logging.LoggingHttpMessageHandler.Send(HttpRequestMessage request, CancellationToken cancellationToken)
   at Microsoft.Extensions.Http.Logging.LoggingScopeHttpMessageHandler.<SendCoreAsync>g__Core|4_0(HttpRequestMessage request, Boolean useAsync, CancellationToken cancellationToken)
   at Microsoft.Extensions.Http.Logging.LoggingScopeHttpMessageHandler.Send(HttpRequestMessage request, CancellationToken cancellationToken)
   at System.Net.Http.HttpClient.Send(HttpRequestMessage request, HttpCompletionOption completionOption, CancellationToken cancellationToken)
   at Libronix.Utility.Net.WebServiceRequestBase`1.GetResponse(IWorkState workState)

Program Version: 52.1 (52.1.0.0002)
Time: 2026-07-27 19:00:56 -04:00 (2026-07-27T23:00:56Z)
Error handling response (POST https://prefsapi.logos.com/v2/prefs/sync/up).
System.Net.Http.HttpRequestException: nodename nor servname provided, or not known (prefsapi.logos.com:443)
 ---> System.Net.Sockets.SocketException (0xFFFDFFFF): nodename nor servname provided, or not known
   at System.Net.Sockets.Socket.AwaitableSocketAsyncEventArgs.ThrowException(SocketError error, CancellationToken cancellationToken)
   at System.Net.Sockets.Socket.AwaitableSocketAsyncEventArgs.System.Threading.Tasks.Sources.IValueTaskSource.GetResult(Int16 token)
   at System.Net.Http.HttpConnectionPool.ConnectToTcpHostAsync(String host, Int32 port, HttpRequestMessage initialRequest, Boolean async, CancellationToken cancellationToken)
   --- End of inner exception stack trace ---
   at System.Net.Http.HttpConnectionPool.ConnectToTcpHostAsync(String host, Int32 port, HttpRequestMessage initialRequest, Boolean async, CancellationToken cancellationToken)
   at System.Net.Http.HttpConnectionPool.ConnectAsync(HttpRequestMessage request, Boolean async, CancellationToken cancellationToken)
   at System.Net.Http.HttpConnectionPool.CreateHttp11ConnectionAsync(HttpRequestMessage request, Boolean async, CancellationToken cancellationToken)
   at System.Net.Http.HttpConnectionPool.InjectNewHttp11ConnectionAsync(QueueItem queueItem)
   at System.Threading.Tasks.TaskCompletionSourceWithCancellation`1.WaitWithCancellation(CancellationToken cancellationToken)
   at System.Net.Http.HttpConnectionWaiter`1.WaitForConnectionAsync(HttpRequestMessage request, HttpConnectionPool pool, Boolean async, CancellationToken requestCancellationToken)
   at System.Net.Http.HttpConnectionPool.SendWithVersionDetectionAndRetryAsync(HttpRequestMessage request, Boolean async, Boolean doRequestAuth, CancellationToken cancellationToken)
   at System.Net.Http.Metrics.MetricsHandler.SendAsync(HttpRequestMessage request, Boolean async, CancellationToken cancellationToken)
   at System.Net.Http.HttpMessageHandlerStage.Send(HttpRequestMessage request, CancellationToken cancellationToken)
   at System.Net.Http.RedirectHandler.SendAsync(HttpRequestMessage request, Boolean async, CancellationToken cancellationToken)
   at System.Net.Http.DecompressionHandler.SendAsync(HttpRequestMessage request, Boolean async, CancellationToken cancellationToken)
   at System.Net.Http.SocketsHttpHandler.Send(HttpRequestMessage request, CancellationToken cancellationToken)
   at Microsoft.Extensions.Http.Logging.LoggingHttpMessageHandler.<SendCoreAsync>g__Core|4_0(HttpRequestMessage request, Boolean useAsync, CancellationToken cancellationToken)
   at Microsoft.Extensions.Http.Logging.LoggingHttpMessageHandler.Send(HttpRequestMessage request, CancellationToken cancellationToken)
   at Microsoft.Extensions.Http.Logging.LoggingScopeHttpMessageHandler.<SendCoreAsync>g__Core|4_0(HttpRequestMessage request, Boolean useAsync, CancellationToken cancellationToken)
   at Microsoft.Extensions.Http.Logging.LoggingScopeHttpMessageHandler.Send(HttpRequestMessage request, CancellationToken cancellationToken)
   at System.Net.Http.HttpClient.Send(HttpRequestMessage request, HttpCompletionOption completionOption, CancellationToken cancellationToken)
   at Libronix.Utility.Net.WebServiceRequestBase`1.GetResponse(IWorkState workState)

Program Version: 52.1 (52.1.0.0002)
Time: 2026-07-27 19:01:11 -04:00 (2026-07-27T23:01:11Z)
Error handling response (POST https://prefsapi.logos.com/v2/prefs/sync/up).
System.Net.Http.HttpRequestException: nodename nor servname provided, or not known (prefsapi.logos.com:443)
 ---> System.Net.Sockets.SocketException (0xFFFDFFFF): nodename nor servname provided, or not known
   at System.Net.Sockets.Socket.AwaitableSocketAsyncEventArgs.ThrowException(SocketError error, CancellationToken cancellationToken)
   at System.Net.Sockets.Socket.AwaitableSocketAsyncEventArgs.System.Threading.Tasks.Sources.IValueTaskSource.GetResult(Int16 token)
   at System.Net.Http.HttpConnectionPool.ConnectToTcpHostAsync(String host, Int32 port, HttpRequestMessage initialRequest, Boolean async, CancellationToken cancellationToken)
   --- End of inner exception stack trace ---
   at System.Net.Http.HttpConnectionPool.ConnectToTcpHostAsync(String host, Int32 port, HttpRequestMessage initialRequest, Boolean async, CancellationToken cancellationToken)
   at System.Net.Http.HttpConnectionPool.ConnectAsync(HttpRequestMessage request, Boolean async, CancellationToken cancellationToken)
   at System.Net.Http.HttpConnectionPool.CreateHttp11ConnectionAsync(HttpRequestMessage request, Boolean async, CancellationToken cancellationToken)
   at System.Net.Http.HttpConnectionPool.InjectNewHttp11ConnectionAsync(QueueItem queueItem)
   at System.Threading.Tasks.TaskCompletionSourceWithCancellation`1.WaitWithCancellation(CancellationToken cancellationToken)
   at System.Net.Http.HttpConnectionWaiter`1.WaitForConnectionAsync(HttpRequestMessage request, HttpConnectionPool pool, Boolean async, CancellationToken requestCancellationToken)
   at System.Net.Http.HttpConnectionPool.SendWithVersionDetectionAndRetryAsync(HttpRequestMessage request, Boolean async, Boolean doRequestAuth, CancellationToken cancellationToken)
   at System.Net.Http.Metrics.MetricsHandler.SendAsync(HttpRequestMessage request, Boolean async, CancellationToken cancellationToken)
   at System.Net.Http.HttpMessageHandlerStage.Send(HttpRequestMessage request, CancellationToken cancellationToken)
   at System.Net.Http.RedirectHandler.SendAsync(HttpRequestMessage request, Boolean async, CancellationToken cancellationToken)
   at System.Net.Http.DecompressionHandler.SendAsync(HttpRequestMessage request, Boolean async, CancellationToken cancellationToken)
   at System.Net.Http.SocketsHttpHandler.Send(HttpRequestMessage request, CancellationToken cancellationToken)
   at Microsoft.Extensions.Http.Logging.LoggingHttpMessageHandler.<SendCoreAsync>g__Core|4_0(HttpRequestMessage request, Boolean useAsync, CancellationToken cancellationToken)
   at Microsoft.Extensions.Http.Logging.LoggingHttpMessageHandler.Send(HttpRequestMessage request, CancellationToken cancellationToken)
   at Microsoft.Extensions.Http.Logging.LoggingScopeHttpMessageHandler.<SendCoreAsync>g__Core|4_0(HttpRequestMessage request, Boolean useAsync, CancellationToken cancellationToken)
   at Microsoft.Extensions.Http.Logging.LoggingScopeHttpMessageHandler.Send(HttpRequestMessage request, CancellationToken cancellationToken)
   at System.Net.Http.HttpClient.Send(HttpRequestMessage request, HttpCompletionOption completionOption, CancellationToken cancellationToken)
   at Libronix.Utility.Net.WebServiceRequestBase`1.GetResponse(IWorkState workState)

Program Version: 52.1 (52.1.0.0002)
Time: 2026-07-27 19:01:21 -04:00 (2026-07-27T23:01:21Z)
Error handling response (POST https://prefsapi.logos.com/v2/prefs/sync/up).
System.Net.Http.HttpRequestException: nodename nor servname provided, or not known (prefsapi.logos.com:443)
 ---> System.Net.Sockets.SocketException (0xFFFDFFFF): nodename nor servname provided, or not known
   at System.Net.Sockets.Socket.AwaitableSocketAsyncEventArgs.ThrowException(SocketError error, CancellationToken cancellationToken)
   at System.Net.Sockets.Socket.AwaitableSocketAsyncEventArgs.System.Threading.Tasks.Sources.IValueTaskSource.GetResult(Int16 token)
   at System.Net.Http.HttpConnectionPool.ConnectToTcpHostAsync(String host, Int32 port, HttpRequestMessage initialRequest, Boolean async, CancellationToken cancellationToken)
   --- End of inner exception stack trace ---
   at System.Net.Http.HttpConnectionPool.ConnectToTcpHostAsync(String host, Int32 port, HttpRequestMessage initialRequest, Boolean async, CancellationToken cancellationToken)
   at System.Net.Http.HttpConnectionPool.ConnectAsync(HttpRequestMessage request, Boolean async, CancellationToken cancellationToken)
   at System.Net.Http.HttpConnectionPool.CreateHttp11ConnectionAsync(HttpRequestMessage request, Boolean async, CancellationToken cancellationToken)
   at System.Net.Http.HttpConnectionPool.InjectNewHttp11ConnectionAsync(QueueItem queueItem)
   at System.Threading.Tasks.TaskCompletionSourceWithCancellation`1.WaitWithCancellation(CancellationToken cancellationToken)
   at System.Net.Http.HttpConnectionWaiter`1.WaitForConnectionAsync(HttpRequestMessage request, HttpConnectionPool pool, Boolean async, CancellationToken requestCancellationToken)
   at System.Net.Http.HttpConnectionPool.SendWithVersionDetectionAndRetryAsync(HttpRequestMessage request, Boolean async, Boolean doRequestAuth, CancellationToken cancellationToken)
   at System.Net.Http.Metrics.MetricsHandler.SendAsync(HttpRequestMessage request, Boolean async, CancellationToken cancellationToken)
   at System.Net.Http.HttpMessageHandlerStage.Send(HttpRequestMessage request, CancellationToken cancellationToken)
   at System.Net.Http.RedirectHandler.SendAsync(HttpRequestMessage request, Boolean async, CancellationToken cancellationToken)
   at System.Net.Http.DecompressionHandler.SendAsync(HttpRequestMessage request, Boolean async, CancellationToken cancellationToken)
   at System.Net.Http.SocketsHttpHandler.Send(HttpRequestMessage request, CancellationToken cancellationToken)
   at Microsoft.Extensions.Http.Logging.LoggingHttpMessageHandler.<SendCoreAsync>g__Core|4_0(HttpRequestMessage request, Boolean useAsync, CancellationToken cancellationToken)
   at Microsoft.Extensions.Http.Logging.LoggingHttpMessageHandler.Send(HttpRequestMessage request, CancellationToken cancellationToken)
   at Microsoft.Extensions.Http.Logging.LoggingScopeHttpMessageHandler.<SendCoreAsync>g__Core|4_0(HttpRequestMessage request, Boolean useAsync, CancellationToken cancellationToken)
   at Microsoft.Extensions.Http.Logging.LoggingScopeHttpMessageHandler.Send(HttpRequestMessage request, CancellationToken cancellationToken)
   at System.Net.Http.HttpClient.Send(HttpRequestMessage request, HttpCompletionOption completionOption, CancellationToken cancellationToken)
   at Libronix.Utility.Net.WebServiceRequestBase`1.GetResponse(IWorkState workState)

Program Version: 52.1 (52.1.0.0002)
Time: 2026-07-27 19:14:37 -04:00 (2026-07-27T23:14:37Z)
Couldn't download licenses file.
Libronix.Utility.Net.WebServiceException: Error building request. Request: GET https://licensesapi.logos.com/v5/licensesfile
 ---> System.Net.Http.HttpRequestException: An error occurred while sending the request.
 ---> System.IO.IOException: The encryption operation failed, see inner exception.
 ---> System.ComponentModel.Win32Exception (14): Bad address
   --- End of inner exception stack trace ---
   at System.Net.Security.SslStream.WriteAsyncInternal[TIOAdapter](ReadOnlyMemory`1 buffer, CancellationToken cancellationToken)
   at System.Net.Http.HttpConnection.FlushAsync(Boolean async)
   at System.Net.Http.HttpConnection.SendAsync(HttpRequestMessage request, Boolean async, CancellationToken cancellationToken)
   at System.Net.Http.HttpConnection.SendAsync(HttpRequestMessage request, Boolean async, CancellationToken cancellationToken)
   at System.Net.Http.HttpConnectionPool.SendWithVersionDetectionAndRetryAsync(HttpRequestMessage request, Boolean async, Boolean doRequestAuth, CancellationToken cancellationToken)
   at System.Net.Http.HttpConnectionPoolManager.SendAsync(HttpRequestMessage request, Boolean async, Boolean doRequestAuth, CancellationToken cancellationToken)
   at System.Net.Http.HttpMessageHandlerStage.SendAsync(HttpRequestMessage request, CancellationToken cancellationToken)
   at System.Net.Http.RedirectHandler.SendAsync(HttpRequestMessage request, Boolean async, CancellationToken cancellationToken)
   at System.Net.Http.DecompressionHandler.SendAsync(HttpRequestMessage request, Boolean async, CancellationToken cancellationToken)
   at System.Net.Http.DecompressionHandler.SendAsync(HttpRequestMessage request, Boolean async, CancellationToken cancellationToken)
   at System.Net.Http.SocketsHttpHandler.SendAsync(HttpRequestMessage request, CancellationToken cancellationToken)
   at Microsoft.Extensions.Http.Logging.LoggingHttpMessageHandler.<SendCoreAsync>g__Core|4_0(HttpRequestMessage request, Boolean useAsync, CancellationToken cancellationToken)
   at Microsoft.Extensions.Http.Logging.LoggingHttpMessageHandler.SendAsync(HttpRequestMessage request, CancellationToken cancellationToken)
   at Libronix.Utility.Net.TimeoutHandler.SendAsync(HttpRequestMessage request, CancellationToken cancellationToken)
   at Libronix.Utility.Net.TimeoutHandler.SendAsync(HttpRequestMessage request, CancellationToken cancellationToken)
   at Microsoft.Extensions.Http.Logging.LoggingScopeHttpMessageHandler.<SendCoreAsync>g__Core|4_0(HttpRequestMessage request, Boolean useAsync, CancellationToken cancellationToken)
   at Microsoft.Extensions.Http.Logging.LoggingScopeHttpMessageHandler.SendAsync(HttpRequestMessage request, CancellationToken cancellationToken)
   at System.Net.Http.HttpClient.<SendAsync>g__Core|83_0(HttpRequestMessage request, HttpCompletionOption completionOption, CancellationTokenSource cts, Boolean disposeCts, CancellationTokenSource pendingRequestsCts, CancellationToken originalCancellationToken)
   at System.Runtime.CompilerServices.AsyncMethodBuilderCore.Start[TStateMachine](TStateMachine& stateMachine)
   at Libronix.Utility.Net.WebServiceRequestBase`1.GetResponseAsync(CancellationToken cancellationToken)
   at System.Runtime.CompilerServices.AsyncMethodBuilderCore.Start[TStateMachine](TStateMachine& stateMachine)
   at Libronix.Utility.Net.WebServiceRequestBase`1.GetResponseAsync(IWorkState workState)
   at LDLS4.WebServiceClient.GetLicensesAsync(LicensesApiClient licensesApiClient, LicenseManager licenseManager, Boolean forceDownload, CancellationToken cancellationToken)
   at System.Runtime.CompilerServices.AsyncMethodBuilderCore.Start[TStateMachine](TStateMachine& stateMachine)
   at LDLS4.WebServiceClient.GetLicensesIfUpdatedAsync(AsyncMethodContext context, LicenseManager licenseManager, Action`1 callback) in /Volumes/Code/ghe_actions-2.301.1/ghec-LogosBible-2/_work/LogosDesktop/LogosDesktop/src/LDLS4/WebServiceClient.cs:line 753
   at System.Threading.ExecutionContext.RunInternal(ExecutionContext executionContext, ContextCallback callback, Object state)
   at System.Runtime.CompilerServices.AsyncTaskMethodBuilder`1.AsyncStateMachineBox`1.MoveNext()
   at System.Threading.ExecutionContext.RunInternal(ExecutionContext executionContext, ContextCallback callback, Object state)
   at System.Threading.TimerQueue.FireNextTimers()
   at System.Threading.ThreadPoolWorkQueue.Dispatch()
   at System.Threading.PortableThreadPool.WorkerThread.WorkerThreadStart()
   at System.Threading.Thread.StartCallback()
--- End of stack trace from previous location ---
   at System.Net.Security.SslStream.WriteAsyncInternal[TIOAdapter](ReadOnlyMemory`1 buffer, CancellationToken cancellationToken)
   at System.Net.Http.HttpConnection.SendAsync(HttpRequestMessage request, Boolean async, CancellationToken cancellationToken)
   --- End of inner exception stack trace ---
   at System.Net.Http.HttpConnection.SendAsync(HttpRequestMessage request, Boolean async, CancellationToken cancellationToken)
   at System.Net.Http.HttpConnectionPool.SendWithVersionDetectionAndRetryAsync(HttpRequestMessage request, Boolean async, Boolean doRequestAuth, CancellationToken cancellationToken)
   at System.Net.Http.RedirectHandler.SendAsync(HttpRequestMessage request, Boolean async, CancellationToken cancellationToken)
   at System.Net.Http.DecompressionHandler.SendAsync(HttpRequestMessage request, Boolean async, CancellationToken cancellationToken)
   at Microsoft.Extensions.Http.Logging.LoggingHttpMessageHandler.<SendCoreAsync>g__Core|4_0(HttpRequestMessage request, Boolean useAsync, CancellationToken cancellationToken)
   at Libronix.Utility.Net.TimeoutHandler.SendAsync(HttpRequestMessage request, CancellationToken cancellationToken)
   at Microsoft.Extensions.Http.Logging.LoggingScopeHttpMessageHandler.<SendCoreAsync>g__Core|4_0(HttpRequestMessage request, Boolean useAsync, CancellationToken cancellationToken)
   at System.Net.Http.HttpClient.<SendAsync>g__Core|83_0(HttpRequestMessage request, HttpCompletionOption completionOption, CancellationTokenSource cts, Boolean disposeCts, CancellationTokenSource pendingRequestsCts, CancellationToken originalCancellationToken)
   at Libronix.Utility.Net.WebServiceRequestBase`1.GetResponseAsync(CancellationToken cancellationToken)
   --- End of inner exception stack trace ---
   at Libronix.Utility.Net.WebServiceRequestBase`1.GetResponseAsync(CancellationToken cancellationToken)
   at Libronix.Utility.Net.WebServiceRequestBase`1.GetResponseAsync(IWorkState workState)
   at LDLS4.WebServiceClient.GetLicensesAsync(LicensesApiClient licensesApiClient, LicenseManager licenseManager, Boolean forceDownload, CancellationToken cancellationToken) in /Volumes/Code/ghe_actions-2.301.1/ghec-LogosBible-2/_work/LogosDesktop/LogosDesktop/src/LDLS4/WebServiceClient.cs:line 199

Program Version: 52.1 (52.1.0.0002)
Time: 2026-07-27 19:15:13 -04:00 (2026-07-27T23:15:13Z)
Error handling response (POST https://prefsapi.logos.com/v2/prefs/sync/up).
System.Net.Http.HttpRequestException: An error occurred while sending the request.
 ---> System.IO.IOException: Unable to read data from the transport connection: Operation timed out.
 ---> System.Net.Sockets.SocketException (60): Operation timed out
   at System.Net.Sockets.Socket.AwaitableSocketAsyncEventArgs.CreateException(SocketError error, Boolean forAsyncThrow)
   at System.Net.Sockets.NetworkStream.ReadAsync(Memory`1 buffer, CancellationToken cancellationToken)
   at System.Net.Security.SslStream.EnsureFullTlsFrameAsync[TIOAdapter](CancellationToken cancellationToken, Int32 estimatedSize)
   at System.Threading.ExecutionContext.RunInternal(ExecutionContext executionContext, ContextCallback callback, Object state)
   at System.Net.Sockets.SocketAsyncEngine.System.Threading.IThreadPoolWorkItem.Execute()
   at System.Threading.ThreadPoolWorkQueue.Dispatch()
   at System.Threading.PortableThreadPool.WorkerThread.WorkerThreadStart()
   at System.Threading.Thread.StartCallback()
--- End of stack trace from previous location ---

   --- End of inner exception stack trace ---
   at System.Net.Security.SslStream.EnsureFullTlsFrameAsync[TIOAdapter](CancellationToken cancellationToken, Int32 estimatedSize)
   at System.Runtime.CompilerServices.PoolingAsyncValueTaskMethodBuilder`1.StateMachineBox`1.System.Threading.Tasks.Sources.IValueTaskSource<TResult>.GetResult(Int16 token)
   at System.Net.Security.SslStream.ReadAsyncInternal[TIOAdapter](Memory`1 buffer, CancellationToken cancellationToken)
   at System.Runtime.CompilerServices.PoolingAsyncValueTaskMethodBuilder`1.StateMachineBox`1.System.Threading.Tasks.Sources.IValueTaskSource<TResult>.GetResult(Int16 token)
   at System.Net.Http.HttpConnection.<CheckUsabilityOnScavenge>g__ReadAheadWithZeroByteReadAsync|39_0()
   at System.Net.Http.HttpConnection.SendAsync(HttpRequestMessage request, Boolean async, CancellationToken cancellationToken)
   --- End of inner exception stack trace ---
   at System.Net.Http.HttpConnection.SendAsync(HttpRequestMessage request, Boolean async, CancellationToken cancellationToken)
   at System.Net.Http.HttpConnectionPool.SendWithVersionDetectionAndRetryAsync(HttpRequestMessage request, Boolean async, Boolean doRequestAuth, CancellationToken cancellationToken)
   at System.Net.Http.Metrics.MetricsHandler.SendAsync(HttpRequestMessage request, Boolean async, CancellationToken cancellationToken)
   at System.Net.Http.HttpMessageHandlerStage.Send(HttpRequestMessage request, CancellationToken cancellationToken)
   at System.Net.Http.RedirectHandler.SendAsync(HttpRequestMessage request, Boolean async, CancellationToken cancellationToken)
   at System.Net.Http.DecompressionHandler.SendAsync(HttpRequestMessage request, Boolean async, CancellationToken cancellationToken)
   at System.Net.Http.SocketsHttpHandler.Send(HttpRequestMessage request, CancellationToken cancellationToken)
   at Microsoft.Extensions.Http.Logging.LoggingHttpMessageHandler.<SendCoreAsync>g__Core|4_0(HttpRequestMessage request, Boolean useAsync, CancellationToken cancellationToken)
   at Microsoft.Extensions.Http.Logging.LoggingHttpMessageHandler.Send(HttpRequestMessage request, CancellationToken cancellationToken)
   at Microsoft.Extensions.Http.Logging.LoggingScopeHttpMessageHandler.<SendCoreAsync>g__Core|4_0(HttpRequestMessage request, Boolean useAsync, CancellationToken cancellationToken)
   at Microsoft.Extensions.Http.Logging.LoggingScopeHttpMessageHandler.Send(HttpRequestMessage request, CancellationToken cancellationToken)
   at System.Net.Http.HttpClient.Send(HttpRequestMessage request, HttpCompletionOption completionOption, CancellationToken cancellationToken)
   at Libronix.Utility.Net.WebServiceRequestBase`1.GetResponse(IWorkState workState)

Program Version: 52.1 (52.1.0.0002)
Time: 2026-07-27 19:41:11 -04:00 (2026-07-27T23:41:11Z)
Error detail:
NativeSignalException: Got a SIGSEGV while executing native code.
Stack trace:
0 our_sigsegv_signal_handler [0x1023b01d8 - MonoHost]
1 _ZL22invoke_previous_actionP9sigactioniP9__siginfoPvb [0x1031462b4 - libcoreclr.dylib]
2 _sigtramp [0x183c13744 - libsystem_platform.dylib]
3 _objc_msgSend_uncached [0x1837adb84 - libobjc.A.dylib]
4 _objc_msgSend_uncached [0x1837adb84 - libobjc.A.dylib]
5 __CFCopyFormattingDescription [0x183c770ac - CoreFoundation]
6 __CFSTRING_IS_CALLING_OUT_TO_AN_OBJECT_FORMAT_ARGUMENT_WITH_LOCALE__ [0x183db0b80 - CoreFoundation]
7 __CFStringAppendFormatCore [0x183c75cc8 - CoreFoundation]
8 CFStringAppendFormatAndArguments [0x183ce1f6c - CoreFoundation]
9 CFStringAppendFormat [0x183ce1eb4 - CoreFoundation]
10 addSessionReference [0x18512e750 - SystemConfiguration]
11 __CFSetApplyFunction_block_invoke [0x183c8dab4 - CoreFoundation]
12 CFBasicHashApply [0x183c8d8e4 - CoreFoundation]
13 CFSetApplyFunction [0x183c8d824 - CoreFoundation]
14 __add_state_handler_block_invoke [0x18512f9c0 - SystemConfiguration]
15 ___os_state_request_for_self_impl_block_invoke [0x18393860c - libsystem_trace.dylib]
16 _dispatch_client_callout [0x183a684b0 - libdispatch.dylib]
17 _dispatch_lane_barrier_sync_invoke_and_complete [0x183a5e360 - libdispatch.dylib]
18 ___os_state_request_for_self_block_invoke [0x1839381d0 - libsystem_trace.dylib]
19 _dispatch_call_block_and_release [0x183a4ea28 - libdispatch.dylib]
20 _dispatch_client_callout [0x183a684b0 - libdispatch.dylib]
21 _dispatch_lane_serial_drain [0x183a57030 - libdispatch.dylib]
22 _dispatch_lane_invoke [0x183a57b64 - libdispatch.dylib]
23 _dispatch_root_queue_drain_deferred_wlh [0x183a61e34 - libdispatch.dylib]
24 _dispatch_workloop_worker_thread [0x183a61734 - libdispatch.dylib]
25 _pthread_wqthread [0x183c05ec0 - libsystem_pthread.dylib]
26 start_wqthread [0x183c04c10 - libsystem_pthread.dylib]


Program Version: 52.1 (52.1.0.0002)
Time: 2026-07-27 19:41:16 -04:00 (2026-07-27T23:41:16Z)
SQLite Error 283: recovered 21 frames from WAL file /Users/mjwebster/Library/Application Support/Logos4/Documents/wq8ubj9r.32o/LocalUserPreferences/PreferencesManager.db-wal

Program Version: 52.1 (52.1.0.0002)
Time: 2026-07-27 19:41:16 -04:00 (2026-07-27T23:41:16Z)
SQLite Error 283: recovered 918 frames from WAL file /Users/mjwebster/Library/Application Support/Logos4/Documents/wq8ubj9r.32o/UserPreferences2/PreferencesManager.db-wal

Program Version: 52.1 (52.1.0.0002)
Time: 2026-07-27 19:41:16 -04:00 (2026-07-27T23:41:16Z)
SQLite Error 283: recovered 47 frames from WAL file /Users/mjwebster/Library/Application Support/Logos4/Data/wq8ubj9r.32o/Errors/Application/ErrorReportManager.db-wal

Program Version: 52.1 (52.1.0.0002)
Time: 2026-07-27 19:41:16 -04:00 (2026-07-27T23:41:16Z)
SQLite Error 283: recovered 8 frames from WAL file /Users/mjwebster/Library/Application Support/Logos4/Documents/wq8ubj9r.32o/DeviceResourceManager/MobileResourcesSyncManager.db-wal

Program Version: 52.1 (52.1.0.0002)
Time: 2026-07-27 19:41:16 -04:00 (2026-07-27T23:41:16Z)
SQLite Error 283: recovered 2 frames from WAL file /Users/mjwebster/Library/Application Support/Logos4/Data/wq8ubj9r.32o/ResourceManager/ResourceManager.db-wal

Program Version: 52.1 (52.1.0.0002)
Time: 2026-07-27 19:41:16 -04:00 (2026-07-27T23:41:16Z)
SQLite Error 283: recovered 436 frames from WAL file /Users/mjwebster/Library/Application Support/Logos4/Data/wq8ubj9r.32o/ReadingProgressManager/readingprogressmanager.db-wal

Program Version: 52.1 (52.1.0.0002)
Time: 2026-07-27 19:41:16 -04:00 (2026-07-27T23:41:16Z)
SQLite Error 283: recovered 671 frames from WAL file /Users/mjwebster/Library/Application Support/Logos4/Data/wq8ubj9r.32o/LibraryCatalog/catalog.db-wal

Program Version: 52.1 (52.1.0.0002)
Time: 2026-07-27 19:41:16 -04:00 (2026-07-27T23:41:16Z)
SQLite Error 283: recovered 352 frames from WAL file /Users/mjwebster/Library/Application Support/Logos4/Data/wq8ubj9r.32o/UserEventManager/UserEventManager.db-wal

Program Version: 52.1 (52.1.0.0002)
Time: 2026-07-27 19:41:17 -04:00 (2026-07-27T23:41:17Z)
SQLite Error 283: recovered 7 frames from WAL file /Users/mjwebster/Library/Application Support/Logos4/Documents/wq8ubj9r.32o/Documents/DocumentInfo.db-wal

Program Version: 52.1 (52.1.0.0002)
Time: 2026-07-27 19:41:17 -04:00 (2026-07-27T23:41:17Z)
SQLite Error 283: recovered 1 frames from WAL file /Users/mjwebster/Library/Application Support/Logos4/Data/wq8ubj9r.32o/ReverseInterlinearManager/reverseinterlinearmanager.db-wal

Program Version: 52.1 (52.1.0.0002)
Time: 2026-07-27 19:41:17 -04:00 (2026-07-27T23:41:17Z)
SQLite Error 283: recovered 20 frames from WAL file /Users/mjwebster/Library/Application Support/Logos4/Data/wq8ubj9r.32o/KeyLinkManager/keylinkmanager.db-wal

Program Version: 52.1 (52.1.0.0002)
Time: 2026-07-27 19:41:17 -04:00 (2026-07-27T23:41:17Z)
SQLite Error 283: recovered 270 frames from WAL file /Users/mjwebster/Library/Application Support/Logos4/Documents/wq8ubj9r.32o/NotesToolManager/notestool.db-wal

Program Version: 52.1 (52.1.0.0002)
Time: 2026-07-27 19:41:17 -04:00 (2026-07-27T23:41:17Z)
SQLite Error 283: recovered 309 frames from WAL file /Users/mjwebster/Library/Application Support/Logos4/Documents/wq8ubj9r.32o/LayoutManager/layouts.db-wal

Program Version: 52.1 (52.1.0.0002)
Time: 2026-07-27 19:41:17 -04:00 (2026-07-27T23:41:17Z)
SQLite Error 283: recovered 543 frames from WAL file /Users/mjwebster/Library/Application Support/Logos4/Data/wq8ubj9r.32o/HistoryManager/history.db-wal

Program Version: 52.1 (52.1.0.0002)
Time: 2026-07-27 19:41:17 -04:00 (2026-07-27T23:41:17Z)
SQLite Error 283: recovered 9 frames from WAL file /Users/mjwebster/Library/Application Support/Logos4/Documents/wq8ubj9r.32o/Documents/ReadingPlan/ReadingPlan.db-wal

Program Version: 52.1 (52.1.0.0002)
Time: 2026-07-27 19:41:17 -04:00 (2026-07-27T23:41:17Z)
SQLite Error 283: recovered 42 frames from WAL file /Users/mjwebster/Library/Application Support/Logos4/Data/wq8ubj9r.32o/AmplitudeReporter/AmplitudeEvents.db-wal

Program Version: 52.1 (52.1.0.0002)
Time: 2026-07-27 19:41:17 -04:00 (2026-07-27T23:41:17Z)
SQLite Error 283: recovered 2 frames from WAL file /Users/mjwebster/Library/Application Support/Logos4/Data/wq8ubj9r.32o/ResourceFileDownloadInfo/ResourceFileDownloadInfo.db-wal

Program Version: 52.1 (52.1.0.0002)
Time: 2026-07-27 19:41:17 -04:00 (2026-07-27T23:41:17Z)
SQLite Error 283: recovered 2 frames from WAL file /Users/mjwebster/Library/Application Support/Logos4/Data/wq8ubj9r.32o/CloudResourceManager/CloudResources.db-wal

Program Version: 52.1 (52.1.0.0002)
Time: 2026-07-27 19:41:17 -04:00 (2026-07-27T23:41:17Z)
SQLite Error 283: recovered 3 frames from WAL file /Users/mjwebster/Library/Application Support/Logos4/Data/wq8ubj9r.32o/UpdateManager/Updates.db-wal

Program Version: 52.1 (52.1.0.0002)
Time: 2026-07-27 19:41:17 -04:00 (2026-07-27T23:41:17Z)
SQLite Error 283: recovered 16 frames from WAL file /Users/mjwebster/Library/Application Support/Logos4/Data/wq8ubj9r.32o/Updates/Metadata.db-wal

Program Version: 52.1 (52.1.0.0002)
Time: 2026-07-27 19:41:22 -04:00 (2026-07-27T23:41:22Z)
SQLite Error 284: automatic index on Records(IsDataset)

Program Version: 52.1 (52.1.0.0002)
Time: 2026-07-27 19:43:03 -04:00 (2026-07-27T23:43:03Z)
SQLite Error 284: automatic index on Records(IsDataset)

Program Version: 52.1 (52.1.0.0002)
Time: 2026-07-27 20:37:31 -04:00 (2026-07-28T00:37:31Z)
Error handling response (POST https://prefsapi.logos.com/v2/prefs/sync/down).
System.Net.Http.HttpRequestException: An error occurred while sending the request.
 ---> System.IO.IOException: Unable to read data from the transport connection: Operation timed out.
 ---> System.Net.Sockets.SocketException (60): Operation timed out
   at System.Net.Sockets.Socket.AwaitableSocketAsyncEventArgs.CreateException(SocketError error, Boolean forAsyncThrow)
   at System.Net.Sockets.NetworkStream.ReadAsync(Memory`1 buffer, CancellationToken cancellationToken)
   at System.Net.Security.SslStream.EnsureFullTlsFrameAsync[TIOAdapter](CancellationToken cancellationToken, Int32 estimatedSize)
   at System.Threading.ExecutionContext.RunInternal(ExecutionContext executionContext, ContextCallback callback, Object state)
   at System.Net.Sockets.SocketAsyncEngine.System.Threading.IThreadPoolWorkItem.Execute()
   at System.Threading.ThreadPoolWorkQueue.Dispatch()
   at System.Threading.PortableThreadPool.WorkerThread.WorkerThreadStart()
   at System.Threading.Thread.StartCallback()
--- End of stack trace from previous location ---

   --- End of inner exception stack trace ---
   at System.Net.Security.SslStream.EnsureFullTlsFrameAsync[TIOAdapter](CancellationToken cancellationToken, Int32 estimatedSize)
   at System.Runtime.CompilerServices.PoolingAsyncValueTaskMethodBuilder`1.StateMachineBox`1.System.Threading.Tasks.Sources.IValueTaskSource<TResult>.GetResult(Int16 token)
   at System.Net.Security.SslStream.ReadAsyncInternal[TIOAdapter](Memory`1 buffer, CancellationToken cancellationToken)
   at System.Runtime.CompilerServices.PoolingAsyncValueTaskMethodBuilder`1.StateMachineBox`1.System.Threading.Tasks.Sources.IValueTaskSource<TResult>.GetResult(Int16 token)
   at System.Net.Http.HttpConnection.<CheckUsabilityOnScavenge>g__ReadAheadWithZeroByteReadAsync|39_0()
   at System.Net.Http.HttpConnection.SendAsync(HttpRequestMessage request, Boolean async, CancellationToken cancellationToken)
   --- End of inner exception stack trace ---
   at System.Net.Http.HttpConnection.SendAsync(HttpRequestMessage request, Boolean async, CancellationToken cancellationToken)
   at System.Net.Http.HttpConnectionPool.SendWithVersionDetectionAndRetryAsync(HttpRequestMessage request, Boolean async, Boolean doRequestAuth, CancellationToken cancellationToken)
   at System.Net.Http.HttpMessageHandlerStage.Send(HttpRequestMessage request, CancellationToken cancellationToken)
   at System.Net.Http.Metrics.MetricsHandler.SendAsync(HttpRequestMessage request, Boolean async, CancellationToken cancellationToken)
   at System.Net.Http.HttpMessageHandlerStage.Send(HttpRequestMessage request, CancellationToken cancellationToken)
   at System.Net.Http.RedirectHandler.SendAsync(HttpRequestMessage request, Boolean async, CancellationToken cancellationToken)
   at System.Net.Http.DecompressionHandler.SendAsync(HttpRequestMessage request, Boolean async, CancellationToken cancellationToken)
   at System.Net.Http.SocketsHttpHandler.Send(HttpRequestMessage request, CancellationToken cancellationToken)
   at Microsoft.Extensions.Http.Logging.LoggingHttpMessageHandler.<SendCoreAsync>g__Core|4_0(HttpRequestMessage request, Boolean useAsync, CancellationToken cancellationToken)
   at Microsoft.Extensions.Http.Logging.LoggingHttpMessageHandler.Send(HttpRequestMessage request, CancellationToken cancellationToken)
   at Microsoft.Extensions.Http.Logging.LoggingScopeHttpMessageHandler.<SendCoreAsync>g__Core|4_0(HttpRequestMessage request, Boolean useAsync, CancellationToken cancellationToken)
   at Microsoft.Extensions.Http.Logging.LoggingScopeHttpMessageHandler.Send(HttpRequestMessage request, CancellationToken cancellationToken)
   at System.Net.Http.HttpClient.Send(HttpRequestMessage request, HttpCompletionOption completionOption, CancellationToken cancellationToken)
   at Libronix.Utility.Net.WebServiceRequestBase`1.GetResponse(IWorkState workState)

Program Version: 52.1 (52.1.0.0002)
Time: 2026-07-27 20:59:28 -04:00 (2026-07-28T00:59:28Z)
Couldn't download licenses file.
Libronix.Utility.Net.WebServiceException: Error building request. Request: GET https://licensesapi.logos.com/v5/licensesfile
 ---> System.Net.Http.HttpRequestException: An error occurred while sending the request.
 ---> System.IO.IOException: Unable to read data from the transport connection: Operation timed out.
 ---> System.Net.Sockets.SocketException (60): Operation timed out
   at System.Net.Sockets.Socket.AwaitableSocketAsyncEventArgs.CreateException(SocketError error, Boolean forAsyncThrow)
   at System.Net.Sockets.NetworkStream.ReadAsync(Memory`1 buffer, CancellationToken cancellationToken)
   at System.Net.Security.SslStream.EnsureFullTlsFrameAsync[TIOAdapter](CancellationToken cancellationToken, Int32 estimatedSize)
   at System.Threading.ExecutionContext.RunInternal(ExecutionContext executionContext, ContextCallback callback, Object state)
   at System.Net.Sockets.SocketAsyncEngine.System.Threading.IThreadPoolWorkItem.Execute()
   at System.Threading.ThreadPoolWorkQueue.Dispatch()
   at System.Threading.PortableThreadPool.WorkerThread.WorkerThreadStart()
   at System.Threading.Thread.StartCallback()
--- End of stack trace from previous location ---

   --- End of inner exception stack trace ---
   at System.Net.Security.SslStream.EnsureFullTlsFrameAsync[TIOAdapter](CancellationToken cancellationToken, Int32 estimatedSize)
   at System.Runtime.CompilerServices.PoolingAsyncValueTaskMethodBuilder`1.StateMachineBox`1.System.Threading.Tasks.Sources.IValueTaskSource<TResult>.GetResult(Int16 token)
   at System.Net.Security.SslStream.ReadAsyncInternal[TIOAdapter](Memory`1 buffer, CancellationToken cancellationToken)
   at System.Runtime.CompilerServices.PoolingAsyncValueTaskMethodBuilder`1.StateMachineBox`1.System.Threading.Tasks.Sources.IValueTaskSource<TResult>.GetResult(Int16 token)
   at System.Net.Http.HttpConnection.<CheckUsabilityOnScavenge>g__ReadAheadWithZeroByteReadAsync|39_0()
   at System.Net.Http.HttpConnection.SendAsync(HttpRequestMessage request, Boolean async, CancellationToken cancellationToken)
   --- End of inner exception stack trace ---
   at System.Net.Http.HttpConnection.SendAsync(HttpRequestMessage request, Boolean async, CancellationToken cancellationToken)
   at System.Net.Http.HttpConnectionPool.SendWithVersionDetectionAndRetryAsync(HttpRequestMessage request, Boolean async, Boolean doRequestAuth, CancellationToken cancellationToken)
   at System.Net.Http.RedirectHandler.SendAsync(HttpRequestMessage request, Boolean async, CancellationToken cancellationToken)
   at System.Net.Http.DecompressionHandler.SendAsync(HttpRequestMessage request, Boolean async, CancellationToken cancellationToken)
   at Microsoft.Extensions.Http.Logging.LoggingHttpMessageHandler.<SendCoreAsync>g__Core|4_0(HttpRequestMessage request, Boolean useAsync, CancellationToken cancellationToken)
   at Libronix.Utility.Net.TimeoutHandler.SendAsync(HttpRequestMessage request, CancellationToken cancellationToken)
   at Microsoft.Extensions.Http.Logging.LoggingScopeHttpMessageHandler.<SendCoreAsync>g__Core|4_0(HttpRequestMessage request, Boolean useAsync, CancellationToken cancellationToken)
   at System.Net.Http.HttpClient.<SendAsync>g__Core|83_0(HttpRequestMessage request, HttpCompletionOption completionOption, CancellationTokenSource cts, Boolean disposeCts, CancellationTokenSource pendingRequestsCts, CancellationToken originalCancellationToken)
   at Libronix.Utility.Net.WebServiceRequestBase`1.GetResponseAsync(CancellationToken cancellationToken)
   --- End of inner exception stack trace ---
   at Libronix.Utility.Net.WebServiceRequestBase`1.GetResponseAsync(CancellationToken cancellationToken)
   at Libronix.Utility.Net.WebServiceRequestBase`1.GetResponseAsync(IWorkState workState)
   at LDLS4.WebServiceClient.GetLicensesAsync(LicensesApiClient licensesApiClient, LicenseManager licenseManager, Boolean forceDownload, CancellationToken cancellationToken) in /Volumes/Code/ghe_actions-2.301.1/ghec-LogosBible-2/_work/LogosDesktop/LogosDesktop/src/LDLS4/WebServiceClient.cs:line 199

Program Version: 52.1 (52.1.0.0002)
Time: 2026-07-27 21:00:03 -04:00 (2026-07-28T01:00:03Z)
Error handling response (GET https://usereventsapi.logos.com/v1/events).
System.TimeoutException: The operation has timed out.
   at Libronix.Utility.Net.TimeoutHandler.SendAsync(HttpRequestMessage request, CancellationToken cancellationToken)
   at Microsoft.Extensions.Http.Logging.LoggingScopeHttpMessageHandler.<SendCoreAsync>g__Core|4_0(HttpRequestMessage request, Boolean useAsync, CancellationToken cancellationToken)
   at System.Net.Http.HttpClient.<SendAsync>g__Core|83_0(HttpRequestMessage request, HttpCompletionOption completionOption, CancellationTokenSource cts, Boolean disposeCts, CancellationTokenSource pendingRequestsCts, CancellationToken originalCancellationToken)
   at Libronix.Utility.Net.WebServiceRequestBase`1.GetResponseAsync(CancellationToken cancellationToken)

Program Version: 52.1 (52.1.0.0002)
Time: 2026-07-27 21:00:03 -04:00 (2026-07-28T01:00:03Z)
Error downloading user events.
Libronix.Utility.Net.WebServiceException: Error handling response. Request: GET https://usereventsapi.logos.com/v1/events
 ---> System.TimeoutException: The operation has timed out.
   at Libronix.Utility.Net.TimeoutHandler.SendAsync(HttpRequestMessage request, CancellationToken cancellationToken)
   at Microsoft.Extensions.Http.Logging.LoggingScopeHttpMessageHandler.<SendCoreAsync>g__Core|4_0(HttpRequestMessage request, Boolean useAsync, CancellationToken cancellationToken)
   at System.Net.Http.HttpClient.<SendAsync>g__Core|83_0(HttpRequestMessage request, HttpCompletionOption completionOption, CancellationTokenSource cts, Boolean disposeCts, CancellationTokenSource pendingRequestsCts, CancellationToken originalCancellationToken)
   at Libronix.Utility.Net.WebServiceRequestBase`1.GetResponseAsync(CancellationToken cancellationToken)
   --- End of inner exception stack trace ---
   at Libronix.Utility.Net.WebServiceRequestBase`1.GetResponseAsync(CancellationToken cancellationToken)
   at Logos.UserEvents.Manager.UserEventManager.DoUpdate()

Program Version: 52.1 (52.1.0.0002)
Time: 2026-07-27 21:40:56 -04:00 (2026-07-28T01:40:56Z)
Couldn't download licenses file.
Libronix.Utility.Net.WebServiceException: Error building request. Request: GET https://licensesapi.logos.com/v5/licensesfile
 ---> System.Net.Http.HttpRequestException: An error occurred while sending the request.
 ---> System.IO.IOException: Unable to read data from the transport connection: Can't assign requested address.
 ---> System.Net.Sockets.SocketException (49): Can't assign requested address
   at System.Net.Sockets.Socket.AwaitableSocketAsyncEventArgs.CreateException(SocketError error, Boolean forAsyncThrow)
   at System.Net.Sockets.NetworkStream.ReadAsync(Memory`1 buffer, CancellationToken cancellationToken)
   at System.Net.Security.SslStream.EnsureFullTlsFrameAsync[TIOAdapter](CancellationToken cancellationToken, Int32 estimatedSize)
   at System.Threading.ExecutionContext.RunInternal(ExecutionContext executionContext, ContextCallback callback, Object state)
   at System.Net.Sockets.SocketAsyncEngine.System.Threading.IThreadPoolWorkItem.Execute()
   at System.Threading.ThreadPoolWorkQueue.Dispatch()
   at System.Threading.PortableThreadPool.WorkerThread.WorkerThreadStart()
   at System.Threading.Thread.StartCallback()
--- End of stack trace from previous location ---

   --- End of inner exception stack trace ---
   at System.Net.Security.SslStream.EnsureFullTlsFrameAsync[TIOAdapter](CancellationToken cancellationToken, Int32 estimatedSize)
   at System.Runtime.CompilerServices.PoolingAsyncValueTaskMethodBuilder`1.StateMachineBox`1.System.Threading.Tasks.Sources.IValueTaskSource<TResult>.GetResult(Int16 token)
   at System.Net.Security.SslStream.ReadAsyncInternal[TIOAdapter](Memory`1 buffer, CancellationToken cancellationToken)
   at System.Runtime.CompilerServices.PoolingAsyncValueTaskMethodBuilder`1.StateMachineBox`1.System.Threading.Tasks.Sources.IValueTaskSource<TResult>.GetResult(Int16 token)
   at System.Net.Http.HttpConnection.InitialFillAsync(Boolean async)
   at System.Net.Http.HttpConnection.SendAsync(HttpRequestMessage request, Boolean async, CancellationToken cancellationToken)
   --- End of inner exception stack trace ---
   at System.Net.Http.HttpConnection.SendAsync(HttpRequestMessage request, Boolean async, CancellationToken cancellationToken)
   at System.Net.Http.HttpConnectionPool.SendWithVersionDetectionAndRetryAsync(HttpRequestMessage request, Boolean async, Boolean doRequestAuth, CancellationToken cancellationToken)
   at System.Net.Http.RedirectHandler.SendAsync(HttpRequestMessage request, Boolean async, CancellationToken cancellationToken)
   at System.Net.Http.DecompressionHandler.SendAsync(HttpRequestMessage request, Boolean async, CancellationToken cancellationToken)
   at Microsoft.Extensions.Http.Logging.LoggingHttpMessageHandler.<SendCoreAsync>g__Core|4_0(HttpRequestMessage request, Boolean useAsync, CancellationToken cancellationToken)
   at Libronix.Utility.Net.TimeoutHandler.SendAsync(HttpRequestMessage request, CancellationToken cancellationToken)
   at Microsoft.Extensions.Http.Logging.LoggingScopeHttpMessageHandler.<SendCoreAsync>g__Core|4_0(HttpRequestMessage request, Boolean useAsync, CancellationToken cancellationToken)
   at System.Net.Http.HttpClient.<SendAsync>g__Core|83_0(HttpRequestMessage request, HttpCompletionOption completionOption, CancellationTokenSource cts, Boolean disposeCts, CancellationTokenSource pendingRequestsCts, CancellationToken originalCancellationToken)
   at Libronix.Utility.Net.WebServiceRequestBase`1.GetResponseAsync(CancellationToken cancellationToken)
   --- End of inner exception stack trace ---
   at Libronix.Utility.Net.WebServiceRequestBase`1.GetResponseAsync(CancellationToken cancellationToken)
   at Libronix.Utility.Net.WebServiceRequestBase`1.GetResponseAsync(IWorkState workState)
   at LDLS4.WebServiceClient.GetLicensesAsync(LicensesApiClient licensesApiClient, LicenseManager licenseManager, Boolean forceDownload, CancellationToken cancellationToken) in /Volumes/Code/ghe_actions-2.301.1/ghec-LogosBible-2/_work/LogosDesktop/LogosDesktop/src/LDLS4/WebServiceClient.cs:line 199

Program Version: 52.1 (52.1.0.0002)
Time: 2026-07-28 05:50:45 -04:00 (2026-07-28T09:50:45Z)
Error handling response (POST https://prefsapi.logos.com/v2/prefs/sync/down).
System.Net.Http.HttpRequestException: An error occurred while sending the request.
 ---> System.IO.IOException: Unable to read data from the transport connection: Operation timed out.
 ---> System.Net.Sockets.SocketException (60): Operation timed out
   at System.Net.Sockets.Socket.AwaitableSocketAsyncEventArgs.CreateException(SocketError error, Boolean forAsyncThrow)
   at System.Net.Sockets.NetworkStream.ReadAsync(Memory`1 buffer, CancellationToken cancellationToken)
   at System.Net.Security.SslStream.EnsureFullTlsFrameAsync[TIOAdapter](CancellationToken cancellationToken, Int32 estimatedSize)
   at System.Threading.ExecutionContext.RunInternal(ExecutionContext executionContext, ContextCallback callback, Object state)
   at System.Net.Sockets.SocketAsyncEngine.System.Threading.IThreadPoolWorkItem.Execute()
   at System.Threading.ThreadPoolWorkQueue.Dispatch()
   at System.Threading.PortableThreadPool.WorkerThread.WorkerThreadStart()
   at System.Threading.Thread.StartCallback()
--- End of stack trace from previous location ---

   --- End of inner exception stack trace ---
   at System.Net.Security.SslStream.EnsureFullTlsFrameAsync[TIOAdapter](CancellationToken cancellationToken, Int32 estimatedSize)
   at System.Runtime.CompilerServices.PoolingAsyncValueTaskMethodBuilder`1.StateMachineBox`1.System.Threading.Tasks.Sources.IValueTaskSource<TResult>.GetResult(Int16 token)
   at System.Net.Security.SslStream.ReadAsyncInternal[TIOAdapter](Memory`1 buffer, CancellationToken cancellationToken)
   at System.Runtime.CompilerServices.PoolingAsyncValueTaskMethodBuilder`1.StateMachineBox`1.System.Threading.Tasks.Sources.IValueTaskSource<TResult>.GetResult(Int16 token)
   at System.Net.Http.HttpConnection.<CheckUsabilityOnScavenge>g__ReadAheadWithZeroByteReadAsync|39_0()
   at System.Net.Http.HttpConnection.SendAsync(HttpRequestMessage request, Boolean async, CancellationToken cancellationToken)
   --- End of inner exception stack trace ---
   at System.Net.Http.HttpConnection.SendAsync(HttpRequestMessage request, Boolean async, CancellationToken cancellationToken)
   at System.Net.Http.HttpConnectionPool.SendWithVersionDetectionAndRetryAsync(HttpRequestMessage request, Boolean async, Boolean doRequestAuth, CancellationToken cancellationToken)
   at System.Net.Http.HttpMessageHandlerStage.Send(HttpRequestMessage request, CancellationToken cancellationToken)
   at System.Net.Http.Metrics.MetricsHandler.SendAsync(HttpRequestMessage request, Boolean async, CancellationToken cancellationToken)
   at System.Net.Http.HttpMessageHandlerStage.Send(HttpRequestMessage request, CancellationToken cancellationToken)
   at System.Net.Http.RedirectHandler.SendAsync(HttpRequestMessage request, Boolean async, CancellationToken cancellationToken)
   at System.Net.Http.DecompressionHandler.SendAsync(HttpRequestMessage request, Boolean async, CancellationToken cancellationToken)
   at System.Net.Http.SocketsHttpHandler.Send(HttpRequestMessage request, CancellationToken cancellationToken)
   at Microsoft.Extensions.Http.Logging.LoggingHttpMessageHandler.<SendCoreAsync>g__Core|4_0(HttpRequestMessage request, Boolean useAsync, CancellationToken cancellationToken)
   at Microsoft.Extensions.Http.Logging.LoggingHttpMessageHandler.Send(HttpRequestMessage request, CancellationToken cancellationToken)
   at Microsoft.Extensions.Http.Logging.LoggingScopeHttpMessageHandler.<SendCoreAsync>g__Core|4_0(HttpRequestMessage request, Boolean useAsync, CancellationToken cancellationToken)
   at Microsoft.Extensions.Http.Logging.LoggingScopeHttpMessageHandler.Send(HttpRequestMessage request, CancellationToken cancellationToken)
   at System.Net.Http.HttpClient.Send(HttpRequestMessage request, HttpCompletionOption completionOption, CancellationToken cancellationToken)
   at Libronix.Utility.Net.WebServiceRequestBase`1.GetResponse(IWorkState workState)

Program Version: 52.1 (52.1.0.0002)
Time: 2026-07-28 05:53:22 -04:00 (2026-07-28T09:53:22Z)
Couldn't download licenses file.
Libronix.Utility.Net.WebServiceException: Error building request. Request: GET https://licensesapi.logos.com/v5/licensesfile
 ---> System.Net.Http.HttpRequestException: An error occurred while sending the request.
 ---> System.IO.IOException: Unable to read data from the transport connection: Operation timed out.
 ---> System.Net.Sockets.SocketException (60): Operation timed out
   at System.Net.Sockets.Socket.AwaitableSocketAsyncEventArgs.CreateException(SocketError error, Boolean forAsyncThrow)
   at System.Net.Sockets.NetworkStream.ReadAsync(Memory`1 buffer, CancellationToken cancellationToken)
   at System.Net.Security.SslStream.EnsureFullTlsFrameAsync[TIOAdapter](CancellationToken cancellationToken, Int32 estimatedSize)
   at System.Threading.ExecutionContext.RunInternal(ExecutionContext executionContext, ContextCallback callback, Object state)
   at System.Net.Sockets.SocketAsyncEngine.System.Threading.IThreadPoolWorkItem.Execute()
   at System.Threading.ThreadPoolWorkQueue.Dispatch()
   at System.Threading.PortableThreadPool.WorkerThread.WorkerThreadStart()
   at System.Threading.Thread.StartCallback()
--- End of stack trace from previous location ---

   --- End of inner exception stack trace ---
   at System.Net.Security.SslStream.EnsureFullTlsFrameAsync[TIOAdapter](CancellationToken cancellationToken, Int32 estimatedSize)
   at System.Runtime.CompilerServices.PoolingAsyncValueTaskMethodBuilder`1.StateMachineBox`1.System.Threading.Tasks.Sources.IValueTaskSource<TResult>.GetResult(Int16 token)
   at System.Net.Security.SslStream.ReadAsyncInternal[TIOAdapter](Memory`1 buffer, CancellationToken cancellationToken)
   at System.Runtime.CompilerServices.PoolingAsyncValueTaskMethodBuilder`1.StateMachineBox`1.System.Threading.Tasks.Sources.IValueTaskSource<TResult>.GetResult(Int16 token)
   at System.Net.Http.HttpConnection.<CheckUsabilityOnScavenge>g__ReadAheadWithZeroByteReadAsync|39_0()
   at System.Net.Http.HttpConnection.SendAsync(HttpRequestMessage request, Boolean async, CancellationToken cancellationToken)
   --- End of inner exception stack trace ---
   at System.Net.Http.HttpConnection.SendAsync(HttpRequestMessage request, Boolean async, CancellationToken cancellationToken)
   at System.Net.Http.HttpConnectionPool.SendWithVersionDetectionAndRetryAsync(HttpRequestMessage request, Boolean async, Boolean doRequestAuth, CancellationToken cancellationToken)
   at System.Net.Http.RedirectHandler.SendAsync(HttpRequestMessage request, Boolean async, CancellationToken cancellationToken)
   at System.Net.Http.DecompressionHandler.SendAsync(HttpRequestMessage request, Boolean async, CancellationToken cancellationToken)
   at Microsoft.Extensions.Http.Logging.LoggingHttpMessageHandler.<SendCoreAsync>g__Core|4_0(HttpRequestMessage request, Boolean useAsync, CancellationToken cancellationToken)
   at Libronix.Utility.Net.TimeoutHandler.SendAsync(HttpRequestMessage request, CancellationToken cancellationToken)
   at Microsoft.Extensions.Http.Logging.LoggingScopeHttpMessageHandler.<SendCoreAsync>g__Core|4_0(HttpRequestMessage request, Boolean useAsync, CancellationToken cancellationToken)
   at System.Net.Http.HttpClient.<SendAsync>g__Core|83_0(HttpRequestMessage request, HttpCompletionOption completionOption, CancellationTokenSource cts, Boolean disposeCts, CancellationTokenSource pendingRequestsCts, CancellationToken originalCancellationToken)
   at Libronix.Utility.Net.WebServiceRequestBase`1.GetResponseAsync(CancellationToken cancellationToken)
   --- End of inner exception stack trace ---
   at Libronix.Utility.Net.WebServiceRequestBase`1.GetResponseAsync(CancellationToken cancellationToken)
   at Libronix.Utility.Net.WebServiceRequestBase`1.GetResponseAsync(IWorkState workState)
   at LDLS4.WebServiceClient.GetLicensesAsync(LicensesApiClient licensesApiClient, LicenseManager licenseManager, Boolean forceDownload, CancellationToken cancellationToken) in /Volumes/Code/ghe_actions-2.301.1/ghec-LogosBible-2/_work/LogosDesktop/LogosDesktop/src/LDLS4/WebServiceClient.cs:line 199

Program Version: 52.1 (52.1.0.0002)
Time: 2026-07-28 05:53:23 -04:00 (2026-07-28T09:53:23Z)
Error building request (GET https://usereventsapi.logos.com/v1/events).
System.Net.Http.HttpRequestException: An error occurred while sending the request.
 ---> System.IO.IOException: Unable to read data from the transport connection: Operation timed out.
 ---> System.Net.Sockets.SocketException (60): Operation timed out
   at System.Net.Sockets.Socket.AwaitableSocketAsyncEventArgs.CreateException(SocketError error, Boolean forAsyncThrow)
   at System.Net.Sockets.NetworkStream.ReadAsync(Memory`1 buffer, CancellationToken cancellationToken)
   at System.Net.Security.SslStream.EnsureFullTlsFrameAsync[TIOAdapter](CancellationToken cancellationToken, Int32 estimatedSize)
   at System.Threading.ExecutionContext.RunInternal(ExecutionContext executionContext, ContextCallback callback, Object state)
   at System.Net.Sockets.SocketAsyncEngine.System.Threading.IThreadPoolWorkItem.Execute()
   at System.Threading.ThreadPoolWorkQueue.Dispatch()
   at System.Threading.PortableThreadPool.WorkerThread.WorkerThreadStart()
   at System.Threading.Thread.StartCallback()
--- End of stack trace from previous location ---

   --- End of inner exception stack trace ---
   at System.Net.Security.SslStream.EnsureFullTlsFrameAsync[TIOAdapter](CancellationToken cancellationToken, Int32 estimatedSize)
   at System.Runtime.CompilerServices.PoolingAsyncValueTaskMethodBuilder`1.StateMachineBox`1.System.Threading.Tasks.Sources.IValueTaskSource<TResult>.GetResult(Int16 token)
   at System.Net.Security.SslStream.ReadAsyncInternal[TIOAdapter](Memory`1 buffer, CancellationToken cancellationToken)
   at System.Runtime.CompilerServices.PoolingAsyncValueTaskMethodBuilder`1.StateMachineBox`1.System.Threading.Tasks.Sources.IValueTaskSource<TResult>.GetResult(Int16 token)
   at System.Net.Http.HttpConnection.<CheckUsabilityOnScavenge>g__ReadAheadWithZeroByteReadAsync|39_0()
   at System.Net.Http.HttpConnection.SendAsync(HttpRequestMessage request, Boolean async, CancellationToken cancellationToken)
   --- End of inner exception stack trace ---
   at System.Net.Http.HttpConnection.SendAsync(HttpRequestMessage request, Boolean async, CancellationToken cancellationToken)
   at System.Net.Http.HttpConnectionPool.SendWithVersionDetectionAndRetryAsync(HttpRequestMessage request, Boolean async, Boolean doRequestAuth, CancellationToken cancellationToken)
   at System.Net.Http.RedirectHandler.SendAsync(HttpRequestMessage request, Boolean async, CancellationToken cancellationToken)
   at System.Net.Http.DecompressionHandler.SendAsync(HttpRequestMessage request, Boolean async, CancellationToken cancellationToken)
   at Microsoft.Extensions.Http.Logging.LoggingHttpMessageHandler.<SendCoreAsync>g__Core|4_0(HttpRequestMessage request, Boolean useAsync, CancellationToken cancellationToken)
   at Libronix.Utility.Net.TimeoutHandler.SendAsync(HttpRequestMessage request, CancellationToken cancellationToken)
   at Microsoft.Extensions.Http.Logging.LoggingScopeHttpMessageHandler.<SendCoreAsync>g__Core|4_0(HttpRequestMessage request, Boolean useAsync, CancellationToken cancellationToken)
   at System.Net.Http.HttpClient.<SendAsync>g__Core|83_0(HttpRequestMessage request, HttpCompletionOption completionOption, CancellationTokenSource cts, Boolean disposeCts, CancellationTokenSource pendingRequestsCts, CancellationToken originalCancellationToken)
   at Libronix.Utility.Net.WebServiceRequestBase`1.GetResponseAsync(CancellationToken cancellationToken)

Program Version: 52.1 (52.1.0.0002)
Time: 2026-07-28 05:53:23 -04:00 (2026-07-28T09:53:23Z)
Error downloading user events.
Libronix.Utility.Net.WebServiceException: Error building request. Request: GET https://usereventsapi.logos.com/v1/events
 ---> System.Net.Http.HttpRequestException: An error occurred while sending the request.
 ---> System.IO.IOException: Unable to read data from the transport connection: Operation timed out.
 ---> System.Net.Sockets.SocketException (60): Operation timed out
   at System.Net.Sockets.Socket.AwaitableSocketAsyncEventArgs.CreateException(SocketError error, Boolean forAsyncThrow)
   at System.Net.Sockets.NetworkStream.ReadAsync(Memory`1 buffer, CancellationToken cancellationToken)
   at System.Net.Security.SslStream.EnsureFullTlsFrameAsync[TIOAdapter](CancellationToken cancellationToken, Int32 estimatedSize)
   at System.Threading.ExecutionContext.RunInternal(ExecutionContext executionContext, ContextCallback callback, Object state)
   at System.Net.Sockets.SocketAsyncEngine.System.Threading.IThreadPoolWorkItem.Execute()
   at System.Threading.ThreadPoolWorkQueue.Dispatch()
   at System.Threading.PortableThreadPool.WorkerThread.WorkerThreadStart()
   at System.Threading.Thread.StartCallback()
--- End of stack trace from previous location ---

   --- End of inner exception stack trace ---
   at System.Net.Security.SslStream.EnsureFullTlsFrameAsync[TIOAdapter](CancellationToken cancellationToken, Int32 estimatedSize)
   at System.Runtime.CompilerServices.PoolingAsyncValueTaskMethodBuilder`1.StateMachineBox`1.System.Threading.Tasks.Sources.IValueTaskSource<TResult>.GetResult(Int16 token)
   at System.Net.Security.SslStream.ReadAsyncInternal[TIOAdapter](Memory`1 buffer, CancellationToken cancellationToken)
   at System.Runtime.CompilerServices.PoolingAsyncValueTaskMethodBuilder`1.StateMachineBox`1.System.Threading.Tasks.Sources.IValueTaskSource<TResult>.GetResult(Int16 token)
   at System.Net.Http.HttpConnection.<CheckUsabilityOnScavenge>g__ReadAheadWithZeroByteReadAsync|39_0()
   at System.Net.Http.HttpConnection.SendAsync(HttpRequestMessage request, Boolean async, CancellationToken cancellationToken)
   --- End of inner exception stack trace ---
   at System.Net.Http.HttpConnection.SendAsync(HttpRequestMessage request, Boolean async, CancellationToken cancellationToken)
   at System.Net.Http.HttpConnectionPool.SendWithVersionDetectionAndRetryAsync(HttpRequestMessage request, Boolean async, Boolean doRequestAuth, CancellationToken cancellationToken)
   at System.Net.Http.RedirectHandler.SendAsync(HttpRequestMessage request, Boolean async, CancellationToken cancellationToken)
   at System.Net.Http.DecompressionHandler.SendAsync(HttpRequestMessage request, Boolean async, CancellationToken cancellationToken)
   at Microsoft.Extensions.Http.Logging.LoggingHttpMessageHandler.<SendCoreAsync>g__Core|4_0(HttpRequestMessage request, Boolean useAsync, CancellationToken cancellationToken)
   at Libronix.Utility.Net.TimeoutHandler.SendAsync(HttpRequestMessage request, CancellationToken cancellationToken)
   at Microsoft.Extensions.Http.Logging.LoggingScopeHttpMessageHandler.<SendCoreAsync>g__Core|4_0(HttpRequestMessage request, Boolean useAsync, CancellationToken cancellationToken)
   at System.Net.Http.HttpClient.<SendAsync>g__Core|83_0(HttpRequestMessage request, HttpCompletionOption completionOption, CancellationTokenSource cts, Boolean disposeCts, CancellationTokenSource pendingRequestsCts, CancellationToken originalCancellationToken)
   at Libronix.Utility.Net.WebServiceRequestBase`1.GetResponseAsync(CancellationToken cancellationToken)
   --- End of inner exception stack trace ---
   at Libronix.Utility.Net.WebServiceRequestBase`1.GetResponseAsync(CancellationToken cancellationToken)
   at Logos.UserEvents.Manager.UserEventManager.DoUpdate()

Program Version: 52.1 (52.1.0.0002)
Time: 2026-07-28 10:31:05 -04:00 (2026-07-28T14:31:05Z)
SQLite Error 284: automatic index on Records(IsDataset)

Program Version: 52.1 (52.1.0.0002)
Time: 2026-07-28 12:19:59 -04:00 (2026-07-28T16:19:59Z)
Couldn't download licenses file.
Libronix.Utility.Net.WebServiceException: Error building request. Request: GET https://licensesapi.logos.com/v5/licensesfile
 ---> System.Net.Http.HttpRequestException: An error occurred while sending the request.
 ---> System.IO.IOException: The encryption operation failed, see inner exception.
 ---> System.ComponentModel.Win32Exception (14): Bad address
   --- End of inner exception stack trace ---
   at System.Net.Security.SslStream.WriteAsyncInternal[TIOAdapter](ReadOnlyMemory`1 buffer, CancellationToken cancellationToken)
   at System.Net.Http.HttpConnection.FlushAsync(Boolean async)
   at System.Net.Http.HttpConnection.SendAsync(HttpRequestMessage request, Boolean async, CancellationToken cancellationToken)
   at System.Net.Http.HttpConnection.SendAsync(HttpRequestMessage request, Boolean async, CancellationToken cancellationToken)
   at System.Net.Http.HttpConnectionPool.SendWithVersionDetectionAndRetryAsync(HttpRequestMessage request, Boolean async, Boolean doRequestAuth, CancellationToken cancellationToken)
   at System.Net.Http.HttpConnectionPoolManager.SendAsync(HttpRequestMessage request, Boolean async, Boolean doRequestAuth, CancellationToken cancellationToken)
   at System.Net.Http.HttpMessageHandlerStage.SendAsync(HttpRequestMessage request, CancellationToken cancellationToken)
   at System.Net.Http.RedirectHandler.SendAsync(HttpRequestMessage request, Boolean async, CancellationToken cancellationToken)
   at System.Net.Http.DecompressionHandler.SendAsync(HttpRequestMessage request, Boolean async, CancellationToken cancellationToken)
   at System.Net.Http.DecompressionHandler.SendAsync(HttpRequestMessage request, Boolean async, CancellationToken cancellationToken)
   at System.Net.Http.SocketsHttpHandler.SendAsync(HttpRequestMessage request, CancellationToken cancellationToken)
   at Microsoft.Extensions.Http.Logging.LoggingHttpMessageHandler.<SendCoreAsync>g__Core|4_0(HttpRequestMessage request, Boolean useAsync, CancellationToken cancellationToken)
   at Microsoft.Extensions.Http.Logging.LoggingHttpMessageHandler.SendAsync(HttpRequestMessage request, CancellationToken cancellationToken)
   at Libronix.Utility.Net.TimeoutHandler.SendAsync(HttpRequestMessage request, CancellationToken cancellationToken)
   at Libronix.Utility.Net.TimeoutHandler.SendAsync(HttpRequestMessage request, CancellationToken cancellationToken)
   at Microsoft.Extensions.Http.Logging.LoggingScopeHttpMessageHandler.<SendCoreAsync>g__Core|4_0(HttpRequestMessage request, Boolean useAsync, CancellationToken cancellationToken)
   at System.Runtime.CompilerServices.AsyncMethodBuilderCore.Start[TStateMachine](TStateMachine& stateMachine)
   at System.Net.Http.DelegatingHandler.SendAsync(HttpRequestMessage request, CancellationToken cancellationToken)
   at System.Net.Http.HttpClient.<SendAsync>g__Core|83_0(HttpRequestMessage request, HttpCompletionOption completionOption, CancellationTokenSource cts, Boolean disposeCts, CancellationTokenSource pendingRequestsCts, CancellationToken originalCancellationToken)
   at System.Runtime.CompilerServices.AsyncMethodBuilderCore.Start[TStateMachine](TStateMachine& stateMachine)
   at Libronix.Utility.Net.WebServiceRequestBase`1.GetResponseAsync(CancellationToken cancellationToken)
   at System.Runtime.CompilerServices.AsyncMethodBuilderCore.Start[TStateMachine](TStateMachine& stateMachine)
   at Libronix.Utility.Net.WebServiceRequestBase`1.GetResponseAsync(IWorkState workState)
   at LDLS4.WebServiceClient.GetLicensesAsync(LicensesApiClient licensesApiClient, LicenseManager licenseManager, Boolean forceDownload, CancellationToken cancellationToken)
   at System.Runtime.CompilerServices.AsyncMethodBuilderCore.Start[TStateMachine](TStateMachine& stateMachine)
   at LDLS4.WebServiceClient.GetLicensesIfUpdatedAsync(AsyncMethodContext context, LicenseManager licenseManager, Action`1 callback) in /Volumes/Code/ghe_actions-2.301.1/ghec-LogosBible-2/_work/LogosDesktop/LogosDesktop/src/LDLS4/WebServiceClient.cs:line 753
   at System.Threading.ExecutionContext.RunInternal(ExecutionContext executionContext, ContextCallback callback, Object state)
   at System.Runtime.CompilerServices.AsyncTaskMethodBuilder`1.AsyncStateMachineBox`1.MoveNext()
   at System.Threading.ExecutionContext.RunInternal(ExecutionContext executionContext, ContextCallback callback, Object state)
   at System.Threading.TimerQueue.FireNextTimers()
   at System.Threading.ThreadPoolWorkQueue.Dispatch()
   at System.Threading.PortableThreadPool.WorkerThread.WorkerThreadStart()
   at System.Threading.Thread.StartCallback()
--- End of stack trace from previous location ---
   at System.Net.Security.SslStream.WriteAsyncInternal[TIOAdapter](ReadOnlyMemory`1 buffer, CancellationToken cancellationToken)
   at System.Net.Http.HttpConnection.SendAsync(HttpRequestMessage request, Boolean async, CancellationToken cancellationToken)
   --- End of inner exception stack trace ---
   at System.Net.Http.HttpConnection.SendAsync(HttpRequestMessage request, Boolean async, CancellationToken cancellationToken)
   at System.Net.Http.HttpConnectionPool.SendWithVersionDetectionAndRetryAsync(HttpRequestMessage request, Boolean async, Boolean doRequestAuth, CancellationToken cancellationToken)
   at System.Net.Http.RedirectHandler.SendAsync(HttpRequestMessage request, Boolean async, CancellationToken cancellationToken)
   at System.Net.Http.DecompressionHandler.SendAsync(HttpRequestMessage request, Boolean async, CancellationToken cancellationToken)
   at Microsoft.Extensions.Http.Logging.LoggingHttpMessageHandler.<SendCoreAsync>g__Core|4_0(HttpRequestMessage request, Boolean useAsync, CancellationToken cancellationToken)
   at Libronix.Utility.Net.TimeoutHandler.SendAsync(HttpRequestMessage request, CancellationToken cancellationToken)
   at Microsoft.Extensions.Http.Logging.LoggingScopeHttpMessageHandler.<SendCoreAsync>g__Core|4_0(HttpRequestMessage request, Boolean useAsync, CancellationToken cancellationToken)
   at System.Net.Http.HttpClient.<SendAsync>g__Core|83_0(HttpRequestMessage request, HttpCompletionOption completionOption, CancellationTokenSource cts, Boolean disposeCts, CancellationTokenSource pendingRequestsCts, CancellationToken originalCancellationToken)
   at Libronix.Utility.Net.WebServiceRequestBase`1.GetResponseAsync(CancellationToken cancellationToken)
   --- End of inner exception stack trace ---
   at Libronix.Utility.Net.WebServiceRequestBase`1.GetResponseAsync(CancellationToken cancellationToken)
   at Libronix.Utility.Net.WebServiceRequestBase`1.GetResponseAsync(IWorkState workState)
   at LDLS4.WebServiceClient.GetLicensesAsync(LicensesApiClient licensesApiClient, LicenseManager licenseManager, Boolean forceDownload, CancellationToken cancellationToken) in /Volumes/Code/ghe_actions-2.301.1/ghec-LogosBible-2/_work/LogosDesktop/LogosDesktop/src/LDLS4/WebServiceClient.cs:line 199

Program Version: 52.1 (52.1.0.0002)
Time: 2026-07-28 12:53:48 -04:00 (2026-07-28T16:53:48Z)
Couldn't download licenses file.
Libronix.Utility.Net.WebServiceException: Error building request. Request: GET https://licensesapi.logos.com/v5/licensesfile
 ---> System.Net.Http.HttpRequestException: An error occurred while sending the request.
 ---> System.IO.IOException: Unable to read data from the transport connection: Can't assign requested address.
 ---> System.Net.Sockets.SocketException (49): Can't assign requested address
   at System.Net.Sockets.Socket.AwaitableSocketAsyncEventArgs.CreateException(SocketError error, Boolean forAsyncThrow)
   at System.Net.Sockets.NetworkStream.ReadAsync(Memory`1 buffer, CancellationToken cancellationToken)
   at System.Net.Security.SslStream.EnsureFullTlsFrameAsync[TIOAdapter](CancellationToken cancellationToken, Int32 estimatedSize)
   at System.Threading.ExecutionContext.RunInternal(ExecutionContext executionContext, ContextCallback callback, Object state)
   at System.Net.Sockets.SocketAsyncEngine.System.Threading.IThreadPoolWorkItem.Execute()
   at System.Threading.ThreadPoolWorkQueue.Dispatch()
   at System.Threading.PortableThreadPool.WorkerThread.WorkerThreadStart()
   at System.Threading.Thread.StartCallback()
--- End of stack trace from previous location ---

   --- End of inner exception stack trace ---
   at System.Net.Security.SslStream.EnsureFullTlsFrameAsync[TIOAdapter](CancellationToken cancellationToken, Int32 estimatedSize)
   at System.Runtime.CompilerServices.PoolingAsyncValueTaskMethodBuilder`1.StateMachineBox`1.System.Threading.Tasks.Sources.IValueTaskSource<TResult>.GetResult(Int16 token)
   at System.Net.Security.SslStream.ReadAsyncInternal[TIOAdapter](Memory`1 buffer, CancellationToken cancellationToken)
   at System.Runtime.CompilerServices.PoolingAsyncValueTaskMethodBuilder`1.StateMachineBox`1.System.Threading.Tasks.Sources.IValueTaskSource<TResult>.GetResult(Int16 token)
   at System.Net.Http.HttpConnection.<CheckUsabilityOnScavenge>g__ReadAheadWithZeroByteReadAsync|39_0()
   at System.Net.Http.HttpConnection.SendAsync(HttpRequestMessage request, Boolean async, CancellationToken cancellationToken)
   --- End of inner exception stack trace ---
   at System.Net.Http.HttpConnection.SendAsync(HttpRequestMessage request, Boolean async, CancellationToken cancellationToken)
   at System.Net.Http.HttpConnectionPool.SendWithVersionDetectionAndRetryAsync(HttpRequestMessage request, Boolean async, Boolean doRequestAuth, CancellationToken cancellationToken)
   at System.Net.Http.RedirectHandler.SendAsync(HttpRequestMessage request, Boolean async, CancellationToken cancellationToken)
   at System.Net.Http.DecompressionHandler.SendAsync(HttpRequestMessage request, Boolean async, CancellationToken cancellationToken)
   at Microsoft.Extensions.Http.Logging.LoggingHttpMessageHandler.<SendCoreAsync>g__Core|4_0(HttpRequestMessage request, Boolean useAsync, CancellationToken cancellationToken)
   at Libronix.Utility.Net.TimeoutHandler.SendAsync(HttpRequestMessage request, CancellationToken cancellationToken)
   at Microsoft.Extensions.Http.Logging.LoggingScopeHttpMessageHandler.<SendCoreAsync>g__Core|4_0(HttpRequestMessage request, Boolean useAsync, CancellationToken cancellationToken)
   at System.Net.Http.HttpClient.<SendAsync>g__Core|83_0(HttpRequestMessage request, HttpCompletionOption completionOption, CancellationTokenSource cts, Boolean disposeCts, CancellationTokenSource pendingRequestsCts, CancellationToken originalCancellationToken)
   at Libronix.Utility.Net.WebServiceRequestBase`1.GetResponseAsync(CancellationToken cancellationToken)
   --- End of inner exception stack trace ---
   at Libronix.Utility.Net.WebServiceRequestBase`1.GetResponseAsync(CancellationToken cancellationToken)
   at Libronix.Utility.Net.WebServiceRequestBase`1.GetResponseAsync(IWorkState workState)
   at LDLS4.WebServiceClient.GetLicensesAsync(LicensesApiClient licensesApiClient, LicenseManager licenseManager, Boolean forceDownload, CancellationToken cancellationToken) in /Volumes/Code/ghe_actions-2.301.1/ghec-LogosBible-2/_work/LogosDesktop/LogosDesktop/src/LDLS4/WebServiceClient.cs:line 199

Program Version: 52.1 (52.1.0.0002)
Time: 2026-07-28 12:53:53 -04:00 (2026-07-28T16:53:53Z)
Error building request (GET https://usereventsapi.logos.com/v1/events).
System.Net.Http.HttpRequestException: An error occurred while sending the request.
 ---> System.IO.IOException: Unable to read data from the transport connection: Can't assign requested address.
 ---> System.Net.Sockets.SocketException (49): Can't assign requested address
   at System.Net.Sockets.Socket.AwaitableSocketAsyncEventArgs.CreateException(SocketError error, Boolean forAsyncThrow)
   at System.Net.Sockets.NetworkStream.ReadAsync(Memory`1 buffer, CancellationToken cancellationToken)
   at System.Net.Security.SslStream.EnsureFullTlsFrameAsync[TIOAdapter](CancellationToken cancellationToken, Int32 estimatedSize)
   at System.Threading.ExecutionContext.RunInternal(ExecutionContext executionContext, ContextCallback callback, Object state)
   at System.Net.Sockets.SocketAsyncEngine.System.Threading.IThreadPoolWorkItem.Execute()
   at System.Threading.ThreadPoolWorkQueue.Dispatch()
   at System.Threading.PortableThreadPool.WorkerThread.WorkerThreadStart()
   at System.Threading.Thread.StartCallback()
--- End of stack trace from previous location ---

   --- End of inner exception stack trace ---
   at System.Net.Security.SslStream.EnsureFullTlsFrameAsync[TIOAdapter](CancellationToken cancellationToken, Int32 estimatedSize)
   at System.Runtime.CompilerServices.PoolingAsyncValueTaskMethodBuilder`1.StateMachineBox`1.System.Threading.Tasks.Sources.IValueTaskSource<TResult>.GetResult(Int16 token)
   at System.Net.Security.SslStream.ReadAsyncInternal[TIOAdapter](Memory`1 buffer, CancellationToken cancellationToken)
   at System.Runtime.CompilerServices.PoolingAsyncValueTaskMethodBuilder`1.StateMachineBox`1.System.Threading.Tasks.Sources.IValueTaskSource<TResult>.GetResult(Int16 token)
   at System.Net.Http.HttpConnection.<CheckUsabilityOnScavenge>g__ReadAheadWithZeroByteReadAsync|39_0()
   at System.Net.Http.HttpConnection.SendAsync(HttpRequestMessage request, Boolean async, CancellationToken cancellationToken)
   --- End of inner exception stack trace ---
   at System.Net.Http.HttpConnection.SendAsync(HttpRequestMessage request, Boolean async, CancellationToken cancellationToken)
   at System.Net.Http.HttpConnectionPool.SendWithVersionDetectionAndRetryAsync(HttpRequestMessage request, Boolean async, Boolean doRequestAuth, CancellationToken cancellationToken)
   at System.Net.Http.RedirectHandler.SendAsync(HttpRequestMessage request, Boolean async, CancellationToken cancellationToken)
   at System.Net.Http.DecompressionHandler.SendAsync(HttpRequestMessage request, Boolean async, CancellationToken cancellationToken)
   at Microsoft.Extensions.Http.Logging.LoggingHttpMessageHandler.<SendCoreAsync>g__Core|4_0(HttpRequestMessage request, Boolean useAsync, CancellationToken cancellationToken)
   at Libronix.Utility.Net.TimeoutHandler.SendAsync(HttpRequestMessage request, CancellationToken cancellationToken)
   at Microsoft.Extensions.Http.Logging.LoggingScopeHttpMessageHandler.<SendCoreAsync>g__Core|4_0(HttpRequestMessage request, Boolean useAsync, CancellationToken cancellationToken)
   at System.Net.Http.HttpClient.<SendAsync>g__Core|83_0(HttpRequestMessage request, HttpCompletionOption completionOption, CancellationTokenSource cts, Boolean disposeCts, CancellationTokenSource pendingRequestsCts, CancellationToken originalCancellationToken)
   at Libronix.Utility.Net.WebServiceRequestBase`1.GetResponseAsync(CancellationToken cancellationToken)

Program Version: 52.1 (52.1.0.0002)
Time: 2026-07-28 12:53:53 -04:00 (2026-07-28T16:53:53Z)
Error downloading user events.
Libronix.Utility.Net.WebServiceException: Error building request. Request: GET https://usereventsapi.logos.com/v1/events
 ---> System.Net.Http.HttpRequestException: An error occurred while sending the request.
 ---> System.IO.IOException: Unable to read data from the transport connection: Can't assign requested address.
 ---> System.Net.Sockets.SocketException (49): Can't assign requested address
   at System.Net.Sockets.Socket.AwaitableSocketAsyncEventArgs.CreateException(SocketError error, Boolean forAsyncThrow)
   at System.Net.Sockets.NetworkStream.ReadAsync(Memory`1 buffer, CancellationToken cancellationToken)
   at System.Net.Security.SslStream.EnsureFullTlsFrameAsync[TIOAdapter](CancellationToken cancellationToken, Int32 estimatedSize)
   at System.Threading.ExecutionContext.RunInternal(ExecutionContext executionContext, ContextCallback callback, Object state)
   at System.Net.Sockets.SocketAsyncEngine.System.Threading.IThreadPoolWorkItem.Execute()
   at System.Threading.ThreadPoolWorkQueue.Dispatch()
   at System.Threading.PortableThreadPool.WorkerThread.WorkerThreadStart()
   at System.Threading.Thread.StartCallback()
--- End of stack trace from previous location ---

   --- End of inner exception stack trace ---
   at System.Net.Security.SslStream.EnsureFullTlsFrameAsync[TIOAdapter](CancellationToken cancellationToken, Int32 estimatedSize)
   at System.Runtime.CompilerServices.PoolingAsyncValueTaskMethodBuilder`1.StateMachineBox`1.System.Threading.Tasks.Sources.IValueTaskSource<TResult>.GetResult(Int16 token)
   at System.Net.Security.SslStream.ReadAsyncInternal[TIOAdapter](Memory`1 buffer, CancellationToken cancellationToken)
   at System.Runtime.CompilerServices.PoolingAsyncValueTaskMethodBuilder`1.StateMachineBox`1.System.Threading.Tasks.Sources.IValueTaskSource<TResult>.GetResult(Int16 token)
   at System.Net.Http.HttpConnection.<CheckUsabilityOnScavenge>g__ReadAheadWithZeroByteReadAsync|39_0()
   at System.Net.Http.HttpConnection.SendAsync(HttpRequestMessage request, Boolean async, CancellationToken cancellationToken)
   --- End of inner exception stack trace ---
   at System.Net.Http.HttpConnection.SendAsync(HttpRequestMessage request, Boolean async, CancellationToken cancellationToken)
   at System.Net.Http.HttpConnectionPool.SendWithVersionDetectionAndRetryAsync(HttpRequestMessage request, Boolean async, Boolean doRequestAuth, CancellationToken cancellationToken)
   at System.Net.Http.RedirectHandler.SendAsync(HttpRequestMessage request, Boolean async, CancellationToken cancellationToken)
   at System.Net.Http.DecompressionHandler.SendAsync(HttpRequestMessage request, Boolean async, CancellationToken cancellationToken)
   at Microsoft.Extensions.Http.Logging.LoggingHttpMessageHandler.<SendCoreAsync>g__Core|4_0(HttpRequestMessage request, Boolean useAsync, CancellationToken cancellationToken)
   at Libronix.Utility.Net.TimeoutHandler.SendAsync(HttpRequestMessage request, CancellationToken cancellationToken)
   at Microsoft.Extensions.Http.Logging.LoggingScopeHttpMessageHandler.<SendCoreAsync>g__Core|4_0(HttpRequestMessage request, Boolean useAsync, CancellationToken cancellationToken)
   at System.Net.Http.HttpClient.<SendAsync>g__Core|83_0(HttpRequestMessage request, HttpCompletionOption completionOption, CancellationTokenSource cts, Boolean disposeCts, CancellationTokenSource pendingRequestsCts, CancellationToken originalCancellationToken)
   at Libronix.Utility.Net.WebServiceRequestBase`1.GetResponseAsync(CancellationToken cancellationToken)
   --- End of inner exception stack trace ---
   at Libronix.Utility.Net.WebServiceRequestBase`1.GetResponseAsync(CancellationToken cancellationToken)
   at Logos.UserEvents.Manager.UserEventManager.DoUpdate()

Program Version: 52.1 (52.1.0.0002)
Time: 2026-07-28 13:45:51 -04:00 (2026-07-28T17:45:51Z)
Error building request (GET https://usereventsapi.logos.com/v1/events).
System.Net.Http.HttpRequestException: An error occurred while sending the request.
 ---> System.IO.IOException: Unable to read data from the transport connection: Operation timed out.
 ---> System.Net.Sockets.SocketException (60): Operation timed out
   at System.Net.Sockets.Socket.AwaitableSocketAsyncEventArgs.CreateException(SocketError error, Boolean forAsyncThrow)
   at System.Net.Sockets.NetworkStream.ReadAsync(Memory`1 buffer, CancellationToken cancellationToken)
   at System.Net.Security.SslStream.EnsureFullTlsFrameAsync[TIOAdapter](CancellationToken cancellationToken, Int32 estimatedSize)
   at System.Threading.ExecutionContext.RunInternal(ExecutionContext executionContext, ContextCallback callback, Object state)
   at System.Net.Sockets.SocketAsyncEngine.System.Threading.IThreadPoolWorkItem.Execute()
   at System.Threading.ThreadPoolWorkQueue.Dispatch()
   at System.Threading.PortableThreadPool.WorkerThread.WorkerThreadStart()
   at System.Threading.Thread.StartCallback()
--- End of stack trace from previous location ---

   --- End of inner exception stack trace ---
   at System.Net.Security.SslStream.EnsureFullTlsFrameAsync[TIOAdapter](CancellationToken cancellationToken, Int32 estimatedSize)
   at System.Runtime.CompilerServices.PoolingAsyncValueTaskMethodBuilder`1.StateMachineBox`1.System.Threading.Tasks.Sources.IValueTaskSource<TResult>.GetResult(Int16 token)
   at System.Net.Security.SslStream.ReadAsyncInternal[TIOAdapter](Memory`1 buffer, CancellationToken cancellationToken)
   at System.Runtime.CompilerServices.PoolingAsyncValueTaskMethodBuilder`1.StateMachineBox`1.System.Threading.Tasks.Sources.IValueTaskSource<TResult>.GetResult(Int16 token)
   at System.Net.Http.HttpConnection.<CheckUsabilityOnScavenge>g__ReadAheadWithZeroByteReadAsync|39_0()
   at System.Net.Http.HttpConnection.SendAsync(HttpRequestMessage request, Boolean async, CancellationToken cancellationToken)
   --- End of inner exception stack trace ---
   at System.Net.Http.HttpConnection.SendAsync(HttpRequestMessage request, Boolean async, CancellationToken cancellationToken)
   at System.Net.Http.HttpConnectionPool.SendWithVersionDetectionAndRetryAsync(HttpRequestMessage request, Boolean async, Boolean doRequestAuth, CancellationToken cancellationToken)
   at System.Net.Http.RedirectHandler.SendAsync(HttpRequestMessage request, Boolean async, CancellationToken cancellationToken)
   at System.Net.Http.DecompressionHandler.SendAsync(HttpRequestMessage request, Boolean async, CancellationToken cancellationToken)
   at Microsoft.Extensions.Http.Logging.LoggingHttpMessageHandler.<SendCoreAsync>g__Core|4_0(HttpRequestMessage request, Boolean useAsync, CancellationToken cancellationToken)
   at Libronix.Utility.Net.TimeoutHandler.SendAsync(HttpRequestMessage request, CancellationToken cancellationToken)
   at Microsoft.Extensions.Http.Logging.LoggingScopeHttpMessageHandler.<SendCoreAsync>g__Core|4_0(HttpRequestMessage request, Boolean useAsync, CancellationToken cancellationToken)
   at System.Net.Http.HttpClient.<SendAsync>g__Core|83_0(HttpRequestMessage request, HttpCompletionOption completionOption, CancellationTokenSource cts, Boolean disposeCts, CancellationTokenSource pendingRequestsCts, CancellationToken originalCancellationToken)
   at Libronix.Utility.Net.WebServiceRequestBase`1.GetResponseAsync(CancellationToken cancellationToken)

Program Version: 52.1 (52.1.0.0002)
Time: 2026-07-28 13:45:51 -04:00 (2026-07-28T17:45:51Z)
Error downloading user events.
Libronix.Utility.Net.WebServiceException: Error building request. Request: GET https://usereventsapi.logos.com/v1/events
 ---> System.Net.Http.HttpRequestException: An error occurred while sending the request.
 ---> System.IO.IOException: Unable to read data from the transport connection: Operation timed out.
 ---> System.Net.Sockets.SocketException (60): Operation timed out
   at System.Net.Sockets.Socket.AwaitableSocketAsyncEventArgs.CreateException(SocketError error, Boolean forAsyncThrow)
   at System.Net.Sockets.NetworkStream.ReadAsync(Memory`1 buffer, CancellationToken cancellationToken)
   at System.Net.Security.SslStream.EnsureFullTlsFrameAsync[TIOAdapter](CancellationToken cancellationToken, Int32 estimatedSize)
   at System.Threading.ExecutionContext.RunInternal(ExecutionContext executionContext, ContextCallback callback, Object state)
   at System.Net.Sockets.SocketAsyncEngine.System.Threading.IThreadPoolWorkItem.Execute()
   at System.Threading.ThreadPoolWorkQueue.Dispatch()
   at System.Threading.PortableThreadPool.WorkerThread.WorkerThreadStart()
   at System.Threading.Thread.StartCallback()
--- End of stack trace from previous location ---

   --- End of inner exception stack trace ---
   at System.Net.Security.SslStream.EnsureFullTlsFrameAsync[TIOAdapter](CancellationToken cancellationToken, Int32 estimatedSize)
   at System.Runtime.CompilerServices.PoolingAsyncValueTaskMethodBuilder`1.StateMachineBox`1.System.Threading.Tasks.Sources.IValueTaskSource<TResult>.GetResult(Int16 token)
   at System.Net.Security.SslStream.ReadAsyncInternal[TIOAdapter](Memory`1 buffer, CancellationToken cancellationToken)
   at System.Runtime.CompilerServices.PoolingAsyncValueTaskMethodBuilder`1.StateMachineBox`1.System.Threading.Tasks.Sources.IValueTaskSource<TResult>.GetResult(Int16 token)
   at System.Net.Http.HttpConnection.<CheckUsabilityOnScavenge>g__ReadAheadWithZeroByteReadAsync|39_0()
   at System.Net.Http.HttpConnection.SendAsync(HttpRequestMessage request, Boolean async, CancellationToken cancellationToken)
   --- End of inner exception stack trace ---
   at System.Net.Http.HttpConnection.SendAsync(HttpRequestMessage request, Boolean async, CancellationToken cancellationToken)
   at System.Net.Http.HttpConnectionPool.SendWithVersionDetectionAndRetryAsync(HttpRequestMessage request, Boolean async, Boolean doRequestAuth, CancellationToken cancellationToken)
   at System.Net.Http.RedirectHandler.SendAsync(HttpRequestMessage request, Boolean async, CancellationToken cancellationToken)
   at System.Net.Http.DecompressionHandler.SendAsync(HttpRequestMessage request, Boolean async, CancellationToken cancellationToken)
   at Microsoft.Extensions.Http.Logging.LoggingHttpMessageHandler.<SendCoreAsync>g__Core|4_0(HttpRequestMessage request, Boolean useAsync, CancellationToken cancellationToken)
   at Libronix.Utility.Net.TimeoutHandler.SendAsync(HttpRequestMessage request, CancellationToken cancellationToken)
   at Microsoft.Extensions.Http.Logging.LoggingScopeHttpMessageHandler.<SendCoreAsync>g__Core|4_0(HttpRequestMessage request, Boolean useAsync, CancellationToken cancellationToken)
   at System.Net.Http.HttpClient.<SendAsync>g__Core|83_0(HttpRequestMessage request, HttpCompletionOption completionOption, CancellationTokenSource cts, Boolean disposeCts, CancellationTokenSource pendingRequestsCts, CancellationToken originalCancellationToken)
   at Libronix.Utility.Net.WebServiceRequestBase`1.GetResponseAsync(CancellationToken cancellationToken)
   --- End of inner exception stack trace ---
   at Libronix.Utility.Net.WebServiceRequestBase`1.GetResponseAsync(CancellationToken cancellationToken)
   at Logos.UserEvents.Manager.UserEventManager.DoUpdate()

Program Version: 52.1 (52.1.0.0002)
Time: 2026-07-28 14:00:06 -04:00 (2026-07-28T18:00:06Z)
Couldn't download licenses file.
Libronix.Utility.Net.WebServiceException: Error building request. Request: GET https://licensesapi.logos.com/v5/licensesfile
 ---> System.Net.Http.HttpRequestException: An error occurred while sending the request.
 ---> System.IO.IOException: Unable to read data from the transport connection: Operation timed out.
 ---> System.Net.Sockets.SocketException (60): Operation timed out
   at System.Net.Sockets.Socket.AwaitableSocketAsyncEventArgs.CreateException(SocketError error, Boolean forAsyncThrow)
   at System.Net.Sockets.NetworkStream.ReadAsync(Memory`1 buffer, CancellationToken cancellationToken)
   at System.Net.Security.SslStream.EnsureFullTlsFrameAsync[TIOAdapter](CancellationToken cancellationToken, Int32 estimatedSize)
   at System.Threading.ExecutionContext.RunInternal(ExecutionContext executionContext, ContextCallback callback, Object state)
   at System.Net.Sockets.SocketAsyncEngine.System.Threading.IThreadPoolWorkItem.Execute()
   at System.Threading.ThreadPoolWorkQueue.Dispatch()
   at System.Threading.PortableThreadPool.WorkerThread.WorkerThreadStart()
   at System.Threading.Thread.StartCallback()
--- End of stack trace from previous location ---

   --- End of inner exception stack trace ---
   at System.Net.Security.SslStream.EnsureFullTlsFrameAsync[TIOAdapter](CancellationToken cancellationToken, Int32 estimatedSize)
   at System.Runtime.CompilerServices.PoolingAsyncValueTaskMethodBuilder`1.StateMachineBox`1.System.Threading.Tasks.Sources.IValueTaskSource<TResult>.GetResult(Int16 token)
   at System.Net.Security.SslStream.ReadAsyncInternal[TIOAdapter](Memory`1 buffer, CancellationToken cancellationToken)
   at System.Runtime.CompilerServices.PoolingAsyncValueTaskMethodBuilder`1.StateMachineBox`1.System.Threading.Tasks.Sources.IValueTaskSource<TResult>.GetResult(Int16 token)
   at System.Net.Http.HttpConnection.<CheckUsabilityOnScavenge>g__ReadAheadWithZeroByteReadAsync|39_0()
   at System.Net.Http.HttpConnection.SendAsync(HttpRequestMessage request, Boolean async, CancellationToken cancellationToken)
   --- End of inner exception stack trace ---
   at System.Net.Http.HttpConnection.SendAsync(HttpRequestMessage request, Boolean async, CancellationToken cancellationToken)
   at System.Net.Http.HttpConnectionPool.SendWithVersionDetectionAndRetryAsync(HttpRequestMessage request, Boolean async, Boolean doRequestAuth, CancellationToken cancellationToken)
   at System.Net.Http.RedirectHandler.SendAsync(HttpRequestMessage request, Boolean async, CancellationToken cancellationToken)
   at System.Net.Http.DecompressionHandler.SendAsync(HttpRequestMessage request, Boolean async, CancellationToken cancellationToken)
   at Microsoft.Extensions.Http.Logging.LoggingHttpMessageHandler.<SendCoreAsync>g__Core|4_0(HttpRequestMessage request, Boolean useAsync, CancellationToken cancellationToken)
   at Libronix.Utility.Net.TimeoutHandler.SendAsync(HttpRequestMessage request, CancellationToken cancellationToken)
   at Microsoft.Extensions.Http.Logging.LoggingScopeHttpMessageHandler.<SendCoreAsync>g__Core|4_0(HttpRequestMessage request, Boolean useAsync, CancellationToken cancellationToken)
   at System.Net.Http.HttpClient.<SendAsync>g__Core|83_0(HttpRequestMessage request, HttpCompletionOption completionOption, CancellationTokenSource cts, Boolean disposeCts, CancellationTokenSource pendingRequestsCts, CancellationToken originalCancellationToken)
   at Libronix.Utility.Net.WebServiceRequestBase`1.GetResponseAsync(CancellationToken cancellationToken)
   --- End of inner exception stack trace ---
   at Libronix.Utility.Net.WebServiceRequestBase`1.GetResponseAsync(CancellationToken cancellationToken)
   at Libronix.Utility.Net.WebServiceRequestBase`1.GetResponseAsync(IWorkState workState)
   at LDLS4.WebServiceClient.GetLicensesAsync(LicensesApiClient licensesApiClient, LicenseManager licenseManager, Boolean forceDownload, CancellationToken cancellationToken) in /Volumes/Code/ghe_actions-2.301.1/ghec-LogosBible-2/_work/LogosDesktop/LogosDesktop/src/LDLS4/WebServiceClient.cs:line 199

Program Version: 52.1 (52.1.0.0002)
Time: 2026-07-28 14:48:02 -04:00 (2026-07-28T18:48:02Z)
Error detail:
NativeSignalException: Got a SIGSEGV while executing native code.
Stack trace:
0 our_sigsegv_signal_handler [0x1009c41d8 - MonoHost]
1 _ZL22invoke_previous_actionP9sigactioniP9__siginfoPvb [0x1017ce2b4 - libcoreclr.dylib]
2 _sigtramp [0x183c13744 - libsystem_platform.dylib]
3 _objc_msgSend_uncached [0x1837adb84 - libobjc.A.dylib]
4 _objc_msgSend_uncached [0x1837adb84 - libobjc.A.dylib]
5 __CFCopyFormattingDescription [0x183c770ac - CoreFoundation]
6 __CFSTRING_IS_CALLING_OUT_TO_AN_OBJECT_FORMAT_ARGUMENT_WITH_LOCALE__ [0x183db0b80 - CoreFoundation]
7 __CFStringAppendFormatCore [0x183c75cc8 - CoreFoundation]
8 CFStringAppendFormatAndArguments [0x183ce1f6c - CoreFoundation]
9 CFStringAppendFormat [0x183ce1eb4 - CoreFoundation]
10 addSessionReference [0x18512e750 - SystemConfiguration]
11 __CFSetApplyFunction_block_invoke [0x183c8dab4 - CoreFoundation]
12 CFBasicHashApply [0x183c8d8e4 - CoreFoundation]
13 CFSetApplyFunction [0x183c8d824 - CoreFoundation]
14 __add_state_handler_block_invoke [0x18512f9c0 - SystemConfiguration]
15 ___os_state_request_for_self_impl_block_invoke [0x18393860c - libsystem_trace.dylib]
16 _dispatch_client_callout [0x183a684b0 - libdispatch.dylib]
17 _dispatch_lane_barrier_sync_invoke_and_complete [0x183a5e360 - libdispatch.dylib]
18 ___os_state_request_for_self_block_invoke [0x1839381d0 - libsystem_trace.dylib]
19 _dispatch_call_block_and_release [0x183a4ea28 - libdispatch.dylib]
20 _dispatch_client_callout [0x183a684b0 - libdispatch.dylib]
21 _dispatch_lane_serial_drain [0x183a57030 - libdispatch.dylib]
22 _dispatch_lane_invoke [0x183a57b64 - libdispatch.dylib]
23 _dispatch_root_queue_drain_deferred_wlh [0x183a61e34 - libdispatch.dylib]
24 _dispatch_workloop_worker_thread [0x183a61734 - libdispatch.dylib]
25 _pthread_wqthread [0x183c05ec0 - libsystem_pthread.dylib]
26 start_wqthread [0x183c04c10 - libsystem_pthread.dylib]


Program Version: 52.1 (52.1.0.0002)
Time: 2026-07-28 14:48:09 -04:00 (2026-07-28T18:48:09Z)
SQLite Error 283: recovered 33 frames from WAL file /Users/mjwebster/Library/Application Support/Logos4/Documents/wq8ubj9r.32o/LocalUserPreferences/PreferencesManager.db-wal

Program Version: 52.1 (52.1.0.0002)
Time: 2026-07-28 14:48:09 -04:00 (2026-07-28T18:48:09Z)
SQLite Error 283: recovered 891 frames from WAL file /Users/mjwebster/Library/Application Support/Logos4/Documents/wq8ubj9r.32o/UserPreferences2/PreferencesManager.db-wal

Program Version: 52.1 (52.1.0.0002)
Time: 2026-07-28 14:48:09 -04:00 (2026-07-28T18:48:09Z)
SQLite Error 283: recovered 12 frames from WAL file /Users/mjwebster/Library/Application Support/Logos4/Data/wq8ubj9r.32o/Errors/Application/ErrorReportManager.db-wal

Program Version: 52.1 (52.1.0.0002)
Time: 2026-07-28 14:48:09 -04:00 (2026-07-28T18:48:09Z)
SQLite Error 283: recovered 12 frames from WAL file /Users/mjwebster/Library/Application Support/Logos4/Documents/wq8ubj9r.32o/DeviceResourceManager/MobileResourcesSyncManager.db-wal

Program Version: 52.1 (52.1.0.0002)
Time: 2026-07-28 14:48:09 -04:00 (2026-07-28T18:48:09Z)
SQLite Error 283: recovered 4 frames from WAL file /Users/mjwebster/Library/Application Support/Logos4/Data/wq8ubj9r.32o/ResourceManager/ResourceManager.db-wal

Program Version: 52.1 (52.1.0.0002)
Time: 2026-07-28 14:48:09 -04:00 (2026-07-28T18:48:09Z)
SQLite Error 283: recovered 525 frames from WAL file /Users/mjwebster/Library/Application Support/Logos4/Data/wq8ubj9r.32o/ReadingProgressManager/readingprogressmanager.db-wal

Program Version: 52.1 (52.1.0.0002)
Time: 2026-07-28 14:48:09 -04:00 (2026-07-28T18:48:09Z)
SQLite Error 283: recovered 820 frames from WAL file /Users/mjwebster/Library/Application Support/Logos4/Data/wq8ubj9r.32o/LibraryCatalog/catalog.db-wal

Program Version: 52.1 (52.1.0.0002)
Time: 2026-07-28 14:48:09 -04:00 (2026-07-28T18:48:09Z)
SQLite Error 283: recovered 650 frames from WAL file /Users/mjwebster/Library/Application Support/Logos4/Data/wq8ubj9r.32o/UserEventManager/UserEventManager.db-wal

Program Version: 52.1 (52.1.0.0002)
Time: 2026-07-28 14:48:10 -04:00 (2026-07-28T18:48:10Z)
SQLite Error 283: recovered 14 frames from WAL file /Users/mjwebster/Library/Application Support/Logos4/Documents/wq8ubj9r.32o/Documents/DocumentInfo.db-wal

Program Version: 52.1 (52.1.0.0002)
Time: 2026-07-28 14:48:10 -04:00 (2026-07-28T18:48:10Z)
SQLite Error 283: recovered 2 frames from WAL file /Users/mjwebster/Library/Application Support/Logos4/Data/wq8ubj9r.32o/ReverseInterlinearManager/reverseinterlinearmanager.db-wal

Program Version: 52.1 (52.1.0.0002)
Time: 2026-07-28 14:48:10 -04:00 (2026-07-28T18:48:10Z)
SQLite Error 283: recovered 40 frames from WAL file /Users/mjwebster/Library/Application Support/Logos4/Data/wq8ubj9r.32o/KeyLinkManager/keylinkmanager.db-wal

Program Version: 52.1 (52.1.0.0002)
Time: 2026-07-28 14:48:10 -04:00 (2026-07-28T18:48:10Z)
SQLite Error 283: recovered 516 frames from WAL file /Users/mjwebster/Library/Application Support/Logos4/Documents/wq8ubj9r.32o/NotesToolManager/notestool.db-wal

Program Version: 52.1 (52.1.0.0002)
Time: 2026-07-28 14:48:10 -04:00 (2026-07-28T18:48:10Z)
SQLite Error 283: recovered 63 frames from WAL file /Users/mjwebster/Library/Application Support/Logos4/Documents/wq8ubj9r.32o/LayoutManager/layouts.db-wal

Program Version: 52.1 (52.1.0.0002)
Time: 2026-07-28 14:48:10 -04:00 (2026-07-28T18:48:10Z)
SQLite Error 283: recovered 609 frames from WAL file /Users/mjwebster/Library/Application Support/Logos4/Data/wq8ubj9r.32o/HistoryManager/history.db-wal

Program Version: 52.1 (52.1.0.0002)
Time: 2026-07-28 14:48:10 -04:00 (2026-07-28T18:48:10Z)
SQLite Error 283: recovered 18 frames from WAL file /Users/mjwebster/Library/Application Support/Logos4/Documents/wq8ubj9r.32o/Documents/ReadingPlan/ReadingPlan.db-wal

Program Version: 52.1 (52.1.0.0002)
Time: 2026-07-28 14:48:10 -04:00 (2026-07-28T18:48:10Z)
SQLite Error 283: recovered 314 frames from WAL file /Users/mjwebster/Library/Application Support/Logos4/Data/wq8ubj9r.32o/AmplitudeReporter/AmplitudeEvents.db-wal

Program Version: 52.1 (52.1.0.0002)
Time: 2026-07-28 14:48:10 -04:00 (2026-07-28T18:48:10Z)
SQLite Error 283: recovered 4 frames from WAL file /Users/mjwebster/Library/Application Support/Logos4/Data/wq8ubj9r.32o/ResourceFileDownloadInfo/ResourceFileDownloadInfo.db-wal

Program Version: 52.1 (52.1.0.0002)
Time: 2026-07-28 14:48:10 -04:00 (2026-07-28T18:48:10Z)
SQLite Error 283: recovered 4 frames from WAL file /Users/mjwebster/Library/Application Support/Logos4/Data/wq8ubj9r.32o/CloudResourceManager/CloudResources.db-wal

Program Version: 52.1 (52.1.0.0002)
Time: 2026-07-28 14:48:10 -04:00 (2026-07-28T18:48:10Z)
SQLite Error 283: recovered 5 frames from WAL file /Users/mjwebster/Library/Application Support/Logos4/Data/wq8ubj9r.32o/UpdateManager/Updates.db-wal

Program Version: 52.1 (52.1.0.0002)
Time: 2026-07-28 14:48:10 -04:00 (2026-07-28T18:48:10Z)
SQLite Error 283: recovered 24 frames from WAL file /Users/mjwebster/Library/Application Support/Logos4/Data/wq8ubj9r.32o/Updates/Metadata.db-wal

Program Version: 52.1 (52.1.0.0002)
Time: 2026-07-28 14:48:15 -04:00 (2026-07-28T18:48:15Z)
SQLite Error 284: automatic index on Records(IsDataset)

Program Version: 52.1 (52.1.0.0002)
Time: 2026-07-28 14:49:34 -04:00 (2026-07-28T18:49:34Z)
SQLite Error 284: automatic index on Records(IsDataset)

Program Version: 52.1 (52.1.0.0002)
Time: 2026-07-29 05:39:01 -04:00 (2026-07-29T09:39:01Z)
SQLite Error 283: recovered 491 frames from WAL file /Users/mjwebster/Library/Application Support/Logos4/Data/wq8ubj9r.32o/AmplitudeReporter/AmplitudeEvents.db-wal

Program Version: 52.1 (52.1.0.0002)
Time: 2026-07-29 05:39:06 -04:00 (2026-07-29T09:39:06Z)
SQLite Error 284: automatic index on Records(IsDataset)

Program Version: 52.1 (52.1.0.0002)
Time: 2026-07-29 05:39:29 -04:00 (2026-07-29T09:39:29Z)
SQLite Error 284: automatic index on Records(IsDataset)

Program Version: 52.1 (52.1.0.0002)
Time: 2026-07-29 05:40:46 -04:00 (2026-07-29T09:40:46Z)
SQLite Error 284: automatic index on Records(IsDataset)

Program Version: 52.1 (52.1.0.0002)
Time: 2026-07-29 06:07:15 -04:00 (2026-07-29T10:07:15Z)
Error handling response (POST https://prefsapi.logos.com/v2/prefs/sync/up).
System.Net.Http.HttpRequestException: An error occurred while sending the request.
 ---> System.IO.IOException: Unable to read data from the transport connection: Operation timed out.
 ---> System.Net.Sockets.SocketException (60): Operation timed out
   at System.Net.Sockets.Socket.AwaitableSocketAsyncEventArgs.CreateException(SocketError error, Boolean forAsyncThrow)
   at System.Net.Sockets.NetworkStream.ReadAsync(Memory`1 buffer, CancellationToken cancellationToken)
   at System.Net.Security.SslStream.EnsureFullTlsFrameAsync[TIOAdapter](CancellationToken cancellationToken, Int32 estimatedSize)
   at System.Threading.ExecutionContext.RunInternal(ExecutionContext executionContext, ContextCallback callback, Object state)
   at System.Net.Sockets.SocketAsyncEngine.System.Threading.IThreadPoolWorkItem.Execute()
   at System.Threading.ThreadPoolWorkQueue.Dispatch()
   at System.Threading.PortableThreadPool.WorkerThread.WorkerThreadStart()
   at System.Threading.Thread.StartCallback()
--- End of stack trace from previous location ---

   --- End of inner exception stack trace ---
   at System.Net.Security.SslStream.EnsureFullTlsFrameAsync[TIOAdapter](CancellationToken cancellationToken, Int32 estimatedSize)
   at System.Runtime.CompilerServices.PoolingAsyncValueTaskMethodBuilder`1.StateMachineBox`1.System.Threading.Tasks.Sources.IValueTaskSource<TResult>.GetResult(Int16 token)
   at System.Net.Security.SslStream.ReadAsyncInternal[TIOAdapter](Memory`1 buffer, CancellationToken cancellationToken)
   at System.Runtime.CompilerServices.PoolingAsyncValueTaskMethodBuilder`1.StateMachineBox`1.System.Threading.Tasks.Sources.IValueTaskSource<TResult>.GetResult(Int16 token)
   at System.Net.Http.HttpConnection.<CheckUsabilityOnScavenge>g__ReadAheadWithZeroByteReadAsync|39_0()
   at System.Net.Http.HttpConnection.SendAsync(HttpRequestMessage request, Boolean async, CancellationToken cancellationToken)
   --- End of inner exception stack trace ---
   at System.Net.Http.HttpConnection.SendAsync(HttpRequestMessage request, Boolean async, CancellationToken cancellationToken)
   at System.Net.Http.HttpConnectionPool.SendWithVersionDetectionAndRetryAsync(HttpRequestMessage request, Boolean async, Boolean doRequestAuth, CancellationToken cancellationToken)
   at System.Net.Http.Metrics.MetricsHandler.SendAsync(HttpRequestMessage request, Boolean async, CancellationToken cancellationToken)
   at System.Net.Http.HttpMessageHandlerStage.Send(HttpRequestMessage request, CancellationToken cancellationToken)
   at System.Net.Http.RedirectHandler.SendAsync(HttpRequestMessage request, Boolean async, CancellationToken cancellationToken)
   at System.Net.Http.DecompressionHandler.SendAsync(HttpRequestMessage request, Boolean async, CancellationToken cancellationToken)
   at System.Net.Http.SocketsHttpHandler.Send(HttpRequestMessage request, CancellationToken cancellationToken)
   at Microsoft.Extensions.Http.Logging.LoggingHttpMessageHandler.<SendCoreAsync>g__Core|4_0(HttpRequestMessage request, Boolean useAsync, CancellationToken cancellationToken)
   at Microsoft.Extensions.Http.Logging.LoggingHttpMessageHandler.Send(HttpRequestMessage request, CancellationToken cancellationToken)
   at Microsoft.Extensions.Http.Logging.LoggingScopeHttpMessageHandler.<SendCoreAsync>g__Core|4_0(HttpRequestMessage request, Boolean useAsync, CancellationToken cancellationToken)
   at Microsoft.Extensions.Http.Logging.LoggingScopeHttpMessageHandler.Send(HttpRequestMessage request, CancellationToken cancellationToken)
   at System.Net.Http.HttpClient.Send(HttpRequestMessage request, HttpCompletionOption completionOption, CancellationToken cancellationToken)
   at Libronix.Utility.Net.WebServiceRequestBase`1.GetResponse(IWorkState workState)

Program Version: 52.1 (52.1.0.0002)
Time: 2026-07-29 06:07:30 -04:00 (2026-07-29T10:07:30Z)
Couldn't download licenses file.
Libronix.Utility.Net.WebServiceException: Error building request. Request: GET https://licensesapi.logos.com/v5/licensesfile
 ---> System.Net.Http.HttpRequestException: An error occurred while sending the request.
 ---> System.IO.IOException: Unable to read data from the transport connection: Operation timed out.
 ---> System.Net.Sockets.SocketException (60): Operation timed out
   at System.Net.Sockets.Socket.AwaitableSocketAsyncEventArgs.CreateException(SocketError error, Boolean forAsyncThrow)
   at System.Net.Sockets.NetworkStream.ReadAsync(Memory`1 buffer, CancellationToken cancellationToken)
   at System.Net.Security.SslStream.EnsureFullTlsFrameAsync[TIOAdapter](CancellationToken cancellationToken, Int32 estimatedSize)
   at System.Threading.ExecutionContext.RunInternal(ExecutionContext executionContext, ContextCallback callback, Object state)
   at System.Net.Sockets.SocketAsyncEngine.System.Threading.IThreadPoolWorkItem.Execute()
   at System.Threading.ThreadPoolWorkQueue.Dispatch()
   at System.Threading.PortableThreadPool.WorkerThread.WorkerThreadStart()
   at System.Threading.Thread.StartCallback()
--- End of stack trace from previous location ---

   --- End of inner exception stack trace ---
   at System.Net.Security.SslStream.EnsureFullTlsFrameAsync[TIOAdapter](CancellationToken cancellationToken, Int32 estimatedSize)
   at System.Runtime.CompilerServices.PoolingAsyncValueTaskMethodBuilder`1.StateMachineBox`1.System.Threading.Tasks.Sources.IValueTaskSource<TResult>.GetResult(Int16 token)
   at System.Net.Security.SslStream.ReadAsyncInternal[TIOAdapter](Memory`1 buffer, CancellationToken cancellationToken)
   at System.Runtime.CompilerServices.PoolingAsyncValueTaskMethodBuilder`1.StateMachineBox`1.System.Threading.Tasks.Sources.IValueTaskSource<TResult>.GetResult(Int16 token)
   at System.Net.Http.HttpConnection.<CheckUsabilityOnScavenge>g__ReadAheadWithZeroByteReadAsync|39_0()
   at System.Net.Http.HttpConnection.SendAsync(HttpRequestMessage request, Boolean async, CancellationToken cancellationToken)
   --- End of inner exception stack trace ---
   at System.Net.Http.HttpConnection.SendAsync(HttpRequestMessage request, Boolean async, CancellationToken cancellationToken)
   at System.Net.Http.HttpConnectionPool.SendWithVersionDetectionAndRetryAsync(HttpRequestMessage request, Boolean async, Boolean doRequestAuth, CancellationToken cancellationToken)
   at System.Net.Http.RedirectHandler.SendAsync(HttpRequestMessage request, Boolean async, CancellationToken cancellationToken)
   at System.Net.Http.DecompressionHandler.SendAsync(HttpRequestMessage request, Boolean async, CancellationToken cancellationToken)
   at Microsoft.Extensions.Http.Logging.LoggingHttpMessageHandler.<SendCoreAsync>g__Core|4_0(HttpRequestMessage request, Boolean useAsync, CancellationToken cancellationToken)
   at Libronix.Utility.Net.TimeoutHandler.SendAsync(HttpRequestMessage request, CancellationToken cancellationToken)
   at Microsoft.Extensions.Http.Logging.LoggingScopeHttpMessageHandler.<SendCoreAsync>g__Core|4_0(HttpRequestMessage request, Boolean useAsync, CancellationToken cancellationToken)
   at System.Net.Http.HttpClient.<SendAsync>g__Core|83_0(HttpRequestMessage request, HttpCompletionOption completionOption, CancellationTokenSource cts, Boolean disposeCts, CancellationTokenSource pendingRequestsCts, CancellationToken originalCancellationToken)
   at Libronix.Utility.Net.WebServiceRequestBase`1.GetResponseAsync(CancellationToken cancellationToken)
   --- End of inner exception stack trace ---
   at Libronix.Utility.Net.WebServiceRequestBase`1.GetResponseAsync(CancellationToken cancellationToken)
   at Libronix.Utility.Net.WebServiceRequestBase`1.GetResponseAsync(IWorkState workState)
   at LDLS4.WebServiceClient.GetLicensesAsync(LicensesApiClient licensesApiClient, LicenseManager licenseManager, Boolean forceDownload, CancellationToken cancellationToken) in /Volumes/Code/ghe_actions-2.301.1/ghec-LogosBible-2/_work/LogosDesktop/LogosDesktop/src/LDLS4/WebServiceClient.cs:line 199

Program Version: 52.1 (52.1.0.0002)
Time: 2026-07-29 06:08:26 -04:00 (2026-07-29T10:08:26Z)
Error handling response (GET https://usereventsapi.logos.com/v1/events).
System.TimeoutException: The operation has timed out.
   at Libronix.Utility.Net.TimeoutHandler.SendAsync(HttpRequestMessage request, CancellationToken cancellationToken)
   at Microsoft.Extensions.Http.Logging.LoggingScopeHttpMessageHandler.<SendCoreAsync>g__Core|4_0(HttpRequestMessage request, Boolean useAsync, CancellationToken cancellationToken)
   at System.Net.Http.HttpClient.<SendAsync>g__Core|83_0(HttpRequestMessage request, HttpCompletionOption completionOption, CancellationTokenSource cts, Boolean disposeCts, CancellationTokenSource pendingRequestsCts, CancellationToken originalCancellationToken)
   at Libronix.Utility.Net.WebServiceRequestBase`1.GetResponseAsync(CancellationToken cancellationToken)

Program Version: 52.1 (52.1.0.0002)
Time: 2026-07-29 06:08:26 -04:00 (2026-07-29T10:08:26Z)
Error downloading user events.
Libronix.Utility.Net.WebServiceException: Error handling response. Request: GET https://usereventsapi.logos.com/v1/events
 ---> System.TimeoutException: The operation has timed out.
   at Libronix.Utility.Net.TimeoutHandler.SendAsync(HttpRequestMessage request, CancellationToken cancellationToken)
   at Microsoft.Extensions.Http.Logging.LoggingScopeHttpMessageHandler.<SendCoreAsync>g__Core|4_0(HttpRequestMessage request, Boolean useAsync, CancellationToken cancellationToken)
   at System.Net.Http.HttpClient.<SendAsync>g__Core|83_0(HttpRequestMessage request, HttpCompletionOption completionOption, CancellationTokenSource cts, Boolean disposeCts, CancellationTokenSource pendingRequestsCts, CancellationToken originalCancellationToken)
   at Libronix.Utility.Net.WebServiceRequestBase`1.GetResponseAsync(CancellationToken cancellationToken)
   --- End of inner exception stack trace ---
   at Libronix.Utility.Net.WebServiceRequestBase`1.GetResponseAsync(CancellationToken cancellationToken)
   at Logos.UserEvents.Manager.UserEventManager.DoUpdate()

Program Version: 52.1 (52.1.0.0002)
Time: 2026-07-29 06:19:32 -04:00 (2026-07-29T10:19:32Z)
Error building request (GET https://usereventsapi.logos.com/v1/events).
System.Net.Http.HttpRequestException: An error occurred while sending the request.
 ---> System.IO.IOException: The encryption operation failed, see inner exception.
 ---> System.ComponentModel.Win32Exception (14): Bad address
   --- End of inner exception stack trace ---
   at System.Net.Security.SslStream.WriteAsyncInternal[TIOAdapter](ReadOnlyMemory`1 buffer, CancellationToken cancellationToken)
   at System.Net.Http.HttpConnection.FlushAsync(Boolean async)
   at System.Net.Http.HttpConnection.SendAsync(HttpRequestMessage request, Boolean async, CancellationToken cancellationToken)
   at System.Net.Http.HttpConnection.SendAsync(HttpRequestMessage request, Boolean async, CancellationToken cancellationToken)
   at System.Net.Http.HttpConnectionPool.SendWithVersionDetectionAndRetryAsync(HttpRequestMessage request, Boolean async, Boolean doRequestAuth, CancellationToken cancellationToken)
   at System.Net.Http.HttpConnectionPoolManager.SendAsync(HttpRequestMessage request, Boolean async, Boolean doRequestAuth, CancellationToken cancellationToken)
   at System.Net.Http.HttpMessageHandlerStage.SendAsync(HttpRequestMessage request, CancellationToken cancellationToken)
   at System.Net.Http.RedirectHandler.SendAsync(HttpRequestMessage request, Boolean async, CancellationToken cancellationToken)
   at System.Net.Http.DecompressionHandler.SendAsync(HttpRequestMessage request, Boolean async, CancellationToken cancellationToken)
   at System.Runtime.CompilerServices.AsyncMethodBuilderCore.Start[TStateMachine](TStateMachine& stateMachine)
   at System.Net.Http.SocketsHttpHandler.SendAsync(HttpRequestMessage request, CancellationToken cancellationToken)
   at Microsoft.Extensions.Http.Logging.LoggingHttpMessageHandler.<SendCoreAsync>g__Core|4_0(HttpRequestMessage request, Boolean useAsync, CancellationToken cancellationToken)
   at Microsoft.Extensions.Http.Logging.LoggingHttpMessageHandler.SendAsync(HttpRequestMessage request, CancellationToken cancellationToken)
   at Libronix.Utility.Net.TimeoutHandler.SendAsync(HttpRequestMessage request, CancellationToken cancellationToken)
   at Libronix.Utility.Net.TimeoutHandler.SendAsync(HttpRequestMessage request, CancellationToken cancellationToken)
   at Microsoft.Extensions.Http.Logging.LoggingScopeHttpMessageHandler.<SendCoreAsync>g__Core|4_0(HttpRequestMessage request, Boolean useAsync, CancellationToken cancellationToken)
   at Microsoft.Extensions.Http.Logging.LoggingScopeHttpMessageHandler.SendAsync(HttpRequestMessage request, CancellationToken cancellationToken)
   at System.Net.Http.HttpClient.<SendAsync>g__Core|83_0(HttpRequestMessage request, HttpCompletionOption completionOption, CancellationTokenSource cts, Boolean disposeCts, CancellationTokenSource pendingRequestsCts, CancellationToken originalCancellationToken)
   at System.Runtime.CompilerServices.AsyncMethodBuilderCore.Start[TStateMachine](TStateMachine& stateMachine)
   at Libronix.Utility.Net.WebServiceRequestBase`1.GetResponseAsync(CancellationToken cancellationToken)
   at Libronix.Utility.Net.WebServiceRequestBase`1.GetResponseAsync(CancellationToken cancellationToken)
   at Logos.UserEvents.Client.UserEventServiceClient.GetEventsAsync(String eTag, CancellationToken token)
   at Logos.UserEvents.Manager.UserEventManager.DoUpdate()
   at Logos.UserEvents.Manager.UserEventManager.ThreadProc()
   at System.Threading.Thread.StartCallback()
--- End of stack trace from previous location ---
   at System.Net.Security.SslStream.WriteAsyncInternal[TIOAdapter](ReadOnlyMemory`1 buffer, CancellationToken cancellationToken)
   at System.Net.Http.HttpConnection.SendAsync(HttpRequestMessage request, Boolean async, CancellationToken cancellationToken)
   --- End of inner exception stack trace ---
   at System.Net.Http.HttpConnection.SendAsync(HttpRequestMessage request, Boolean async, CancellationToken cancellationToken)
   at System.Net.Http.HttpConnectionPool.SendWithVersionDetectionAndRetryAsync(HttpRequestMessage request, Boolean async, Boolean doRequestAuth, CancellationToken cancellationToken)
   at System.Net.Http.RedirectHandler.SendAsync(HttpRequestMessage request, Boolean async, CancellationToken cancellationToken)
   at System.Net.Http.DecompressionHandler.SendAsync(HttpRequestMessage request, Boolean async, CancellationToken cancellationToken)
   at Microsoft.Extensions.Http.Logging.LoggingHttpMessageHandler.<SendCoreAsync>g__Core|4_0(HttpRequestMessage request, Boolean useAsync, CancellationToken cancellationToken)
   at Libronix.Utility.Net.TimeoutHandler.SendAsync(HttpRequestMessage request, CancellationToken cancellationToken)
   at Microsoft.Extensions.Http.Logging.LoggingScopeHttpMessageHandler.<SendCoreAsync>g__Core|4_0(HttpRequestMessage request, Boolean useAsync, CancellationToken cancellationToken)
   at System.Net.Http.HttpClient.<SendAsync>g__Core|83_0(HttpRequestMessage request, HttpCompletionOption completionOption, CancellationTokenSource cts, Boolean disposeCts, CancellationTokenSource pendingRequestsCts, CancellationToken originalCancellationToken)
   at Libronix.Utility.Net.WebServiceRequestBase`1.GetResponseAsync(CancellationToken cancellationToken)

Program Version: 52.1 (52.1.0.0002)
Time: 2026-07-29 06:19:32 -04:00 (2026-07-29T10:19:32Z)
Error downloading user events.
Libronix.Utility.Net.WebServiceException: Error building request. Request: GET https://usereventsapi.logos.com/v1/events
 ---> System.Net.Http.HttpRequestException: An error occurred while sending the request.
 ---> System.IO.IOException: The encryption operation failed, see inner exception.
 ---> System.ComponentModel.Win32Exception (14): Bad address
   --- End of inner exception stack trace ---
   at System.Net.Security.SslStream.WriteAsyncInternal[TIOAdapter](ReadOnlyMemory`1 buffer, CancellationToken cancellationToken)
   at System.Net.Http.HttpConnection.FlushAsync(Boolean async)
   at System.Net.Http.HttpConnection.SendAsync(HttpRequestMessage request, Boolean async, CancellationToken cancellationToken)
   at System.Net.Http.HttpConnection.SendAsync(HttpRequestMessage request, Boolean async, CancellationToken cancellationToken)
   at System.Net.Http.HttpConnectionPool.SendWithVersionDetectionAndRetryAsync(HttpRequestMessage request, Boolean async, Boolean doRequestAuth, CancellationToken cancellationToken)
   at System.Net.Http.HttpConnectionPoolManager.SendAsync(HttpRequestMessage request, Boolean async, Boolean doRequestAuth, CancellationToken cancellationToken)
   at System.Net.Http.HttpMessageHandlerStage.SendAsync(HttpRequestMessage request, CancellationToken cancellationToken)
   at System.Net.Http.RedirectHandler.SendAsync(HttpRequestMessage request, Boolean async, CancellationToken cancellationToken)
   at System.Net.Http.DecompressionHandler.SendAsync(HttpRequestMessage request, Boolean async, CancellationToken cancellationToken)
   at System.Runtime.CompilerServices.AsyncMethodBuilderCore.Start[TStateMachine](TStateMachine& stateMachine)
   at System.Net.Http.SocketsHttpHandler.SendAsync(HttpRequestMessage request, CancellationToken cancellationToken)
   at Microsoft.Extensions.Http.Logging.LoggingHttpMessageHandler.<SendCoreAsync>g__Core|4_0(HttpRequestMessage request, Boolean useAsync, CancellationToken cancellationToken)
   at Microsoft.Extensions.Http.Logging.LoggingHttpMessageHandler.SendAsync(HttpRequestMessage request, CancellationToken cancellationToken)
   at Libronix.Utility.Net.TimeoutHandler.SendAsync(HttpRequestMessage request, CancellationToken cancellationToken)
   at Libronix.Utility.Net.TimeoutHandler.SendAsync(HttpRequestMessage request, CancellationToken cancellationToken)
   at Microsoft.Extensions.Http.Logging.LoggingScopeHttpMessageHandler.<SendCoreAsync>g__Core|4_0(HttpRequestMessage request, Boolean useAsync, CancellationToken cancellationToken)
   at Microsoft.Extensions.Http.Logging.LoggingScopeHttpMessageHandler.SendAsync(HttpRequestMessage request, CancellationToken cancellationToken)
   at System.Net.Http.HttpClient.<SendAsync>g__Core|83_0(HttpRequestMessage request, HttpCompletionOption completionOption, CancellationTokenSource cts, Boolean disposeCts, CancellationTokenSource pendingRequestsCts, CancellationToken originalCancellationToken)
   at System.Runtime.CompilerServices.AsyncMethodBuilderCore.Start[TStateMachine](TStateMachine& stateMachine)
   at Libronix.Utility.Net.WebServiceRequestBase`1.GetResponseAsync(CancellationToken cancellationToken)
   at Libronix.Utility.Net.WebServiceRequestBase`1.GetResponseAsync(CancellationToken cancellationToken)
   at Logos.UserEvents.Client.UserEventServiceClient.GetEventsAsync(String eTag, CancellationToken token)
   at Logos.UserEvents.Manager.UserEventManager.DoUpdate()
   at Logos.UserEvents.Manager.UserEventManager.ThreadProc()
   at System.Threading.Thread.StartCallback()
--- End of stack trace from previous location ---
   at System.Net.Security.SslStream.WriteAsyncInternal[TIOAdapter](ReadOnlyMemory`1 buffer, CancellationToken cancellationToken)
   at System.Net.Http.HttpConnection.SendAsync(HttpRequestMessage request, Boolean async, CancellationToken cancellationToken)
   --- End of inner exception stack trace ---
   at System.Net.Http.HttpConnection.SendAsync(HttpRequestMessage request, Boolean async, CancellationToken cancellationToken)
   at System.Net.Http.HttpConnectionPool.SendWithVersionDetectionAndRetryAsync(HttpRequestMessage request, Boolean async, Boolean doRequestAuth, CancellationToken cancellationToken)
   at System.Net.Http.RedirectHandler.SendAsync(HttpRequestMessage request, Boolean async, CancellationToken cancellationToken)
   at System.Net.Http.DecompressionHandler.SendAsync(HttpRequestMessage request, Boolean async, CancellationToken cancellationToken)
   at Microsoft.Extensions.Http.Logging.LoggingHttpMessageHandler.<SendCoreAsync>g__Core|4_0(HttpRequestMessage request, Boolean useAsync, CancellationToken cancellationToken)
   at Libronix.Utility.Net.TimeoutHandler.SendAsync(HttpRequestMessage request, CancellationToken cancellationToken)
   at Microsoft.Extensions.Http.Logging.LoggingScopeHttpMessageHandler.<SendCoreAsync>g__Core|4_0(HttpRequestMessage request, Boolean useAsync, CancellationToken cancellationToken)
   at System.Net.Http.HttpClient.<SendAsync>g__Core|83_0(HttpRequestMessage request, HttpCompletionOption completionOption, CancellationTokenSource cts, Boolean disposeCts, CancellationTokenSource pendingRequestsCts, CancellationToken originalCancellationToken)
   at Libronix.Utility.Net.WebServiceRequestBase`1.GetResponseAsync(CancellationToken cancellationToken)
   --- End of inner exception stack trace ---
   at Libronix.Utility.Net.WebServiceRequestBase`1.GetResponseAsync(CancellationToken cancellationToken)
   at Logos.UserEvents.Manager.UserEventManager.DoUpdate()

Program Version: 52.1 (52.1.0.0002)
Time: 2026-07-29 07:28:06 -04:00 (2026-07-29T11:28:06Z)
Error building request (GET https://usereventsapi.logos.com/v1/events).
System.Net.Http.HttpRequestException: An error occurred while sending the request.
 ---> System.IO.IOException: Unable to read data from the transport connection: Operation timed out.
 ---> System.Net.Sockets.SocketException (60): Operation timed out
   at System.Net.Sockets.Socket.AwaitableSocketAsyncEventArgs.CreateException(SocketError error, Boolean forAsyncThrow)
   at System.Net.Sockets.NetworkStream.ReadAsync(Memory`1 buffer, CancellationToken cancellationToken)
   at System.Net.Security.SslStream.EnsureFullTlsFrameAsync[TIOAdapter](CancellationToken cancellationToken, Int32 estimatedSize)
   at System.Threading.ExecutionContext.RunInternal(ExecutionContext executionContext, ContextCallback callback, Object state)
   at System.Net.Sockets.SocketAsyncEngine.System.Threading.IThreadPoolWorkItem.Execute()
   at System.Threading.ThreadPoolWorkQueue.Dispatch()
   at System.Threading.PortableThreadPool.WorkerThread.WorkerThreadStart()
   at System.Threading.Thread.StartCallback()
--- End of stack trace from previous location ---

   --- End of inner exception stack trace ---
   at System.Net.Security.SslStream.EnsureFullTlsFrameAsync[TIOAdapter](CancellationToken cancellationToken, Int32 estimatedSize)
   at System.Runtime.CompilerServices.PoolingAsyncValueTaskMethodBuilder`1.StateMachineBox`1.System.Threading.Tasks.Sources.IValueTaskSource<TResult>.GetResult(Int16 token)
   at System.Net.Security.SslStream.ReadAsyncInternal[TIOAdapter](Memory`1 buffer, CancellationToken cancellationToken)
   at System.Runtime.CompilerServices.PoolingAsyncValueTaskMethodBuilder`1.StateMachineBox`1.System.Threading.Tasks.Sources.IValueTaskSource<TResult>.GetResult(Int16 token)
   at System.Net.Http.HttpConnection.<CheckUsabilityOnScavenge>g__ReadAheadWithZeroByteReadAsync|39_0()
   at System.Net.Http.HttpConnection.SendAsync(HttpRequestMessage request, Boolean async, CancellationToken cancellationToken)
   --- End of inner exception stack trace ---
   at System.Net.Http.HttpConnection.SendAsync(HttpRequestMessage request, Boolean async, CancellationToken cancellationToken)
   at System.Net.Http.HttpConnectionPool.SendWithVersionDetectionAndRetryAsync(HttpRequestMessage request, Boolean async, Boolean doRequestAuth, CancellationToken cancellationToken)
   at System.Net.Http.RedirectHandler.SendAsync(HttpRequestMessage request, Boolean async, CancellationToken cancellationToken)
   at System.Net.Http.DecompressionHandler.SendAsync(HttpRequestMessage request, Boolean async, CancellationToken cancellationToken)
   at Microsoft.Extensions.Http.Logging.LoggingHttpMessageHandler.<SendCoreAsync>g__Core|4_0(HttpRequestMessage request, Boolean useAsync, CancellationToken cancellationToken)
   at Libronix.Utility.Net.TimeoutHandler.SendAsync(HttpRequestMessage request, CancellationToken cancellationToken)
   at Microsoft.Extensions.Http.Logging.LoggingScopeHttpMessageHandler.<SendCoreAsync>g__Core|4_0(HttpRequestMessage request, Boolean useAsync, CancellationToken cancellationToken)
   at System.Net.Http.HttpClient.<SendAsync>g__Core|83_0(HttpRequestMessage request, HttpCompletionOption completionOption, CancellationTokenSource cts, Boolean disposeCts, CancellationTokenSource pendingRequestsCts, CancellationToken originalCancellationToken)
   at Libronix.Utility.Net.WebServiceRequestBase`1.GetResponseAsync(CancellationToken cancellationToken)

Program Version: 52.1 (52.1.0.0002)
Time: 2026-07-29 07:28:06 -04:00 (2026-07-29T11:28:06Z)
Error downloading user events.
Libronix.Utility.Net.WebServiceException: Error building request. Request: GET https://usereventsapi.logos.com/v1/events
 ---> System.Net.Http.HttpRequestException: An error occurred while sending the request.
 ---> System.IO.IOException: Unable to read data from the transport connection: Operation timed out.
 ---> System.Net.Sockets.SocketException (60): Operation timed out
   at System.Net.Sockets.Socket.AwaitableSocketAsyncEventArgs.CreateException(SocketError error, Boolean forAsyncThrow)
   at System.Net.Sockets.NetworkStream.ReadAsync(Memory`1 buffer, CancellationToken cancellationToken)
   at System.Net.Security.SslStream.EnsureFullTlsFrameAsync[TIOAdapter](CancellationToken cancellationToken, Int32 estimatedSize)
   at System.Threading.ExecutionContext.RunInternal(ExecutionContext executionContext, ContextCallback callback, Object state)
   at System.Net.Sockets.SocketAsyncEngine.System.Threading.IThreadPoolWorkItem.Execute()
   at System.Threading.ThreadPoolWorkQueue.Dispatch()
   at System.Threading.PortableThreadPool.WorkerThread.WorkerThreadStart()
   at System.Threading.Thread.StartCallback()
--- End of stack trace from previous location ---

   --- End of inner exception stack trace ---
   at System.Net.Security.SslStream.EnsureFullTlsFrameAsync[TIOAdapter](CancellationToken cancellationToken, Int32 estimatedSize)
   at System.Runtime.CompilerServices.PoolingAsyncValueTaskMethodBuilder`1.StateMachineBox`1.System.Threading.Tasks.Sources.IValueTaskSource<TResult>.GetResult(Int16 token)
   at System.Net.Security.SslStream.ReadAsyncInternal[TIOAdapter](Memory`1 buffer, CancellationToken cancellationToken)
   at System.Runtime.CompilerServices.PoolingAsyncValueTaskMethodBuilder`1.StateMachineBox`1.System.Threading.Tasks.Sources.IValueTaskSource<TResult>.GetResult(Int16 token)
   at System.Net.Http.HttpConnection.<CheckUsabilityOnScavenge>g__ReadAheadWithZeroByteReadAsync|39_0()
   at System.Net.Http.HttpConnection.SendAsync(HttpRequestMessage request, Boolean async, CancellationToken cancellationToken)
   --- End of inner exception stack trace ---
   at System.Net.Http.HttpConnection.SendAsync(HttpRequestMessage request, Boolean async, CancellationToken cancellationToken)
   at System.Net.Http.HttpConnectionPool.SendWithVersionDetectionAndRetryAsync(HttpRequestMessage request, Boolean async, Boolean doRequestAuth, CancellationToken cancellationToken)
   at System.Net.Http.RedirectHandler.SendAsync(HttpRequestMessage request, Boolean async, CancellationToken cancellationToken)
   at System.Net.Http.DecompressionHandler.SendAsync(HttpRequestMessage request, Boolean async, CancellationToken cancellationToken)
   at Microsoft.Extensions.Http.Logging.LoggingHttpMessageHandler.<SendCoreAsync>g__Core|4_0(HttpRequestMessage request, Boolean useAsync, CancellationToken cancellationToken)
   at Libronix.Utility.Net.TimeoutHandler.SendAsync(HttpRequestMessage request, CancellationToken cancellationToken)
   at Microsoft.Extensions.Http.Logging.LoggingScopeHttpMessageHandler.<SendCoreAsync>g__Core|4_0(HttpRequestMessage request, Boolean useAsync, CancellationToken cancellationToken)
   at System.Net.Http.HttpClient.<SendAsync>g__Core|83_0(HttpRequestMessage request, HttpCompletionOption completionOption, CancellationTokenSource cts, Boolean disposeCts, CancellationTokenSource pendingRequestsCts, CancellationToken originalCancellationToken)
   at Libronix.Utility.Net.WebServiceRequestBase`1.GetResponseAsync(CancellationToken cancellationToken)
   --- End of inner exception stack trace ---
   at Libronix.Utility.Net.WebServiceRequestBase`1.GetResponseAsync(CancellationToken cancellationToken)
   at Logos.UserEvents.Manager.UserEventManager.DoUpdate()

Program Version: 52.1 (52.1.0.0002)
Time: 2026-07-29 07:28:13 -04:00 (2026-07-29T11:28:13Z)
Couldn't download licenses file.
Libronix.Utility.Net.WebServiceException: Error building request. Request: GET https://licensesapi.logos.com/v5/licensesfile
 ---> System.Net.Http.HttpRequestException: An error occurred while sending the request.
 ---> System.IO.IOException: Unable to read data from the transport connection: Operation timed out.
 ---> System.Net.Sockets.SocketException (60): Operation timed out
   at System.Net.Sockets.Socket.AwaitableSocketAsyncEventArgs.CreateException(SocketError error, Boolean forAsyncThrow)
   at System.Net.Sockets.NetworkStream.ReadAsync(Memory`1 buffer, CancellationToken cancellationToken)
   at System.Net.Security.SslStream.EnsureFullTlsFrameAsync[TIOAdapter](CancellationToken cancellationToken, Int32 estimatedSize)
   at System.Threading.ExecutionContext.RunInternal(ExecutionContext executionContext, ContextCallback callback, Object state)
   at System.Net.Sockets.SocketAsyncEngine.System.Threading.IThreadPoolWorkItem.Execute()
   at System.Threading.ThreadPoolWorkQueue.Dispatch()
   at System.Threading.PortableThreadPool.WorkerThread.WorkerThreadStart()
   at System.Threading.Thread.StartCallback()
--- End of stack trace from previous location ---

   --- End of inner exception stack trace ---
   at System.Net.Security.SslStream.EnsureFullTlsFrameAsync[TIOAdapter](CancellationToken cancellationToken, Int32 estimatedSize)
   at System.Runtime.CompilerServices.PoolingAsyncValueTaskMethodBuilder`1.StateMachineBox`1.System.Threading.Tasks.Sources.IValueTaskSource<TResult>.GetResult(Int16 token)
   at System.Net.Security.SslStream.ReadAsyncInternal[TIOAdapter](Memory`1 buffer, CancellationToken cancellationToken)
   at System.Runtime.CompilerServices.PoolingAsyncValueTaskMethodBuilder`1.StateMachineBox`1.System.Threading.Tasks.Sources.IValueTaskSource<TResult>.GetResult(Int16 token)
   at System.Net.Http.HttpConnection.<CheckUsabilityOnScavenge>g__ReadAheadWithZeroByteReadAsync|39_0()
   at System.Net.Http.HttpConnection.SendAsync(HttpRequestMessage request, Boolean async, CancellationToken cancellationToken)
   --- End of inner exception stack trace ---
   at System.Net.Http.HttpConnection.SendAsync(HttpRequestMessage request, Boolean async, CancellationToken cancellationToken)
   at System.Net.Http.HttpConnectionPool.SendWithVersionDetectionAndRetryAsync(HttpRequestMessage request, Boolean async, Boolean doRequestAuth, CancellationToken cancellationToken)
   at System.Net.Http.RedirectHandler.SendAsync(HttpRequestMessage request, Boolean async, CancellationToken cancellationToken)
   at System.Net.Http.DecompressionHandler.SendAsync(HttpRequestMessage request, Boolean async, CancellationToken cancellationToken)
   at Microsoft.Extensions.Http.Logging.LoggingHttpMessageHandler.<SendCoreAsync>g__Core|4_0(HttpRequestMessage request, Boolean useAsync, CancellationToken cancellationToken)
   at Libronix.Utility.Net.TimeoutHandler.SendAsync(HttpRequestMessage request, CancellationToken cancellationToken)
   at Microsoft.Extensions.Http.Logging.LoggingScopeHttpMessageHandler.<SendCoreAsync>g__Core|4_0(HttpRequestMessage request, Boolean useAsync, CancellationToken cancellationToken)
   at System.Net.Http.HttpClient.<SendAsync>g__Core|83_0(HttpRequestMessage request, HttpCompletionOption completionOption, CancellationTokenSource cts, Boolean disposeCts, CancellationTokenSource pendingRequestsCts, CancellationToken originalCancellationToken)
   at Libronix.Utility.Net.WebServiceRequestBase`1.GetResponseAsync(CancellationToken cancellationToken)
   --- End of inner exception stack trace ---
   at Libronix.Utility.Net.WebServiceRequestBase`1.GetResponseAsync(CancellationToken cancellationToken)
   at Libronix.Utility.Net.WebServiceRequestBase`1.GetResponseAsync(IWorkState workState)
   at LDLS4.WebServiceClient.GetLicensesAsync(LicensesApiClient licensesApiClient, LicenseManager licenseManager, Boolean forceDownload, CancellationToken cancellationToken) in /Volumes/Code/ghe_actions-2.301.1/ghec-LogosBible-2/_work/LogosDesktop/LogosDesktop/src/LDLS4/WebServiceClient.cs:line 199

Program Version: 52.1 (52.1.0.0002)
Time: 2026-07-29 16:15:07 -04:00 (2026-07-29T20:15:07Z)
Exception thrown in web browser interop request handler 'logos.hybrid-ui.runProxiedFunction': Function 0 not found

Program Version: 52.1 (52.1.0.0002)
Time: 2026-07-29 16:20:49 -04:00 (2026-07-29T20:20:49Z)
SQLite Error 283: recovered 20 frames from WAL file /Users/mjwebster/Library/Application Support/Logos4/Documents/wq8ubj9r.32o/LocalUserPreferences/PreferencesManager.db-wal

Program Version: 52.1 (52.1.0.0002)
Time: 2026-07-29 16:20:49 -04:00 (2026-07-29T20:20:49Z)
SQLite Error 283: recovered 19 frames from WAL file /Users/mjwebster/Library/Application Support/Logos4/Documents/wq8ubj9r.32o/UserPreferences2/PreferencesManager.db-wal

Program Version: 52.1 (52.1.0.0002)
Time: 2026-07-29 16:20:49 -04:00 (2026-07-29T20:20:49Z)
SQLite Error 283: recovered 11 frames from WAL file /Users/mjwebster/Library/Application Support/Logos4/Data/wq8ubj9r.32o/Errors/Application/ErrorReportManager.db-wal

Program Version: 52.1 (52.1.0.0002)
Time: 2026-07-29 16:20:49 -04:00 (2026-07-29T20:20:49Z)
SQLite Error 283: recovered 6 frames from WAL file /Users/mjwebster/Library/Application Support/Logos4/Documents/wq8ubj9r.32o/DeviceResourceManager/MobileResourcesSyncManager.db-wal

Program Version: 52.1 (52.1.0.0002)
Time: 2026-07-29 16:20:49 -04:00 (2026-07-29T20:20:49Z)
SQLite Error 283: recovered 23 frames from WAL file /Users/mjwebster/Library/Application Support/Logos4/Data/wq8ubj9r.32o/ResourceManager/ResourceManager.db-wal

Program Version: 52.1 (52.1.0.0002)
Time: 2026-07-29 16:20:49 -04:00 (2026-07-29T20:20:49Z)
SQLite Error 283: recovered 24 frames from WAL file /Users/mjwebster/Library/Application Support/Logos4/Data/wq8ubj9r.32o/ReadingProgressManager/readingprogressmanager.db-wal

Program Version: 52.1 (52.1.0.0002)
Time: 2026-07-29 16:20:49 -04:00 (2026-07-29T20:20:49Z)
SQLite Error 283: recovered 282 frames from WAL file /Users/mjwebster/Library/Application Support/Logos4/Data/wq8ubj9r.32o/LibraryCatalog/catalog.db-wal

Program Version: 52.1 (52.1.0.0002)
Time: 2026-07-29 16:20:49 -04:00 (2026-07-29T20:20:49Z)
SQLite Error 283: recovered 178 frames from WAL file /Users/mjwebster/Library/Application Support/Logos4/Data/wq8ubj9r.32o/UserEventManager/UserEventManager.db-wal

Program Version: 52.1 (52.1.0.0002)
Time: 2026-07-29 16:20:50 -04:00 (2026-07-29T20:20:50Z)
SQLite Error 283: recovered 5 frames from WAL file /Users/mjwebster/Library/Application Support/Logos4/Documents/wq8ubj9r.32o/Documents/DocumentInfo.db-wal

Program Version: 52.1 (52.1.0.0002)
Time: 2026-07-29 16:20:50 -04:00 (2026-07-29T20:20:50Z)
SQLite Error 283: recovered 23 frames from WAL file /Users/mjwebster/Library/Application Support/Logos4/Data/wq8ubj9r.32o/ReverseInterlinearManager/reverseinterlinearmanager.db-wal

Program Version: 52.1 (52.1.0.0002)
Time: 2026-07-29 16:20:50 -04:00 (2026-07-29T20:20:50Z)
SQLite Error 283: recovered 1 frames from WAL file /Users/mjwebster/Library/Application Support/Logos4/Data/wq8ubj9r.32o/GlobalMilestoneIndex/milestones.db-wal

Program Version: 52.1 (52.1.0.0002)
Time: 2026-07-29 16:20:50 -04:00 (2026-07-29T20:20:50Z)
SQLite Error 283: recovered 402 frames from WAL file /Users/mjwebster/Library/Application Support/Logos4/Data/wq8ubj9r.32o/KeyLinkManager/keylinkmanager.db-wal

Program Version: 52.1 (52.1.0.0002)
Time: 2026-07-29 16:20:50 -04:00 (2026-07-29T20:20:50Z)
SQLite Error 283: recovered 152 frames from WAL file /Users/mjwebster/Library/Application Support/Logos4/Documents/wq8ubj9r.32o/NotesToolManager/notestool.db-wal

Program Version: 52.1 (52.1.0.0002)
Time: 2026-07-29 16:20:50 -04:00 (2026-07-29T20:20:50Z)
SQLite Error 283: recovered 451 frames from WAL file /Users/mjwebster/Library/Application Support/Logos4/Documents/wq8ubj9r.32o/LayoutManager/layouts.db-wal

Program Version: 52.1 (52.1.0.0002)
Time: 2026-07-29 16:20:50 -04:00 (2026-07-29T20:20:50Z)
SQLite Error 283: recovered 547 frames from WAL file /Users/mjwebster/Library/Application Support/Logos4/Data/wq8ubj9r.32o/HistoryManager/history.db-wal

Program Version: 52.1 (52.1.0.0002)
Time: 2026-07-29 16:20:50 -04:00 (2026-07-29T20:20:50Z)
SQLite Error 283: recovered 1 frames from WAL file /Users/mjwebster/Library/Application Support/Logos4/Documents/wq8ubj9r.32o/GuidedLearning/GuidedLearning.db-wal

Program Version: 52.1 (52.1.0.0002)
Time: 2026-07-29 16:20:50 -04:00 (2026-07-29T20:20:50Z)
SQLite Error 283: recovered 9 frames from WAL file /Users/mjwebster/Library/Application Support/Logos4/Documents/wq8ubj9r.32o/Documents/ReadingPlan/ReadingPlan.db-wal

Program Version: 52.1 (52.1.0.0002)
Time: 2026-07-29 16:20:50 -04:00 (2026-07-29T20:20:50Z)
SQLite Error 283: recovered 358 frames from WAL file /Users/mjwebster/Library/Application Support/Logos4/Data/wq8ubj9r.32o/AmplitudeReporter/AmplitudeEvents.db-wal

Program Version: 52.1 (52.1.0.0002)
Time: 2026-07-29 16:20:50 -04:00 (2026-07-29T20:20:50Z)
SQLite Error 283: recovered 2 frames from WAL file /Users/mjwebster/Library/Application Support/Logos4/Data/wq8ubj9r.32o/ResourceFileDownloadInfo/ResourceFileDownloadInfo.db-wal

Program Version: 52.1 (52.1.0.0002)
Time: 2026-07-29 16:20:50 -04:00 (2026-07-29T20:20:50Z)
SQLite Error 283: recovered 2 frames from WAL file /Users/mjwebster/Library/Application Support/Logos4/Data/wq8ubj9r.32o/CloudResourceManager/CloudResources.db-wal

Program Version: 52.1 (52.1.0.0002)
Time: 2026-07-29 16:20:50 -04:00 (2026-07-29T20:20:50Z)
SQLite Error 283: recovered 69 frames from WAL file /Users/mjwebster/Library/Application Support/Logos4/Data/wq8ubj9r.32o/UpdateManager/Updates.db-wal

Program Version: 52.1 (52.1.0.0002)
Time: 2026-07-29 16:20:50 -04:00 (2026-07-29T20:20:50Z)
SQLite Error 283: recovered 10 frames from WAL file /Users/mjwebster/Library/Application Support/Logos4/Data/wq8ubj9r.32o/Updates/Metadata.db-wal

Program Version: 52.1 (52.1.0.0002)
Time: 2026-07-29 16:20:51 -04:00 (2026-07-29T20:20:51Z)
SQLite Error 283: recovered 7 frames from WAL file /Users/mjwebster/Library/Application Support/Logos4/Data/wq8ubj9r.32o/LibraryIndex/LibraryIndex.db-wal

Program Version: 52.1 (52.1.0.0002)
Time: 2026-07-29 16:20:52 -04:00 (2026-07-29T20:20:52Z)
SQLite Error 283: recovered 7 frames from WAL file /Users/mjwebster/Library/Application Support/Logos4/Data/wq8ubj9r.32o/PersonalBookIndex/LibraryIndex.db-wal

Program Version: 52.1 (52.1.0.0002)
Time: 2026-07-29 16:20:52 -04:00 (2026-07-29T20:20:52Z)
SQLite Error 283: recovered 121501 frames from WAL file /Users/mjwebster/Library/Application Support/Logos4/Data/wq8ubj9r.32o/AutoComplete/AutoComplete.db-wal

Program Version: 52.1 (52.1.0.0002)
Time: 2026-07-29 16:20:54 -04:00 (2026-07-29T20:20:54Z)
SQLite Error 284: automatic index on Records(IsDataset)

Program Version: 52.1 (52.1.0.0002)
Time: 2026-07-29 16:22:36 -04:00 (2026-07-29T20:22:36Z)
SQLite Error 284: automatic index on Records(IsDataset)

Program Version: 52.1 (52.1.0.0002)
Time: 2026-07-29 16:43:39 -04:00 (2026-07-29T20:43:39Z)
Exception thrown in web browser interop request handler 'logos.hybrid-ui.runProxiedFunction': Function 0 not found

Program Version: 52.1 (52.1.0.0002)
Time: 2026-07-29 16:46:03 -04:00 (2026-07-29T20:46:03Z)
Exception thrown in web browser interop request handler 'logos.hybrid-ui.runProxiedFunction': Function 0 not found

Program Version: 52.1 (52.1.0.0002)
Time: 2026-07-29 16:46:38 -04:00 (2026-07-29T20:46:38Z)
Exception thrown in web browser interop request handler 'logos.hybrid-ui.runProxiedFunction': Function 0 not found

Program Version: 52.1 (52.1.0.0002)
Time: 2026-07-29 16:47:14 -04:00 (2026-07-29T20:47:14Z)
Exception thrown in web browser interop request handler 'logos.hybrid-ui.runProxiedFunction': Function 0 not found

Program Version: 52.1 (52.1.0.0002)
Time: 2026-07-29 17:41:15 -04:00 (2026-07-29T21:41:15Z)
SQLite Error 284: automatic index on Records(IsDataset)

Program Version: 52.1 (52.1.0.0002)
Time: 2026-07-29 17:42:28 -04:00 (2026-07-29T21:42:28Z)
Exception thrown in web browser interop request handler 'logos.hybrid-ui.runProxiedFunction': Function 0 not found

Program Version: 52.1 (52.1.0.0002)
Time: 2026-07-29 17:44:22 -04:00 (2026-07-29T21:44:22Z)
SQLite Error 283: recovered 596 frames from WAL file /Users/mjwebster/Library/Application Support/Logos4/Data/wq8ubj9r.32o/AmplitudeReporter/AmplitudeEvents.db-wal

Program Version: 52.1 (52.1.0.0002)
Time: 2026-07-29 17:44:26 -04:00 (2026-07-29T21:44:26Z)
SQLite Error 284: automatic index on Records(IsDataset)

Program Version: 52.1 (52.1.0.0002)
Time: 2026-07-29 17:44:45 -04:00 (2026-07-29T21:44:45Z)
Exception thrown in web browser interop request handler 'logos.hybrid-ui.runProxiedFunction': Function 0 not found

Program Version: 52.1 (52.1.0.0002)
Time: 2026-07-29 17:50:59 -04:00 (2026-07-29T21:50:59Z)
Exception thrown in web browser interop request handler 'logos.hybrid-ui.runProxiedFunction': Function 0 not found

Program Version: 52.1 (52.1.0.0002)
Time: 2026-07-29 17:53:11 -04:00 (2026-07-29T21:53:11Z)
Exception thrown in web browser interop request handler 'logos.hybrid-ui.runProxiedFunction': Function 0 not found

Program Version: 52.1 (52.1.0.0002)
Time: 2026-07-29 19:40:28 -04:00 (2026-07-29T23:40:28Z)
Couldn't download licenses file.
Libronix.Utility.Net.WebServiceException: Error building request. Request: GET https://licensesapi.logos.com/v5/licensesfile
 ---> System.Net.Http.HttpRequestException: An error occurred while sending the request.
 ---> System.IO.IOException: Unable to read data from the transport connection: Operation timed out.
 ---> System.Net.Sockets.SocketException (60): Operation timed out
   at System.Net.Sockets.Socket.AwaitableSocketAsyncEventArgs.CreateException(SocketError error, Boolean forAsyncThrow)
   at System.Net.Sockets.NetworkStream.ReadAsync(Memory`1 buffer, CancellationToken cancellationToken)
   at System.Net.Security.SslStream.EnsureFullTlsFrameAsync[TIOAdapter](CancellationToken cancellationToken, Int32 estimatedSize)
   at System.Threading.ExecutionContext.RunInternal(ExecutionContext executionContext, ContextCallback callback, Object state)
   at System.Net.Sockets.SocketAsyncEngine.System.Threading.IThreadPoolWorkItem.Execute()
   at System.Threading.ThreadPoolWorkQueue.Dispatch()
   at System.Threading.PortableThreadPool.WorkerThread.WorkerThreadStart()
   at System.Threading.Thread.StartCallback()
--- End of stack trace from previous location ---

   --- End of inner exception stack trace ---
   at System.Net.Security.SslStream.EnsureFullTlsFrameAsync[TIOAdapter](CancellationToken cancellationToken, Int32 estimatedSize)
   at System.Runtime.CompilerServices.PoolingAsyncValueTaskMethodBuilder`1.StateMachineBox`1.System.Threading.Tasks.Sources.IValueTaskSource<TResult>.GetResult(Int16 token)
   at System.Net.Security.SslStream.ReadAsyncInternal[TIOAdapter](Memory`1 buffer, CancellationToken cancellationToken)
   at System.Runtime.CompilerServices.PoolingAsyncValueTaskMethodBuilder`1.StateMachineBox`1.System.Threading.Tasks.Sources.IValueTaskSource<TResult>.GetResult(Int16 token)
   at System.Net.Http.HttpConnection.<CheckUsabilityOnScavenge>g__ReadAheadWithZeroByteReadAsync|39_0()
   at System.Net.Http.HttpConnection.SendAsync(HttpRequestMessage request, Boolean async, CancellationToken cancellationToken)
   --- End of inner exception stack trace ---
   at System.Net.Http.HttpConnection.SendAsync(HttpRequestMessage request, Boolean async, CancellationToken cancellationToken)
   at System.Net.Http.HttpConnectionPool.SendWithVersionDetectionAndRetryAsync(HttpRequestMessage request, Boolean async, Boolean doRequestAuth, CancellationToken cancellationToken)
   at System.Net.Http.RedirectHandler.SendAsync(HttpRequestMessage request, Boolean async, CancellationToken cancellationToken)
   at System.Net.Http.DecompressionHandler.SendAsync(HttpRequestMessage request, Boolean async, CancellationToken cancellationToken)
   at Microsoft.Extensions.Http.Logging.LoggingHttpMessageHandler.<SendCoreAsync>g__Core|4_0(HttpRequestMessage request, Boolean useAsync, CancellationToken cancellationToken)
   at Libronix.Utility.Net.TimeoutHandler.SendAsync(HttpRequestMessage request, CancellationToken cancellationToken)
   at Microsoft.Extensions.Http.Logging.LoggingScopeHttpMessageHandler.<SendCoreAsync>g__Core|4_0(HttpRequestMessage request, Boolean useAsync, CancellationToken cancellationToken)
   at System.Net.Http.HttpClient.<SendAsync>g__Core|83_0(HttpRequestMessage request, HttpCompletionOption completionOption, CancellationTokenSource cts, Boolean disposeCts, CancellationTokenSource pendingRequestsCts, CancellationToken originalCancellationToken)
   at Libronix.Utility.Net.WebServiceRequestBase`1.GetResponseAsync(CancellationToken cancellationToken)
   --- End of inner exception stack trace ---
   at Libronix.Utility.Net.WebServiceRequestBase`1.GetResponseAsync(CancellationToken cancellationToken)
   at Libronix.Utility.Net.WebServiceRequestBase`1.GetResponseAsync(IWorkState workState)
   at LDLS4.WebServiceClient.GetLicensesAsync(LicensesApiClient licensesApiClient, LicenseManager licenseManager, Boolean forceDownload, CancellationToken cancellationToken) in /Volumes/Code/ghe_actions-2.301.1/ghec-LogosBible-2/_work/LogosDesktop/LogosDesktop/src/LDLS4/WebServiceClient.cs:line 199

Program Version: 52.1 (52.1.0.0002)
Time: 2026-07-29 19:40:34 -04:00 (2026-07-29T23:40:34Z)
Error building request (GET https://usereventsapi.logos.com/v1/events).
System.Net.Http.HttpRequestException: An error occurred while sending the request.
 ---> System.IO.IOException: Unable to read data from the transport connection: Operation timed out.
 ---> System.Net.Sockets.SocketException (60): Operation timed out
   at System.Net.Sockets.Socket.AwaitableSocketAsyncEventArgs.CreateException(SocketError error, Boolean forAsyncThrow)
   at System.Net.Sockets.NetworkStream.ReadAsync(Memory`1 buffer, CancellationToken cancellationToken)
   at System.Net.Security.SslStream.EnsureFullTlsFrameAsync[TIOAdapter](CancellationToken cancellationToken, Int32 estimatedSize)
   at System.Threading.ExecutionContext.RunInternal(ExecutionContext executionContext, ContextCallback callback, Object state)
   at System.Net.Sockets.SocketAsyncEngine.System.Threading.IThreadPoolWorkItem.Execute()
   at System.Threading.ThreadPoolWorkQueue.Dispatch()
   at System.Threading.PortableThreadPool.WorkerThread.WorkerThreadStart()
   at System.Threading.Thread.StartCallback()
--- End of stack trace from previous location ---

   --- End of inner exception stack trace ---
   at System.Net.Security.SslStream.EnsureFullTlsFrameAsync[TIOAdapter](CancellationToken cancellationToken, Int32 estimatedSize)
   at System.Runtime.CompilerServices.PoolingAsyncValueTaskMethodBuilder`1.StateMachineBox`1.System.Threading.Tasks.Sources.IValueTaskSource<TResult>.GetResult(Int16 token)
   at System.Net.Security.SslStream.ReadAsyncInternal[TIOAdapter](Memory`1 buffer, CancellationToken cancellationToken)
   at System.Runtime.CompilerServices.PoolingAsyncValueTaskMethodBuilder`1.StateMachineBox`1.System.Threading.Tasks.Sources.IValueTaskSource<TResult>.GetResult(Int16 token)
   at System.Net.Http.HttpConnection.<CheckUsabilityOnScavenge>g__ReadAheadWithZeroByteReadAsync|39_0()
   at System.Net.Http.HttpConnection.SendAsync(HttpRequestMessage request, Boolean async, CancellationToken cancellationToken)
   --- End of inner exception stack trace ---
   at System.Net.Http.HttpConnection.SendAsync(HttpRequestMessage request, Boolean async, CancellationToken cancellationToken)
   at System.Net.Http.HttpConnectionPool.SendWithVersionDetectionAndRetryAsync(HttpRequestMessage request, Boolean async, Boolean doRequestAuth, CancellationToken cancellationToken)
   at System.Net.Http.RedirectHandler.SendAsync(HttpRequestMessage request, Boolean async, CancellationToken cancellationToken)
   at System.Net.Http.DecompressionHandler.SendAsync(HttpRequestMessage request, Boolean async, CancellationToken cancellationToken)
   at Microsoft.Extensions.Http.Logging.LoggingHttpMessageHandler.<SendCoreAsync>g__Core|4_0(HttpRequestMessage request, Boolean useAsync, CancellationToken cancellationToken)
   at Libronix.Utility.Net.TimeoutHandler.SendAsync(HttpRequestMessage request, CancellationToken cancellationToken)
   at Microsoft.Extensions.Http.Logging.LoggingScopeHttpMessageHandler.<SendCoreAsync>g__Core|4_0(HttpRequestMessage request, Boolean useAsync, CancellationToken cancellationToken)
   at System.Net.Http.HttpClient.<SendAsync>g__Core|83_0(HttpRequestMessage request, HttpCompletionOption completionOption, CancellationTokenSource cts, Boolean disposeCts, CancellationTokenSource pendingRequestsCts, CancellationToken originalCancellationToken)
   at Libronix.Utility.Net.WebServiceRequestBase`1.GetResponseAsync(CancellationToken cancellationToken)

Program Version: 52.1 (52.1.0.0002)
Time: 2026-07-29 19:40:34 -04:00 (2026-07-29T23:40:34Z)
Error downloading user events.
Libronix.Utility.Net.WebServiceException: Error building request. Request: GET https://usereventsapi.logos.com/v1/events
 ---> System.Net.Http.HttpRequestException: An error occurred while sending the request.
 ---> System.IO.IOException: Unable to read data from the transport connection: Operation timed out.
 ---> System.Net.Sockets.SocketException (60): Operation timed out
   at System.Net.Sockets.Socket.AwaitableSocketAsyncEventArgs.CreateException(SocketError error, Boolean forAsyncThrow)
   at System.Net.Sockets.NetworkStream.ReadAsync(Memory`1 buffer, CancellationToken cancellationToken)
   at System.Net.Security.SslStream.EnsureFullTlsFrameAsync[TIOAdapter](CancellationToken cancellationToken, Int32 estimatedSize)
   at System.Threading.ExecutionContext.RunInternal(ExecutionContext executionContext, ContextCallback callback, Object state)
   at System.Net.Sockets.SocketAsyncEngine.System.Threading.IThreadPoolWorkItem.Execute()
   at System.Threading.ThreadPoolWorkQueue.Dispatch()
   at System.Threading.PortableThreadPool.WorkerThread.WorkerThreadStart()
   at System.Threading.Thread.StartCallback()
--- End of stack trace from previous location ---

   --- End of inner exception stack trace ---
   at System.Net.Security.SslStream.EnsureFullTlsFrameAsync[TIOAdapter](CancellationToken cancellationToken, Int32 estimatedSize)
   at System.Runtime.CompilerServices.PoolingAsyncValueTaskMethodBuilder`1.StateMachineBox`1.System.Threading.Tasks.Sources.IValueTaskSource<TResult>.GetResult(Int16 token)
   at System.Net.Security.SslStream.ReadAsyncInternal[TIOAdapter](Memory`1 buffer, CancellationToken cancellationToken)
   at System.Runtime.CompilerServices.PoolingAsyncValueTaskMethodBuilder`1.StateMachineBox`1.System.Threading.Tasks.Sources.IValueTaskSource<TResult>.GetResult(Int16 token)
   at System.Net.Http.HttpConnection.<CheckUsabilityOnScavenge>g__ReadAheadWithZeroByteReadAsync|39_0()
   at System.Net.Http.HttpConnection.SendAsync(HttpRequestMessage request, Boolean async, CancellationToken cancellationToken)
   --- End of inner exception stack trace ---
   at System.Net.Http.HttpConnection.SendAsync(HttpRequestMessage request, Boolean async, CancellationToken cancellationToken)
   at System.Net.Http.HttpConnectionPool.SendWithVersionDetectionAndRetryAsync(HttpRequestMessage request, Boolean async, Boolean doRequestAuth, CancellationToken cancellationToken)
   at System.Net.Http.RedirectHandler.SendAsync(HttpRequestMessage request, Boolean async, CancellationToken cancellationToken)
   at System.Net.Http.DecompressionHandler.SendAsync(HttpRequestMessage request, Boolean async, CancellationToken cancellationToken)
   at Microsoft.Extensions.Http.Logging.LoggingHttpMessageHandler.<SendCoreAsync>g__Core|4_0(HttpRequestMessage request, Boolean useAsync, CancellationToken cancellationToken)
   at Libronix.Utility.Net.TimeoutHandler.SendAsync(HttpRequestMessage request, CancellationToken cancellationToken)
   at Microsoft.Extensions.Http.Logging.LoggingScopeHttpMessageHandler.<SendCoreAsync>g__Core|4_0(HttpRequestMessage request, Boolean useAsync, CancellationToken cancellationToken)
   at System.Net.Http.HttpClient.<SendAsync>g__Core|83_0(HttpRequestMessage request, HttpCompletionOption completionOption, CancellationTokenSource cts, Boolean disposeCts, CancellationTokenSource pendingRequestsCts, CancellationToken originalCancellationToken)
   at Libronix.Utility.Net.WebServiceRequestBase`1.GetResponseAsync(CancellationToken cancellationToken)
   --- End of inner exception stack trace ---
   at Libronix.Utility.Net.WebServiceRequestBase`1.GetResponseAsync(CancellationToken cancellationToken)
   at Logos.UserEvents.Manager.UserEventManager.DoUpdate()

Program Version: 52.1 (52.1.0.0002)
Time: 2026-07-29 20:53:46 -04:00 (2026-07-30T00:53:46Z)
Error building request (GET https://usereventsapi.logos.com/v1/events).
System.Net.Http.HttpRequestException: An error occurred while sending the request.
 ---> System.IO.IOException: Unable to read data from the transport connection: Operation timed out.
 ---> System.Net.Sockets.SocketException (60): Operation timed out
   at System.Net.Sockets.Socket.AwaitableSocketAsyncEventArgs.CreateException(SocketError error, Boolean forAsyncThrow)
   at System.Net.Sockets.NetworkStream.ReadAsync(Memory`1 buffer, CancellationToken cancellationToken)
   at System.Net.Security.SslStream.EnsureFullTlsFrameAsync[TIOAdapter](CancellationToken cancellationToken, Int32 estimatedSize)
   at System.Threading.ExecutionContext.RunInternal(ExecutionContext executionContext, ContextCallback callback, Object state)
   at System.Net.Sockets.SocketAsyncEngine.System.Threading.IThreadPoolWorkItem.Execute()
   at System.Threading.ThreadPoolWorkQueue.Dispatch()
   at System.Threading.PortableThreadPool.WorkerThread.WorkerThreadStart()
   at System.Threading.Thread.StartCallback()
--- End of stack trace from previous location ---

   --- End of inner exception stack trace ---
   at System.Net.Security.SslStream.EnsureFullTlsFrameAsync[TIOAdapter](CancellationToken cancellationToken, Int32 estimatedSize)
   at System.Runtime.CompilerServices.PoolingAsyncValueTaskMethodBuilder`1.StateMachineBox`1.System.Threading.Tasks.Sources.IValueTaskSource<TResult>.GetResult(Int16 token)
   at System.Net.Security.SslStream.ReadAsyncInternal[TIOAdapter](Memory`1 buffer, CancellationToken cancellationToken)
   at System.Runtime.CompilerServices.PoolingAsyncValueTaskMethodBuilder`1.StateMachineBox`1.System.Threading.Tasks.Sources.IValueTaskSource<TResult>.GetResult(Int16 token)
   at System.Net.Http.HttpConnection.<CheckUsabilityOnScavenge>g__ReadAheadWithZeroByteReadAsync|39_0()
   at System.Net.Http.HttpConnection.SendAsync(HttpRequestMessage request, Boolean async, CancellationToken cancellationToken)
   --- End of inner exception stack trace ---
   at System.Net.Http.HttpConnection.SendAsync(HttpRequestMessage request, Boolean async, CancellationToken cancellationToken)
   at System.Net.Http.HttpConnectionPool.SendWithVersionDetectionAndRetryAsync(HttpRequestMessage request, Boolean async, Boolean doRequestAuth, CancellationToken cancellationToken)
   at System.Net.Http.RedirectHandler.SendAsync(HttpRequestMessage request, Boolean async, CancellationToken cancellationToken)
   at System.Net.Http.DecompressionHandler.SendAsync(HttpRequestMessage request, Boolean async, CancellationToken cancellationToken)
   at Microsoft.Extensions.Http.Logging.LoggingHttpMessageHandler.<SendCoreAsync>g__Core|4_0(HttpRequestMessage request, Boolean useAsync, CancellationToken cancellationToken)
   at Libronix.Utility.Net.TimeoutHandler.SendAsync(HttpRequestMessage request, CancellationToken cancellationToken)
   at Microsoft.Extensions.Http.Logging.LoggingScopeHttpMessageHandler.<SendCoreAsync>g__Core|4_0(HttpRequestMessage request, Boolean useAsync, CancellationToken cancellationToken)
   at System.Net.Http.HttpClient.<SendAsync>g__Core|83_0(HttpRequestMessage request, HttpCompletionOption completionOption, CancellationTokenSource cts, Boolean disposeCts, CancellationTokenSource pendingRequestsCts, CancellationToken originalCancellationToken)
   at Libronix.Utility.Net.WebServiceRequestBase`1.GetResponseAsync(CancellationToken cancellationToken)

Program Version: 52.1 (52.1.0.0002)
Time: 2026-07-29 20:53:46 -04:00 (2026-07-30T00:53:46Z)
Error downloading user events.
Libronix.Utility.Net.WebServiceException: Error building request. Request: GET https://usereventsapi.logos.com/v1/events
 ---> System.Net.Http.HttpRequestException: An error occurred while sending the request.
 ---> System.IO.IOException: Unable to read data from the transport connection: Operation timed out.
 ---> System.Net.Sockets.SocketException (60): Operation timed out
   at System.Net.Sockets.Socket.AwaitableSocketAsyncEventArgs.CreateException(SocketError error, Boolean forAsyncThrow)
   at System.Net.Sockets.NetworkStream.ReadAsync(Memory`1 buffer, CancellationToken cancellationToken)
   at System.Net.Security.SslStream.EnsureFullTlsFrameAsync[TIOAdapter](CancellationToken cancellationToken, Int32 estimatedSize)
   at System.Threading.ExecutionContext.RunInternal(ExecutionContext executionContext, ContextCallback callback, Object state)
   at System.Net.Sockets.SocketAsyncEngine.System.Threading.IThreadPoolWorkItem.Execute()
   at System.Threading.ThreadPoolWorkQueue.Dispatch()
   at System.Threading.PortableThreadPool.WorkerThread.WorkerThreadStart()
   at System.Threading.Thread.StartCallback()
--- End of stack trace from previous location ---

   --- End of inner exception stack trace ---
   at System.Net.Security.SslStream.EnsureFullTlsFrameAsync[TIOAdapter](CancellationToken cancellationToken, Int32 estimatedSize)
   at System.Runtime.CompilerServices.PoolingAsyncValueTaskMethodBuilder`1.StateMachineBox`1.System.Threading.Tasks.Sources.IValueTaskSource<TResult>.GetResult(Int16 token)
   at System.Net.Security.SslStream.ReadAsyncInternal[TIOAdapter](Memory`1 buffer, CancellationToken cancellationToken)
   at System.Runtime.CompilerServices.PoolingAsyncValueTaskMethodBuilder`1.StateMachineBox`1.System.Threading.Tasks.Sources.IValueTaskSource<TResult>.GetResult(Int16 token)
   at System.Net.Http.HttpConnection.<CheckUsabilityOnScavenge>g__ReadAheadWithZeroByteReadAsync|39_0()
   at System.Net.Http.HttpConnection.SendAsync(HttpRequestMessage request, Boolean async, CancellationToken cancellationToken)
   --- End of inner exception stack trace ---
   at System.Net.Http.HttpConnection.SendAsync(HttpRequestMessage request, Boolean async, CancellationToken cancellationToken)
   at System.Net.Http.HttpConnectionPool.SendWithVersionDetectionAndRetryAsync(HttpRequestMessage request, Boolean async, Boolean doRequestAuth, CancellationToken cancellationToken)
   at System.Net.Http.RedirectHandler.SendAsync(HttpRequestMessage request, Boolean async, CancellationToken cancellationToken)
   at System.Net.Http.DecompressionHandler.SendAsync(HttpRequestMessage request, Boolean async, CancellationToken cancellationToken)
   at Microsoft.Extensions.Http.Logging.LoggingHttpMessageHandler.<SendCoreAsync>g__Core|4_0(HttpRequestMessage request, Boolean useAsync, CancellationToken cancellationToken)
   at Libronix.Utility.Net.TimeoutHandler.SendAsync(HttpRequestMessage request, CancellationToken cancellationToken)
   at Microsoft.Extensions.Http.Logging.LoggingScopeHttpMessageHandler.<SendCoreAsync>g__Core|4_0(HttpRequestMessage request, Boolean useAsync, CancellationToken cancellationToken)
   at System.Net.Http.HttpClient.<SendAsync>g__Core|83_0(HttpRequestMessage request, HttpCompletionOption completionOption, CancellationTokenSource cts, Boolean disposeCts, CancellationTokenSource pendingRequestsCts, CancellationToken originalCancellationToken)
   at Libronix.Utility.Net.WebServiceRequestBase`1.GetResponseAsync(CancellationToken cancellationToken)
   --- End of inner exception stack trace ---
   at Libronix.Utility.Net.WebServiceRequestBase`1.GetResponseAsync(CancellationToken cancellationToken)
   at Logos.UserEvents.Manager.UserEventManager.DoUpdate()

Program Version: 52.1 (52.1.0.0002)
Time: 2026-07-29 20:53:51 -04:00 (2026-07-30T00:53:51Z)
Couldn't download licenses file.
Libronix.Utility.Net.WebServiceException: Error building request. Request: GET https://licensesapi.logos.com/v5/licensesfile
 ---> System.Net.Http.HttpRequestException: An error occurred while sending the request.
 ---> System.IO.IOException: Unable to read data from the transport connection: Operation timed out.
 ---> System.Net.Sockets.SocketException (60): Operation timed out
   at System.Net.Sockets.Socket.AwaitableSocketAsyncEventArgs.CreateException(SocketError error, Boolean forAsyncThrow)
   at System.Net.Sockets.NetworkStream.ReadAsync(Memory`1 buffer, CancellationToken cancellationToken)
   at System.Net.Security.SslStream.EnsureFullTlsFrameAsync[TIOAdapter](CancellationToken cancellationToken, Int32 estimatedSize)
   at System.Threading.ExecutionContext.RunInternal(ExecutionContext executionContext, ContextCallback callback, Object state)
   at System.Net.Sockets.SocketAsyncEngine.System.Threading.IThreadPoolWorkItem.Execute()
   at System.Threading.ThreadPoolWorkQueue.Dispatch()
   at System.Threading.PortableThreadPool.WorkerThread.WorkerThreadStart()
   at System.Threading.Thread.StartCallback()
--- End of stack trace from previous location ---

   --- End of inner exception stack trace ---
   at System.Net.Security.SslStream.EnsureFullTlsFrameAsync[TIOAdapter](CancellationToken cancellationToken, Int32 estimatedSize)
   at System.Runtime.CompilerServices.PoolingAsyncValueTaskMethodBuilder`1.StateMachineBox`1.System.Threading.Tasks.Sources.IValueTaskSource<TResult>.GetResult(Int16 token)
   at System.Net.Security.SslStream.ReadAsyncInternal[TIOAdapter](Memory`1 buffer, CancellationToken cancellationToken)
   at System.Runtime.CompilerServices.PoolingAsyncValueTaskMethodBuilder`1.StateMachineBox`1.System.Threading.Tasks.Sources.IValueTaskSource<TResult>.GetResult(Int16 token)
   at System.Net.Http.HttpConnection.<CheckUsabilityOnScavenge>g__ReadAheadWithZeroByteReadAsync|39_0()
   at System.Net.Http.HttpConnection.SendAsync(HttpRequestMessage request, Boolean async, CancellationToken cancellationToken)
   --- End of inner exception stack trace ---
   at System.Net.Http.HttpConnection.SendAsync(HttpRequestMessage request, Boolean async, CancellationToken cancellationToken)
   at System.Net.Http.HttpConnectionPool.SendWithVersionDetectionAndRetryAsync(HttpRequestMessage request, Boolean async, Boolean doRequestAuth, CancellationToken cancellationToken)
   at System.Net.Http.RedirectHandler.SendAsync(HttpRequestMessage request, Boolean async, CancellationToken cancellationToken)
   at System.Net.Http.DecompressionHandler.SendAsync(HttpRequestMessage request, Boolean async, CancellationToken cancellationToken)
   at Microsoft.Extensions.Http.Logging.LoggingHttpMessageHandler.<SendCoreAsync>g__Core|4_0(HttpRequestMessage request, Boolean useAsync, CancellationToken cancellationToken)
   at Libronix.Utility.Net.TimeoutHandler.SendAsync(HttpRequestMessage request, CancellationToken cancellationToken)
   at Microsoft.Extensions.Http.Logging.LoggingScopeHttpMessageHandler.<SendCoreAsync>g__Core|4_0(HttpRequestMessage request, Boolean useAsync, CancellationToken cancellationToken)
   at System.Net.Http.HttpClient.<SendAsync>g__Core|83_0(HttpRequestMessage request, HttpCompletionOption completionOption, CancellationTokenSource cts, Boolean disposeCts, CancellationTokenSource pendingRequestsCts, CancellationToken originalCancellationToken)
   at Libronix.Utility.Net.WebServiceRequestBase`1.GetResponseAsync(CancellationToken cancellationToken)
   --- End of inner exception stack trace ---
   at Libronix.Utility.Net.WebServiceRequestBase`1.GetResponseAsync(CancellationToken cancellationToken)
   at Libronix.Utility.Net.WebServiceRequestBase`1.GetResponseAsync(IWorkState workState)
   at LDLS4.WebServiceClient.GetLicensesAsync(LicensesApiClient licensesApiClient, LicenseManager licenseManager, Boolean forceDownload, CancellationToken cancellationToken) in /Volumes/Code/ghe_actions-2.301.1/ghec-LogosBible-2/_work/LogosDesktop/LogosDesktop/src/LDLS4/WebServiceClient.cs:line 199

Program Version: 52.1 (52.1.0.0002)
Time: 2026-07-30 06:28:40 -04:00 (2026-07-30T10:28:40Z)
Error building request (GET https://usereventsapi.logos.com/v1/events).
System.Net.Http.HttpRequestException: An error occurred while sending the request.
 ---> System.IO.IOException: Unable to read data from the transport connection: Operation timed out.
 ---> System.Net.Sockets.SocketException (60): Operation timed out
   at System.Net.Sockets.Socket.AwaitableSocketAsyncEventArgs.CreateException(SocketError error, Boolean forAsyncThrow)
   at System.Net.Sockets.NetworkStream.ReadAsync(Memory`1 buffer, CancellationToken cancellationToken)
   at System.Net.Security.SslStream.EnsureFullTlsFrameAsync[TIOAdapter](CancellationToken cancellationToken, Int32 estimatedSize)
   at System.Threading.ExecutionContext.RunInternal(ExecutionContext executionContext, ContextCallback callback, Object state)
   at System.Net.Sockets.SocketAsyncEngine.System.Threading.IThreadPoolWorkItem.Execute()
   at System.Threading.ThreadPoolWorkQueue.Dispatch()
   at System.Threading.PortableThreadPool.WorkerThread.WorkerThreadStart()
   at System.Threading.Thread.StartCallback()
--- End of stack trace from previous location ---

   --- End of inner exception stack trace ---
   at System.Net.Security.SslStream.EnsureFullTlsFrameAsync[TIOAdapter](CancellationToken cancellationToken, Int32 estimatedSize)
   at System.Runtime.CompilerServices.PoolingAsyncValueTaskMethodBuilder`1.StateMachineBox`1.System.Threading.Tasks.Sources.IValueTaskSource<TResult>.GetResult(Int16 token)
   at System.Net.Security.SslStream.ReadAsyncInternal[TIOAdapter](Memory`1 buffer, CancellationToken cancellationToken)
   at System.Runtime.CompilerServices.PoolingAsyncValueTaskMethodBuilder`1.StateMachineBox`1.System.Threading.Tasks.Sources.IValueTaskSource<TResult>.GetResult(Int16 token)
   at System.Net.Http.HttpConnection.<CheckUsabilityOnScavenge>g__ReadAheadWithZeroByteReadAsync|39_0()
   at System.Net.Http.HttpConnection.SendAsync(HttpRequestMessage request, Boolean async, CancellationToken cancellationToken)
   --- End of inner exception stack trace ---
   at System.Net.Http.HttpConnection.SendAsync(HttpRequestMessage request, Boolean async, CancellationToken cancellationToken)
   at System.Net.Http.HttpConnectionPool.SendWithVersionDetectionAndRetryAsync(HttpRequestMessage request, Boolean async, Boolean doRequestAuth, CancellationToken cancellationToken)
   at System.Net.Http.RedirectHandler.SendAsync(HttpRequestMessage request, Boolean async, CancellationToken cancellationToken)
   at System.Net.Http.DecompressionHandler.SendAsync(HttpRequestMessage request, Boolean async, CancellationToken cancellationToken)
   at Microsoft.Extensions.Http.Logging.LoggingHttpMessageHandler.<SendCoreAsync>g__Core|4_0(HttpRequestMessage request, Boolean useAsync, CancellationToken cancellationToken)
   at Libronix.Utility.Net.TimeoutHandler.SendAsync(HttpRequestMessage request, CancellationToken cancellationToken)
   at Microsoft.Extensions.Http.Logging.LoggingScopeHttpMessageHandler.<SendCoreAsync>g__Core|4_0(HttpRequestMessage request, Boolean useAsync, CancellationToken cancellationToken)
   at System.Net.Http.HttpClient.<SendAsync>g__Core|83_0(HttpRequestMessage request, HttpCompletionOption completionOption, CancellationTokenSource cts, Boolean disposeCts, CancellationTokenSource pendingRequestsCts, CancellationToken originalCancellationToken)
   at Libronix.Utility.Net.WebServiceRequestBase`1.GetResponseAsync(CancellationToken cancellationToken)

Program Version: 52.1 (52.1.0.0002)
Time: 2026-07-30 06:28:40 -04:00 (2026-07-30T10:28:40Z)
Error downloading user events.
Libronix.Utility.Net.WebServiceException: Error building request. Request: GET https://usereventsapi.logos.com/v1/events
 ---> System.Net.Http.HttpRequestException: An error occurred while sending the request.
 ---> System.IO.IOException: Unable to read data from the transport connection: Operation timed out.
 ---> System.Net.Sockets.SocketException (60): Operation timed out
   at System.Net.Sockets.Socket.AwaitableSocketAsyncEventArgs.CreateException(SocketError error, Boolean forAsyncThrow)
   at System.Net.Sockets.NetworkStream.ReadAsync(Memory`1 buffer, CancellationToken cancellationToken)
   at System.Net.Security.SslStream.EnsureFullTlsFrameAsync[TIOAdapter](CancellationToken cancellationToken, Int32 estimatedSize)
   at System.Threading.ExecutionContext.RunInternal(ExecutionContext executionContext, ContextCallback callback, Object state)
   at System.Net.Sockets.SocketAsyncEngine.System.Threading.IThreadPoolWorkItem.Execute()
   at System.Threading.ThreadPoolWorkQueue.Dispatch()
   at System.Threading.PortableThreadPool.WorkerThread.WorkerThreadStart()
   at System.Threading.Thread.StartCallback()
--- End of stack trace from previous location ---

   --- End of inner exception stack trace ---
   at System.Net.Security.SslStream.EnsureFullTlsFrameAsync[TIOAdapter](CancellationToken cancellationToken, Int32 estimatedSize)
   at System.Runtime.CompilerServices.PoolingAsyncValueTaskMethodBuilder`1.StateMachineBox`1.System.Threading.Tasks.Sources.IValueTaskSource<TResult>.GetResult(Int16 token)
   at System.Net.Security.SslStream.ReadAsyncInternal[TIOAdapter](Memory`1 buffer, CancellationToken cancellationToken)
   at System.Runtime.CompilerServices.PoolingAsyncValueTaskMethodBuilder`1.StateMachineBox`1.System.Threading.Tasks.Sources.IValueTaskSource<TResult>.GetResult(Int16 token)
   at System.Net.Http.HttpConnection.<CheckUsabilityOnScavenge>g__ReadAheadWithZeroByteReadAsync|39_0()
   at System.Net.Http.HttpConnection.SendAsync(HttpRequestMessage request, Boolean async, CancellationToken cancellationToken)
   --- End of inner exception stack trace ---
   at System.Net.Http.HttpConnection.SendAsync(HttpRequestMessage request, Boolean async, CancellationToken cancellationToken)
   at System.Net.Http.HttpConnectionPool.SendWithVersionDetectionAndRetryAsync(HttpRequestMessage request, Boolean async, Boolean doRequestAuth, CancellationToken cancellationToken)
   at System.Net.Http.RedirectHandler.SendAsync(HttpRequestMessage request, Boolean async, CancellationToken cancellationToken)
   at System.Net.Http.DecompressionHandler.SendAsync(HttpRequestMessage request, Boolean async, CancellationToken cancellationToken)
   at Microsoft.Extensions.Http.Logging.LoggingHttpMessageHandler.<SendCoreAsync>g__Core|4_0(HttpRequestMessage request, Boolean useAsync, CancellationToken cancellationToken)
   at Libronix.Utility.Net.TimeoutHandler.SendAsync(HttpRequestMessage request, CancellationToken cancellationToken)
   at Microsoft.Extensions.Http.Logging.LoggingScopeHttpMessageHandler.<SendCoreAsync>g__Core|4_0(HttpRequestMessage request, Boolean useAsync, CancellationToken cancellationToken)
   at System.Net.Http.HttpClient.<SendAsync>g__Core|83_0(HttpRequestMessage request, HttpCompletionOption completionOption, CancellationTokenSource cts, Boolean disposeCts, CancellationTokenSource pendingRequestsCts, CancellationToken originalCancellationToken)
   at Libronix.Utility.Net.WebServiceRequestBase`1.GetResponseAsync(CancellationToken cancellationToken)
   --- End of inner exception stack trace ---
   at Libronix.Utility.Net.WebServiceRequestBase`1.GetResponseAsync(CancellationToken cancellationToken)
   at Logos.UserEvents.Manager.UserEventManager.DoUpdate()

Program Version: 52.1 (52.1.0.0002)
Time: 2026-07-30 06:29:14 -04:00 (2026-07-30T10:29:14Z)
Couldn't download licenses file.
Libronix.Utility.Net.WebServiceException: Error building request. Request: GET https://licensesapi.logos.com/v5/licensesfile
 ---> System.Net.Http.HttpRequestException: An error occurred while sending the request.
 ---> System.IO.IOException: Unable to read data from the transport connection: Operation timed out.
 ---> System.Net.Sockets.SocketException (60): Operation timed out
   at System.Net.Sockets.Socket.AwaitableSocketAsyncEventArgs.CreateException(SocketError error, Boolean forAsyncThrow)
   at System.Net.Sockets.NetworkStream.ReadAsync(Memory`1 buffer, CancellationToken cancellationToken)
   at System.Net.Security.SslStream.EnsureFullTlsFrameAsync[TIOAdapter](CancellationToken cancellationToken, Int32 estimatedSize)
   at System.Threading.ExecutionContext.RunInternal(ExecutionContext executionContext, ContextCallback callback, Object state)
   at System.Net.Sockets.SocketAsyncEngine.System.Threading.IThreadPoolWorkItem.Execute()
   at System.Threading.ThreadPoolWorkQueue.Dispatch()
   at System.Threading.PortableThreadPool.WorkerThread.WorkerThreadStart()
   at System.Threading.Thread.StartCallback()
--- End of stack trace from previous location ---

   --- End of inner exception stack trace ---
   at System.Net.Security.SslStream.EnsureFullTlsFrameAsync[TIOAdapter](CancellationToken cancellationToken, Int32 estimatedSize)
   at System.Runtime.CompilerServices.PoolingAsyncValueTaskMethodBuilder`1.StateMachineBox`1.System.Threading.Tasks.Sources.IValueTaskSource<TResult>.GetResult(Int16 token)
   at System.Net.Security.SslStream.ReadAsyncInternal[TIOAdapter](Memory`1 buffer, CancellationToken cancellationToken)
   at System.Runtime.CompilerServices.PoolingAsyncValueTaskMethodBuilder`1.StateMachineBox`1.System.Threading.Tasks.Sources.IValueTaskSource<TResult>.GetResult(Int16 token)
   at System.Net.Http.HttpConnection.<CheckUsabilityOnScavenge>g__ReadAheadWithZeroByteReadAsync|39_0()
   at System.Net.Http.HttpConnection.SendAsync(HttpRequestMessage request, Boolean async, CancellationToken cancellationToken)
   --- End of inner exception stack trace ---
   at System.Net.Http.HttpConnection.SendAsync(HttpRequestMessage request, Boolean async, CancellationToken cancellationToken)
   at System.Net.Http.HttpConnectionPool.SendWithVersionDetectionAndRetryAsync(HttpRequestMessage request, Boolean async, Boolean doRequestAuth, CancellationToken cancellationToken)
   at System.Net.Http.RedirectHandler.SendAsync(HttpRequestMessage request, Boolean async, CancellationToken cancellationToken)
   at System.Net.Http.DecompressionHandler.SendAsync(HttpRequestMessage request, Boolean async, CancellationToken cancellationToken)
   at Microsoft.Extensions.Http.Logging.LoggingHttpMessageHandler.<SendCoreAsync>g__Core|4_0(HttpRequestMessage request, Boolean useAsync, CancellationToken cancellationToken)
   at Libronix.Utility.Net.TimeoutHandler.SendAsync(HttpRequestMessage request, CancellationToken cancellationToken)
   at Microsoft.Extensions.Http.Logging.LoggingScopeHttpMessageHandler.<SendCoreAsync>g__Core|4_0(HttpRequestMessage request, Boolean useAsync, CancellationToken cancellationToken)
   at System.Net.Http.HttpClient.<SendAsync>g__Core|83_0(HttpRequestMessage request, HttpCompletionOption completionOption, CancellationTokenSource cts, Boolean disposeCts, CancellationTokenSource pendingRequestsCts, CancellationToken originalCancellationToken)
   at Libronix.Utility.Net.WebServiceRequestBase`1.GetResponseAsync(CancellationToken cancellationToken)
   --- End of inner exception stack trace ---
   at Libronix.Utility.Net.WebServiceRequestBase`1.GetResponseAsync(CancellationToken cancellationToken)
   at Libronix.Utility.Net.WebServiceRequestBase`1.GetResponseAsync(IWorkState workState)
   at LDLS4.WebServiceClient.GetLicensesAsync(LicensesApiClient licensesApiClient, LicenseManager licenseManager, Boolean forceDownload, CancellationToken cancellationToken) in /Volumes/Code/ghe_actions-2.301.1/ghec-LogosBible-2/_work/LogosDesktop/LogosDesktop/src/LDLS4/WebServiceClient.cs:line 199

Program Version: 52.1 (52.1.0.0002)
Time: 2026-07-30 06:30:44 -04:00 (2026-07-30T10:30:44Z)
Error handling response (POST https://prefsapi.logos.com/v2/prefs/sync/up).
System.Net.Http.HttpRequestException: An error occurred while sending the request.
 ---> System.IO.IOException: Unable to read data from the transport connection: Operation timed out.
 ---> System.Net.Sockets.SocketException (60): Operation timed out
   at System.Net.Sockets.Socket.AwaitableSocketAsyncEventArgs.CreateException(SocketError error, Boolean forAsyncThrow)
   at System.Net.Sockets.NetworkStream.ReadAsync(Memory`1 buffer, CancellationToken cancellationToken)
   at System.Net.Security.SslStream.EnsureFullTlsFrameAsync[TIOAdapter](CancellationToken cancellationToken, Int32 estimatedSize)
   at System.Threading.ExecutionContext.RunInternal(ExecutionContext executionContext, ContextCallback callback, Object state)
   at System.Net.Sockets.SocketAsyncEngine.System.Threading.IThreadPoolWorkItem.Execute()
   at System.Threading.ThreadPoolWorkQueue.Dispatch()
   at System.Threading.PortableThreadPool.WorkerThread.WorkerThreadStart()
   at System.Threading.Thread.StartCallback()
--- End of stack trace from previous location ---

   --- End of inner exception stack trace ---
   at System.Net.Security.SslStream.EnsureFullTlsFrameAsync[TIOAdapter](CancellationToken cancellationToken, Int32 estimatedSize)
   at System.Runtime.CompilerServices.PoolingAsyncValueTaskMethodBuilder`1.StateMachineBox`1.System.Threading.Tasks.Sources.IValueTaskSource<TResult>.GetResult(Int16 token)
   at System.Net.Security.SslStream.ReadAsyncInternal[TIOAdapter](Memory`1 buffer, CancellationToken cancellationToken)
   at System.Runtime.CompilerServices.PoolingAsyncValueTaskMethodBuilder`1.StateMachineBox`1.System.Threading.Tasks.Sources.IValueTaskSource<TResult>.GetResult(Int16 token)
   at System.Net.Http.HttpConnection.<CheckUsabilityOnScavenge>g__ReadAheadWithZeroByteReadAsync|39_0()
   at System.Net.Http.HttpConnection.SendAsync(HttpRequestMessage request, Boolean async, CancellationToken cancellationToken)
   --- End of inner exception stack trace ---
   at System.Net.Http.HttpConnection.SendAsync(HttpRequestMessage request, Boolean async, CancellationToken cancellationToken)
   at System.Net.Http.HttpConnectionPool.SendWithVersionDetectionAndRetryAsync(HttpRequestMessage request, Boolean async, Boolean doRequestAuth, CancellationToken cancellationToken)
   at System.Net.Http.Metrics.MetricsHandler.SendAsync(HttpRequestMessage request, Boolean async, CancellationToken cancellationToken)
   at System.Net.Http.HttpMessageHandlerStage.Send(HttpRequestMessage request, CancellationToken cancellationToken)
   at System.Net.Http.RedirectHandler.SendAsync(HttpRequestMessage request, Boolean async, CancellationToken cancellationToken)
   at System.Net.Http.DecompressionHandler.SendAsync(HttpRequestMessage request, Boolean async, CancellationToken cancellationToken)
   at System.Net.Http.SocketsHttpHandler.Send(HttpRequestMessage request, CancellationToken cancellationToken)
   at Microsoft.Extensions.Http.Logging.LoggingHttpMessageHandler.<SendCoreAsync>g__Core|4_0(HttpRequestMessage request, Boolean useAsync, CancellationToken cancellationToken)
   at Microsoft.Extensions.Http.Logging.LoggingHttpMessageHandler.Send(HttpRequestMessage request, CancellationToken cancellationToken)
   at Microsoft.Extensions.Http.Logging.LoggingScopeHttpMessageHandler.<SendCoreAsync>g__Core|4_0(HttpRequestMessage request, Boolean useAsync, CancellationToken cancellationToken)
   at Microsoft.Extensions.Http.Logging.LoggingScopeHttpMessageHandler.Send(HttpRequestMessage request, CancellationToken cancellationToken)
   at System.Net.Http.HttpClient.Send(HttpRequestMessage request, HttpCompletionOption completionOption, CancellationToken cancellationToken)
   at Libronix.Utility.Net.WebServiceRequestBase`1.GetResponse(IWorkState workState)

Program Version: 52.1 (52.1.0.0002)
Time: 2026-07-30 07:13:33 -04:00 (2026-07-30T11:13:33Z)
Error building request (GET https://usereventsapi.logos.com/v1/events).
System.Net.Http.HttpRequestException: An error occurred while sending the request.
 ---> System.IO.IOException: Unable to read data from the transport connection: Operation timed out.
 ---> System.Net.Sockets.SocketException (60): Operation timed out
   at System.Net.Sockets.Socket.AwaitableSocketAsyncEventArgs.CreateException(SocketError error, Boolean forAsyncThrow)
   at System.Net.Sockets.NetworkStream.ReadAsync(Memory`1 buffer, CancellationToken cancellationToken)
   at System.Net.Security.SslStream.EnsureFullTlsFrameAsync[TIOAdapter](CancellationToken cancellationToken, Int32 estimatedSize)
   at System.Threading.ExecutionContext.RunInternal(ExecutionContext executionContext, ContextCallback callback, Object state)
   at System.Net.Sockets.SocketAsyncEngine.System.Threading.IThreadPoolWorkItem.Execute()
   at System.Threading.ThreadPoolWorkQueue.Dispatch()
   at System.Threading.PortableThreadPool.WorkerThread.WorkerThreadStart()
   at System.Threading.Thread.StartCallback()
--- End of stack trace from previous location ---

   --- End of inner exception stack trace ---
   at System.Net.Security.SslStream.EnsureFullTlsFrameAsync[TIOAdapter](CancellationToken cancellationToken, Int32 estimatedSize)
   at System.Runtime.CompilerServices.PoolingAsyncValueTaskMethodBuilder`1.StateMachineBox`1.System.Threading.Tasks.Sources.IValueTaskSource<TResult>.GetResult(Int16 token)
   at System.Net.Security.SslStream.ReadAsyncInternal[TIOAdapter](Memory`1 buffer, CancellationToken cancellationToken)
   at System.Runtime.CompilerServices.PoolingAsyncValueTaskMethodBuilder`1.StateMachineBox`1.System.Threading.Tasks.Sources.IValueTaskSource<TResult>.GetResult(Int16 token)
   at System.Net.Http.HttpConnection.<CheckUsabilityOnScavenge>g__ReadAheadWithZeroByteReadAsync|39_0()
   at System.Net.Http.HttpConnection.SendAsync(HttpRequestMessage request, Boolean async, CancellationToken cancellationToken)
   --- End of inner exception stack trace ---
   at System.Net.Http.HttpConnection.SendAsync(HttpRequestMessage request, Boolean async, CancellationToken cancellationToken)
   at System.Net.Http.HttpConnectionPool.SendWithVersionDetectionAndRetryAsync(HttpRequestMessage request, Boolean async, Boolean doRequestAuth, CancellationToken cancellationToken)
   at System.Net.Http.RedirectHandler.SendAsync(HttpRequestMessage request, Boolean async, CancellationToken cancellationToken)
   at System.Net.Http.DecompressionHandler.SendAsync(HttpRequestMessage request, Boolean async, CancellationToken cancellationToken)
   at Microsoft.Extensions.Http.Logging.LoggingHttpMessageHandler.<SendCoreAsync>g__Core|4_0(HttpRequestMessage request, Boolean useAsync, CancellationToken cancellationToken)
   at Libronix.Utility.Net.TimeoutHandler.SendAsync(HttpRequestMessage request, CancellationToken cancellationToken)
   at Microsoft.Extensions.Http.Logging.LoggingScopeHttpMessageHandler.<SendCoreAsync>g__Core|4_0(HttpRequestMessage request, Boolean useAsync, CancellationToken cancellationToken)
   at System.Net.Http.HttpClient.<SendAsync>g__Core|83_0(HttpRequestMessage request, HttpCompletionOption completionOption, CancellationTokenSource cts, Boolean disposeCts, CancellationTokenSource pendingRequestsCts, CancellationToken originalCancellationToken)
   at Libronix.Utility.Net.WebServiceRequestBase`1.GetResponseAsync(CancellationToken cancellationToken)

Program Version: 52.1 (52.1.0.0002)
Time: 2026-07-30 07:13:33 -04:00 (2026-07-30T11:13:33Z)
Error downloading user events.
Libronix.Utility.Net.WebServiceException: Error building request. Request: GET https://usereventsapi.logos.com/v1/events
 ---> System.Net.Http.HttpRequestException: An error occurred while sending the request.
 ---> System.IO.IOException: Unable to read data from the transport connection: Operation timed out.
 ---> System.Net.Sockets.SocketException (60): Operation timed out
   at System.Net.Sockets.Socket.AwaitableSocketAsyncEventArgs.CreateException(SocketError error, Boolean forAsyncThrow)
   at System.Net.Sockets.NetworkStream.ReadAsync(Memory`1 buffer, CancellationToken cancellationToken)
   at System.Net.Security.SslStream.EnsureFullTlsFrameAsync[TIOAdapter](CancellationToken cancellationToken, Int32 estimatedSize)
   at System.Threading.ExecutionContext.RunInternal(ExecutionContext executionContext, ContextCallback callback, Object state)
   at System.Net.Sockets.SocketAsyncEngine.System.Threading.IThreadPoolWorkItem.Execute()
   at System.Threading.ThreadPoolWorkQueue.Dispatch()
   at System.Threading.PortableThreadPool.WorkerThread.WorkerThreadStart()
   at System.Threading.Thread.StartCallback()
--- End of stack trace from previous location ---

   --- End of inner exception stack trace ---
   at System.Net.Security.SslStream.EnsureFullTlsFrameAsync[TIOAdapter](CancellationToken cancellationToken, Int32 estimatedSize)
   at System.Runtime.CompilerServices.PoolingAsyncValueTaskMethodBuilder`1.StateMachineBox`1.System.Threading.Tasks.Sources.IValueTaskSource<TResult>.GetResult(Int16 token)
   at System.Net.Security.SslStream.ReadAsyncInternal[TIOAdapter](Memory`1 buffer, CancellationToken cancellationToken)
   at System.Runtime.CompilerServices.PoolingAsyncValueTaskMethodBuilder`1.StateMachineBox`1.System.Threading.Tasks.Sources.IValueTaskSource<TResult>.GetResult(Int16 token)
   at System.Net.Http.HttpConnection.<CheckUsabilityOnScavenge>g__ReadAheadWithZeroByteReadAsync|39_0()
   at System.Net.Http.HttpConnection.SendAsync(HttpRequestMessage request, Boolean async, CancellationToken cancellationToken)
   --- End of inner exception stack trace ---
   at System.Net.Http.HttpConnection.SendAsync(HttpRequestMessage request, Boolean async, CancellationToken cancellationToken)
   at System.Net.Http.HttpConnectionPool.SendWithVersionDetectionAndRetryAsync(HttpRequestMessage request, Boolean async, Boolean doRequestAuth, CancellationToken cancellationToken)
   at System.Net.Http.RedirectHandler.SendAsync(HttpRequestMessage request, Boolean async, CancellationToken cancellationToken)
   at System.Net.Http.DecompressionHandler.SendAsync(HttpRequestMessage request, Boolean async, CancellationToken cancellationToken)
   at Microsoft.Extensions.Http.Logging.LoggingHttpMessageHandler.<SendCoreAsync>g__Core|4_0(HttpRequestMessage request, Boolean useAsync, CancellationToken cancellationToken)
   at Libronix.Utility.Net.TimeoutHandler.SendAsync(HttpRequestMessage request, CancellationToken cancellationToken)
   at Microsoft.Extensions.Http.Logging.LoggingScopeHttpMessageHandler.<SendCoreAsync>g__Core|4_0(HttpRequestMessage request, Boolean useAsync, CancellationToken cancellationToken)
   at System.Net.Http.HttpClient.<SendAsync>g__Core|83_0(HttpRequestMessage request, HttpCompletionOption completionOption, CancellationTokenSource cts, Boolean disposeCts, CancellationTokenSource pendingRequestsCts, CancellationToken originalCancellationToken)
   at Libronix.Utility.Net.WebServiceRequestBase`1.GetResponseAsync(CancellationToken cancellationToken)
   --- End of inner exception stack trace ---
   at Libronix.Utility.Net.WebServiceRequestBase`1.GetResponseAsync(CancellationToken cancellationToken)
   at Logos.UserEvents.Manager.UserEventManager.DoUpdate()

Program Version: 52.1 (52.1.0.0002)
Time: 2026-07-30 07:14:11 -04:00 (2026-07-30T11:14:11Z)
Couldn't download licenses file.
Libronix.Utility.Net.WebServiceException: Error building request. Request: GET https://licensesapi.logos.com/v5/licensesfile
 ---> System.Net.Http.HttpRequestException: An error occurred while sending the request.
 ---> System.IO.IOException: Unable to read data from the transport connection: Operation timed out.
 ---> System.Net.Sockets.SocketException (60): Operation timed out
   at System.Net.Sockets.Socket.AwaitableSocketAsyncEventArgs.CreateException(SocketError error, Boolean forAsyncThrow)
   at System.Net.Sockets.NetworkStream.ReadAsync(Memory`1 buffer, CancellationToken cancellationToken)
   at System.Net.Security.SslStream.EnsureFullTlsFrameAsync[TIOAdapter](CancellationToken cancellationToken, Int32 estimatedSize)
   at System.Threading.ExecutionContext.RunInternal(ExecutionContext executionContext, ContextCallback callback, Object state)
   at System.Net.Sockets.SocketAsyncEngine.System.Threading.IThreadPoolWorkItem.Execute()
   at System.Threading.ThreadPoolWorkQueue.Dispatch()
   at System.Threading.PortableThreadPool.WorkerThread.WorkerThreadStart()
   at System.Threading.Thread.StartCallback()
--- End of stack trace from previous location ---

   --- End of inner exception stack trace ---
   at System.Net.Security.SslStream.EnsureFullTlsFrameAsync[TIOAdapter](CancellationToken cancellationToken, Int32 estimatedSize)
   at System.Runtime.CompilerServices.PoolingAsyncValueTaskMethodBuilder`1.StateMachineBox`1.System.Threading.Tasks.Sources.IValueTaskSource<TResult>.GetResult(Int16 token)
   at System.Net.Security.SslStream.ReadAsyncInternal[TIOAdapter](Memory`1 buffer, CancellationToken cancellationToken)
   at System.Runtime.CompilerServices.PoolingAsyncValueTaskMethodBuilder`1.StateMachineBox`1.System.Threading.Tasks.Sources.IValueTaskSource<TResult>.GetResult(Int16 token)
   at System.Net.Http.HttpConnection.<CheckUsabilityOnScavenge>g__ReadAheadWithZeroByteReadAsync|39_0()
   at System.Net.Http.HttpConnection.SendAsync(HttpRequestMessage request, Boolean async, CancellationToken cancellationToken)
   --- End of inner exception stack trace ---
   at System.Net.Http.HttpConnection.SendAsync(HttpRequestMessage request, Boolean async, CancellationToken cancellationToken)
   at System.Net.Http.HttpConnectionPool.SendWithVersionDetectionAndRetryAsync(HttpRequestMessage request, Boolean async, Boolean doRequestAuth, CancellationToken cancellationToken)
   at System.Net.Http.RedirectHandler.SendAsync(HttpRequestMessage request, Boolean async, CancellationToken cancellationToken)
   at System.Net.Http.DecompressionHandler.SendAsync(HttpRequestMessage request, Boolean async, CancellationToken cancellationToken)
   at Microsoft.Extensions.Http.Logging.LoggingHttpMessageHandler.<SendCoreAsync>g__Core|4_0(HttpRequestMessage request, Boolean useAsync, CancellationToken cancellationToken)
   at Libronix.Utility.Net.TimeoutHandler.SendAsync(HttpRequestMessage request, CancellationToken cancellationToken)
   at Microsoft.Extensions.Http.Logging.LoggingScopeHttpMessageHandler.<SendCoreAsync>g__Core|4_0(HttpRequestMessage request, Boolean useAsync, CancellationToken cancellationToken)
   at System.Net.Http.HttpClient.<SendAsync>g__Core|83_0(HttpRequestMessage request, HttpCompletionOption completionOption, CancellationTokenSource cts, Boolean disposeCts, CancellationTokenSource pendingRequestsCts, CancellationToken originalCancellationToken)
   at Libronix.Utility.Net.WebServiceRequestBase`1.GetResponseAsync(CancellationToken cancellationToken)
   --- End of inner exception stack trace ---
   at Libronix.Utility.Net.WebServiceRequestBase`1.GetResponseAsync(CancellationToken cancellationToken)
   at Libronix.Utility.Net.WebServiceRequestBase`1.GetResponseAsync(IWorkState workState)
   at LDLS4.WebServiceClient.GetLicensesAsync(LicensesApiClient licensesApiClient, LicenseManager licenseManager, Boolean forceDownload, CancellationToken cancellationToken) in /Volumes/Code/ghe_actions-2.301.1/ghec-LogosBible-2/_work/LogosDesktop/LogosDesktop/src/LDLS4/WebServiceClient.cs:line 199

Program Version: 52.1 (52.1.0.0002)
Time: 2026-07-30 07:15:56 -04:00 (2026-07-30T11:15:56Z)
Error handling response (POST https://prefsapi.logos.com/v2/prefs/sync/up).
System.Net.Http.HttpRequestException: An error occurred while sending the request.
 ---> System.IO.IOException: Unable to read data from the transport connection: Operation timed out.
 ---> System.Net.Sockets.SocketException (60): Operation timed out
   at System.Net.Sockets.Socket.AwaitableSocketAsyncEventArgs.CreateException(SocketError error, Boolean forAsyncThrow)
   at System.Net.Sockets.NetworkStream.ReadAsync(Memory`1 buffer, CancellationToken cancellationToken)
   at System.Net.Security.SslStream.EnsureFullTlsFrameAsync[TIOAdapter](CancellationToken cancellationToken, Int32 estimatedSize)
   at System.Threading.ExecutionContext.RunInternal(ExecutionContext executionContext, ContextCallback callback, Object state)
   at System.Net.Sockets.SocketAsyncEngine.System.Threading.IThreadPoolWorkItem.Execute()
   at System.Threading.ThreadPoolWorkQueue.Dispatch()
   at System.Threading.PortableThreadPool.WorkerThread.WorkerThreadStart()
   at System.Threading.Thread.StartCallback()
--- End of stack trace from previous location ---

   --- End of inner exception stack trace ---
   at System.Net.Security.SslStream.EnsureFullTlsFrameAsync[TIOAdapter](CancellationToken cancellationToken, Int32 estimatedSize)
   at System.Runtime.CompilerServices.PoolingAsyncValueTaskMethodBuilder`1.StateMachineBox`1.System.Threading.Tasks.Sources.IValueTaskSource<TResult>.GetResult(Int16 token)
   at System.Net.Security.SslStream.ReadAsyncInternal[TIOAdapter](Memory`1 buffer, CancellationToken cancellationToken)
   at System.Runtime.CompilerServices.PoolingAsyncValueTaskMethodBuilder`1.StateMachineBox`1.System.Threading.Tasks.Sources.IValueTaskSource<TResult>.GetResult(Int16 token)
   at System.Net.Http.HttpConnection.<CheckUsabilityOnScavenge>g__ReadAheadWithZeroByteReadAsync|39_0()
   at System.Net.Http.HttpConnection.SendAsync(HttpRequestMessage request, Boolean async, CancellationToken cancellationToken)
   --- End of inner exception stack trace ---
   at System.Net.Http.HttpConnection.SendAsync(HttpRequestMessage request, Boolean async, CancellationToken cancellationToken)
   at System.Net.Http.HttpConnectionPool.SendWithVersionDetectionAndRetryAsync(HttpRequestMessage request, Boolean async, Boolean doRequestAuth, CancellationToken cancellationToken)
   at System.Net.Http.Metrics.MetricsHandler.SendAsync(HttpRequestMessage request, Boolean async, CancellationToken cancellationToken)
   at System.Net.Http.HttpMessageHandlerStage.Send(HttpRequestMessage request, CancellationToken cancellationToken)
   at System.Net.Http.RedirectHandler.SendAsync(HttpRequestMessage request, Boolean async, CancellationToken cancellationToken)
   at System.Net.Http.DecompressionHandler.SendAsync(HttpRequestMessage request, Boolean async, CancellationToken cancellationToken)
   at System.Net.Http.SocketsHttpHandler.Send(HttpRequestMessage request, CancellationToken cancellationToken)
   at Microsoft.Extensions.Http.Logging.LoggingHttpMessageHandler.<SendCoreAsync>g__Core|4_0(HttpRequestMessage request, Boolean useAsync, CancellationToken cancellationToken)
   at Microsoft.Extensions.Http.Logging.LoggingHttpMessageHandler.Send(HttpRequestMessage request, CancellationToken cancellationToken)
   at Microsoft.Extensions.Http.Logging.LoggingScopeHttpMessageHandler.<SendCoreAsync>g__Core|4_0(HttpRequestMessage request, Boolean useAsync, CancellationToken cancellationToken)
   at Microsoft.Extensions.Http.Logging.LoggingScopeHttpMessageHandler.Send(HttpRequestMessage request, CancellationToken cancellationToken)
   at System.Net.Http.HttpClient.Send(HttpRequestMessage request, HttpCompletionOption completionOption, CancellationToken cancellationToken)
   at Libronix.Utility.Net.WebServiceRequestBase`1.GetResponse(IWorkState workState)

Program Version: 52.1 (52.1.0.0002)
Time: 2026-07-30 09:26:20 -04:00 (2026-07-30T13:26:20Z)
Exception thrown in web browser interop request handler 'logos.hybrid-ui.runProxiedFunction': Function 0 not found

Program Version: 52.1 (52.1.0.0002)
Time: 2026-07-30 10:22:06 -04:00 (2026-07-30T14:22:06Z)
Couldn't download licenses file.
Libronix.Utility.Net.WebServiceException: Error building request. Request: GET https://licensesapi.logos.com/v5/licensesfile
 ---> System.Net.Http.HttpRequestException: An error occurred while sending the request.
 ---> System.IO.IOException: The encryption operation failed, see inner exception.
 ---> System.ComponentModel.Win32Exception (14): Bad address
   --- End of inner exception stack trace ---
   at System.Net.Security.SslStream.WriteAsyncInternal[TIOAdapter](ReadOnlyMemory`1 buffer, CancellationToken cancellationToken)
   at System.Net.Http.HttpConnection.FlushAsync(Boolean async)
   at System.Net.Http.HttpConnection.SendAsync(HttpRequestMessage request, Boolean async, CancellationToken cancellationToken)
   at System.Net.Http.HttpConnection.SendAsync(HttpRequestMessage request, Boolean async, CancellationToken cancellationToken)
   at System.Net.Http.HttpConnectionPool.SendWithVersionDetectionAndRetryAsync(HttpRequestMessage request, Boolean async, Boolean doRequestAuth, CancellationToken cancellationToken)
   at System.Net.Http.HttpConnectionPoolManager.SendAsync(HttpRequestMessage request, Boolean async, Boolean doRequestAuth, CancellationToken cancellationToken)
   at System.Net.Http.HttpMessageHandlerStage.SendAsync(HttpRequestMessage request, CancellationToken cancellationToken)
   at System.Net.Http.RedirectHandler.SendAsync(HttpRequestMessage request, Boolean async, CancellationToken cancellationToken)
   at System.Runtime.CompilerServices.AsyncMethodBuilderCore.Start[TStateMachine](TStateMachine& stateMachine)
   at System.Net.Http.DecompressionHandler.SendAsync(HttpRequestMessage request, Boolean async, CancellationToken cancellationToken)
   at System.Net.Http.DecompressionHandler.SendAsync(HttpRequestMessage request, Boolean async, CancellationToken cancellationToken)
   at System.Net.Http.SocketsHttpHandler.SendAsync(HttpRequestMessage request, CancellationToken cancellationToken)
   at Microsoft.Extensions.Http.Logging.LoggingHttpMessageHandler.<SendCoreAsync>g__Core|4_0(HttpRequestMessage request, Boolean useAsync, CancellationToken cancellationToken)
   at System.Runtime.CompilerServices.AsyncMethodBuilderCore.Start[TStateMachine](TStateMachine& stateMachine)
   at Libronix.Utility.Net.TimeoutHandler.SendAsync(HttpRequestMessage request, CancellationToken cancellationToken)
   at Libronix.Utility.Net.TimeoutHandler.SendAsync(HttpRequestMessage request, CancellationToken cancellationToken)
   at Microsoft.Extensions.Http.Logging.LoggingScopeHttpMessageHandler.<SendCoreAsync>g__Core|4_0(HttpRequestMessage request, Boolean useAsync, CancellationToken cancellationToken)
   at Microsoft.Extensions.Http.Logging.LoggingScopeHttpMessageHandler.SendAsync(HttpRequestMessage request, CancellationToken cancellationToken)
   at System.Net.Http.DelegatingHandler.SendAsync(HttpRequestMessage request, CancellationToken cancellationToken)
   at System.Net.Http.HttpClient.<SendAsync>g__Core|83_0(HttpRequestMessage request, HttpCompletionOption completionOption, CancellationTokenSource cts, Boolean disposeCts, CancellationTokenSource pendingRequestsCts, CancellationToken originalCancellationToken)
   at System.Runtime.CompilerServices.AsyncMethodBuilderCore.Start[TStateMachine](TStateMachine& stateMachine)
   at Libronix.Utility.Net.WebServiceRequestBase`1.GetResponseAsync(CancellationToken cancellationToken)
   at System.Runtime.CompilerServices.AsyncMethodBuilderCore.Start[TStateMachine](TStateMachine& stateMachine)
   at Libronix.Utility.Net.WebServiceRequestBase`1.GetResponseAsync(IWorkState workState)
   at LDLS4.WebServiceClient.GetLicensesAsync(LicensesApiClient licensesApiClient, LicenseManager licenseManager, Boolean forceDownload, CancellationToken cancellationToken)
   at System.Runtime.CompilerServices.AsyncMethodBuilderCore.Start[TStateMachine](TStateMachine& stateMachine)
   at LDLS4.WebServiceClient.GetLicensesIfUpdatedAsync(AsyncMethodContext context, LicenseManager licenseManager, Action`1 callback) in /Volumes/Code/ghe_actions-2.301.1/ghec-LogosBible-2/_work/LogosDesktop/LogosDesktop/src/LDLS4/WebServiceClient.cs:line 753
   at System.Threading.ExecutionContext.RunInternal(ExecutionContext executionContext, ContextCallback callback, Object state)
   at System.Runtime.CompilerServices.AsyncTaskMethodBuilder`1.AsyncStateMachineBox`1.MoveNext()
   at System.Threading.ExecutionContext.RunInternal(ExecutionContext executionContext, ContextCallback callback, Object state)
   at System.Threading.TimerQueue.FireNextTimers()
   at System.Threading.ThreadPoolWorkQueue.Dispatch()
   at System.Threading.PortableThreadPool.WorkerThread.WorkerThreadStart()
   at System.Threading.Thread.StartCallback()
--- End of stack trace from previous location ---
   at System.Net.Security.SslStream.WriteAsyncInternal[TIOAdapter](ReadOnlyMemory`1 buffer, CancellationToken cancellationToken)
   at System.Net.Http.HttpConnection.SendAsync(HttpRequestMessage request, Boolean async, CancellationToken cancellationToken)
   --- End of inner exception stack trace ---
   at System.Net.Http.HttpConnection.SendAsync(HttpRequestMessage request, Boolean async, CancellationToken cancellationToken)
   at System.Net.Http.HttpConnectionPool.SendWithVersionDetectionAndRetryAsync(HttpRequestMessage request, Boolean async, Boolean doRequestAuth, CancellationToken cancellationToken)
   at System.Net.Http.RedirectHandler.SendAsync(HttpRequestMessage request, Boolean async, CancellationToken cancellationToken)
   at System.Net.Http.DecompressionHandler.SendAsync(HttpRequestMessage request, Boolean async, CancellationToken cancellationToken)
   at Microsoft.Extensions.Http.Logging.LoggingHttpMessageHandler.<SendCoreAsync>g__Core|4_0(HttpRequestMessage request, Boolean useAsync, CancellationToken cancellationToken)
   at Libronix.Utility.Net.TimeoutHandler.SendAsync(HttpRequestMessage request, CancellationToken cancellationToken)
   at Microsoft.Extensions.Http.Logging.LoggingScopeHttpMessageHandler.<SendCoreAsync>g__Core|4_0(HttpRequestMessage request, Boolean useAsync, CancellationToken cancellationToken)
   at System.Net.Http.HttpClient.<SendAsync>g__Core|83_0(HttpRequestMessage request, HttpCompletionOption completionOption, CancellationTokenSource cts, Boolean disposeCts, CancellationTokenSource pendingRequestsCts, CancellationToken originalCancellationToken)
   at Libronix.Utility.Net.WebServiceRequestBase`1.GetResponseAsync(CancellationToken cancellationToken)
   --- End of inner exception stack trace ---
   at Libronix.Utility.Net.WebServiceRequestBase`1.GetResponseAsync(CancellationToken cancellationToken)
   at Libronix.Utility.Net.WebServiceRequestBase`1.GetResponseAsync(IWorkState workState)
   at LDLS4.WebServiceClient.GetLicensesAsync(LicensesApiClient licensesApiClient, LicenseManager licenseManager, Boolean forceDownload, CancellationToken cancellationToken) in /Volumes/Code/ghe_actions-2.301.1/ghec-LogosBible-2/_work/LogosDesktop/LogosDesktop/src/LDLS4/WebServiceClient.cs:line 199

Program Version: 52.1 (52.1.0.0002)
Time: 2026-07-30 10:29:03 -04:00 (2026-07-30T14:29:03Z)
Error handling response (POST https://prefsapi.logos.com/v2/prefs/sync/up).
System.Net.Http.HttpRequestException: An error occurred while sending the request.
 ---> System.IO.IOException: Unable to read data from the transport connection: Operation timed out.
 ---> System.Net.Sockets.SocketException (60): Operation timed out
   at System.Net.Sockets.Socket.AwaitableSocketAsyncEventArgs.CreateException(SocketError error, Boolean forAsyncThrow)
   at System.Net.Sockets.NetworkStream.ReadAsync(Memory`1 buffer, CancellationToken cancellationToken)
   at System.Net.Security.SslStream.EnsureFullTlsFrameAsync[TIOAdapter](CancellationToken cancellationToken, Int32 estimatedSize)
   at System.Threading.ExecutionContext.RunInternal(ExecutionContext executionContext, ContextCallback callback, Object state)
   at System.Net.Sockets.SocketAsyncEngine.System.Threading.IThreadPoolWorkItem.Execute()
   at System.Threading.ThreadPoolWorkQueue.Dispatch()
   at System.Threading.PortableThreadPool.WorkerThread.WorkerThreadStart()
   at System.Threading.Thread.StartCallback()
--- End of stack trace from previous location ---

   --- End of inner exception stack trace ---
   at System.Net.Security.SslStream.EnsureFullTlsFrameAsync[TIOAdapter](CancellationToken cancellationToken, Int32 estimatedSize)
   at System.Runtime.CompilerServices.PoolingAsyncValueTaskMethodBuilder`1.StateMachineBox`1.System.Threading.Tasks.Sources.IValueTaskSource<TResult>.GetResult(Int16 token)
   at System.Net.Security.SslStream.ReadAsyncInternal[TIOAdapter](Memory`1 buffer, CancellationToken cancellationToken)
   at System.Runtime.CompilerServices.PoolingAsyncValueTaskMethodBuilder`1.StateMachineBox`1.System.Threading.Tasks.Sources.IValueTaskSource<TResult>.GetResult(Int16 token)
   at System.Net.Http.HttpConnection.<CheckUsabilityOnScavenge>g__ReadAheadWithZeroByteReadAsync|39_0()
   at System.Net.Http.HttpConnection.SendAsync(HttpRequestMessage request, Boolean async, CancellationToken cancellationToken)
   --- End of inner exception stack trace ---
   at System.Net.Http.HttpConnection.SendAsync(HttpRequestMessage request, Boolean async, CancellationToken cancellationToken)
   at System.Net.Http.HttpConnectionPool.SendWithVersionDetectionAndRetryAsync(HttpRequestMessage request, Boolean async, Boolean doRequestAuth, CancellationToken cancellationToken)
   at System.Net.Http.Metrics.MetricsHandler.SendAsync(HttpRequestMessage request, Boolean async, CancellationToken cancellationToken)
   at System.Net.Http.HttpMessageHandlerStage.Send(HttpRequestMessage request, CancellationToken cancellationToken)
   at System.Net.Http.RedirectHandler.SendAsync(HttpRequestMessage request, Boolean async, CancellationToken cancellationToken)
   at System.Net.Http.DecompressionHandler.SendAsync(HttpRequestMessage request, Boolean async, CancellationToken cancellationToken)
   at System.Net.Http.SocketsHttpHandler.Send(HttpRequestMessage request, CancellationToken cancellationToken)
   at Microsoft.Extensions.Http.Logging.LoggingHttpMessageHandler.<SendCoreAsync>g__Core|4_0(HttpRequestMessage request, Boolean useAsync, CancellationToken cancellationToken)
   at Microsoft.Extensions.Http.Logging.LoggingHttpMessageHandler.Send(HttpRequestMessage request, CancellationToken cancellationToken)
   at Microsoft.Extensions.Http.Logging.LoggingScopeHttpMessageHandler.<SendCoreAsync>g__Core|4_0(HttpRequestMessage request, Boolean useAsync, CancellationToken cancellationToken)
   at Microsoft.Extensions.Http.Logging.LoggingScopeHttpMessageHandler.Send(HttpRequestMessage request, CancellationToken cancellationToken)
   at System.Net.Http.HttpClient.Send(HttpRequestMessage request, HttpCompletionOption completionOption, CancellationToken cancellationToken)
   at Libronix.Utility.Net.WebServiceRequestBase`1.GetResponse(IWorkState workState)
