
2026-08-12 14:21:56 Martins-MacBook-Pro syslogd[382] <Notice>: ASL Sender Statistics
2026-08-12 14:32:53 Martins-MacBook-Pro syslogd[382] <Notice>: ASL Sender Statistics
2026-08-12 14:43:56 Martins-MacBook-Pro syslogd[382] <Notice>: ASL Sender Statistics
2026-08-12 14:54:57 Martins-MacBook-Pro syslogd[382] <Notice>: ASL Sender Statistics
2026-08-12 15:06:08 Martins-MacBook-Pro syslogd[382] <Notice>: ASL Sender Statistics
2026-08-12 15:16:08 Martins-MacBook-Pro syslogd[382] <Notice>: ASL Sender Statistics
2026-08-12 15:26:08 Martins-MacBook-Pro syslogd[382] <Notice>: ASL Sender Statistics
2026-08-12 15:36:08 Martins-MacBook-Pro syslogd[382] <Notice>: ASL Sender Statistics
2026-08-12 15:46:10 Martins-MacBook-Pro syslogd[382] <Notice>: ASL Sender Statistics
2026-08-12 15:56:41 Martins-MacBook-Pro syslogd[382] <Notice>: ASL Sender Statistics
2026-08-12 16:07:13 Martins-MacBook-Pro syslogd[382] <Notice>: ASL Sender Statistics
2026-08-12 16:17:23 Martins-MacBook-Pro syslogd[382] <Notice>: ASL Sender Statistics
2026-08-12 16:27:45 Martins-MacBook-Pro syslogd[382] <Notice>: ASL Sender Statistics
2026-08-12 16:38:14 Martins-MacBook-Pro syslogd[382] <Notice>: ASL Sender Statistics
2026-08-12 16:49:26 Martins-MacBook-Pro syslogd[382] <Notice>: ASL Sender Statistics
2026-08-12 17:00:00 Martins-MacBook-Pro syslogd[382] <Notice>: ASL Sender Statistics
2026-08-12 17:11:00 Martins-MacBook-Pro syslogd[382] <Notice>: ASL Sender Statistics
2026-08-12 17:21:01 Martins-MacBook-Pro syslogd[382] <Notice>: ASL Sender Statistics
2026-08-12 17:32:18 Martins-MacBook-Pro syslogd[382] <Notice>: ASL Sender Statistics
2026-08-12 17:43:25 Martins-MacBook-Pro syslogd[382] <Notice>: ASL Sender Statistics
2026-08-12 18:02:38 Martins-MacBook-Pro syslogd[382] <Notice>: ASL Sender Statistics
2026-08-12 18:18:44 Martins-MacBook-Pro syslogd[382] <Notice>: ASL Sender Statistics
2026-08-12 18:28:45 Martins-MacBook-Pro syslogd[382] <Notice>: ASL Sender Statistics
2026-08-12 18:38:45 Martins-MacBook-Pro syslogd[382] <Notice>: ASL Sender Statistics
2026-08-12 18:49:01 Martins-MacBook-Pro syslogd[382] <Notice>: ASL Sender Statistics
2026-08-12 18:59:25 Martins-MacBook-Pro syslogd[382] <Notice>: ASL Sender Statistics
2026-08-12 19:09:29 Martins-MacBook-Pro syslogd[382] <Notice>: ASL Sender Statistics
2026-08-12 19:19:49 Martins-MacBook-Pro syslogd[382] <Notice>: ASL Sender Statistics
2026-08-12 19:37:22 Martins-MacBook-Pro syslogd[382] <Notice>: ASL Sender Statistics
2026-08-12 19:55:21 Martins-MacBook-Pro syslogd[382] <Notice>: ASL Sender Statistics
2026-08-12 20:05:30 Martins-MacBook-Pro syslogd[382] <Notice>: ASL Sender Statistics
2026-08-12 20:23:50 Martins-MacBook-Pro syslogd[382] <Notice>: ASL Sender Statistics
2026-08-12 20:41:15 Martins-MacBook-Pro syslogd[382] <Notice>: ASL Sender Statistics
2026-08-12 20:58:32 Martins-MacBook-Pro syslogd[382] <Notice>: ASL Sender Statistics
2026-08-12 21:10:30 Martins-MacBook-Pro syslogd[382] <Notice>: ASL Sender Statistics
2026-08-12 21:26:46 Martins-MacBook-Pro syslogd[382] <Notice>: ASL Sender Statistics
2026-08-12 21:45:30 Martins-MacBook-Pro syslogd[382] <Notice>: ASL Sender Statistics
2026-08-12 21:45:30 Martins-MacBook-Pro syslogd[382] <Notice>: Configuration Notice:
ASL Module "com.apple.cdscheduler" claims selected messages.
Those messages may not appear in standard system log files or in the ASL database.
2026-08-12 21:45:30 Martins-MacBook-Pro syslogd[382] <Notice>: Configuration Notice:
ASL Module "com.apple.install" claims selected messages.
Those messages may not appear in standard system log files or in the ASL database.
2026-08-12 21:45:30 Martins-MacBook-Pro syslogd[382] <Notice>: Configuration Notice:
ASL Module "com.apple.authd" sharing output destination "/var/log/asl" with ASL Module "com.apple.asl".
Output parameters from ASL Module "com.apple.asl" override any specified in ASL Module "com.apple.authd".
2026-08-12 21:45:30 Martins-MacBook-Pro syslogd[382] <Notice>: Configuration Notice:
ASL Module "com.apple.authd" sharing output destination "/var/log/system.log" with ASL Module "com.apple.asl".
Output parameters from ASL Module "com.apple.asl" override any specified in ASL Module "com.apple.authd".
2026-08-12 21:45:30 Martins-MacBook-Pro syslogd[382] <Notice>: Configuration Notice:
ASL Module "com.apple.authd" claims selected messages.
Those messages may not appear in standard system log files or in the ASL database.
2026-08-12 21:45:30 Martins-MacBook-Pro syslogd[382] <Notice>: Configuration Notice:
ASL Module "com.apple.eventmonitor" claims selected messages.
Those messages may not appear in standard system log files or in the ASL database.
2026-08-12 21:45:30 Martins-MacBook-Pro syslogd[382] <Notice>: Configuration Notice:
ASL Module "com.apple.mail" claims selected messages.
Those messages may not appear in standard system log files or in the ASL database.
2026-08-12 21:45:30 Martins-MacBook-Pro syslogd[382] <Notice>: Configuration Notice:
ASL Module "com.apple.performance" claims selected messages.
Those messages may not appear in standard system log files or in the ASL database.
2026-08-12 21:45:30 Martins-MacBook-Pro syslogd[382] <Notice>: Configuration Notice:
ASL Module "com.apple.iokit.power" claims selected messages.
Those messages may not appear in standard system log files or in the ASL database.
2026-08-12 21:45:30 Martins-MacBook-Pro syslogd[382] <Notice>: Configuration Notice:
ASL Module "com.apple.contacts.ContactsAutocomplete" claims selected messages.
Those messages may not appear in standard system log files or in the ASL database.
2026-08-12 21:45:30 Martins-MacBook-Pro syslogd[382] <Notice>: Configuration Notice:
ASL Module "com.apple.mkb" sharing output destination "/private/var/log/keybagd.log" with ASL Module "com.apple.mkb.internal".
Output parameters from ASL Module "com.apple.mkb.internal" override any specified in ASL Module "com.apple.mkb".
2026-08-12 21:45:30 Martins-MacBook-Pro syslogd[382] <Notice>: Configuration Notice:
ASL Module "com.apple.mkb" claims selected messages.
Those messages may not appear in standard system log files or in the ASL database.
2026-08-12 21:45:30 Martins-MacBook-Pro syslogd[382] <Notice>: Configuration Notice:
ASL Module "com.apple.MessageTracer" claims selected messages.
Those messages may not appear in standard system log files or in the ASL database.
2026-08-12 22:05:34 Martins-MacBook-Pro syslogd[382] <Notice>: ASL Sender Statistics
2026-08-12 22:28:20 Martins-MacBook-Pro syslogd[382] <Notice>: ASL Sender Statistics
2026-08-12 22:47:15 Martins-MacBook-Pro syslogd[382] <Notice>: ASL Sender Statistics
2026-08-12 23:05:24 Martins-MacBook-Pro syslogd[382] <Notice>: ASL Sender Statistics
2026-08-12 23:28:17 Martins-MacBook-Pro syslogd[382] <Notice>: ASL Sender Statistics
2026-08-12 23:47:51 Martins-MacBook-Pro syslogd[382] <Notice>: ASL Sender Statistics
2026-08-13 00:03:52 Martins-MacBook-Pro syslogd[382] <Notice>: ASL Sender Statistics
2026-08-13 00:14:00 Martins-MacBook-Pro syslogd[382] <Notice>: ASL Sender Statistics
2026-08-13 00:30:05 Martins-MacBook-Pro syslogd[382] <Notice>: ASL Sender Statistics
2026-08-13 00:48:40 Martins-MacBook-Pro syslogd[382] <Notice>: ASL Sender Statistics
2026-08-13 01:06:48 Martins-MacBook-Pro syslogd[382] <Notice>: ASL Sender Statistics
2026-08-13 01:28:22 Martins-MacBook-Pro syslogd[382] <Notice>: ASL Sender Statistics
2026-08-13 01:46:57 Martins-MacBook-Pro syslogd[382] <Notice>: ASL Sender Statistics
2026-08-13 02:05:20 Martins-MacBook-Pro syslogd[382] <Notice>: ASL Sender Statistics
2026-08-13 02:15:33 Martins-MacBook-Pro syslogd[382] <Notice>: ASL Sender Statistics
2026-08-13 02:32:36 Martins-MacBook-Pro syslogd[382] <Notice>: ASL Sender Statistics
2026-08-13 02:42:37 Martins-MacBook-Pro syslogd[382] <Notice>: ASL Sender Statistics
2026-08-13 03:01:20 Martins-MacBook-Pro syslogd[382] <Notice>: ASL Sender Statistics
2026-08-13 03:11:44 Martins-MacBook-Pro syslogd[382] <Notice>: ASL Sender Statistics
2026-08-13 03:21:46 Martins-MacBook-Pro syslogd[382] <Notice>: ASL Sender Statistics
2026-08-13 03:31:50 Martins-MacBook-Pro syslogd[382] <Notice>: ASL Sender Statistics
2026-08-13 03:41:50 Martins-MacBook-Pro syslogd[382] <Notice>: ASL Sender Statistics
2026-08-13 03:52:36 Martins-MacBook-Pro syslogd[382] <Notice>: ASL Sender Statistics
2026-08-13 04:11:30 Martins-MacBook-Pro syslogd[382] <Notice>: ASL Sender Statistics
2026-08-13 04:21:31 Martins-MacBook-Pro syslogd[382] <Notice>: ASL Sender Statistics
2026-08-13 04:31:46 Martins-MacBook-Pro syslogd[382] <Notice>: ASL Sender Statistics
2026-08-13 04:42:39 Martins-MacBook-Pro syslogd[382] <Notice>: ASL Sender Statistics
2026-08-13 04:56:23 Martins-MacBook-Pro syslogd[382] <Notice>: ASL Sender Statistics
2026-08-13 05:15:37 Martins-MacBook-Pro syslogd[382] <Notice>: ASL Sender Statistics
2026-08-13 05:25:51 Martins-MacBook-Pro syslogd[382] <Notice>: ASL Sender Statistics
2026-08-13 05:36:37 Martins-MacBook-Pro syslogd[382] <Notice>: ASL Sender Statistics
2026-08-13 05:46:51 Martins-MacBook-Pro syslogd[382] <Notice>: ASL Sender Statistics
2026-08-13 05:59:32 Martins-MacBook-Pro syslogd[382] <Notice>: ASL Sender Statistics
2026-08-13 06:09:59 Martins-MacBook-Pro syslogd[382] <Notice>: ASL Sender Statistics
2026-08-13 06:20:28 Martins-MacBook-Pro syslogd[382] <Notice>: ASL Sender Statistics
2026-08-13 06:30:38 Martins-MacBook-Pro syslogd[382] <Notice>: ASL Sender Statistics
2026-08-13 06:53:08 Martins-MacBook-Pro syslogd[382] <Notice>: ASL Sender Statistics
2026-08-13 07:06:48 Martins-MacBook-Pro syslogd[382] <Notice>: ASL Sender Statistics
2026-08-13 07:07:16 Martins-MacBook-Pro Messages[2206] <Error>: 107310444310 11 AVE : Compiled 905.40.1 in prod on Jul 11 2026 17:45:35
2026-08-13 07:07:16 Martins-MacBook-Pro Messages[2206] <Error>: 107310445185 11 AVE : Temporary Path: /Users/mjwebster/Library/Containers/com.apple.MobileSMS/Data/tmp/
2026-08-13 07:07:16 Martins-MacBook-Pro Messages[2206] <Error>: 107310445207 11 AVE INFO: AVE_Plugin_HEVC_CreateInstance Enter 1752589105 0x1fa9f13c8 0xd00000745a64410 0
2026-08-13 07:07:16 Martins-MacBook-Pro Messages[2206] <Error>: 107310445827 12 AVE INFO: AVE_Session_HEVC_Create Enter 0x74abd8020 0x0
2026-08-13 07:07:16 Martins-MacBook-Pro Messages[2206] <Error>: 107310447289 12 AVE INFO: AVE_Session_HEVC_CreatePropertyDict Enter 0x74abd8020
2026-08-13 07:07:16 Martins-MacBook-Pro Messages[2206] <Error>: 107310448223 12 AVE INFO: AVE_Session_HEVC_CreatePropertyDict Exit 0x74abd8020 0
2026-08-13 07:07:16 Martins-MacBook-Pro Messages[2206] <Error>: 107310448265 12 AVE INFO: AVE_Session_HEVC_Create Exit 0x74abd8020 0x0 3430 2438 0
2026-08-13 07:07:16 Martins-MacBook-Pro Messages[2206] <Error>: 107310448279 11 AVE INFO: AVE_Plugin_HEVC_CreateInstance Exit 1752589105 0x1fa9f13c8 0xd00000745a64410 3430 0x74abd8000 0x74abd8020 5564 0 0
2026-08-13 07:07:16 Martins-MacBook-Pro Messages[2206] <Error>: 107310448303 11 AVE INFO: AVE_Plugin_HEVC_StartTileSession Enter 0x74abd8000 0xd00000745a64400 0xb0000074e2485a0 256 256 0x1fa9f13c8 0
2026-08-13 07:07:16 Martins-MacBook-Pro Messages[2206] <Error>: 107310448334 12 AVE INFO: AVE_Session_HEVC_StartTileSession Enter 0x74abd8020 0x173785530
2026-08-13 07:07:16 Martins-MacBook-Pro Messages[2206] <Error>: 107310448412 12 AVE INFO: AVE_Session_HEVC_StartTileSession Exit 0x74abd8020 0x173785530 0
2026-08-13 07:07:16 Martins-MacBook-Pro Messages[2206] <Error>: 107310448438 11 AVE INFO: AVE_Plugin_HEVC_StartTileSession Exit 0x74abd8000 0xd00000745a64400 0xb0000074e2485a0 256 256 0x1fa9f13c8 3430 135 0 0
2026-08-13 07:07:16 Martins-MacBook-Pro Messages[2206] <Error>: 107310448685 11 AVE INFO: AVE_Plugin_HEVC_PrepareToEncodeTiles Enter 0x74abd8000 0 0
2026-08-13 07:07:16 Martins-MacBook-Pro Messages[2206] <Error>: 107310448698 12 AVE INFO: AVE_Session_HEVC_Prepare Enter 0x74abd8020
2026-08-13 07:07:16 Martins-MacBook-Pro Messages[2206] <Error>: 107310449147 12 AVE INFO: AVE_Session_HEVC_Prepare Exit 0x74abd8020 0
2026-08-13 07:07:16 Martins-MacBook-Pro Messages[2206] <Error>: 107310449166 11 AVE INFO: AVE_Plugin_HEVC_PrepareToEncodeTiles Exit 0x74abd8000 0 3430 481 0 0
2026-08-13 07:07:16 Martins-MacBook-Pro Messages[2206] <Error>: 107310461241 11 AVE INFO: AVE_Plugin_HEVC_Invalidate Enter 0x74abd8000 0
2026-08-13 07:07:16 Martins-MacBook-Pro Messages[2206] <Error>: 107310461287 12 AVE INFO: AVE_Session_HEVC_Stop Enter 0x74abd8020
2026-08-13 07:07:16 Martins-MacBook-Pro Messages[2206] <Error>: 107310461414 12 AVE INFO: AVE_Session_HEVC_Stop Exit 0x74abd8020 0
2026-08-13 07:07:16 Martins-MacBook-Pro Messages[2206] <Error>: 107310461427 11 AVE INFO: AVE_Plugin_HEVC_Invalidate Exit 0x74abd8000 3430 186 0 0
2026-08-13 07:07:16 Martins-MacBook-Pro Messages[2206] <Error>: 107310461441 11 AVE INFO: AVE_Plugin_HEVC_Finalize Enter 0x74abd8000 0
2026-08-13 07:07:16 Martins-MacBook-Pro Messages[2206] <Error>: 107310461451 12 AVE INFO: AVE_Session_HEVC_Destroy Enter 0x74abd8020
2026-08-13 07:07:16 Martins-MacBook-Pro Messages[2206] <Error>: 107310462968 2 AVE : ID: 3430 Type: 1 Enc: 2 | Input: 1 Proc: 1 Drop: 0
2026-08-13 07:07:16 Martins-MacBook-Pro Messages[2206] <Error>: 107310464948 12 AVE INFO: AVE_Session_HEVC_Destroy Exit 0x74abd8020 0
2026-08-13 07:07:16 Martins-MacBook-Pro Messages[2206] <Error>: 107310464987 11 AVE INFO: AVE_Plugin_HEVC_Finalize Exit 0x74abd8000 3430 3546 0 0
2026-08-13 07:07:16 Martins-MacBook-Pro Messages[2206] <Error>: 107310465717 11 AVE : Compiled 905.40.1 in prod on Jul 11 2026 17:45:35
2026-08-13 07:07:16 Martins-MacBook-Pro Messages[2206] <Error>: 107310465750 11 AVE : Temporary Path: /Users/mjwebster/Library/Containers/com.apple.MobileSMS/Data/tmp/
2026-08-13 07:07:16 Martins-MacBook-Pro Messages[2206] <Error>: 107310465761 11 AVE INFO: AVE_Plugin_HEVC_CreateInstance Enter 1752589105 0x1fa9f13c8 0x300000745a2f710 0
2026-08-13 07:07:16 Martins-MacBook-Pro Messages[2206] <Error>: 107310465777 12 AVE INFO: AVE_Session_HEVC_Create Enter 0x74abd8020 0x0
2026-08-13 07:07:16 Martins-MacBook-Pro Messages[2206] <Error>: 107310465946 12 AVE INFO: AVE_Session_HEVC_CreatePropertyDict Enter 0x74abd8020
2026-08-13 07:07:16 Martins-MacBook-Pro Messages[2206] <Error>: 107310466004 12 AVE INFO: AVE_Session_HEVC_CreatePropertyDict Exit 0x74abd8020 0
2026-08-13 07:07:16 Martins-MacBook-Pro Messages[2206] <Error>: 107310466016 12 AVE INFO: AVE_Session_HEVC_Create Exit 0x74abd8020 0x0 3440 239 0
2026-08-13 07:07:16 Martins-MacBook-Pro Messages[2206] <Error>: 107310466026 11 AVE INFO: AVE_Plugin_HEVC_CreateInstance Exit 1752589105 0x1fa9f13c8 0x300000745a2f710 3440 0x74abd8000 0x74abd8020 486 0 0
2026-08-13 07:07:16 Martins-MacBook-Pro Messages[2206] <Error>: 107310466038 11 AVE INFO: AVE_Plugin_HEVC_StartTileSession Enter 0x74abd8000 0x300000745a2f700 0x10000074eb974a0 256 256 0x1fa9f13c8 0
2026-08-13 07:07:16 Martins-MacBook-Pro Messages[2206] <Error>: 107310466049 12 AVE INFO: AVE_Session_HEVC_StartTileSession Enter 0x74abd8020 0x1737854b0
2026-08-13 07:07:16 Martins-MacBook-Pro Messages[2206] <Error>: 107310466068 12 AVE INFO: AVE_Session_HEVC_StartTileSession Exit 0x74abd8020 0x1737854b0 0
2026-08-13 07:07:16 Martins-MacBook-Pro Messages[2206] <Error>: 107310466078 11 AVE INFO: AVE_Plugin_HEVC_StartTileSession Exit 0x74abd8000 0x300000745a2f700 0x10000074eb974a0 256 256 0x1fa9f13c8 3440 40 0 0
2026-08-13 07:07:16 Martins-MacBook-Pro Messages[2206] <Error>: 107310466103 11 AVE INFO: AVE_Plugin_HEVC_PrepareToEncodeTiles Enter 0x74abd8000 0 0
2026-08-13 07:07:16 Martins-MacBook-Pro Messages[2206] <Error>: 107310466115 12 AVE INFO: AVE_Session_HEVC_Prepare Enter 0x74abd8020
2026-08-13 07:07:16 Martins-MacBook-Pro Messages[2206] <Error>: 107310466473 12 AVE INFO: AVE_Session_HEVC_Prepare Exit 0x74abd8020 0
2026-08-13 07:07:16 Martins-MacBook-Pro Messages[2206] <Error>: 107310466492 11 AVE INFO: AVE_Plugin_HEVC_PrepareToEncodeTiles Exit 0x74abd8000 0 3440 389 0 0
2026-08-13 07:07:16 Martins-MacBook-Pro Messages[2206] <Error>: 107310477687 11 AVE INFO: AVE_Plugin_HEVC_Invalidate Enter 0x74abd8000 0
2026-08-13 07:07:16 Martins-MacBook-Pro Messages[2206] <Error>: 107310477734 12 AVE INFO: AVE_Session_HEVC_Stop Enter 0x74abd8020
2026-08-13 07:07:16 Martins-MacBook-Pro Messages[2206] <Error>: 107310477854 12 AVE INFO: AVE_Session_HEVC_Stop Exit 0x74abd8020 0
2026-08-13 07:07:16 Martins-MacBook-Pro Messages[2206] <Error>: 107310477869 11 AVE INFO: AVE_Plugin_HEVC_Invalidate Exit 0x74abd8000 3440 182 0 0
2026-08-13 07:07:16 Martins-MacBook-Pro Messages[2206] <Error>: 107310477885 11 AVE INFO: AVE_Plugin_HEVC_Finalize Enter 0x74abd8000 0
2026-08-13 07:07:16 Martins-MacBook-Pro Messages[2206] <Error>: 107310477894 12 AVE INFO: AVE_Session_HEVC_Destroy Enter 0x74abd8020
2026-08-13 07:07:16 Martins-MacBook-Pro Messages[2206] <Error>: 107310479370 2 AVE : ID: 3440 Type: 1 Enc: 2 | Input: 1 Proc: 1 Drop: 0
2026-08-13 07:07:16 Martins-MacBook-Pro Messages[2206] <Error>: 107310481256 12 AVE INFO: AVE_Session_HEVC_Destroy Exit 0x74abd8020 0
2026-08-13 07:07:16 Martins-MacBook-Pro Messages[2206] <Error>: 107310481285 11 AVE INFO: AVE_Plugin_HEVC_Finalize Exit 0x74abd8000 3440 3400 0 0
2026-08-13 07:17:02 Martins-MacBook-Pro syslogd[382] <Notice>: ASL Sender Statistics
2026-08-13 07:27:35 Martins-MacBook-Pro syslogd[382] <Notice>: ASL Sender Statistics
2026-08-13 07:37:41 Martins-MacBook-Pro syslogd[382] <Notice>: ASL Sender Statistics
2026-08-13 07:47:43 Martins-MacBook-Pro syslogd[382] <Notice>: ASL Sender Statistics
2026-08-13 07:57:49 Martins-MacBook-Pro syslogd[382] <Notice>: ASL Sender Statistics
2026-08-13 08:09:02 Martins-MacBook-Pro syslogd[382] <Notice>: ASL Sender Statistics
2026-08-13 08:19:14 Martins-MacBook-Pro syslogd[382] <Notice>: ASL Sender Statistics
2026-08-13 08:29:45 Martins-MacBook-Pro syslogd[382] <Notice>: ASL Sender Statistics
2026-08-13 08:40:13 Martins-MacBook-Pro syslogd[382] <Notice>: ASL Sender Statistics
2026-08-13 08:50:14 Martins-MacBook-Pro syslogd[382] <Notice>: ASL Sender Statistics
2026-08-13 09:00:14 Martins-MacBook-Pro syslogd[382] <Notice>: ASL Sender Statistics
2026-08-13 09:10:50 Martins-MacBook-Pro syslogd[382] <Notice>: ASL Sender Statistics
2026-08-13 09:21:50 Martins-MacBook-Pro syslogd[382] <Notice>: ASL Sender Statistics
2026-08-13 09:33:30 Martins-MacBook-Pro syslogd[382] <Notice>: ASL Sender Statistics
2026-08-13 09:43:57 Martins-MacBook-Pro syslogd[382] <Notice>: ASL Sender Statistics
2026-08-13 09:56:31 Martins-MacBook-Pro syslogd[382] <Notice>: ASL Sender Statistics
2026-08-13 10:08:25 Martins-MacBook-Pro syslogd[382] <Notice>: ASL Sender Statistics
2026-08-13 10:18:33 Martins-MacBook-Pro syslogd[382] <Notice>: ASL Sender Statistics
2026-08-13 10:30:26 Martins-MacBook-Pro syslogd[382] <Notice>: ASL Sender Statistics
2026-08-13 10:42:20 Martins-MacBook-Pro syslogd[382] <Notice>: ASL Sender Statistics
2026-08-13 10:53:12 Martins-MacBook-Pro syslogd[382] <Notice>: ASL Sender Statistics
2026-08-13 11:07:54 Martins-MacBook-Pro syslogd[382] <Notice>: ASL Sender Statistics
2026-08-13 11:18:08 Martins-MacBook-Pro syslogd[382] <Notice>: ASL Sender Statistics
2026-08-13 11:28:26 Martins-MacBook-Pro syslogd[382] <Notice>: ASL Sender Statistics
2026-08-13 11:38:30 Martins-MacBook-Pro syslogd[382] <Notice>: ASL Sender Statistics
2026-08-13 11:48:37 Martins-MacBook-Pro syslogd[382] <Notice>: ASL Sender Statistics
2026-08-13 11:59:06 Martins-MacBook-Pro syslogd[382] <Notice>: ASL Sender Statistics
2026-08-13 12:11:28 Martins-MacBook-Pro syslogd[382] <Notice>: ASL Sender Statistics
2026-08-13 12:32:58 Martins-MacBook-Pro syslogd[382] <Notice>: ASL Sender Statistics
2026-08-13 12:53:04 Martins-MacBook-Pro syslogd[382] <Notice>: ASL Sender Statistics
2026-08-13 13:07:27 Martins-MacBook-Pro syslogd[382] <Notice>: ASL Sender Statistics
2026-08-13 13:17:28 Martins-MacBook-Pro syslogd[382] <Notice>: ASL Sender Statistics
2026-08-13 13:27:47 Martins-MacBook-Pro syslogd[382] <Notice>: ASL Sender Statistics
2026-08-13 13:39:06 Martins-MacBook-Pro syslogd[382] <Notice>: ASL Sender Statistics
2026-08-13 13:51:09 Martins-MacBook-Pro syslogd[382] <Notice>: ASL Sender Statistics
2026-08-13 14:03:04 Martins-MacBook-Pro syslogd[382] <Notice>: ASL Sender Statistics
2026-08-13 14:15:15 Martins-MacBook-Pro syslogd[382] <Notice>: ASL Sender Statistics
2026-08-13 14:25:18 Martins-MacBook-Pro syslogd[382] <Notice>: ASL Sender Statistics
2026-08-13 14:35:42 Martins-MacBook-Pro syslogd[382] <Notice>: ASL Sender Statistics
2026-08-13 14:46:06 Martins-MacBook-Pro syslogd[382] <Notice>: ASL Sender Statistics
2026-08-13 15:09:41 Martins-MacBook-Pro syslogd[382] <Notice>: ASL Sender Statistics
2026-08-13 15:24:50 Martins-MacBook-Pro syslogd[382] <Notice>: ASL Sender Statistics
2026-08-13 15:41:57 Martins-MacBook-Pro syslogd[382] <Notice>: ASL Sender Statistics
2026-08-13 15:52:53 Martins-MacBook-Pro syslogd[382] <Notice>: ASL Sender Statistics
2026-08-13 16:04:04 Martins-MacBook-Pro syslogd[382] <Notice>: ASL Sender Statistics
2026-08-13 16:14:59 Martins-MacBook-Pro syslogd[382] <Notice>: ASL Sender Statistics
2026-08-13 16:25:02 Martins-MacBook-Pro syslogd[382] <Notice>: ASL Sender Statistics
2026-08-13 16:35:16 Martins-MacBook-Pro syslogd[382] <Notice>: ASL Sender Statistics
2026-08-13 16:46:45 Martins-MacBook-Pro syslogd[382] <Notice>: ASL Sender Statistics
2026-08-13 16:59:47 Martins-MacBook-Pro syslogd[382] <Notice>: ASL Sender Statistics
2026-08-13 17:10:45 Martins-MacBook-Pro syslogd[382] <Notice>: ASL Sender Statistics
2026-08-13 17:25:13 Martins-MacBook-Pro syslogd[382] <Notice>: ASL Sender Statistics
2026-08-13 17:35:54 Martins-MacBook-Pro syslogd[382] <Notice>: ASL Sender Statistics
2026-08-13 17:43:57 Martins-MacBook-Pro Kindle[49250] <Critical>: IOS: Using PageGenerator path for new BookSession (document/settings pair)
2026-08-13 17:43:57 Martins-MacBook-Pro Kindle[49250] <Critical>: IOS: Using PageGenerator path for new BookSession (document/settings pair)
2026-08-13 17:47:24 Martins-MacBook-Pro syslogd[382] <Notice>: ASL Sender Statistics
2026-08-13 18:10:59 Martins-MacBook-Pro syslogd[382] <Notice>: ASL Sender Statistics
2026-08-13 18:21:44 Martins-MacBook-Pro syslogd[382] <Notice>: ASL Sender Statistics
2026-08-13 18:32:16 Martins-MacBook-Pro syslogd[382] <Notice>: ASL Sender Statistics
2026-08-13 18:42:29 Martins-MacBook-Pro syslogd[382] <Notice>: ASL Sender Statistics
2026-08-13 18:52:29 Martins-MacBook-Pro syslogd[382] <Notice>: ASL Sender Statistics
2026-08-13 19:05:50 Martins-MacBook-Pro syslogd[382] <Notice>: ASL Sender Statistics
2026-08-13 19:22:39 Martins-MacBook-Pro syslogd[382] <Notice>: ASL Sender Statistics
2026-08-13 19:39:50 Martins-MacBook-Pro syslogd[382] <Notice>: ASL Sender Statistics
2026-08-13 19:54:57 Martins-MacBook-Pro syslogd[382] <Notice>: ASL Sender Statistics
2026-08-13 20:11:40 Martins-MacBook-Pro syslogd[382] <Notice>: ASL Sender Statistics
2026-08-13 20:21:40 Martins-MacBook-Pro syslogd[382] <Notice>: ASL Sender Statistics
2026-08-13 20:36:39 Martins-MacBook-Pro syslogd[382] <Notice>: ASL Sender Statistics
2026-08-13 20:54:51 Martins-MacBook-Pro syslogd[382] <Notice>: ASL Sender Statistics
2026-08-13 21:17:10 Martins-MacBook-Pro syslogd[382] <Notice>: ASL Sender Statistics
2026-08-13 21:33:38 Martins-MacBook-Pro syslogd[382] <Notice>: ASL Sender Statistics
2026-08-13 21:33:39 Martins-MacBook-Pro syslogd[382] <Notice>: Configuration Notice:
ASL Module "com.apple.cdscheduler" claims selected messages.
Those messages may not appear in standard system log files or in the ASL database.
2026-08-13 21:33:39 Martins-MacBook-Pro syslogd[382] <Notice>: Configuration Notice:
ASL Module "com.apple.install" claims selected messages.
Those messages may not appear in standard system log files or in the ASL database.
2026-08-13 21:33:39 Martins-MacBook-Pro syslogd[382] <Notice>: Configuration Notice:
ASL Module "com.apple.authd" sharing output destination "/var/log/asl" with ASL Module "com.apple.asl".
Output parameters from ASL Module "com.apple.asl" override any specified in ASL Module "com.apple.authd".
2026-08-13 21:33:39 Martins-MacBook-Pro syslogd[382] <Notice>: Configuration Notice:
ASL Module "com.apple.authd" sharing output destination "/var/log/system.log" with ASL Module "com.apple.asl".
Output parameters from ASL Module "com.apple.asl" override any specified in ASL Module "com.apple.authd".
2026-08-13 21:33:39 Martins-MacBook-Pro syslogd[382] <Notice>: Configuration Notice:
ASL Module "com.apple.authd" claims selected messages.
Those messages may not appear in standard system log files or in the ASL database.
2026-08-13 21:33:39 Martins-MacBook-Pro syslogd[382] <Notice>: Configuration Notice:
ASL Module "com.apple.eventmonitor" claims selected messages.
Those messages may not appear in standard system log files or in the ASL database.
2026-08-13 21:33:39 Martins-MacBook-Pro syslogd[382] <Notice>: Configuration Notice:
ASL Module "com.apple.mail" claims selected messages.
Those messages may not appear in standard system log files or in the ASL database.
2026-08-13 21:33:39 Martins-MacBook-Pro syslogd[382] <Notice>: Configuration Notice:
ASL Module "com.apple.performance" claims selected messages.
Those messages may not appear in standard system log files or in the ASL database.
2026-08-13 21:33:39 Martins-MacBook-Pro syslogd[382] <Notice>: Configuration Notice:
ASL Module "com.apple.iokit.power" claims selected messages.
Those messages may not appear in standard system log files or in the ASL database.
2026-08-13 21:33:39 Martins-MacBook-Pro syslogd[382] <Notice>: Configuration Notice:
ASL Module "com.apple.contacts.ContactsAutocomplete" claims selected messages.
Those messages may not appear in standard system log files or in the ASL database.
2026-08-13 21:33:39 Martins-MacBook-Pro syslogd[382] <Notice>: Configuration Notice:
ASL Module "com.apple.mkb" sharing output destination "/private/var/log/keybagd.log" with ASL Module "com.apple.mkb.internal".
Output parameters from ASL Module "com.apple.mkb.internal" override any specified in ASL Module "com.apple.mkb".
2026-08-13 21:33:39 Martins-MacBook-Pro syslogd[382] <Notice>: Configuration Notice:
ASL Module "com.apple.mkb" claims selected messages.
Those messages may not appear in standard system log files or in the ASL database.
2026-08-13 21:33:39 Martins-MacBook-Pro syslogd[382] <Notice>: Configuration Notice:
ASL Module "com.apple.MessageTracer" claims selected messages.
Those messages may not appear in standard system log files or in the ASL database.
2026-08-13 21:49:44 Martins-MacBook-Pro syslogd[382] <Notice>: ASL Sender Statistics
2026-08-13 22:00:12 Martins-MacBook-Pro syslogd[382] <Notice>: ASL Sender Statistics
2026-08-13 22:16:35 Martins-MacBook-Pro syslogd[382] <Notice>: ASL Sender Statistics
2026-08-13 22:36:04 Martins-MacBook-Pro syslogd[382] <Notice>: ASL Sender Statistics
2026-08-13 22:53:28 Martins-MacBook-Pro syslogd[382] <Notice>: ASL Sender Statistics
2026-08-13 23:04:32 Martins-MacBook-Pro syslogd[382] <Notice>: ASL Sender Statistics
2026-08-13 23:20:57 Martins-MacBook-Pro syslogd[382] <Notice>: ASL Sender Statistics
2026-08-13 23:39:46 Martins-MacBook-Pro syslogd[382] <Notice>: ASL Sender Statistics
2026-08-13 23:57:21 Martins-MacBook-Pro syslogd[382] <Notice>: ASL Sender Statistics
2026-08-14 00:14:33 Martins-MacBook-Pro syslogd[382] <Notice>: ASL Sender Statistics
2026-08-14 00:24:50 Martins-MacBook-Pro syslogd[382] <Notice>: ASL Sender Statistics
2026-08-14 00:41:32 Martins-MacBook-Pro syslogd[382] <Notice>: ASL Sender Statistics
2026-08-14 00:55:37 Martins-MacBook-Pro syslogd[382] <Notice>: ASL Sender Statistics
2026-08-14 01:20:31 Martins-MacBook-Pro syslogd[382] <Notice>: ASL Sender Statistics
2026-08-14 01:37:20 Martins-MacBook-Pro syslogd[382] <Notice>: ASL Sender Statistics
2026-08-14 02:02:18 Martins-MacBook-Pro syslogd[382] <Notice>: ASL Sender Statistics
2026-08-14 02:25:33 Martins-MacBook-Pro syslogd[382] <Notice>: ASL Sender Statistics
2026-08-14 02:43:15 Martins-MacBook-Pro syslogd[382] <Notice>: ASL Sender Statistics
2026-08-14 02:54:33 Martins-MacBook-Pro syslogd[382] <Notice>: ASL Sender Statistics
2026-08-14 03:19:20 Martins-MacBook-Pro syslogd[382] <Notice>: ASL Sender Statistics
2026-08-14 03:29:20 Martins-MacBook-Pro syslogd[382] <Notice>: ASL Sender Statistics
2026-08-14 03:42:05 Martins-MacBook-Pro syslogd[382] <Notice>: ASL Sender Statistics
2026-08-14 03:52:33 Martins-MacBook-Pro syslogd[382] <Notice>: ASL Sender Statistics
2026-08-14 04:12:28 Martins-MacBook-Pro syslogd[382] <Notice>: ASL Sender Statistics
2026-08-14 04:23:19 Martins-MacBook-Pro syslogd[382] <Notice>: ASL Sender Statistics
2026-08-14 04:33:28 Martins-MacBook-Pro syslogd[382] <Notice>: ASL Sender Statistics
2026-08-14 04:48:47 Martins-MacBook-Pro syslogd[382] <Notice>: ASL Sender Statistics
2026-08-14 05:11:42 Martins-MacBook-Pro syslogd[382] <Notice>: ASL Sender Statistics
2026-08-14 05:29:21 Martins-MacBook-Pro syslogd[382] <Notice>: ASL Sender Statistics
2026-08-14 05:39:40 Martins-MacBook-Pro syslogd[382] <Notice>: ASL Sender Statistics
2026-08-14 05:49:45 Martins-MacBook-Pro syslogd[382] <Notice>: ASL Sender Statistics
2026-08-14 05:59:56 Martins-MacBook-Pro syslogd[382] <Notice>: ASL Sender Statistics
2026-08-14 06:11:22 Martins-MacBook-Pro syslogd[382] <Notice>: ASL Sender Statistics
2026-08-14 06:21:22 Martins-MacBook-Pro syslogd[382] <Notice>: ASL Sender Statistics
2026-08-14 06:31:24 Martins-MacBook-Pro syslogd[382] <Notice>: ASL Sender Statistics
2026-08-14 06:41:30 Martins-MacBook-Pro syslogd[382] <Notice>: ASL Sender Statistics
2026-08-14 06:51:31 Martins-MacBook-Pro syslogd[382] <Notice>: ASL Sender Statistics
2026-08-14 07:01:58 Martins-MacBook-Pro syslogd[382] <Notice>: ASL Sender Statistics
2026-08-14 07:11:01 Martins-MacBook-Pro Kindle[52352] <Critical>: IOS: Using PageGenerator path for new BookSession (document/settings pair)
2026-08-14 07:11:01 Martins-MacBook-Pro Kindle[52352] <Critical>: IOS: Using PageGenerator path for new BookSession (document/settings pair)
2026-08-14 07:16:20 Martins-MacBook-Pro syslogd[382] <Notice>: ASL Sender Statistics
2026-08-14 07:33:50 Martins-MacBook-Pro syslogd[382] <Notice>: ASL Sender Statistics
2026-08-14 07:49:33 Martins-MacBook-Pro syslogd[382] <Notice>: ASL Sender Statistics
2026-08-14 08:07:19 Martins-MacBook-Pro syslogd[382] <Notice>: ASL Sender Statistics
2026-08-14 08:23:07 Martins-MacBook-Pro syslogd[382] <Notice>: ASL Sender Statistics
2026-08-14 08:40:13 Martins-MacBook-Pro syslogd[382] <Notice>: ASL Sender Statistics
2026-08-14 08:57:12 Martins-MacBook-Pro syslogd[382] <Notice>: ASL Sender Statistics
2026-08-14 09:18:41 Martins-MacBook-Pro syslogd[382] <Notice>: ASL Sender Statistics
2026-08-14 09:36:50 Martins-MacBook-Pro syslogd[382] <Notice>: ASL Sender Statistics
2026-08-14 09:56:51 Martins-MacBook-Pro syslogd[382] <Notice>: ASL Sender Statistics
2026-08-14 10:13:36 Martins-MacBook-Pro syslogd[382] <Notice>: ASL Sender Statistics
2026-08-14 10:35:26 Martins-MacBook-Pro syslogd[382] <Notice>: ASL Sender Statistics
2026-08-14 10:51:45 Martins-MacBook-Pro syslogd[382] <Notice>: ASL Sender Statistics
2026-08-14 11:04:39 Martins-MacBook-Pro syslogd[382] <Notice>: ASL Sender Statistics
2026-08-14 11:17:44 Martins-MacBook-Pro syslogd[382] <Notice>: ASL Sender Statistics
2026-08-14 11:27:50 Martins-MacBook-Pro syslogd[382] <Notice>: ASL Sender Statistics
2026-08-14 11:38:52 Martins-MacBook-Pro syslogd[382] <Notice>: ASL Sender Statistics
2026-08-14 11:49:14 Martins-MacBook-Pro syslogd[382] <Notice>: ASL Sender Statistics
2026-08-14 11:59:34 Martins-MacBook-Pro syslogd[382] <Notice>: ASL Sender Statistics
2026-08-14 12:12:29 Martins-MacBook-Pro syslogd[382] <Notice>: ASL Sender Statistics
2026-08-14 12:23:09 Martins-MacBook-Pro syslogd[382] <Notice>: ASL Sender Statistics
2026-08-14 12:44:45 Martins-MacBook-Pro syslogd[382] <Notice>: ASL Sender Statistics
2026-08-14 12:54:48 Martins-MacBook-Pro syslogd[382] <Notice>: ASL Sender Statistics
2026-08-14 13:04:48 Martins-MacBook-Pro syslogd[382] <Notice>: ASL Sender Statistics
2026-08-14 13:14:53 Martins-MacBook-Pro syslogd[382] <Notice>: ASL Sender Statistics
2026-08-14 13:25:06 Martins-MacBook-Pro syslogd[382] <Notice>: ASL Sender Statistics
2026-08-14 13:35:35 Martins-MacBook-Pro syslogd[382] <Notice>: ASL Sender Statistics
2026-08-14 13:47:05 Martins-MacBook-Pro syslogd[382] <Notice>: ASL Sender Statistics
2026-08-14 13:57:59 Martins-MacBook-Pro syslogd[382] <Notice>: ASL Sender Statistics
2026-08-14 14:08:23 Martins-MacBook-Pro syslogd[382] <Notice>: ASL Sender Statistics
2026-08-14 14:18:23 Martins-MacBook-Pro syslogd[382] <Notice>: ASL Sender Statistics
2026-08-14 14:28:23 Martins-MacBook-Pro syslogd[382] <Notice>: ASL Sender Statistics
2026-08-14 14:38:23 Martins-MacBook-Pro syslogd[382] <Notice>: ASL Sender Statistics
2026-08-14 14:48:23 Martins-MacBook-Pro syslogd[382] <Notice>: ASL Sender Statistics
2026-08-14 14:58:23 Martins-MacBook-Pro syslogd[382] <Notice>: ASL Sender Statistics
2026-08-14 15:08:23 Martins-MacBook-Pro syslogd[382] <Notice>: ASL Sender Statistics
2026-08-14 15:18:23 Martins-MacBook-Pro syslogd[382] <Notice>: ASL Sender Statistics
2026-08-14 15:28:23 Martins-MacBook-Pro syslogd[382] <Notice>: ASL Sender Statistics
2026-08-14 15:38:23 Martins-MacBook-Pro syslogd[382] <Notice>: ASL Sender Statistics
2026-08-14 15:48:23 Martins-MacBook-Pro syslogd[382] <Notice>: ASL Sender Statistics
2026-08-14 15:58:23 Martins-MacBook-Pro syslogd[382] <Notice>: ASL Sender Statistics
2026-08-14 16:08:23 Martins-MacBook-Pro syslogd[382] <Notice>: ASL Sender Statistics
2026-08-14 16:19:23 Martins-MacBook-Pro syslogd[382] <Notice>: ASL Sender Statistics
2026-08-14 16:29:23 Martins-MacBook-Pro syslogd[382] <Notice>: ASL Sender Statistics
2026-08-14 16:39:26 Martins-MacBook-Pro syslogd[382] <Notice>: ASL Sender Statistics
2026-08-14 16:49:26 Martins-MacBook-Pro syslogd[382] <Notice>: ASL Sender Statistics
2026-08-14 16:59:26 Martins-MacBook-Pro syslogd[382] <Notice>: ASL Sender Statistics
2026-08-14 17:09:26 Martins-MacBook-Pro syslogd[382] <Notice>: ASL Sender Statistics
2026-08-14 17:19:26 Martins-MacBook-Pro syslogd[382] <Notice>: ASL Sender Statistics
2026-08-14 17:29:28 Martins-MacBook-Pro syslogd[382] <Notice>: ASL Sender Statistics
2026-08-14 17:39:28 Martins-MacBook-Pro syslogd[382] <Notice>: ASL Sender Statistics
2026-08-14 17:49:28 Martins-MacBook-Pro syslogd[382] <Notice>: ASL Sender Statistics
2026-08-14 17:59:28 Martins-MacBook-Pro syslogd[382] <Notice>: ASL Sender Statistics
2026-08-14 18:09:28 Martins-MacBook-Pro syslogd[382] <Notice>: ASL Sender Statistics
2026-08-14 18:14:12 Martins-MacBook-Pro Kindle[57976] <Critical>: IOS: Using PageGenerator path for new BookSession (document/settings pair)
2026-08-14 18:14:12 Martins-MacBook-Pro Kindle[57976] <Critical>: IOS: Using PageGenerator path for new BookSession (document/settings pair)
2026-08-14 18:19:28 Martins-MacBook-Pro syslogd[382] <Notice>: ASL Sender Statistics
2026-08-14 18:29:28 Martins-MacBook-Pro syslogd[382] <Notice>: ASL Sender Statistics
2026-08-14 18:39:29 Martins-MacBook-Pro syslogd[382] <Notice>: ASL Sender Statistics
2026-08-14 18:49:30 Martins-MacBook-Pro syslogd[382] <Notice>: ASL Sender Statistics
2026-08-14 18:59:30 Martins-MacBook-Pro syslogd[382] <Notice>: ASL Sender Statistics
2026-08-14 19:09:31 Martins-MacBook-Pro syslogd[382] <Notice>: ASL Sender Statistics
2026-08-14 19:19:32 Martins-MacBook-Pro syslogd[382] <Notice>: ASL Sender Statistics
2026-08-14 19:29:34 Martins-MacBook-Pro syslogd[382] <Notice>: ASL Sender Statistics
2026-08-14 19:52:10 Martins-MacBook-Pro syslogd[382] <Notice>: ASL Sender Statistics
2026-08-14 20:13:45 Martins-MacBook-Pro syslogd[382] <Notice>: ASL Sender Statistics
2026-08-14 20:29:56 Martins-MacBook-Pro syslogd[382] <Notice>: ASL Sender Statistics
2026-08-14 20:46:59 Martins-MacBook-Pro syslogd[382] <Notice>: ASL Sender Statistics
2026-08-14 21:03:50 Martins-MacBook-Pro syslogd[382] <Notice>: ASL Sender Statistics
2026-08-14 21:20:35 Martins-MacBook-Pro syslogd[382] <Notice>: ASL Sender Statistics
2026-08-14 21:30:56 Martins-MacBook-Pro syslogd[382] <Notice>: ASL Sender Statistics
2026-08-14 21:30:57 Martins-MacBook-Pro syslogd[382] <Notice>: Configuration Notice:
ASL Module "com.apple.cdscheduler" claims selected messages.
Those messages may not appear in standard system log files or in the ASL database.
2026-08-14 21:30:57 Martins-MacBook-Pro syslogd[382] <Notice>: Configuration Notice:
ASL Module "com.apple.install" claims selected messages.
Those messages may not appear in standard system log files or in the ASL database.
2026-08-14 21:30:57 Martins-MacBook-Pro syslogd[382] <Notice>: Configuration Notice:
ASL Module "com.apple.authd" sharing output destination "/var/log/asl" with ASL Module "com.apple.asl".
Output parameters from ASL Module "com.apple.asl" override any specified in ASL Module "com.apple.authd".
2026-08-14 21:30:57 Martins-MacBook-Pro syslogd[382] <Notice>: Configuration Notice:
ASL Module "com.apple.authd" sharing output destination "/var/log/system.log" with ASL Module "com.apple.asl".
Output parameters from ASL Module "com.apple.asl" override any specified in ASL Module "com.apple.authd".
2026-08-14 21:30:57 Martins-MacBook-Pro syslogd[382] <Notice>: Configuration Notice:
ASL Module "com.apple.authd" claims selected messages.
Those messages may not appear in standard system log files or in the ASL database.
2026-08-14 21:30:57 Martins-MacBook-Pro syslogd[382] <Notice>: Configuration Notice:
ASL Module "com.apple.eventmonitor" claims selected messages.
Those messages may not appear in standard system log files or in the ASL database.
2026-08-14 21:30:57 Martins-MacBook-Pro syslogd[382] <Notice>: Configuration Notice:
ASL Module "com.apple.mail" claims selected messages.
Those messages may not appear in standard system log files or in the ASL database.
2026-08-14 21:30:57 Martins-MacBook-Pro syslogd[382] <Notice>: Configuration Notice:
ASL Module "com.apple.performance" claims selected messages.
Those messages may not appear in standard system log files or in the ASL database.
2026-08-14 21:30:57 Martins-MacBook-Pro syslogd[382] <Notice>: Configuration Notice:
ASL Module "com.apple.iokit.power" claims selected messages.
Those messages may not appear in standard system log files or in the ASL database.
2026-08-14 21:30:57 Martins-MacBook-Pro syslogd[382] <Notice>: Configuration Notice:
ASL Module "com.apple.contacts.ContactsAutocomplete" claims selected messages.
Those messages may not appear in standard system log files or in the ASL database.
2026-08-14 21:30:57 Martins-MacBook-Pro syslogd[382] <Notice>: Configuration Notice:
ASL Module "com.apple.mkb" sharing output destination "/private/var/log/keybagd.log" with ASL Module "com.apple.mkb.internal".
Output parameters from ASL Module "com.apple.mkb.internal" override any specified in ASL Module "com.apple.mkb".
2026-08-14 21:30:57 Martins-MacBook-Pro syslogd[382] <Notice>: Configuration Notice:
ASL Module "com.apple.mkb" claims selected messages.
Those messages may not appear in standard system log files or in the ASL database.
2026-08-14 21:30:57 Martins-MacBook-Pro syslogd[382] <Notice>: Configuration Notice:
ASL Module "com.apple.MessageTracer" claims selected messages.
Those messages may not appear in standard system log files or in the ASL database.
2026-08-14 21:48:50 Martins-MacBook-Pro syslogd[382] <Notice>: ASL Sender Statistics
2026-08-14 22:08:24 Martins-MacBook-Pro syslogd[382] <Notice>: ASL Sender Statistics
2026-08-14 22:31:57 Martins-MacBook-Pro syslogd[382] <Notice>: ASL Sender Statistics
2026-08-14 22:42:24 Martins-MacBook-Pro syslogd[382] <Notice>: ASL Sender Statistics
2026-08-14 22:55:08 Martins-MacBook-Pro syslogd[382] <Notice>: ASL Sender Statistics
2026-08-14 23:14:04 Martins-MacBook-Pro syslogd[382] <Notice>: ASL Sender Statistics
2026-08-14 23:30:02 Martins-MacBook-Pro syslogd[382] <Notice>: ASL Sender Statistics
2026-08-14 23:51:02 Martins-MacBook-Pro syslogd[382] <Notice>: ASL Sender Statistics
2026-08-15 00:07:30 Martins-MacBook-Pro syslogd[382] <Notice>: ASL Sender Statistics
2026-08-15 00:18:17 Martins-MacBook-Pro syslogd[382] <Notice>: ASL Sender Statistics
2026-08-15 00:33:58 Martins-MacBook-Pro syslogd[382] <Notice>: ASL Sender Statistics
2026-08-15 00:52:50 Martins-MacBook-Pro syslogd[382] <Notice>: ASL Sender Statistics
2026-08-15 01:09:52 Martins-MacBook-Pro syslogd[382] <Notice>: ASL Sender Statistics
2026-08-15 01:27:52 Martins-MacBook-Pro syslogd[382] <Notice>: ASL Sender Statistics
2026-08-15 01:52:58 Martins-MacBook-Pro syslogd[382] <Notice>: ASL Sender Statistics
2026-08-15 02:11:28 Martins-MacBook-Pro syslogd[382] <Notice>: ASL Sender Statistics
2026-08-15 02:30:44 Martins-MacBook-Pro syslogd[382] <Notice>: ASL Sender Statistics
2026-08-15 02:46:28 Martins-MacBook-Pro syslogd[382] <Notice>: ASL Sender Statistics
2026-08-15 03:00:20 Martins-MacBook-Pro syslogd[382] <Notice>: ASL Sender Statistics
2026-08-15 03:10:40 Martins-MacBook-Pro syslogd[382] <Notice>: ASL Sender Statistics
2026-08-15 03:21:03 Martins-MacBook-Pro syslogd[382] <Notice>: ASL Sender Statistics
2026-08-15 03:32:41 Martins-MacBook-Pro syslogd[382] <Notice>: ASL Sender Statistics
2026-08-15 03:42:42 Martins-MacBook-Pro syslogd[382] <Notice>: ASL Sender Statistics
2026-08-15 03:52:50 Martins-MacBook-Pro syslogd[382] <Notice>: ASL Sender Statistics
2026-08-15 04:11:39 Martins-MacBook-Pro syslogd[382] <Notice>: ASL Sender Statistics
2026-08-15 04:22:01 Martins-MacBook-Pro syslogd[382] <Notice>: ASL Sender Statistics
2026-08-15 04:32:04 Martins-MacBook-Pro syslogd[382] <Notice>: ASL Sender Statistics
2026-08-15 04:42:11 Martins-MacBook-Pro syslogd[382] <Notice>: ASL Sender Statistics
2026-08-15 04:54:40 Martins-MacBook-Pro syslogd[382] <Notice>: ASL Sender Statistics
2026-08-15 05:12:27 Martins-MacBook-Pro syslogd[382] <Notice>: ASL Sender Statistics
2026-08-15 05:32:37 Martins-MacBook-Pro syslogd[382] <Notice>: ASL Sender Statistics
2026-08-15 05:44:11 Martins-MacBook-Pro syslogd[382] <Notice>: ASL Sender Statistics
2026-08-15 06:01:45 Martins-MacBook-Pro syslogd[382] <Notice>: ASL Sender Statistics
2026-08-15 06:17:42 Martins-MacBook-Pro syslogd[382] <Notice>: ASL Sender Statistics
2026-08-15 06:35:17 Martins-MacBook-Pro syslogd[382] <Notice>: ASL Sender Statistics
2026-08-15 06:45:27 Martins-MacBook-Pro syslogd[382] <Notice>: ASL Sender Statistics
2026-08-15 06:55:40 Martins-MacBook-Pro syslogd[382] <Notice>: ASL Sender Statistics
2026-08-15 07:06:39 Martins-MacBook-Pro syslogd[382] <Notice>: ASL Sender Statistics
2026-08-15 07:17:31 Martins-MacBook-Pro syslogd[382] <Notice>: ASL Sender Statistics
2026-08-15 07:27:32 Martins-MacBook-Pro syslogd[382] <Notice>: ASL Sender Statistics
2026-08-15 07:38:39 Martins-MacBook-Pro syslogd[382] <Notice>: ASL Sender Statistics
2026-08-15 07:48:57 Martins-MacBook-Pro syslogd[382] <Notice>: ASL Sender Statistics
2026-08-15 07:59:23 Martins-MacBook-Pro syslogd[382] <Notice>: ASL Sender Statistics
2026-08-15 08:11:27 Martins-MacBook-Pro syslogd[382] <Notice>: ASL Sender Statistics
2026-08-15 08:23:32 Martins-MacBook-Pro syslogd[382] <Notice>: ASL Sender Statistics
2026-08-15 08:33:57 Martins-MacBook-Pro syslogd[382] <Notice>: ASL Sender Statistics
2026-08-15 08:44:04 Martins-MacBook-Pro syslogd[382] <Notice>: ASL Sender Statistics
2026-08-15 08:54:43 Martins-MacBook-Pro syslogd[382] <Notice>: ASL Sender Statistics
2026-08-15 09:05:42 Martins-MacBook-Pro syslogd[382] <Notice>: ASL Sender Statistics
2026-08-15 09:16:07 Martins-MacBook-Pro syslogd[382] <Notice>: ASL Sender Statistics
2026-08-15 09:26:21 Martins-MacBook-Pro syslogd[382] <Notice>: ASL Sender Statistics
2026-08-15 09:41:21 Martins-MacBook-Pro syslogd[382] <Notice>: ASL Sender Statistics
2026-08-15 09:56:21 Martins-MacBook-Pro syslogd[382] <Notice>: ASL Sender Statistics
2026-08-15 10:06:32 Martins-MacBook-Pro syslogd[382] <Notice>: ASL Sender Statistics
2026-08-15 10:19:44 Martins-MacBook-Pro syslogd[382] <Notice>: ASL Sender Statistics
2026-08-15 10:30:03 Martins-MacBook-Pro syslogd[382] <Notice>: ASL Sender Statistics
2026-08-15 10:40:25 Martins-MacBook-Pro syslogd[382] <Notice>: ASL Sender Statistics
2026-08-15 10:50:25 Martins-MacBook-Pro syslogd[382] <Notice>: ASL Sender Statistics
2026-08-15 11:01:27 Martins-MacBook-Pro syslogd[382] <Notice>: ASL Sender Statistics
2026-08-15 11:12:32 Martins-MacBook-Pro syslogd[382] <Notice>: ASL Sender Statistics
2026-08-15 11:24:39 Martins-MacBook-Pro syslogd[382] <Notice>: ASL Sender Statistics
2026-08-15 11:34:56 Martins-MacBook-Pro syslogd[382] <Notice>: ASL Sender Statistics
2026-08-15 11:45:22 Martins-MacBook-Pro syslogd[382] <Notice>: ASL Sender Statistics
2026-08-15 11:55:58 Martins-MacBook-Pro syslogd[382] <Notice>: ASL Sender Statistics
2026-08-15 12:06:16 Martins-MacBook-Pro syslogd[382] <Notice>: ASL Sender Statistics
2026-08-15 12:16:26 Martins-MacBook-Pro syslogd[382] <Notice>: ASL Sender Statistics
2026-08-15 12:26:59 Martins-MacBook-Pro syslogd[382] <Notice>: ASL Sender Statistics
2026-08-15 12:37:22 Martins-MacBook-Pro syslogd[382] <Notice>: ASL Sender Statistics
2026-08-15 12:47:22 Martins-MacBook-Pro syslogd[382] <Notice>: ASL Sender Statistics
2026-08-15 12:57:49 Martins-MacBook-Pro syslogd[382] <Notice>: ASL Sender Statistics
2026-08-15 13:07:55 Martins-MacBook-Pro syslogd[382] <Notice>: ASL Sender Statistics
2026-08-15 13:21:03 Martins-MacBook-Pro syslogd[382] <Notice>: ASL Sender Statistics
2026-08-15 13:31:16 Martins-MacBook-Pro syslogd[382] <Notice>: ASL Sender Statistics
2026-08-15 13:41:30 Martins-MacBook-Pro syslogd[382] <Notice>: ASL Sender Statistics
2026-08-15 13:51:55 Martins-MacBook-Pro syslogd[382] <Notice>: ASL Sender Statistics
2026-08-15 14:07:08 Martins-MacBook-Pro syslogd[382] <Notice>: ASL Sender Statistics
2026-08-15 14:18:04 Martins-MacBook-Pro syslogd[382] <Notice>: ASL Sender Statistics
2026-08-15 14:28:09 Martins-MacBook-Pro syslogd[382] <Notice>: ASL Sender Statistics
2026-08-15 14:38:10 Martins-MacBook-Pro syslogd[382] <Notice>: ASL Sender Statistics
2026-08-15 14:48:13 Martins-MacBook-Pro syslogd[382] <Notice>: ASL Sender Statistics
2026-08-15 15:11:07 Martins-MacBook-Pro syslogd[382] <Notice>: ASL Sender Statistics
2026-08-15 15:21:42 Martins-MacBook-Pro syslogd[382] <Notice>: ASL Sender Statistics
2026-08-15 15:31:42 Martins-MacBook-Pro syslogd[382] <Notice>: ASL Sender Statistics
2026-08-15 15:41:43 Martins-MacBook-Pro syslogd[382] <Notice>: ASL Sender Statistics
2026-08-15 15:51:59 Martins-MacBook-Pro syslogd[382] <Notice>: ASL Sender Statistics
2026-08-15 16:02:01 Martins-MacBook-Pro syslogd[382] <Notice>: ASL Sender Statistics
2026-08-15 16:12:23 Martins-MacBook-Pro syslogd[382] <Notice>: ASL Sender Statistics
2026-08-15 16:23:21 Martins-MacBook-Pro syslogd[382] <Notice>: ASL Sender Statistics
2026-08-15 16:33:28 Martins-MacBook-Pro syslogd[382] <Notice>: ASL Sender Statistics
2026-08-15 16:43:33 Martins-MacBook-Pro syslogd[382] <Notice>: ASL Sender Statistics
2026-08-15 16:53:34 Martins-MacBook-Pro syslogd[382] <Notice>: ASL Sender Statistics
2026-08-15 17:03:47 Martins-MacBook-Pro syslogd[382] <Notice>: ASL Sender Statistics
2026-08-15 17:15:36 Martins-MacBook-Pro syslogd[382] <Notice>: ASL Sender Statistics
2026-08-15 17:25:40 Martins-MacBook-Pro syslogd[382] <Notice>: ASL Sender Statistics
2026-08-15 17:35:43 Martins-MacBook-Pro syslogd[382] <Notice>: ASL Sender Statistics
2026-08-15 17:45:46 Martins-MacBook-Pro syslogd[382] <Notice>: ASL Sender Statistics
2026-08-15 17:56:02 Martins-MacBook-Pro syslogd[382] <Notice>: ASL Sender Statistics
2026-08-15 18:10:31 Martins-MacBook-Pro syslogd[382] <Notice>: ASL Sender Statistics
2026-08-15 18:20:32 Martins-MacBook-Pro syslogd[382] <Notice>: ASL Sender Statistics
2026-08-15 18:26:49 Martins-MacBook-Pro Maps[68479] <Warning>: [XGBAutocompleteRanker] üöÄ Starting ranking process with parameters:
2026-08-15 18:26:49 Martins-MacBook-Pro Maps[68479] <Warning>: [XGBAutocompleteRanker]    üìä Viewport freshness threshold: 600.0
2026-08-15 18:26:49 Martins-MacBook-Pro Maps[68479] <Warning>: [XGBAutocompleteRanker]    üìâ Score demotion factor: 10.0
2026-08-15 18:26:49 Martins-MacBook-Pro Maps[68479] <Warning>: [XGBAutocompleteRanker]    üìè Distance threshold for suppression: 50000.0
2026-08-15 18:26:49 Martins-MacBook-Pro Maps[68479] <Warning>: [XGBAutocompleteRanker]    ‚è∞ Age threshold for distance suppression: 86400.0
2026-08-15 18:26:49 Martins-MacBook-Pro Maps[68479] <Warning>: [XGBAutocompleteRanker]    üéõÔ∏è Ranker module enabled: YES
2026-08-15 18:26:49 Martins-MacBook-Pro Maps[68479] <Warning>: [XGBAutocompleteRanker]    üìè Server score adjustment: 0.00
2026-08-15 18:26:49 Martins-MacBook-Pro Maps[68479] <Warning>: [XGBAutocompleteRanker]    üìè Length threshold: 0.00
2026-08-15 18:26:49 Martins-MacBook-Pro Maps[68479] <Warning>: [XGBAutocompleteRanker] üîÑ MIF provided CoreML model available
2026-08-15 18:26:49 Martins-MacBook-Pro Maps[68479] <Warning>: [XGBAutocompleteRanker] ‚úÖ MIF CoreML model loaded successfully
2026-08-15 18:26:49 Martins-MacBook-Pro Maps[68479] <Warning>: [XGBAutocompleteRanker] üìÑ Parsed request - Client results: 29, Server results: 15
2026-08-15 18:26:49 Martins-MacBook-Pro Maps[68479] <Warning>: [XGBAutocompleteRanker] üèóÔ∏è Processing sections - Total: 2, ClientOnly: -1, Interleave: 1
2026-08-15 18:26:49 Martins-MacBook-Pro Maps[68479] <Warning>: [XGBAutocompleteRanker] ü§ñ ML Model availability: Available
2026-08-15 18:26:49 Martins-MacBook-Pro Maps[68479] <Warning>: [XGBAutocompleteRanker] üî¢ Using 75 features for ranking
2026-08-15 18:26:49 Martins-MacBook-Pro Maps[68479] <Warning>: [XGBAutocompleteRanker] Client Score: 0.01176914109014804
2026-08-15 18:26:49 Martins-MacBook-Pro Maps[68479] <Warning>: [XGBAutocompleteRanker] Client Score: 0.004777070332801029
2026-08-15 18:26:49 Martins-MacBook-Pro Maps[68479] <Warning>: [XGBAutocompleteRanker] Client Score: 0.003070090121785424
2026-08-15 18:26:49 Martins-MacBook-Pro Maps[68479] <Warning>: [XGBAutocompleteRanker] Client Score: 0.003921494604805821
2026-08-15 18:26:49 Martins-MacBook-Pro Maps[68479] <Warning>: [XGBAutocompleteRanker] Client Score: 0.002488445715306995
2026-08-15 18:26:49 Martins-MacBook-Pro Maps[68479] <Warning>: [XGBAutocompleteRanker] Client Score: 0.004097703401703597
2026-08-15 18:26:49 Martins-MacBook-Pro Maps[68479] <Warning>: [XGBAutocompleteRanker] Client Score: 0.00587886419311354
2026-08-15 18:26:49 Martins-MacBook-Pro Maps[68479] <Warning>: [XGBAutocompleteRanker] Client Score: 0.004060268504507653
2026-08-15 18:26:49 Martins-MacBook-Pro Maps[68479] <Warning>: [XGBAutocompleteRanker] Client Score: 0.004097703401703597
2026-08-15 18:26:49 Martins-MacBook-Pro Maps[68479] <Warning>: [XGBAutocompleteRanker] Client Score: 0.004097703401703597
2026-08-15 18:26:49 Martins-MacBook-Pro Maps[68479] <Warning>: [XGBAutocompleteRanker] Client Score: 0.002641379990701975
2026-08-15 18:26:49 Martins-MacBook-Pro Maps[68479] <Warning>: [XGBAutocompleteRanker] Client Score: 0.002488445715306995
2026-08-15 18:26:49 Martins-MacBook-Pro Maps[68479] <Warning>: [XGBAutocompleteRanker] Client Score: 0.004060268504507653
2026-08-15 18:26:49 Martins-MacBook-Pro Maps[68479] <Warning>: [XGBAutocompleteRanker] Client Score: 0.005189621298901992
2026-08-15 18:26:49 Martins-MacBook-Pro Maps[68479] <Warning>: [XGBAutocompleteRanker] Client Score: 0.006402906970222612
2026-08-15 18:26:49 Martins-MacBook-Pro Maps[68479] <Warning>: [XGBAutocompleteRanker] Client Score: 0.00358456471399039
2026-08-15 18:26:49 Martins-MacBook-Pro Maps[68479] <Warning>: [XGBAutocompleteRanker] Client Score: 0.003553368169936461
2026-08-15 18:26:49 Martins-MacBook-Pro Maps[68479] <Warning>: [XGBAutocompleteRanker] Client Score: 0.005189621298901992
2026-08-15 18:26:49 Martins-MacBook-Pro Maps[68479] <Warning>: [XGBAutocompleteRanker] Client Score: 0.003618689860210985
2026-08-15 18:26:49 Martins-MacBook-Pro Maps[68479] <Warning>: [XGBAutocompleteRanker] Client Score: 0.004097703401703597
2026-08-15 18:26:49 Martins-MacBook-Pro Maps[68479] <Warning>: [XGBAutocompleteRanker] Client Score: 0.003921494604805821
2026-08-15 18:26:49 Martins-MacBook-Pro Maps[68479] <Warning>: [XGBAutocompleteRanker] Client Score: 0.004097703401703597
2026-08-15 18:26:49 Martins-MacBook-Pro Maps[68479] <Warning>: [XGBAutocompleteRanker] Client Score: 0.004927546279765457
2026-08-15 18:26:49 Martins-MacBook-Pro Maps[68479] <Warning>: [XGBAutocompleteRanker] Client Score: 0.004097703401703597
2026-08-15 18:26:49 Martins-MacBook-Pro Maps[68479] <Warning>: [XGBAutocompleteRanker] Client Score: 0.004110504898756511
2026-08-15 18:26:49 Martins-MacBook-Pro Maps[68479] <Warning>: [XGBAutocompleteRanker] Client Score: 0.007128388671225896
2026-08-15 18:26:49 Martins-MacBook-Pro Maps[68479] <Warning>: [XGBAutocompleteRanker] Client Score: 0.003921494604805821
2026-08-15 18:26:49 Martins-MacBook-Pro Maps[68479] <Warning>: [XGBAutocompleteRanker] Client Score: 0.003921494604805821
2026-08-15 18:26:49 Martins-MacBook-Pro Maps[68479] <Warning>: [XGBAutocompleteRanker] Client Score: 0.002864203145151215
2026-08-15 18:26:49 Martins-MacBook-Pro Maps[68479] <Warning>: [XGBAutocompleteRanker] Server Score: 0.133403974659811
2026-08-15 18:26:49 Martins-MacBook-Pro Maps[68479] <Warning>: [XGBAutocompleteRanker] Server Score: 0.05920563294190938
2026-08-15 18:26:49 Martins-MacBook-Pro Maps[68479] <Warning>: [XGBAutocompleteRanker] Server Score: 0.06686843200203474
2026-08-15 18:26:49 Martins-MacBook-Pro Maps[68479] <Warning>: [XGBAutocompleteRanker] Server Score: 0.06042244808654811
2026-08-15 18:26:49 Martins-MacBook-Pro Maps[68479] <Warning>: [XGBAutocompleteRanker] Server Score: 0.004934006436476033
2026-08-15 18:26:49 Martins-MacBook-Pro Maps[68479] <Warning>: [XGBAutocompleteRanker] Server Score: 0.006706488021537758
2026-08-15 18:26:49 Martins-MacBook-Pro Maps[68479] <Warning>: [XGBAutocompleteRanker] Server Score: 0.004369039101009793
2026-08-15 18:26:49 Martins-MacBook-Pro Maps[68479] <Warning>: [XGBAutocompleteRanker] Server Score: 0.00136988392407757
2026-08-15 18:26:49 Martins-MacBook-Pro Maps[68479] <Warning>: [XGBAutocompleteRanker] Server Score: 0.009272687073132264
2026-08-15 18:26:49 Martins-MacBook-Pro Maps[68479] <Warning>: [XGBAutocompleteRanker] Server Score: 0.00136988392407757
2026-08-15 18:26:49 Martins-MacBook-Pro Maps[68479] <Warning>: [XGBAutocompleteRanker] Server Score: 0.005006646163084429
2026-08-15 18:26:49 Martins-MacBook-Pro Maps[68479] <Warning>: [XGBAutocompleteRanker] Server Score: 0.01777377996234194
2026-08-15 18:26:49 Martins-MacBook-Pro Maps[68479] <Warning>: [XGBAutocompleteRanker] Server Score: 0.00136988392407757
2026-08-15 18:26:49 Martins-MacBook-Pro Maps[68479] <Warning>: [XGBAutocompleteRanker] Server Score: 0.007336328532520814
2026-08-15 18:26:49 Martins-MacBook-Pro Maps[68479] <Warning>: [XGBAutocompleteRanker] Server Score: 0.01777377996234194
2026-08-15 18:26:49 Martins-MacBook-Pro Maps[68479] <Warning>: [XGBAutocompleteRanker] üìä Post-processing counts - Client entries: 29, Server entries: 15
2026-08-15 18:26:49 Martins-MacBook-Pro Maps[68479] <Warning>: [XGBAutocompleteRanker] ü•á Max server score: 0.1334
2026-08-15 18:26:49 Martins-MacBook-Pro Maps[68479] <Warning>: [XGBAutocompleteRanker] üîÑ Starting section processing for 2 sections
2026-08-15 18:26:49 Martins-MacBook-Pro Maps[68479] <Warning>: [XGBAutocompleteRanker] üìã Processing section 0
2026-08-15 18:26:49 Martins-MacBook-Pro Maps[68479] <Warning>: [XGBAutocompleteRanker] üñ•Ô∏è Processing server results section
2026-08-15 18:26:49 Martins-MacBook-Pro Maps[68479] <Warning>: [XGBAutocompleteRanker] üñ•Ô∏è Added 0 server entries to section
2026-08-15 18:26:49 Martins-MacBook-Pro Maps[68479] <Warning>: [XGBAutocompleteRanker] ‚ö†Ô∏è No server entries found in section 0, checking for prominent client results
2026-08-15 18:26:49 Martins-MacBook-Pro Maps[68479] <Warning>: [XGBAutocompleteRanker] üìã Processing section 1
2026-08-15 18:26:49 Martins-MacBook-Pro Maps[68479] <Warning>: [XGBAutocompleteRanker] üîÄ Merging remaining entries - Client: 29, Server: 15
2026-08-15 18:26:49 Martins-MacBook-Pro Maps[68479] <Warning>: [XGBAutocompleteRanker] üß† Using ML model for score-based merging
2026-08-15 18:26:49 Martins-MacBook-Pro Maps[68479] <Warning>: [XGBAutocompleteRanker] ‚úÖ Final merged section contains 44 entries
2026-08-15 18:26:49 Martins-MacBook-Pro Maps[68479] <Warning>: [XGBAutocompleteRanker] üìù Logging model metadata to response
2026-08-15 18:26:49 Martins-MacBook-Pro Maps[68479] <Warning>: [XGBAutocompleteRanker] üè∑Ô∏è Model version: 
2026-08-15 18:26:49 Martins-MacBook-Pro Maps[68479] <Warning>: [XGBAutocompleteRanker] üöÄ Rollout ID: 6785b622614dbd65bffd025a
2026-08-15 18:26:49 Martins-MacBook-Pro Maps[68479] <Warning>: [XGBAutocompleteRanker] üéØ Rollout deployment ID: 240000013
2026-08-15 18:26:49 Martins-MacBook-Pro Maps[68479] <Warning>: [XGBAutocompleteRanker] üì¶ Factor pack ID: 6a2108cf34a0c07a0681423b
2026-08-15 18:26:49 Martins-MacBook-Pro Maps[68479] <Warning>: [XGBAutocompleteRanker] üìà Ramp ID: 6a3081ac9d3fb669a8bdb84b
2026-08-15 18:26:49 Martins-MacBook-Pro Maps[68479] <Warning>: [XGBAutocompleteRanker] üß™ Logging experiment metadata to response
2026-08-15 18:26:49 Martins-MacBook-Pro Maps[68479] <Warning>: [XGBAutocompleteRanker] üî¨ Experiment ID: Unknown
2026-08-15 18:26:49 Martins-MacBook-Pro Maps[68479] <Warning>: [XGBAutocompleteRanker] üíä Treatment ID: Unknown
2026-08-15 18:26:49 Martins-MacBook-Pro Maps[68479] <Warning>: [XGBAutocompleteRanker] üö¢ Deployment ID: Unknown
2026-08-15 18:26:49 Martins-MacBook-Pro Maps[68479] <Warning>: [XGBAutocompleteRanker] ‚úÖ Ranking completed successfully with ML model
2026-08-15 18:26:49 Martins-MacBook-Pro Maps[68479] <Warning>: [XGBAutocompleteRanker] üì§ Serializing response for return
2026-08-15 18:26:49 Martins-MacBook-Pro Maps[68479] <Warning>: [XGBAutocompleteRanker] üèÅ Ranking process completed - returning 11497 bytes
2026-08-15 18:26:49 Martins-MacBook-Pro Maps[68479] <Warning>: [XGBAutocompleteRanker] üöÄ Starting ranking process with parameters:
2026-08-15 18:26:49 Martins-MacBook-Pro Maps[68479] <Warning>: [XGBAutocompleteRanker]    üìä Viewport freshness threshold: 600.0
2026-08-15 18:26:49 Martins-MacBook-Pro Maps[68479] <Warning>: [XGBAutocompleteRanker]    üìâ Score demotion factor: 10.0
2026-08-15 18:26:49 Martins-MacBook-Pro Maps[68479] <Warning>: [XGBAutocompleteRanker]    üìè Distance threshold for suppression: 50000.0
2026-08-15 18:26:49 Martins-MacBook-Pro Maps[68479] <Warning>: [XGBAutocompleteRanker]    ‚è∞ Age threshold for distance suppression: 86400.0
2026-08-15 18:26:49 Martins-MacBook-Pro Maps[68479] <Warning>: [XGBAutocompleteRanker]    üéõÔ∏è Ranker module enabled: YES
2026-08-15 18:26:49 Martins-MacBook-Pro Maps[68479] <Warning>: [XGBAutocompleteRanker]    üìè Server score adjustment: 0.00
2026-08-15 18:26:49 Martins-MacBook-Pro Maps[68479] <Warning>: [XGBAutocompleteRanker]    üìè Length threshold: 0.00
2026-08-15 18:26:49 Martins-MacBook-Pro Maps[68479] <Warning>: [XGBAutocompleteRanker] üîÑ MIF provided CoreML model available
2026-08-15 18:26:49 Martins-MacBook-Pro Maps[68479] <Warning>: [XGBAutocompleteRanker] ‚úÖ MIF CoreML model loaded successfully
2026-08-15 18:26:49 Martins-MacBook-Pro Maps[68479] <Warning>: [XGBAutocompleteRanker] üìÑ Parsed request - Client results: 10, Server results: 15
2026-08-15 18:26:49 Martins-MacBook-Pro Maps[68479] <Warning>: [XGBAutocompleteRanker] üèóÔ∏è Processing sections - Total: 2, ClientOnly: -1, Interleave: 1
2026-08-15 18:26:49 Martins-MacBook-Pro Maps[68479] <Warning>: [XGBAutocompleteRanker] ü§ñ ML Model availability: Available
2026-08-15 18:26:49 Martins-MacBook-Pro Maps[68479] <Warning>: [XGBAutocompleteRanker] üî¢ Using 75 features for ranking
2026-08-15 18:26:49 Martins-MacBook-Pro Maps[68479] <Warning>: [XGBAutocompleteRanker] Client Score: 0.03110975540686169
2026-08-15 18:26:49 Martins-MacBook-Pro Maps[68479] <Warning>: [XGBAutocompleteRanker] Client Score: 0.008858382175389075
2026-08-15 18:26:49 Martins-MacBook-Pro Maps[68479] <Warning>: [XGBAutocompleteRanker] Client Score: 0.004962410875404726
2026-08-15 18:26:49 Martins-MacBook-Pro Maps[68479] <Warning>: [XGBAutocompleteRanker] Client Score: 0.03110975540686169
2026-08-15 18:26:49 Martins-MacBook-Pro Maps[68479] <Warning>: [XGBAutocompleteRanker] Client Score: 0.0241339151794103
2026-08-15 18:26:49 Martins-MacBook-Pro Maps[68479] <Warning>: [XGBAutocompleteRanker] Client Score: 0.007303185318975237
2026-08-15 18:26:49 Martins-MacBook-Pro Maps[68479] <Warning>: [XGBAutocompleteRanker] Client Score: 0.03810241105672611
2026-08-15 18:26:49 Martins-MacBook-Pro Maps[68479] <Warning>: [XGBAutocompleteRanker] Client Score: 0.006102307465301658
2026-08-15 18:26:49 Martins-MacBook-Pro Maps[68479] <Warning>: [XGBAutocompleteRanker] Client Score: 0.007303185318975237
2026-08-15 18:26:49 Martins-MacBook-Pro Maps[68479] <Warning>: [XGBAutocompleteRanker] Client Score: 0.03110975540686169
2026-08-15 18:26:49 Martins-MacBook-Pro Maps[68479] <Warning>: [XGBAutocompleteRanker] Server Score: 0.04482657068110179
2026-08-15 18:26:49 Martins-MacBook-Pro Maps[68479] <Warning>: [XGBAutocompleteRanker] Server Score: 0.0439069436179784
2026-08-15 18:26:49 Martins-MacBook-Pro Maps[68479] <Warning>: [XGBAutocompleteRanker] Server Score: 0.01054907744210277
2026-08-15 18:26:49 Martins-MacBook-Pro Maps[68479] <Warning>: [XGBAutocompleteRanker] Server Score: 0.008680008232945751
2026-08-15 18:26:49 Martins-MacBook-Pro Maps[68479] <Warning>: [XGBAutocompleteRanker] Server Score: 0.009161524022712836
2026-08-15 18:26:49 Martins-MacBook-Pro Maps[68479] <Warning>: [XGBAutocompleteRanker] Server Score: 0.0001918291584030479
2026-08-15 18:26:49 Martins-MacBook-Pro Maps[68479] <Warning>: [XGBAutocompleteRanker] Server Score: 0.002565241330223899
2026-08-15 18:26:49 Martins-MacBook-Pro Maps[68479] <Warning>: [XGBAutocompleteRanker] Server Score: 0.0009334691000965669
2026-08-15 18:26:49 Martins-MacBook-Pro Maps[68479] <Warning>: [XGBAutocompleteRanker] Server Score: 0.0009334691000965669
2026-08-15 18:26:49 Martins-MacBook-Pro Maps[68479] <Warning>: [XGBAutocompleteRanker] Server Score: 0.0007502192614566921
2026-08-15 18:26:49 Martins-MacBook-Pro Maps[68479] <Warning>: [XGBAutocompleteRanker] Server Score: 0.001305384022131212
2026-08-15 18:26:49 Martins-MacBook-Pro Maps[68479] <Warning>: [XGBAutocompleteRanker] Server Score: 0.003746098334628662
2026-08-15 18:26:49 Martins-MacBook-Pro Maps[68479] <Warning>: [XGBAutocompleteRanker] Server Score: 0.00111231812281501
2026-08-15 18:26:49 Martins-MacBook-Pro Maps[68479] <Warning>: [XGBAutocompleteRanker] Server Score: 0.0005561903546351103
2026-08-15 18:26:49 Martins-MacBook-Pro Maps[68479] <Warning>: [XGBAutocompleteRanker] Server Score: 0.0009334691000965669
2026-08-15 18:26:49 Martins-MacBook-Pro Maps[68479] <Warning>: [XGBAutocompleteRanker] üìä Post-processing counts - Client entries: 10, Server entries: 15
2026-08-15 18:26:49 Martins-MacBook-Pro Maps[68479] <Warning>: [XGBAutocompleteRanker] ü•á Max server score: 0.0448
2026-08-15 18:26:49 Martins-MacBook-Pro Maps[68479] <Warning>: [XGBAutocompleteRanker] üîÑ Starting section processing for 2 sections
2026-08-15 18:26:49 Martins-MacBook-Pro Maps[68479] <Warning>: [XGBAutocompleteRanker] üìã Processing section 0
2026-08-15 18:26:49 Martins-MacBook-Pro Maps[68479] <Warning>: [XGBAutocompleteRanker] üñ•Ô∏è Processing server results section
2026-08-15 18:26:49 Martins-MacBook-Pro Maps[68479] <Warning>: [XGBAutocompleteRanker] üñ•Ô∏è Added 0 server entries to section
2026-08-15 18:26:49 Martins-MacBook-Pro Maps[68479] <Warning>: [XGBAutocompleteRanker] ‚ö†Ô∏è No server entries found in section 0, checking for prominent client results
2026-08-15 18:26:49 Martins-MacBook-Pro Maps[68479] <Warning>: [XGBAutocompleteRanker] üìã Processing section 1
2026-08-15 18:26:49 Martins-MacBook-Pro Maps[68479] <Warning>: [XGBAutocompleteRanker] üîÄ Merging remaining entries - Client: 10, Server: 15
2026-08-15 18:26:49 Martins-MacBook-Pro Maps[68479] <Warning>: [XGBAutocompleteRanker] üß† Using ML model for score-based merging
2026-08-15 18:26:49 Martins-MacBook-Pro Maps[68479] <Warning>: [XGBAutocompleteRanker] ‚úÖ Final merged section contains 25 entries
2026-08-15 18:26:49 Martins-MacBook-Pro Maps[68479] <Warning>: [XGBAutocompleteRanker] üìù Logging model metadata to response
2026-08-15 18:26:49 Martins-MacBook-Pro Maps[68479] <Warning>: [XGBAutocompleteRanker] üè∑Ô∏è Model version: 
2026-08-15 18:26:49 Martins-MacBook-Pro Maps[68479] <Warning>: [XGBAutocompleteRanker] üöÄ Rollout ID: 6785b622614dbd65bffd025a
2026-08-15 18:26:49 Martins-MacBook-Pro Maps[68479] <Warning>: [XGBAutocompleteRanker] üéØ Rollout deployment ID: 240000013
2026-08-15 18:26:49 Martins-MacBook-Pro Maps[68479] <Warning>: [XGBAutocompleteRanker] üì¶ Factor pack ID: 6a2108cf34a0c07a0681423b
2026-08-15 18:26:49 Martins-MacBook-Pro Maps[68479] <Warning>: [XGBAutocompleteRanker] üìà Ramp ID: 6a3081ac9d3fb669a8bdb84b
2026-08-15 18:26:49 Martins-MacBook-Pro Maps[68479] <Warning>: [XGBAutocompleteRanker] üß™ Logging experiment metadata to response
2026-08-15 18:26:49 Martins-MacBook-Pro Maps[68479] <Warning>: [XGBAutocompleteRanker] üî¨ Experiment ID: Unknown
2026-08-15 18:26:49 Martins-MacBook-Pro Maps[68479] <Warning>: [XGBAutocompleteRanker] üíä Treatment ID: Unknown
2026-08-15 18:26:49 Martins-MacBook-Pro Maps[68479] <Warning>: [XGBAutocompleteRanker] üö¢ Deployment ID: Unknown
2026-08-15 18:26:49 Martins-MacBook-Pro Maps[68479] <Warning>: [XGBAutocompleteRanker] ‚úÖ Ranking completed successfully with ML model
2026-08-15 18:26:49 Martins-MacBook-Pro Maps[68479] <Warning>: [XGBAutocompleteRanker] üì§ Serializing response for return
2026-08-15 18:26:49 Martins-MacBook-Pro Maps[68479] <Warning>: [XGBAutocompleteRanker] üèÅ Ranking process completed - returning 9601 bytes
2026-08-15 18:26:50 Martins-MacBook-Pro Maps[68479] <Warning>: [XGBAutocompleteRanker] üöÄ Starting ranking process with parameters:
2026-08-15 18:26:50 Martins-MacBook-Pro Maps[68479] <Warning>: [XGBAutocompleteRanker]    üìä Viewport freshness threshold: 600.0
2026-08-15 18:26:50 Martins-MacBook-Pro Maps[68479] <Warning>: [XGBAutocompleteRanker]    üìâ Score demotion factor: 10.0
2026-08-15 18:26:50 Martins-MacBook-Pro Maps[68479] <Warning>: [XGBAutocompleteRanker]    üìè Distance threshold for suppression: 50000.0
2026-08-15 18:26:50 Martins-MacBook-Pro Maps[68479] <Warning>: [XGBAutocompleteRanker]    ‚è∞ Age threshold for distance suppression: 86400.0
2026-08-15 18:26:50 Martins-MacBook-Pro Maps[68479] <Warning>: [XGBAutocompleteRanker]    üéõÔ∏è Ranker module enabled: YES
2026-08-15 18:26:50 Martins-MacBook-Pro Maps[68479] <Warning>: [XGBAutocompleteRanker]    üìè Server score adjustment: 0.00
2026-08-15 18:26:50 Martins-MacBook-Pro Maps[68479] <Warning>: [XGBAutocompleteRanker]    üìè Length threshold: 0.00
2026-08-15 18:26:50 Martins-MacBook-Pro Maps[68479] <Warning>: [XGBAutocompleteRanker] üîÑ MIF provided CoreML model available
2026-08-15 18:26:50 Martins-MacBook-Pro Maps[68479] <Warning>: [XGBAutocompleteRanker] ‚úÖ MIF CoreML model loaded successfully
2026-08-15 18:26:50 Martins-MacBook-Pro Maps[68479] <Warning>: [XGBAutocompleteRanker] üìÑ Parsed request - Client results: 10, Server results: 15
2026-08-15 18:26:50 Martins-MacBook-Pro Maps[68479] <Warning>: [XGBAutocompleteRanker] üèóÔ∏è Processing sections - Total: 2, ClientOnly: -1, Interleave: 1
2026-08-15 18:26:50 Martins-MacBook-Pro Maps[68479] <Warning>: [XGBAutocompleteRanker] ü§ñ ML Model availability: Available
2026-08-15 18:26:50 Martins-MacBook-Pro Maps[68479] <Warning>: [XGBAutocompleteRanker] üî¢ Using 75 features for ranking
2026-08-15 18:26:50 Martins-MacBook-Pro Maps[68479] <Warning>: [XGBAutocompleteRanker] Client Score: 0.03110975540686169
2026-08-15 18:26:50 Martins-MacBook-Pro Maps[68479] <Warning>: [XGBAutocompleteRanker] Client Score: 0.008858382175389075
2026-08-15 18:26:50 Martins-MacBook-Pro Maps[68479] <Warning>: [XGBAutocompleteRanker] Client Score: 0.004962410875404726
2026-08-15 18:26:50 Martins-MacBook-Pro Maps[68479] <Warning>: [XGBAutocompleteRanker] Client Score: 0.03110975540686169
2026-08-15 18:26:50 Martins-MacBook-Pro Maps[68479] <Warning>: [XGBAutocompleteRanker] Client Score: 0.0241339151794103
2026-08-15 18:26:50 Martins-MacBook-Pro Maps[68479] <Warning>: [XGBAutocompleteRanker] Client Score: 0.007303185318975237
2026-08-15 18:26:50 Martins-MacBook-Pro Maps[68479] <Warning>: [XGBAutocompleteRanker] Client Score: 0.03810241105672611
2026-08-15 18:26:50 Martins-MacBook-Pro Maps[68479] <Warning>: [XGBAutocompleteRanker] Client Score: 0.006102307465301658
2026-08-15 18:26:50 Martins-MacBook-Pro Maps[68479] <Warning>: [XGBAutocompleteRanker] Client Score: 0.007303185318975237
2026-08-15 18:26:50 Martins-MacBook-Pro Maps[68479] <Warning>: [XGBAutocompleteRanker] Client Score: 0.03110975540686169
2026-08-15 18:26:50 Martins-MacBook-Pro Maps[68479] <Warning>: [XGBAutocompleteRanker] Server Score: 0.04482657068110179
2026-08-15 18:26:50 Martins-MacBook-Pro Maps[68479] <Warning>: [XGBAutocompleteRanker] Server Score: 0.0439069436179784
2026-08-15 18:26:50 Martins-MacBook-Pro Maps[68479] <Warning>: [XGBAutocompleteRanker] Server Score: 0.01054907744210277
2026-08-15 18:26:50 Martins-MacBook-Pro Maps[68479] <Warning>: [XGBAutocompleteRanker] Server Score: 0.008680008232945751
2026-08-15 18:26:50 Martins-MacBook-Pro Maps[68479] <Warning>: [XGBAutocompleteRanker] Server Score: 0.009161524022712836
2026-08-15 18:26:50 Martins-MacBook-Pro Maps[68479] <Warning>: [XGBAutocompleteRanker] Server Score: 0.0001918291584030479
2026-08-15 18:26:50 Martins-MacBook-Pro Maps[68479] <Warning>: [XGBAutocompleteRanker] Server Score: 0.002565241330223899
2026-08-15 18:26:50 Martins-MacBook-Pro Maps[68479] <Warning>: [XGBAutocompleteRanker] Server Score: 0.0009334691000965669
2026-08-15 18:26:50 Martins-MacBook-Pro Maps[68479] <Warning>: [XGBAutocompleteRanker] Server Score: 0.0009334691000965669
2026-08-15 18:26:50 Martins-MacBook-Pro Maps[68479] <Warning>: [XGBAutocompleteRanker] Server Score: 0.0007502192614566921
2026-08-15 18:26:50 Martins-MacBook-Pro Maps[68479] <Warning>: [XGBAutocompleteRanker] Server Score: 0.001305384022131212
2026-08-15 18:26:50 Martins-MacBook-Pro Maps[68479] <Warning>: [XGBAutocompleteRanker] Server Score: 0.003746098334628662
2026-08-15 18:26:50 Martins-MacBook-Pro Maps[68479] <Warning>: [XGBAutocompleteRanker] Server Score: 0.00111231812281501
2026-08-15 18:26:50 Martins-MacBook-Pro Maps[68479] <Warning>: [XGBAutocompleteRanker] Server Score: 0.0005561903546351103
2026-08-15 18:26:50 Martins-MacBook-Pro Maps[68479] <Warning>: [XGBAutocompleteRanker] Server Score: 0.0009334691000965669
2026-08-15 18:26:50 Martins-MacBook-Pro Maps[68479] <Warning>: [XGBAutocompleteRanker] üìä Post-processing counts - Client entries: 10, Server entries: 15
2026-08-15 18:26:50 Martins-MacBook-Pro Maps[68479] <Warning>: [XGBAutocompleteRanker] ü•á Max server score: 0.0448
2026-08-15 18:26:50 Martins-MacBook-Pro Maps[68479] <Warning>: [XGBAutocompleteRanker] üîÑ Starting section processing for 2 sections
2026-08-15 18:26:50 Martins-MacBook-Pro Maps[68479] <Warning>: [XGBAutocompleteRanker] üìã Processing section 0
2026-08-15 18:26:50 Martins-MacBook-Pro Maps[68479] <Warning>: [XGBAutocompleteRanker] üñ•Ô∏è Processing server results section
2026-08-15 18:26:50 Martins-MacBook-Pro Maps[68479] <Warning>: [XGBAutocompleteRanker] üñ•Ô∏è Added 0 server entries to section
2026-08-15 18:26:50 Martins-MacBook-Pro Maps[68479] <Warning>: [XGBAutocompleteRanker] ‚ö†Ô∏è No server entries found in section 0, checking for prominent client results
2026-08-15 18:26:50 Martins-MacBook-Pro Maps[68479] <Warning>: [XGBAutocompleteRanker] üìã Processing section 1
2026-08-15 18:26:50 Martins-MacBook-Pro Maps[68479] <Warning>: [XGBAutocompleteRanker] üîÄ Merging remaining entries - Client: 10, Server: 15
2026-08-15 18:26:50 Martins-MacBook-Pro Maps[68479] <Warning>: [XGBAutocompleteRanker] üß† Using ML model for score-based merging
2026-08-15 18:26:50 Martins-MacBook-Pro Maps[68479] <Warning>: [XGBAutocompleteRanker] ‚úÖ Final merged section contains 25 entries
2026-08-15 18:26:50 Martins-MacBook-Pro Maps[68479] <Warning>: [XGBAutocompleteRanker] üìù Logging model metadata to response
2026-08-15 18:26:50 Martins-MacBook-Pro Maps[68479] <Warning>: [XGBAutocompleteRanker] üè∑Ô∏è Model version: 
2026-08-15 18:26:50 Martins-MacBook-Pro Maps[68479] <Warning>: [XGBAutocompleteRanker] üöÄ Rollout ID: 6785b622614dbd65bffd025a
2026-08-15 18:26:50 Martins-MacBook-Pro Maps[68479] <Warning>: [XGBAutocompleteRanker] üéØ Rollout deployment ID: 240000013
2026-08-15 18:26:50 Martins-MacBook-Pro Maps[68479] <Warning>: [XGBAutocompleteRanker] üì¶ Factor pack ID: 6a2108cf34a0c07a0681423b
2026-08-15 18:26:50 Martins-MacBook-Pro Maps[68479] <Warning>: [XGBAutocompleteRanker] üìà Ramp ID: 6a3081ac9d3fb669a8bdb84b
2026-08-15 18:26:50 Martins-MacBook-Pro Maps[68479] <Warning>: [XGBAutocompleteRanker] üß™ Logging experiment metadata to response
2026-08-15 18:26:50 Martins-MacBook-Pro Maps[68479] <Warning>: [XGBAutocompleteRanker] üî¨ Experiment ID: Unknown
2026-08-15 18:26:50 Martins-MacBook-Pro Maps[68479] <Warning>: [XGBAutocompleteRanker] üíä Treatment ID: Unknown
2026-08-15 18:26:50 Martins-MacBook-Pro Maps[68479] <Warning>: [XGBAutocompleteRanker] üö¢ Deployment ID: Unknown
2026-08-15 18:26:50 Martins-MacBook-Pro Maps[68479] <Warning>: [XGBAutocompleteRanker] ‚úÖ Ranking completed successfully with ML model
2026-08-15 18:26:50 Martins-MacBook-Pro Maps[68479] <Warning>: [XGBAutocompleteRanker] üì§ Serializing response for return
2026-08-15 18:26:50 Martins-MacBook-Pro Maps[68479] <Warning>: [XGBAutocompleteRanker] üèÅ Ranking process completed - returning 9601 bytes
2026-08-15 18:26:51 Martins-MacBook-Pro Maps[68479] <Warning>: [XGBAutocompleteRanker] üöÄ Starting ranking process with parameters:
2026-08-15 18:26:51 Martins-MacBook-Pro Maps[68479] <Warning>: [XGBAutocompleteRanker]    üìä Viewport freshness threshold: 600.0
2026-08-15 18:26:51 Martins-MacBook-Pro Maps[68479] <Warning>: [XGBAutocompleteRanker]    üìâ Score demotion factor: 10.0
2026-08-15 18:26:51 Martins-MacBook-Pro Maps[68479] <Warning>: [XGBAutocompleteRanker]    üìè Distance threshold for suppression: 50000.0
2026-08-15 18:26:51 Martins-MacBook-Pro Maps[68479] <Warning>: [XGBAutocompleteRanker]    ‚è∞ Age threshold for distance suppression: 86400.0
2026-08-15 18:26:51 Martins-MacBook-Pro Maps[68479] <Warning>: [XGBAutocompleteRanker]    üéõÔ∏è Ranker module enabled: YES
2026-08-15 18:26:51 Martins-MacBook-Pro Maps[68479] <Warning>: [XGBAutocompleteRanker]    üìè Server score adjustment: 0.00
2026-08-15 18:26:51 Martins-MacBook-Pro Maps[68479] <Warning>: [XGBAutocompleteRanker]    üìè Length threshold: 0.00
2026-08-15 18:26:51 Martins-MacBook-Pro Maps[68479] <Warning>: [XGBAutocompleteRanker] üîÑ MIF provided CoreML model available
2026-08-15 18:26:51 Martins-MacBook-Pro Maps[68479] <Warning>: [XGBAutocompleteRanker] ‚úÖ MIF CoreML model loaded successfully
2026-08-15 18:26:51 Martins-MacBook-Pro Maps[68479] <Warning>: [XGBAutocompleteRanker] üìÑ Parsed request - Client results: 0, Server results: 15
2026-08-15 18:26:51 Martins-MacBook-Pro Maps[68479] <Warning>: [XGBAutocompleteRanker] üèóÔ∏è Processing sections - Total: 3, ClientOnly: 1, Interleave: 2
2026-08-15 18:26:51 Martins-MacBook-Pro Maps[68479] <Warning>: [XGBAutocompleteRanker] ü§ñ ML Model availability: Available
2026-08-15 18:26:51 Martins-MacBook-Pro Maps[68479] <Warning>: [XGBAutocompleteRanker] üî¢ Using 75 features for ranking
2026-08-15 18:26:51 Martins-MacBook-Pro Maps[68479] <Warning>: [XGBAutocompleteRanker] Server Score: 0.1514794574410912
2026-08-15 18:26:51 Martins-MacBook-Pro Maps[68479] <Warning>: [XGBAutocompleteRanker] Server Score: 0.03250550195699139
2026-08-15 18:26:51 Martins-MacBook-Pro Maps[68479] <Warning>: [XGBAutocompleteRanker] Server Score: 0.008701501851731705
2026-08-15 18:26:51 Martins-MacBook-Pro Maps[68479] <Warning>: [XGBAutocompleteRanker] Server Score: 0.007231786758715118
2026-08-15 18:26:51 Martins-MacBook-Pro Maps[68479] <Warning>: [XGBAutocompleteRanker] Server Score: 0.001272757465688888
2026-08-15 18:26:51 Martins-MacBook-Pro Maps[68479] <Warning>: [XGBAutocompleteRanker] Server Score: 0.000566889838687213
2026-08-15 18:26:51 Martins-MacBook-Pro Maps[68479] <Warning>: [XGBAutocompleteRanker] Server Score: 0.0007249836391709268
2026-08-15 18:26:51 Martins-MacBook-Pro Maps[68479] <Warning>: [XGBAutocompleteRanker] Server Score: 0.001282602391564163
2026-08-15 18:26:51 Martins-MacBook-Pro Maps[68479] <Warning>: [XGBAutocompleteRanker] Server Score: 0.0008419192492628567
2026-08-15 18:26:51 Martins-MacBook-Pro Maps[68479] <Warning>: [XGBAutocompleteRanker] Server Score: 0.001282602391564163
2026-08-15 18:26:51 Martins-MacBook-Pro Maps[68479] <Warning>: [XGBAutocompleteRanker] Server Score: 0.004490910593999397
2026-08-15 18:26:51 Martins-MacBook-Pro Maps[68479] <Warning>: [XGBAutocompleteRanker] Server Score: 0.0008588888139713859
2026-08-15 18:26:51 Martins-MacBook-Pro Maps[68479] <Warning>: [XGBAutocompleteRanker] Server Score: 0.0009364609331997305
2026-08-15 18:26:51 Martins-MacBook-Pro Maps[68479] <Warning>: [XGBAutocompleteRanker] Server Score: 0.0009364609331997305
2026-08-15 18:26:51 Martins-MacBook-Pro Maps[68479] <Warning>: [XGBAutocompleteRanker] Server Score: 0.001237282391729557
2026-08-15 18:26:51 Martins-MacBook-Pro Maps[68479] <Warning>: [XGBAutocompleteRanker] üìä Post-processing counts - Client entries: 0, Server entries: 15
2026-08-15 18:26:51 Martins-MacBook-Pro Maps[68479] <Warning>: [XGBAutocompleteRanker] ü•á Max server score: 0.1515
2026-08-15 18:26:51 Martins-MacBook-Pro Maps[68479] <Warning>: [XGBAutocompleteRanker] üîÑ Starting section processing for 3 sections
2026-08-15 18:26:51 Martins-MacBook-Pro Maps[68479] <Warning>: [XGBAutocompleteRanker] üìã Processing section 0
2026-08-15 18:26:51 Martins-MacBook-Pro Maps[68479] <Warning>: [XGBAutocompleteRanker] üñ•Ô∏è Processing server results section
2026-08-15 18:26:51 Martins-MacBook-Pro Maps[68479] <Warning>: [XGBAutocompleteRanker] üñ•Ô∏è Added 0 server entries to section
2026-08-15 18:26:51 Martins-MacBook-Pro Maps[68479] <Warning>: [XGBAutocompleteRanker] ‚ö†Ô∏è No server entries found in section 0, checking for prominent client results
2026-08-15 18:26:51 Martins-MacBook-Pro Maps[68479] <Warning>: [XGBAutocompleteRanker] üìã Processing section 1
2026-08-15 18:26:51 Martins-MacBook-Pro Maps[68479] <Warning>: [XGBAutocompleteRanker] üë§ Processing client-only results section
2026-08-15 18:26:51 Martins-MacBook-Pro Maps[68479] <Warning>: [XGBAutocompleteRanker] üë§ Added 0 entries to client-only section
2026-08-15 18:26:51 Martins-MacBook-Pro Maps[68479] <Warning>: [XGBAutocompleteRanker] üìã Processing section 2
2026-08-15 18:26:51 Martins-MacBook-Pro Maps[68479] <Warning>: [XGBAutocompleteRanker] üîÄ Merging remaining entries - Client: 0, Server: 15
2026-08-15 18:26:51 Martins-MacBook-Pro Maps[68479] <Warning>: [XGBAutocompleteRanker] üß† Using ML model for score-based merging
2026-08-15 18:26:51 Martins-MacBook-Pro Maps[68479] <Warning>: [XGBAutocompleteRanker] ‚úÖ Final merged section contains 15 entries
2026-08-15 18:26:51 Martins-MacBook-Pro Maps[68479] <Warning>: [XGBAutocompleteRanker] üìù Logging model metadata to response
2026-08-15 18:26:51 Martins-MacBook-Pro Maps[68479] <Warning>: [XGBAutocompleteRanker] üè∑Ô∏è Model version: 
2026-08-15 18:26:51 Martins-MacBook-Pro Maps[68479] <Warning>: [XGBAutocompleteRanker] üöÄ Rollout ID: 6785b622614dbd65bffd025a
2026-08-15 18:26:51 Martins-MacBook-Pro Maps[68479] <Warning>: [XGBAutocompleteRanker] üéØ Rollout deployment ID: 240000013
2026-08-15 18:26:51 Martins-MacBook-Pro Maps[68479] <Warning>: [XGBAutocompleteRanker] üì¶ Factor pack ID: 6a2108cf34a0c07a0681423b
2026-08-15 18:26:51 Martins-MacBook-Pro Maps[68479] <Warning>: [XGBAutocompleteRanker] üìà Ramp ID: 6a3081ac9d3fb669a8bdb84b
2026-08-15 18:26:51 Martins-MacBook-Pro Maps[68479] <Warning>: [XGBAutocompleteRanker] üß™ Logging experiment metadata to response
2026-08-15 18:26:51 Martins-MacBook-Pro Maps[68479] <Warning>: [XGBAutocompleteRanker] üî¨ Experiment ID: Unknown
2026-08-15 18:26:51 Martins-MacBook-Pro Maps[68479] <Warning>: [XGBAutocompleteRanker] üíä Treatment ID: Unknown
2026-08-15 18:26:51 Martins-MacBook-Pro Maps[68479] <Warning>: [XGBAutocompleteRanker] üö¢ Deployment ID: Unknown
2026-08-15 18:26:51 Martins-MacBook-Pro Maps[68479] <Warning>: [XGBAutocompleteRanker] ‚úÖ Ranking completed successfully with ML model
2026-08-15 18:26:51 Martins-MacBook-Pro Maps[68479] <Warning>: [XGBAutocompleteRanker] üì§ Serializing response for return
2026-08-15 18:26:51 Martins-MacBook-Pro Maps[68479] <Warning>: [XGBAutocompleteRanker] üèÅ Ranking process completed - returning 5728 bytes
2026-08-15 18:26:52 Martins-MacBook-Pro Maps[68479] <Warning>: [XGBAutocompleteRanker] üöÄ Starting ranking process with parameters:
2026-08-15 18:26:52 Martins-MacBook-Pro Maps[68479] <Warning>: [XGBAutocompleteRanker]    üìä Viewport freshness threshold: 600.0
2026-08-15 18:26:52 Martins-MacBook-Pro Maps[68479] <Warning>: [XGBAutocompleteRanker]    üìâ Score demotion factor: 10.0
2026-08-15 18:26:52 Martins-MacBook-Pro Maps[68479] <Warning>: [XGBAutocompleteRanker]    üìè Distance threshold for suppression: 50000.0
2026-08-15 18:26:52 Martins-MacBook-Pro Maps[68479] <Warning>: [XGBAutocompleteRanker]    ‚è∞ Age threshold for distance suppression: 86400.0
2026-08-15 18:26:52 Martins-MacBook-Pro Maps[68479] <Warning>: [XGBAutocompleteRanker]    üéõÔ∏è Ranker module enabled: YES
2026-08-15 18:26:52 Martins-MacBook-Pro Maps[68479] <Warning>: [XGBAutocompleteRanker]    üìè Server score adjustment: 0.00
2026-08-15 18:26:52 Martins-MacBook-Pro Maps[68479] <Warning>: [XGBAutocompleteRanker]    üìè Length threshold: 0.00
2026-08-15 18:26:52 Martins-MacBook-Pro Maps[68479] <Warning>: [XGBAutocompleteRanker] üîÑ MIF provided CoreML model available
2026-08-15 18:26:52 Martins-MacBook-Pro Maps[68479] <Warning>: [XGBAutocompleteRanker] ‚úÖ MIF CoreML model loaded successfully
2026-08-15 18:26:52 Martins-MacBook-Pro Maps[68479] <Warning>: [XGBAutocompleteRanker] üìÑ Parsed request - Client results: 0, Server results: 15
2026-08-15 18:26:52 Martins-MacBook-Pro Maps[68479] <Warning>: [XGBAutocompleteRanker] üèóÔ∏è Processing sections - Total: 3, ClientOnly: 1, Interleave: 2
2026-08-15 18:26:52 Martins-MacBook-Pro Maps[68479] <Warning>: [XGBAutocompleteRanker] ü§ñ ML Model availability: Available
2026-08-15 18:26:52 Martins-MacBook-Pro Maps[68479] <Warning>: [XGBAutocompleteRanker] üî¢ Using 75 features for ranking
2026-08-15 18:26:52 Martins-MacBook-Pro Maps[68479] <Warning>: [XGBAutocompleteRanker] Server Score: 0.1408001749441178
2026-08-15 18:26:52 Martins-MacBook-Pro Maps[68479] <Warning>: [XGBAutocompleteRanker] Server Score: 0.01761200959236892
2026-08-15 18:26:52 Martins-MacBook-Pro Maps[68479] <Warning>: [XGBAutocompleteRanker] Server Score: 0.03040520584295797
2026-08-15 18:26:52 Martins-MacBook-Pro Maps[68479] <Warning>: [XGBAutocompleteRanker] Server Score: 0.003869891243369883
2026-08-15 18:26:52 Martins-MacBook-Pro Maps[68479] <Warning>: [XGBAutocompleteRanker] Server Score: 0.004341067407270428
2026-08-15 18:26:52 Martins-MacBook-Pro Maps[68479] <Warning>: [XGBAutocompleteRanker] Server Score: 0.001080122160874727
2026-08-15 18:26:52 Martins-MacBook-Pro Maps[68479] <Warning>: [XGBAutocompleteRanker] Server Score: 0.001214113112008354
2026-08-15 18:26:52 Martins-MacBook-Pro Maps[68479] <Warning>: [XGBAutocompleteRanker] Server Score: 0.001453502774008029
2026-08-15 18:26:52 Martins-MacBook-Pro Maps[68479] <Warning>: [XGBAutocompleteRanker] Server Score: 0.001843598591994045
2026-08-15 18:26:52 Martins-MacBook-Pro Maps[68479] <Warning>: [XGBAutocompleteRanker] Server Score: 0.002560327092189154
2026-08-15 18:26:52 Martins-MacBook-Pro Maps[68479] <Warning>: [XGBAutocompleteRanker] Server Score: 0.002560327092189154
2026-08-15 18:26:52 Martins-MacBook-Pro Maps[68479] <Warning>: [XGBAutocompleteRanker] Server Score: 0.001974626485785963
2026-08-15 18:26:52 Martins-MacBook-Pro Maps[68479] <Warning>: [XGBAutocompleteRanker] Server Score: 0.001187189373449938
2026-08-15 18:26:52 Martins-MacBook-Pro Maps[68479] <Warning>: [XGBAutocompleteRanker] Server Score: 0.001137526068181294
2026-08-15 18:26:52 Martins-MacBook-Pro Maps[68479] <Warning>: [XGBAutocompleteRanker] Server Score: 0.001453502774008029
2026-08-15 18:26:52 Martins-MacBook-Pro Maps[68479] <Warning>: [XGBAutocompleteRanker] üìä Post-processing counts - Client entries: 0, Server entries: 15
2026-08-15 18:26:52 Martins-MacBook-Pro Maps[68479] <Warning>: [XGBAutocompleteRanker] ü•á Max server score: 0.1408
2026-08-15 18:26:52 Martins-MacBook-Pro Maps[68479] <Warning>: [XGBAutocompleteRanker] üîÑ Starting section processing for 3 sections
2026-08-15 18:26:52 Martins-MacBook-Pro Maps[68479] <Warning>: [XGBAutocompleteRanker] üìã Processing section 0
2026-08-15 18:26:52 Martins-MacBook-Pro Maps[68479] <Warning>: [XGBAutocompleteRanker] üñ•Ô∏è Processing server results section
2026-08-15 18:26:52 Martins-MacBook-Pro Maps[68479] <Warning>: [XGBAutocompleteRanker] üñ•Ô∏è Added 0 server entries to section
2026-08-15 18:26:52 Martins-MacBook-Pro Maps[68479] <Warning>: [XGBAutocompleteRanker] ‚ö†Ô∏è No server entries found in section 0, checking for prominent client results
2026-08-15 18:26:52 Martins-MacBook-Pro Maps[68479] <Warning>: [XGBAutocompleteRanker] üìã Processing section 1
2026-08-15 18:26:52 Martins-MacBook-Pro Maps[68479] <Warning>: [XGBAutocompleteRanker] üë§ Processing client-only results section
2026-08-15 18:26:52 Martins-MacBook-Pro Maps[68479] <Warning>: [XGBAutocompleteRanker] üë§ Added 0 entries to client-only section
2026-08-15 18:26:52 Martins-MacBook-Pro Maps[68479] <Warning>: [XGBAutocompleteRanker] üìã Processing section 2
2026-08-15 18:26:52 Martins-MacBook-Pro Maps[68479] <Warning>: [XGBAutocompleteRanker] üîÄ Merging remaining entries - Client: 0, Server: 15
2026-08-15 18:26:52 Martins-MacBook-Pro Maps[68479] <Warning>: [XGBAutocompleteRanker] üß† Using ML model for score-based merging
2026-08-15 18:26:52 Martins-MacBook-Pro Maps[68479] <Warning>: [XGBAutocompleteRanker] ‚úÖ Final merged section contains 15 entries
2026-08-15 18:26:52 Martins-MacBook-Pro Maps[68479] <Warning>: [XGBAutocompleteRanker] üìù Logging model metadata to response
2026-08-15 18:26:52 Martins-MacBook-Pro Maps[68479] <Warning>: [XGBAutocompleteRanker] üè∑Ô∏è Model version: 
2026-08-15 18:26:52 Martins-MacBook-Pro Maps[68479] <Warning>: [XGBAutocompleteRanker] üöÄ Rollout ID: 6785b622614dbd65bffd025a
2026-08-15 18:26:52 Martins-MacBook-Pro Maps[68479] <Warning>: [XGBAutocompleteRanker] üéØ Rollout deployment ID: 240000013
2026-08-15 18:26:52 Martins-MacBook-Pro Maps[68479] <Warning>: [XGBAutocompleteRanker] üì¶ Factor pack ID: 6a2108cf34a0c07a0681423b
2026-08-15 18:26:52 Martins-MacBook-Pro Maps[68479] <Warning>: [XGBAutocompleteRanker] üìà Ramp ID: 6a3081ac9d3fb669a8bdb84b
2026-08-15 18:26:52 Martins-MacBook-Pro Maps[68479] <Warning>: [XGBAutocompleteRanker] üß™ Logging experiment metadata to response
2026-08-15 18:26:52 Martins-MacBook-Pro Maps[68479] <Warning>: [XGBAutocompleteRanker] üî¨ Experiment ID: Unknown
2026-08-15 18:26:52 Martins-MacBook-Pro Maps[68479] <Warning>: [XGBAutocompleteRanker] üíä Treatment ID: Unknown
2026-08-15 18:26:52 Martins-MacBook-Pro Maps[68479] <Warning>: [XGBAutocompleteRanker] üö¢ Deployment ID: Unknown
2026-08-15 18:26:52 Martins-MacBook-Pro Maps[68479] <Warning>: [XGBAutocompleteRanker] ‚úÖ Ranking completed successfully with ML model
2026-08-15 18:26:52 Martins-MacBook-Pro Maps[68479] <Warning>: [XGBAutocompleteRanker] üì§ Serializing response for return
2026-08-15 18:26:52 Martins-MacBook-Pro Maps[68479] <Warning>: [XGBAutocompleteRanker] üèÅ Ranking process completed - returning 5653 bytes
2026-08-15 18:26:52 Martins-MacBook-Pro Maps[68479] <Warning>: [XGBAutocompleteRanker] üöÄ Starting ranking process with parameters:
2026-08-15 18:26:52 Martins-MacBook-Pro Maps[68479] <Warning>: [XGBAutocompleteRanker]    üìä Viewport freshness threshold: 600.0
2026-08-15 18:26:52 Martins-MacBook-Pro Maps[68479] <Warning>: [XGBAutocompleteRanker]    üìâ Score demotion factor: 10.0
2026-08-15 18:26:52 Martins-MacBook-Pro Maps[68479] <Warning>: [XGBAutocompleteRanker]    üìè Distance threshold for suppression: 50000.0
2026-08-15 18:26:52 Martins-MacBook-Pro Maps[68479] <Warning>: [XGBAutocompleteRanker]    ‚è∞ Age threshold for distance suppression: 86400.0
2026-08-15 18:26:52 Martins-MacBook-Pro Maps[68479] <Warning>: [XGBAutocompleteRanker]    üéõÔ∏è Ranker module enabled: YES
2026-08-15 18:26:52 Martins-MacBook-Pro Maps[68479] <Warning>: [XGBAutocompleteRanker]    üìè Server score adjustment: 0.00
2026-08-15 18:26:52 Martins-MacBook-Pro Maps[68479] <Warning>: [XGBAutocompleteRanker]    üìè Length threshold: 0.00
2026-08-15 18:26:52 Martins-MacBook-Pro Maps[68479] <Warning>: [XGBAutocompleteRanker] üîÑ MIF provided CoreML model available
2026-08-15 18:26:52 Martins-MacBook-Pro Maps[68479] <Warning>: [XGBAutocompleteRanker] ‚úÖ MIF CoreML model loaded successfully
2026-08-15 18:26:52 Martins-MacBook-Pro Maps[68479] <Warning>: [XGBAutocompleteRanker] üìÑ Parsed request - Client results: 0, Server results: 15
2026-08-15 18:26:52 Martins-MacBook-Pro Maps[68479] <Warning>: [XGBAutocompleteRanker] üèóÔ∏è Processing sections - Total: 4, ClientOnly: 1, Interleave: 3
2026-08-15 18:26:52 Martins-MacBook-Pro Maps[68479] <Warning>: [XGBAutocompleteRanker] ü§ñ ML Model availability: Available
2026-08-15 18:26:52 Martins-MacBook-Pro Maps[68479] <Warning>: [XGBAutocompleteRanker] üî¢ Using 75 features for ranking
2026-08-15 18:26:52 Martins-MacBook-Pro Maps[68479] <Warning>: [XGBAutocompleteRanker] Server Score: 0.2181932429965589
2026-08-15 18:26:52 Martins-MacBook-Pro Maps[68479] <Warning>: [XGBAutocompleteRanker] Server Score: 0.06597748087269809
2026-08-15 18:26:52 Martins-MacBook-Pro Maps[68479] <Warning>: [XGBAutocompleteRanker] Server Score: 0.02882383461447955
2026-08-15 18:26:52 Martins-MacBook-Pro Maps[68479] <Warning>: [XGBAutocompleteRanker] Server Score: 0.005917315417050729
2026-08-15 18:26:52 Martins-MacBook-Pro Maps[68479] <Warning>: [XGBAutocompleteRanker] Server Score: 0.002275795609793972
2026-08-15 18:26:52 Martins-MacBook-Pro Maps[68479] <Warning>: [XGBAutocompleteRanker] Server Score: 0.002216895987544943
2026-08-15 18:26:52 Martins-MacBook-Pro Maps[68479] <Warning>: [XGBAutocompleteRanker] Server Score: 0.004297728211955405
2026-08-15 18:26:52 Martins-MacBook-Pro Maps[68479] <Warning>: [XGBAutocompleteRanker] Server Score: 0.004297728211955405
2026-08-15 18:26:52 Martins-MacBook-Pro Maps[68479] <Warning>: [XGBAutocompleteRanker] Server Score: 0.004297728211955405
2026-08-15 18:26:52 Martins-MacBook-Pro Maps[68479] <Warning>: [XGBAutocompleteRanker] Server Score: 0.004297728211955405
2026-08-15 18:26:52 Martins-MacBook-Pro Maps[68479] <Warning>: [XGBAutocompleteRanker] Server Score: 0.004297728211955405
2026-08-15 18:26:52 Martins-MacBook-Pro Maps[68479] <Warning>: [XGBAutocompleteRanker] Server Score: 0.004297728211955405
2026-08-15 18:26:52 Martins-MacBook-Pro Maps[68479] <Warning>: [XGBAutocompleteRanker] Server Score: 0.004297728211955405
2026-08-15 18:26:52 Martins-MacBook-Pro Maps[68479] <Warning>: [XGBAutocompleteRanker] Server Score: 0.004297728211955405
2026-08-15 18:26:52 Martins-MacBook-Pro Maps[68479] <Warning>: [XGBAutocompleteRanker] Server Score: 0.004297728211955405
2026-08-15 18:26:52 Martins-MacBook-Pro Maps[68479] <Warning>: [XGBAutocompleteRanker] üìä Post-processing counts - Client entries: 0, Server entries: 15
2026-08-15 18:26:52 Martins-MacBook-Pro Maps[68479] <Warning>: [XGBAutocompleteRanker] ü•á Max server score: 0.2182
2026-08-15 18:26:52 Martins-MacBook-Pro Maps[68479] <Warning>: [XGBAutocompleteRanker] üîÑ Starting section processing for 4 sections
2026-08-15 18:26:52 Martins-MacBook-Pro Maps[68479] <Warning>: [XGBAutocompleteRanker] üìã Processing section 0
2026-08-15 18:26:52 Martins-MacBook-Pro Maps[68479] <Warning>: [XGBAutocompleteRanker] üñ•Ô∏è Processing server results section
2026-08-15 18:26:52 Martins-MacBook-Pro Maps[68479] <Warning>: [XGBAutocompleteRanker] üñ•Ô∏è Added 0 server entries to section
2026-08-15 18:26:52 Martins-MacBook-Pro Maps[68479] <Warning>: [XGBAutocompleteRanker] ‚ö†Ô∏è No server entries found in section 0, checking for prominent client results
2026-08-15 18:26:52 Martins-MacBook-Pro Maps[68479] <Warning>: [XGBAutocompleteRanker] üìã Processing section 1
2026-08-15 18:26:52 Martins-MacBook-Pro Maps[68479] <Warning>: [XGBAutocompleteRanker] üë§ Processing client-only results section
2026-08-15 18:26:52 Martins-MacBook-Pro Maps[68479] <Warning>: [XGBAutocompleteRanker] üë§ Added 0 entries to client-only section
2026-08-15 18:26:52 Martins-MacBook-Pro Maps[68479] <Warning>: [XGBAutocompleteRanker] üìã Processing section 2
2026-08-15 18:26:52 Martins-MacBook-Pro Maps[68479] <Warning>: [XGBAutocompleteRanker] üñ•Ô∏è Processing server results section
2026-08-15 18:26:52 Martins-MacBook-Pro Maps[68479] <Warning>: [XGBAutocompleteRanker] üñ•Ô∏è Added 1 server entries to section
2026-08-15 18:26:52 Martins-MacBook-Pro Maps[68479] <Warning>: [XGBAutocompleteRanker] üìã Processing section 3
2026-08-15 18:26:52 Martins-MacBook-Pro Maps[68479] <Warning>: [XGBAutocompleteRanker] üîÄ Merging remaining entries - Client: 0, Server: 14
2026-08-15 18:26:52 Martins-MacBook-Pro Maps[68479] <Warning>: [XGBAutocompleteRanker] üß† Using ML model for score-based merging
2026-08-15 18:26:52 Martins-MacBook-Pro Maps[68479] <Warning>: [XGBAutocompleteRanker] ‚úÖ Final merged section contains 14 entries
2026-08-15 18:26:52 Martins-MacBook-Pro Maps[68479] <Warning>: [XGBAutocompleteRanker] üìù Logging model metadata to response
2026-08-15 18:26:52 Martins-MacBook-Pro Maps[68479] <Warning>: [XGBAutocompleteRanker] üè∑Ô∏è Model version: 
2026-08-15 18:26:52 Martins-MacBook-Pro Maps[68479] <Warning>: [XGBAutocompleteRanker] üöÄ Rollout ID: 6785b622614dbd65bffd025a
2026-08-15 18:26:52 Martins-MacBook-Pro Maps[68479] <Warning>: [XGBAutocompleteRanker] üéØ Rollout deployment ID: 240000013
2026-08-15 18:26:52 Martins-MacBook-Pro Maps[68479] <Warning>: [XGBAutocompleteRanker] üì¶ Factor pack ID: 6a2108cf34a0c07a0681423b
2026-08-15 18:26:52 Martins-MacBook-Pro Maps[68479] <Warning>: [XGBAutocompleteRanker] üìà Ramp ID: 6a3081ac9d3fb669a8bdb84b
2026-08-15 18:26:52 Martins-MacBook-Pro Maps[68479] <Warning>: [XGBAutocompleteRanker] üß™ Logging experiment metadata to response
2026-08-15 18:26:52 Martins-MacBook-Pro Maps[68479] <Warning>: [XGBAutocompleteRanker] üî¨ Experiment ID: Unknown
2026-08-15 18:26:52 Martins-MacBook-Pro Maps[68479] <Warning>: [XGBAutocompleteRanker] üíä Treatment ID: Unknown
2026-08-15 18:26:52 Martins-MacBook-Pro Maps[68479] <Warning>: [XGBAutocompleteRanker] üö¢ Deployment ID: Unknown
2026-08-15 18:26:52 Martins-MacBook-Pro Maps[68479] <Warning>: [XGBAutocompleteRanker] ‚úÖ Ranking completed successfully with ML model
2026-08-15 18:26:52 Martins-MacBook-Pro Maps[68479] <Warning>: [XGBAutocompleteRanker] üì§ Serializing response for return
2026-08-15 18:26:52 Martins-MacBook-Pro Maps[68479] <Warning>: [XGBAutocompleteRanker] üèÅ Ranking process completed - returning 4977 bytes
2026-08-15 18:26:53 Martins-MacBook-Pro Maps[68479] <Warning>: [XGBAutocompleteRanker] üöÄ Starting ranking process with parameters:
2026-08-15 18:26:53 Martins-MacBook-Pro Maps[68479] <Warning>: [XGBAutocompleteRanker]    üìä Viewport freshness threshold: 600.0
2026-08-15 18:26:53 Martins-MacBook-Pro Maps[68479] <Warning>: [XGBAutocompleteRanker]    üìâ Score demotion factor: 10.0
2026-08-15 18:26:53 Martins-MacBook-Pro Maps[68479] <Warning>: [XGBAutocompleteRanker]    üìè Distance threshold for suppression: 50000.0
2026-08-15 18:26:53 Martins-MacBook-Pro Maps[68479] <Warning>: [XGBAutocompleteRanker]    ‚è∞ Age threshold for distance suppression: 86400.0
2026-08-15 18:26:53 Martins-MacBook-Pro Maps[68479] <Warning>: [XGBAutocompleteRanker]    üéõÔ∏è Ranker module enabled: YES
2026-08-15 18:26:53 Martins-MacBook-Pro Maps[68479] <Warning>: [XGBAutocompleteRanker]    üìè Server score adjustment: 0.00
2026-08-15 18:26:53 Martins-MacBook-Pro Maps[68479] <Warning>: [XGBAutocompleteRanker]    üìè Length threshold: 0.00
2026-08-15 18:26:53 Martins-MacBook-Pro Maps[68479] <Warning>: [XGBAutocompleteRanker] üîÑ MIF provided CoreML model available
2026-08-15 18:26:53 Martins-MacBook-Pro Maps[68479] <Warning>: [XGBAutocompleteRanker] ‚úÖ MIF CoreML model loaded successfully
2026-08-15 18:26:53 Martins-MacBook-Pro Maps[68479] <Warning>: [XGBAutocompleteRanker] üìÑ Parsed request - Client results: 0, Server results: 15
2026-08-15 18:26:53 Martins-MacBook-Pro Maps[68479] <Warning>: [XGBAutocompleteRanker] üèóÔ∏è Processing sections - Total: 4, ClientOnly: 1, Interleave: 3
2026-08-15 18:26:53 Martins-MacBook-Pro Maps[68479] <Warning>: [XGBAutocompleteRanker] ü§ñ ML Model availability: Available
2026-08-15 18:26:53 Martins-MacBook-Pro Maps[68479] <Warning>: [XGBAutocompleteRanker] üî¢ Using 75 features for ranking
2026-08-15 18:26:53 Martins-MacBook-Pro Maps[68479] <Warning>: [XGBAutocompleteRanker] Server Score: 0.1305796303343499
2026-08-15 18:26:53 Martins-MacBook-Pro Maps[68479] <Warning>: [XGBAutocompleteRanker] Server Score: 0.02901908049269166
2026-08-15 18:26:53 Martins-MacBook-Pro Maps[68479] <Warning>: [XGBAutocompleteRanker] Server Score: 0.01478352832824987
2026-08-15 18:26:53 Martins-MacBook-Pro Maps[68479] <Warning>: [XGBAutocompleteRanker] Server Score: 0.003468627177093311
2026-08-15 18:26:53 Martins-MacBook-Pro Maps[68479] <Warning>: [XGBAutocompleteRanker] Server Score: 0.001719604504850069
2026-08-15 18:26:53 Martins-MacBook-Pro Maps[68479] <Warning>: [XGBAutocompleteRanker] Server Score: 0.002367332591622931
2026-08-15 18:26:53 Martins-MacBook-Pro Maps[68479] <Warning>: [XGBAutocompleteRanker] Server Score: 0.004329126606878764
2026-08-15 18:26:53 Martins-MacBook-Pro Maps[68479] <Warning>: [XGBAutocompleteRanker] Server Score: 0.002002356360115446
2026-08-15 18:26:53 Martins-MacBook-Pro Maps[68479] <Warning>: [XGBAutocompleteRanker] Server Score: 0.004329126606878764
2026-08-15 18:26:53 Martins-MacBook-Pro Maps[68479] <Warning>: [XGBAutocompleteRanker] Server Score: 0.004329126606878764
2026-08-15 18:26:53 Martins-MacBook-Pro Maps[68479] <Warning>: [XGBAutocompleteRanker] Server Score: 0.002017822918528515
2026-08-15 18:26:53 Martins-MacBook-Pro Maps[68479] <Warning>: [XGBAutocompleteRanker] Server Score: 0.004329126606878764
2026-08-15 18:26:53 Martins-MacBook-Pro Maps[68479] <Warning>: [XGBAutocompleteRanker] Server Score: 0.004329126606878764
2026-08-15 18:26:53 Martins-MacBook-Pro Maps[68479] <Warning>: [XGBAutocompleteRanker] Server Score: 0.00310957055465336
2026-08-15 18:26:53 Martins-MacBook-Pro Maps[68479] <Warning>: [XGBAutocompleteRanker] Server Score: 0.004329126606878764
2026-08-15 18:26:53 Martins-MacBook-Pro Maps[68479] <Warning>: [XGBAutocompleteRanker] üìä Post-processing counts - Client entries: 0, Server entries: 15
2026-08-15 18:26:53 Martins-MacBook-Pro Maps[68479] <Warning>: [XGBAutocompleteRanker] ü•á Max server score: 0.1306
2026-08-15 18:26:53 Martins-MacBook-Pro Maps[68479] <Warning>: [XGBAutocompleteRanker] üîÑ Starting section processing for 4 sections
2026-08-15 18:26:53 Martins-MacBook-Pro Maps[68479] <Warning>: [XGBAutocompleteRanker] üìã Processing section 0
2026-08-15 18:26:53 Martins-MacBook-Pro Maps[68479] <Warning>: [XGBAutocompleteRanker] üñ•Ô∏è Processing server results section
2026-08-15 18:26:53 Martins-MacBook-Pro Maps[68479] <Warning>: [XGBAutocompleteRanker] üñ•Ô∏è Added 0 server entries to section
2026-08-15 18:26:53 Martins-MacBook-Pro Maps[68479] <Warning>: [XGBAutocompleteRanker] ‚ö†Ô∏è No server entries found in section 0, checking for prominent client results
2026-08-15 18:26:53 Martins-MacBook-Pro Maps[68479] <Warning>: [XGBAutocompleteRanker] üìã Processing section 1
2026-08-15 18:26:53 Martins-MacBook-Pro Maps[68479] <Warning>: [XGBAutocompleteRanker] üë§ Processing client-only results section
2026-08-15 18:26:53 Martins-MacBook-Pro Maps[68479] <Warning>: [XGBAutocompleteRanker] üë§ Added 0 entries to client-only section
2026-08-15 18:26:53 Martins-MacBook-Pro Maps[68479] <Warning>: [XGBAutocompleteRanker] üìã Processing section 2
2026-08-15 18:26:53 Martins-MacBook-Pro Maps[68479] <Warning>: [XGBAutocompleteRanker] üñ•Ô∏è Processing server results section
2026-08-15 18:26:53 Martins-MacBook-Pro Maps[68479] <Warning>: [XGBAutocompleteRanker] üñ•Ô∏è Added 1 server entries to section
2026-08-15 18:26:53 Martins-MacBook-Pro Maps[68479] <Warning>: [XGBAutocompleteRanker] üìã Processing section 3
2026-08-15 18:26:53 Martins-MacBook-Pro Maps[68479] <Warning>: [XGBAutocompleteRanker] üîÄ Merging remaining entries - Client: 0, Server: 14
2026-08-15 18:26:53 Martins-MacBook-Pro Maps[68479] <Warning>: [XGBAutocompleteRanker] üß† Using ML model for score-based merging
2026-08-15 18:26:53 Martins-MacBook-Pro Maps[68479] <Warning>: [XGBAutocompleteRanker] ‚úÖ Final merged section contains 14 entries
2026-08-15 18:26:53 Martins-MacBook-Pro Maps[68479] <Warning>: [XGBAutocompleteRanker] üìù Logging model metadata to response
2026-08-15 18:26:53 Martins-MacBook-Pro Maps[68479] <Warning>: [XGBAutocompleteRanker] üè∑Ô∏è Model version: 
2026-08-15 18:26:53 Martins-MacBook-Pro Maps[68479] <Warning>: [XGBAutocompleteRanker] üöÄ Rollout ID: 6785b622614dbd65bffd025a
2026-08-15 18:26:53 Martins-MacBook-Pro Maps[68479] <Warning>: [XGBAutocompleteRanker] üéØ Rollout deployment ID: 240000013
2026-08-15 18:26:53 Martins-MacBook-Pro Maps[68479] <Warning>: [XGBAutocompleteRanker] üì¶ Factor pack ID: 6a2108cf34a0c07a0681423b
2026-08-15 18:26:53 Martins-MacBook-Pro Maps[68479] <Warning>: [XGBAutocompleteRanker] üìà Ramp ID: 6a3081ac9d3fb669a8bdb84b
2026-08-15 18:26:53 Martins-MacBook-Pro Maps[68479] <Warning>: [XGBAutocompleteRanker] üß™ Logging experiment metadata to response
2026-08-15 18:26:53 Martins-MacBook-Pro Maps[68479] <Warning>: [XGBAutocompleteRanker] üî¨ Experiment ID: Unknown
2026-08-15 18:26:53 Martins-MacBook-Pro Maps[68479] <Warning>: [XGBAutocompleteRanker] üíä Treatment ID: Unknown
2026-08-15 18:26:53 Martins-MacBook-Pro Maps[68479] <Warning>: [XGBAutocompleteRanker] üö¢ Deployment ID: Unknown
2026-08-15 18:26:53 Martins-MacBook-Pro Maps[68479] <Warning>: [XGBAutocompleteRanker] ‚úÖ Ranking completed successfully with ML model
2026-08-15 18:26:53 Martins-MacBook-Pro Maps[68479] <Warning>: [XGBAutocompleteRanker] üì§ Serializing response for return
2026-08-15 18:26:53 Martins-MacBook-Pro Maps[68479] <Warning>: [XGBAutocompleteRanker] üèÅ Ranking process completed - returning 4985 bytes
2026-08-15 18:26:53 Martins-MacBook-Pro Maps[68479] <Warning>: [XGBAutocompleteRanker] üöÄ Starting ranking process with parameters:
2026-08-15 18:26:53 Martins-MacBook-Pro Maps[68479] <Warning>: [XGBAutocompleteRanker]    üìä Viewport freshness threshold: 600.0
2026-08-15 18:26:53 Martins-MacBook-Pro Maps[68479] <Warning>: [XGBAutocompleteRanker]    üìâ Score demotion factor: 10.0
2026-08-15 18:26:53 Martins-MacBook-Pro Maps[68479] <Warning>: [XGBAutocompleteRanker]    üìè Distance threshold for suppression: 50000.0
2026-08-15 18:26:53 Martins-MacBook-Pro Maps[68479] <Warning>: [XGBAutocompleteRanker]    ‚è∞ Age threshold for distance suppression: 86400.0
2026-08-15 18:26:53 Martins-MacBook-Pro Maps[68479] <Warning>: [XGBAutocompleteRanker]    üéõÔ∏è Ranker module enabled: YES
2026-08-15 18:26:53 Martins-MacBook-Pro Maps[68479] <Warning>: [XGBAutocompleteRanker]    üìè Server score adjustment: 0.00
2026-08-15 18:26:53 Martins-MacBook-Pro Maps[68479] <Warning>: [XGBAutocompleteRanker]    üìè Length threshold: 0.00
2026-08-15 18:26:53 Martins-MacBook-Pro Maps[68479] <Warning>: [XGBAutocompleteRanker] üîÑ MIF provided CoreML model available
2026-08-15 18:26:53 Martins-MacBook-Pro Maps[68479] <Warning>: [XGBAutocompleteRanker] ‚úÖ MIF CoreML model loaded successfully
2026-08-15 18:26:53 Martins-MacBook-Pro Maps[68479] <Warning>: [XGBAutocompleteRanker] üìÑ Parsed request - Client results: 0, Server results: 12
2026-08-15 18:26:53 Martins-MacBook-Pro Maps[68479] <Warning>: [XGBAutocompleteRanker] üèóÔ∏è Processing sections - Total: 4, ClientOnly: 1, Interleave: 3
2026-08-15 18:26:53 Martins-MacBook-Pro Maps[68479] <Warning>: [XGBAutocompleteRanker] ü§ñ ML Model availability: Available
2026-08-15 18:26:53 Martins-MacBook-Pro Maps[68479] <Warning>: [XGBAutocompleteRanker] üî¢ Using 75 features for ranking
2026-08-15 18:26:53 Martins-MacBook-Pro Maps[68479] <Warning>: [XGBAutocompleteRanker] Server Score: 0.3767931300989648
2026-08-15 18:26:53 Martins-MacBook-Pro Maps[68479] <Warning>: [XGBAutocompleteRanker] Server Score: 0.03170678711930627
2026-08-15 18:26:53 Martins-MacBook-Pro Maps[68479] <Warning>: [XGBAutocompleteRanker] Server Score: 0.02411205258482764
2026-08-15 18:26:53 Martins-MacBook-Pro Maps[68479] <Warning>: [XGBAutocompleteRanker] Server Score: 0.004128380177304412
2026-08-15 18:26:53 Martins-MacBook-Pro Maps[68479] <Warning>: [XGBAutocompleteRanker] Server Score: 0.003128961052204957
2026-08-15 18:26:53 Martins-MacBook-Pro Maps[68479] <Warning>: [XGBAutocompleteRanker] Server Score: 0.0006855377414618499
2026-08-15 18:26:53 Martins-MacBook-Pro Maps[68479] <Warning>: [XGBAutocompleteRanker] Server Score: 0.006309113448642273
2026-08-15 18:26:53 Martins-MacBook-Pro Maps[68479] <Warning>: [XGBAutocompleteRanker] Server Score: 0.02725555385444552
2026-08-15 18:26:53 Martins-MacBook-Pro Maps[68479] <Warning>: [XGBAutocompleteRanker] Server Score: 0.0192467668086476
2026-08-15 18:26:53 Martins-MacBook-Pro Maps[68479] <Warning>: [XGBAutocompleteRanker] Server Score: 0.02725555385444552
2026-08-15 18:26:53 Martins-MacBook-Pro Maps[68479] <Warning>: [XGBAutocompleteRanker] Server Score: 0.02725555385444552
2026-08-15 18:26:53 Martins-MacBook-Pro Maps[68479] <Warning>: [XGBAutocompleteRanker] Server Score: 0.02725555385444552
2026-08-15 18:26:53 Martins-MacBook-Pro Maps[68479] <Warning>: [XGBAutocompleteRanker] üìä Post-processing counts - Client entries: 0, Server entries: 12
2026-08-15 18:26:53 Martins-MacBook-Pro Maps[68479] <Warning>: [XGBAutocompleteRanker] ü•á Max server score: 0.3768
2026-08-15 18:26:53 Martins-MacBook-Pro Maps[68479] <Warning>: [XGBAutocompleteRanker] üîÑ Starting section processing for 4 sections
2026-08-15 18:26:53 Martins-MacBook-Pro Maps[68479] <Warning>: [XGBAutocompleteRanker] üìã Processing section 0
2026-08-15 18:26:53 Martins-MacBook-Pro Maps[68479] <Warning>: [XGBAutocompleteRanker] üñ•Ô∏è Processing server results section
2026-08-15 18:26:53 Martins-MacBook-Pro Maps[68479] <Warning>: [XGBAutocompleteRanker] üñ•Ô∏è Added 0 server entries to section
2026-08-15 18:26:53 Martins-MacBook-Pro Maps[68479] <Warning>: [XGBAutocompleteRanker] ‚ö†Ô∏è No server entries found in section 0, checking for prominent client results
2026-08-15 18:26:53 Martins-MacBook-Pro Maps[68479] <Warning>: [XGBAutocompleteRanker] üìã Processing section 1
2026-08-15 18:26:53 Martins-MacBook-Pro Maps[68479] <Warning>: [XGBAutocompleteRanker] üë§ Processing client-only results section
2026-08-15 18:26:53 Martins-MacBook-Pro Maps[68479] <Warning>: [XGBAutocompleteRanker] üë§ Added 0 entries to client-only section
2026-08-15 18:26:53 Martins-MacBook-Pro Maps[68479] <Warning>: [XGBAutocompleteRanker] üìã Processing section 2
2026-08-15 18:26:53 Martins-MacBook-Pro Maps[68479] <Warning>: [XGBAutocompleteRanker] üñ•Ô∏è Processing server results section
2026-08-15 18:26:53 Martins-MacBook-Pro Maps[68479] <Warning>: [XGBAutocompleteRanker] üñ•Ô∏è Added 1 server entries to section
2026-08-15 18:26:53 Martins-MacBook-Pro Maps[68479] <Warning>: [XGBAutocompleteRanker] üìã Processing section 3
2026-08-15 18:26:53 Martins-MacBook-Pro Maps[68479] <Warning>: [XGBAutocompleteRanker] üîÄ Merging remaining entries - Client: 0, Server: 11
2026-08-15 18:26:53 Martins-MacBook-Pro Maps[68479] <Warning>: [XGBAutocompleteRanker] üß† Using ML model for score-based merging
2026-08-15 18:26:53 Martins-MacBook-Pro Maps[68479] <Warning>: [XGBAutocompleteRanker] ‚úÖ Final merged section contains 11 entries
2026-08-15 18:26:53 Martins-MacBook-Pro Maps[68479] <Warning>: [XGBAutocompleteRanker] üìù Logging model metadata to response
2026-08-15 18:26:53 Martins-MacBook-Pro Maps[68479] <Warning>: [XGBAutocompleteRanker] üè∑Ô∏è Model version: 
2026-08-15 18:26:53 Martins-MacBook-Pro Maps[68479] <Warning>: [XGBAutocompleteRanker] üöÄ Rollout ID: 6785b622614dbd65bffd025a
2026-08-15 18:26:53 Martins-MacBook-Pro Maps[68479] <Warning>: [XGBAutocompleteRanker] üéØ Rollout deployment ID: 240000013
2026-08-15 18:26:53 Martins-MacBook-Pro Maps[68479] <Warning>: [XGBAutocompleteRanker] üì¶ Factor pack ID: 6a2108cf34a0c07a0681423b
2026-08-15 18:26:53 Martins-MacBook-Pro Maps[68479] <Warning>: [XGBAutocompleteRanker] üìà Ramp ID: 6a3081ac9d3fb669a8bdb84b
2026-08-15 18:26:53 Martins-MacBook-Pro Maps[68479] <Warning>: [XGBAutocompleteRanker] üß™ Logging experiment metadata to response
2026-08-15 18:26:53 Martins-MacBook-Pro Maps[68479] <Warning>: [XGBAutocompleteRanker] üî¨ Experiment ID: Unknown
2026-08-15 18:26:53 Martins-MacBook-Pro Maps[68479] <Warning>: [XGBAutocompleteRanker] üíä Treatment ID: Unknown
2026-08-15 18:26:53 Martins-MacBook-Pro Maps[68479] <Warning>: [XGBAutocompleteRanker] üö¢ Deployment ID: Unknown
2026-08-15 18:26:53 Martins-MacBook-Pro Maps[68479] <Warning>: [XGBAutocompleteRanker] ‚úÖ Ranking completed successfully with ML model
2026-08-15 18:26:53 Martins-MacBook-Pro Maps[68479] <Warning>: [XGBAutocompleteRanker] üì§ Serializing response for return
2026-08-15 18:26:53 Martins-MacBook-Pro Maps[68479] <Warning>: [XGBAutocompleteRanker] üèÅ Ranking process completed - returning 4015 bytes
2026-08-15 18:26:53 Martins-MacBook-Pro Maps[68479] <Warning>: [XGBAutocompleteRanker] üöÄ Starting ranking process with parameters:
2026-08-15 18:26:53 Martins-MacBook-Pro Maps[68479] <Warning>: [XGBAutocompleteRanker]    üìä Viewport freshness threshold: 600.0
2026-08-15 18:26:53 Martins-MacBook-Pro Maps[68479] <Warning>: [XGBAutocompleteRanker]    üìâ Score demotion factor: 10.0
2026-08-15 18:26:53 Martins-MacBook-Pro Maps[68479] <Warning>: [XGBAutocompleteRanker]    üìè Distance threshold for suppression: 50000.0
2026-08-15 18:26:53 Martins-MacBook-Pro Maps[68479] <Warning>: [XGBAutocompleteRanker]    ‚è∞ Age threshold for distance suppression: 86400.0
2026-08-15 18:26:53 Martins-MacBook-Pro Maps[68479] <Warning>: [XGBAutocompleteRanker]    üéõÔ∏è Ranker module enabled: YES
2026-08-15 18:26:53 Martins-MacBook-Pro Maps[68479] <Warning>: [XGBAutocompleteRanker]    üìè Server score adjustment: 0.00
2026-08-15 18:26:53 Martins-MacBook-Pro Maps[68479] <Warning>: [XGBAutocompleteRanker]    üìè Length threshold: 0.00
2026-08-15 18:26:53 Martins-MacBook-Pro Maps[68479] <Warning>: [XGBAutocompleteRanker] üîÑ MIF provided CoreML model available
2026-08-15 18:26:53 Martins-MacBook-Pro Maps[68479] <Warning>: [XGBAutocompleteRanker] ‚úÖ MIF CoreML model loaded successfully
2026-08-15 18:26:53 Martins-MacBook-Pro Maps[68479] <Warning>: [XGBAutocompleteRanker] üìÑ Parsed request - Client results: 0, Server results: 15
2026-08-15 18:26:53 Martins-MacBook-Pro Maps[68479] <Warning>: [XGBAutocompleteRanker] üèóÔ∏è Processing sections - Total: 4, ClientOnly: 1, Interleave: 3
2026-08-15 18:26:53 Martins-MacBook-Pro Maps[68479] <Warning>: [XGBAutocompleteRanker] ü§ñ ML Model availability: Available
2026-08-15 18:26:53 Martins-MacBook-Pro Maps[68479] <Warning>: [XGBAutocompleteRanker] üî¢ Using 75 features for ranking
2026-08-15 18:26:53 Martins-MacBook-Pro Maps[68479] <Warning>: [XGBAutocompleteRanker] Server Score: 0.1728310422615976
2026-08-15 18:26:53 Martins-MacBook-Pro Maps[68479] <Warning>: [XGBAutocompleteRanker] Server Score: 0.03688003718757142
2026-08-15 18:26:53 Martins-MacBook-Pro Maps[68479] <Warning>: [XGBAutocompleteRanker] Server Score: 0.008705616717580966
2026-08-15 18:26:53 Martins-MacBook-Pro Maps[68479] <Warning>: [XGBAutocompleteRanker] Server Score: 0.004128380177304412
2026-08-15 18:26:53 Martins-MacBook-Pro Maps[68479] <Warning>: [XGBAutocompleteRanker] Server Score: 0.00256200861862549
2026-08-15 18:26:53 Martins-MacBook-Pro Maps[68479] <Warning>: [XGBAutocompleteRanker] Server Score: 0.0006855377414618499
2026-08-15 18:26:53 Martins-MacBook-Pro Maps[68479] <Warning>: [XGBAutocompleteRanker] Server Score: 0.02725555385444552
2026-08-15 18:26:53 Martins-MacBook-Pro Maps[68479] <Warning>: [XGBAutocompleteRanker] Server Score: 0.02725555385444552
2026-08-15 18:26:53 Martins-MacBook-Pro Maps[68479] <Warning>: [XGBAutocompleteRanker] Server Score: 0.004785069513675927
2026-08-15 18:26:53 Martins-MacBook-Pro Maps[68479] <Warning>: [XGBAutocompleteRanker] Server Score: 0.02725555385444552
2026-08-15 18:26:53 Martins-MacBook-Pro Maps[68479] <Warning>: [XGBAutocompleteRanker] Server Score: 0.02725555385444552
2026-08-15 18:26:53 Martins-MacBook-Pro Maps[68479] <Warning>: [XGBAutocompleteRanker] Server Score: 0.02725555385444552
2026-08-15 18:26:53 Martins-MacBook-Pro Maps[68479] <Warning>: [XGBAutocompleteRanker] Server Score: 0.02725555385444552
2026-08-15 18:26:53 Martins-MacBook-Pro Maps[68479] <Warning>: [XGBAutocompleteRanker] Server Score: 0.02725555385444552
2026-08-15 18:26:53 Martins-MacBook-Pro Maps[68479] <Warning>: [XGBAutocompleteRanker] Server Score: 0.02725555385444552
2026-08-15 18:26:53 Martins-MacBook-Pro Maps[68479] <Warning>: [XGBAutocompleteRanker] üìä Post-processing counts - Client entries: 0, Server entries: 15
2026-08-15 18:26:53 Martins-MacBook-Pro Maps[68479] <Warning>: [XGBAutocompleteRanker] ü•á Max server score: 0.1728
2026-08-15 18:26:53 Martins-MacBook-Pro Maps[68479] <Warning>: [XGBAutocompleteRanker] üîÑ Starting section processing for 4 sections
2026-08-15 18:26:53 Martins-MacBook-Pro Maps[68479] <Warning>: [XGBAutocompleteRanker] üìã Processing section 0
2026-08-15 18:26:53 Martins-MacBook-Pro Maps[68479] <Warning>: [XGBAutocompleteRanker] üñ•Ô∏è Processing server results section
2026-08-15 18:26:53 Martins-MacBook-Pro Maps[68479] <Warning>: [XGBAutocompleteRanker] üñ•Ô∏è Added 0 server entries to section
2026-08-15 18:26:53 Martins-MacBook-Pro Maps[68479] <Warning>: [XGBAutocompleteRanker] ‚ö†Ô∏è No server entries found in section 0, checking for prominent client results
2026-08-15 18:26:53 Martins-MacBook-Pro Maps[68479] <Warning>: [XGBAutocompleteRanker] üìã Processing section 1
2026-08-15 18:26:53 Martins-MacBook-Pro Maps[68479] <Warning>: [XGBAutocompleteRanker] üë§ Processing client-only results section
2026-08-15 18:26:53 Martins-MacBook-Pro Maps[68479] <Warning>: [XGBAutocompleteRanker] üë§ Added 0 entries to client-only section
2026-08-15 18:26:53 Martins-MacBook-Pro Maps[68479] <Warning>: [XGBAutocompleteRanker] üìã Processing section 2
2026-08-15 18:26:53 Martins-MacBook-Pro Maps[68479] <Warning>: [XGBAutocompleteRanker] üñ•Ô∏è Processing server results section
2026-08-15 18:26:53 Martins-MacBook-Pro Maps[68479] <Warning>: [XGBAutocompleteRanker] üñ•Ô∏è Added 1 server entries to section
2026-08-15 18:26:53 Martins-MacBook-Pro Maps[68479] <Warning>: [XGBAutocompleteRanker] üìã Processing section 3
2026-08-15 18:26:53 Martins-MacBook-Pro Maps[68479] <Warning>: [XGBAutocompleteRanker] üîÄ Merging remaining entries - Client: 0, Server: 14
2026-08-15 18:26:53 Martins-MacBook-Pro Maps[68479] <Warning>: [XGBAutocompleteRanker] üß† Using ML model for score-based merging
2026-08-15 18:26:53 Martins-MacBook-Pro Maps[68479] <Warning>: [XGBAutocompleteRanker] ‚úÖ Final merged section contains 14 entries
2026-08-15 18:26:53 Martins-MacBook-Pro Maps[68479] <Warning>: [XGBAutocompleteRanker] üìù Logging model metadata to response
2026-08-15 18:26:53 Martins-MacBook-Pro Maps[68479] <Warning>: [XGBAutocompleteRanker] üè∑Ô∏è Model version: 
2026-08-15 18:26:53 Martins-MacBook-Pro Maps[68479] <Warning>: [XGBAutocompleteRanker] üöÄ Rollout ID: 6785b622614dbd65bffd025a
2026-08-15 18:26:53 Martins-MacBook-Pro Maps[68479] <Warning>: [XGBAutocompleteRanker] üéØ Rollout deployment ID: 240000013
2026-08-15 18:26:53 Martins-MacBook-Pro Maps[68479] <Warning>: [XGBAutocompleteRanker] üì¶ Factor pack ID: 6a2108cf34a0c07a0681423b
2026-08-15 18:26:53 Martins-MacBook-Pro Maps[68479] <Warning>: [XGBAutocompleteRanker] üìà Ramp ID: 6a3081ac9d3fb669a8bdb84b
2026-08-15 18:26:53 Martins-MacBook-Pro Maps[68479] <Warning>: [XGBAutocompleteRanker] üß™ Logging experiment metadata to response
2026-08-15 18:26:53 Martins-MacBook-Pro Maps[68479] <Warning>: [XGBAutocompleteRanker] üî¨ Experiment ID: Unknown
2026-08-15 18:26:53 Martins-MacBook-Pro Maps[68479] <Warning>: [XGBAutocompleteRanker] üíä Treatment ID: Unknown
2026-08-15 18:26:53 Martins-MacBook-Pro Maps[68479] <Warning>: [XGBAutocompleteRanker] üö¢ Deployment ID: Unknown
2026-08-15 18:26:53 Martins-MacBook-Pro Maps[68479] <Warning>: [XGBAutocompleteRanker] ‚úÖ Ranking completed successfully with ML model
2026-08-15 18:26:53 Martins-MacBook-Pro Maps[68479] <Warning>: [XGBAutocompleteRanker] üì§ Serializing response for return
2026-08-15 18:26:53 Martins-MacBook-Pro Maps[68479] <Warning>: [XGBAutocompleteRanker] üèÅ Ranking process completed - returning 5016 bytes
2026-08-15 18:26:59 Martins-MacBook-Pro Maps[68479] <Warning>: [XGBAutocompleteRanker] üöÄ Starting ranking process with parameters:
2026-08-15 18:26:59 Martins-MacBook-Pro Maps[68479] <Warning>: [XGBAutocompleteRanker]    üìä Viewport freshness threshold: 600.0
2026-08-15 18:26:59 Martins-MacBook-Pro Maps[68479] <Warning>: [XGBAutocompleteRanker]    üìâ Score demotion factor: 10.0
2026-08-15 18:26:59 Martins-MacBook-Pro Maps[68479] <Warning>: [XGBAutocompleteRanker]    üìè Distance threshold for suppression: 50000.0
2026-08-15 18:26:59 Martins-MacBook-Pro Maps[68479] <Warning>: [XGBAutocompleteRanker]    ‚è∞ Age threshold for distance suppression: 86400.0
2026-08-15 18:26:59 Martins-MacBook-Pro Maps[68479] <Warning>: [XGBAutocompleteRanker]    üéõÔ∏è Ranker module enabled: YES
2026-08-15 18:26:59 Martins-MacBook-Pro Maps[68479] <Warning>: [XGBAutocompleteRanker]    üìè Server score adjustment: 0.00
2026-08-15 18:26:59 Martins-MacBook-Pro Maps[68479] <Warning>: [XGBAutocompleteRanker]    üìè Length threshold: 0.00
2026-08-15 18:26:59 Martins-MacBook-Pro Maps[68479] <Warning>: [XGBAutocompleteRanker] üîÑ MIF provided CoreML model available
2026-08-15 18:26:59 Martins-MacBook-Pro Maps[68479] <Warning>: [XGBAutocompleteRanker] ‚úÖ MIF CoreML model loaded successfully
2026-08-15 18:26:59 Martins-MacBook-Pro Maps[68479] <Warning>: [XGBAutocompleteRanker] üìÑ Parsed request - Client results: 11, Server results: 15
2026-08-15 18:26:59 Martins-MacBook-Pro Maps[68479] <Warning>: [XGBAutocompleteRanker] üèóÔ∏è Processing sections - Total: 2, ClientOnly: -1, Interleave: 1
2026-08-15 18:26:59 Martins-MacBook-Pro Maps[68479] <Warning>: [XGBAutocompleteRanker] ü§ñ ML Model availability: Available
2026-08-15 18:26:59 Martins-MacBook-Pro Maps[68479] <Warning>: [XGBAutocompleteRanker] üî¢ Using 75 features for ranking
2026-08-15 18:26:59 Martins-MacBook-Pro Maps[68479] <Warning>: [XGBAutocompleteRanker] Client Score: 0.00599243833911992
2026-08-15 18:26:59 Martins-MacBook-Pro Maps[68479] <Warning>: [XGBAutocompleteRanker] Client Score: 0.03110975540686169
2026-08-15 18:26:59 Martins-MacBook-Pro Maps[68479] <Warning>: [XGBAutocompleteRanker] Client Score: 0.006333789971269011
2026-08-15 18:26:59 Martins-MacBook-Pro Maps[68479] <Warning>: [XGBAutocompleteRanker] Client Score: 0.03195274343237089
2026-08-15 18:26:59 Martins-MacBook-Pro Maps[68479] <Warning>: [XGBAutocompleteRanker] Client Score: 0.04705131536870721
2026-08-15 18:26:59 Martins-MacBook-Pro Maps[68479] <Warning>: [XGBAutocompleteRanker] Client Score: 0.03110975540686169
2026-08-15 18:26:59 Martins-MacBook-Pro Maps[68479] <Warning>: [XGBAutocompleteRanker] Client Score: 0.01533399874160947
2026-08-15 18:26:59 Martins-MacBook-Pro Maps[68479] <Warning>: [XGBAutocompleteRanker] Client Score: 0.006102307465301658
2026-08-15 18:26:59 Martins-MacBook-Pro Maps[68479] <Warning>: [XGBAutocompleteRanker] Client Score: 0.03110975540686169
2026-08-15 18:26:59 Martins-MacBook-Pro Maps[68479] <Warning>: [XGBAutocompleteRanker] Client Score: 0.006333789971269011
2026-08-15 18:26:59 Martins-MacBook-Pro Maps[68479] <Warning>: [XGBAutocompleteRanker] Client Score: 0.03162221168387883
2026-08-15 18:26:59 Martins-MacBook-Pro Maps[68479] <Warning>: [XGBAutocompleteRanker] Server Score: 0.08214232742609545
2026-08-15 18:26:59 Martins-MacBook-Pro Maps[68479] <Warning>: [XGBAutocompleteRanker] Server Score: 0.01757767732133777
2026-08-15 18:26:59 Martins-MacBook-Pro Maps[68479] <Warning>: [XGBAutocompleteRanker] Server Score: 0.01452705641175396
2026-08-15 18:26:59 Martins-MacBook-Pro Maps[68479] <Warning>: [XGBAutocompleteRanker] Server Score: 0.005279027651447324
2026-08-15 18:26:59 Martins-MacBook-Pro Maps[68479] <Warning>: [XGBAutocompleteRanker] Server Score: 0.00332313529312606
2026-08-15 18:26:59 Martins-MacBook-Pro Maps[68479] <Warning>: [XGBAutocompleteRanker] Server Score: 0.0005232527702289344
2026-08-15 18:26:59 Martins-MacBook-Pro Maps[68479] <Warning>: [XGBAutocompleteRanker] Server Score: 0.001592023743663556
2026-08-15 18:26:59 Martins-MacBook-Pro Maps[68479] <Warning>: [XGBAutocompleteRanker] Server Score: 0.0009334691000965669
2026-08-15 18:26:59 Martins-MacBook-Pro Maps[68479] <Warning>: [XGBAutocompleteRanker] Server Score: 0.001354765175585263
2026-08-15 18:26:59 Martins-MacBook-Pro Maps[68479] <Warning>: [XGBAutocompleteRanker] Server Score: 0.001051580721712062
2026-08-15 18:26:59 Martins-MacBook-Pro Maps[68479] <Warning>: [XGBAutocompleteRanker] Server Score: 0.001120332671722439
2026-08-15 18:26:59 Martins-MacBook-Pro Maps[68479] <Warning>: [XGBAutocompleteRanker] Server Score: 0.0007621323357384219
2026-08-15 18:26:59 Martins-MacBook-Pro Maps[68479] <Warning>: [XGBAutocompleteRanker] Server Score: 0.001981606766869932
2026-08-15 18:26:59 Martins-MacBook-Pro Maps[68479] <Warning>: [XGBAutocompleteRanker] Server Score: 0.001354765175585263
2026-08-15 18:26:59 Martins-MacBook-Pro Maps[68479] <Warning>: [XGBAutocompleteRanker] Server Score: 0.0007621323357384219
2026-08-15 18:26:59 Martins-MacBook-Pro Maps[68479] <Warning>: [XGBAutocompleteRanker] üìä Post-processing counts - Client entries: 11, Server entries: 15
2026-08-15 18:26:59 Martins-MacBook-Pro Maps[68479] <Warning>: [XGBAutocompleteRanker] ü•á Max server score: 0.0821
2026-08-15 18:26:59 Martins-MacBook-Pro Maps[68479] <Warning>: [XGBAutocompleteRanker] üîÑ Starting section processing for 2 sections
2026-08-15 18:26:59 Martins-MacBook-Pro Maps[68479] <Warning>: [XGBAutocompleteRanker] üìã Processing section 0
2026-08-15 18:26:59 Martins-MacBook-Pro Maps[68479] <Warning>: [XGBAutocompleteRanker] üñ•Ô∏è Processing server results section
2026-08-15 18:26:59 Martins-MacBook-Pro Maps[68479] <Warning>: [XGBAutocompleteRanker] üñ•Ô∏è Added 0 server entries to section
2026-08-15 18:26:59 Martins-MacBook-Pro Maps[68479] <Warning>: [XGBAutocompleteRanker] ‚ö†Ô∏è No server entries found in section 0, checking for prominent client results
2026-08-15 18:26:59 Martins-MacBook-Pro Maps[68479] <Warning>: [XGBAutocompleteRanker] üìã Processing section 1
2026-08-15 18:26:59 Martins-MacBook-Pro Maps[68479] <Warning>: [XGBAutocompleteRanker] üîÄ Merging remaining entries - Client: 11, Server: 15
2026-08-15 18:26:59 Martins-MacBook-Pro Maps[68479] <Warning>: [XGBAutocompleteRanker] üß† Using ML model for score-based merging
2026-08-15 18:26:59 Martins-MacBook-Pro Maps[68479] <Warning>: [XGBAutocompleteRanker] ‚úÖ Final merged section contains 26 entries
2026-08-15 18:26:59 Martins-MacBook-Pro Maps[68479] <Warning>: [XGBAutocompleteRanker] üìù Logging model metadata to response
2026-08-15 18:26:59 Martins-MacBook-Pro Maps[68479] <Warning>: [XGBAutocompleteRanker] üè∑Ô∏è Model version: 
2026-08-15 18:26:59 Martins-MacBook-Pro Maps[68479] <Warning>: [XGBAutocompleteRanker] üöÄ Rollout ID: 6785b622614dbd65bffd025a
2026-08-15 18:26:59 Martins-MacBook-Pro Maps[68479] <Warning>: [XGBAutocompleteRanker] üéØ Rollout deployment ID: 240000013
2026-08-15 18:26:59 Martins-MacBook-Pro Maps[68479] <Warning>: [XGBAutocompleteRanker] üì¶ Factor pack ID: 6a2108cf34a0c07a0681423b
2026-08-15 18:26:59 Martins-MacBook-Pro Maps[68479] <Warning>: [XGBAutocompleteRanker] üìà Ramp ID: 6a3081ac9d3fb669a8bdb84b
2026-08-15 18:26:59 Martins-MacBook-Pro Maps[68479] <Warning>: [XGBAutocompleteRanker] üß™ Logging experiment metadata to response
2026-08-15 18:26:59 Martins-MacBook-Pro Maps[68479] <Warning>: [XGBAutocompleteRanker] üî¨ Experiment ID: Unknown
2026-08-15 18:26:59 Martins-MacBook-Pro Maps[68479] <Warning>: [XGBAutocompleteRanker] üíä Treatment ID: Unknown
2026-08-15 18:26:59 Martins-MacBook-Pro Maps[68479] <Warning>: [XGBAutocompleteRanker] üö¢ Deployment ID: Unknown
2026-08-15 18:26:59 Martins-MacBook-Pro Maps[68479] <Warning>: [XGBAutocompleteRanker] ‚úÖ Ranking completed successfully with ML model
2026-08-15 18:26:59 Martins-MacBook-Pro Maps[68479] <Warning>: [XGBAutocompleteRanker] üì§ Serializing response for return
2026-08-15 18:26:59 Martins-MacBook-Pro Maps[68479] <Warning>: [XGBAutocompleteRanker] üèÅ Ranking process completed - returning 7134 bytes
2026-08-15 18:26:59 Martins-MacBook-Pro Maps[68479] <Warning>: [XGBAutocompleteRanker] üöÄ Starting ranking process with parameters:
2026-08-15 18:26:59 Martins-MacBook-Pro Maps[68479] <Warning>: [XGBAutocompleteRanker]    üìä Viewport freshness threshold: 600.0
2026-08-15 18:26:59 Martins-MacBook-Pro Maps[68479] <Warning>: [XGBAutocompleteRanker]    üìâ Score demotion factor: 10.0
2026-08-15 18:26:59 Martins-MacBook-Pro Maps[68479] <Warning>: [XGBAutocompleteRanker]    üìè Distance threshold for suppression: 50000.0
2026-08-15 18:26:59 Martins-MacBook-Pro Maps[68479] <Warning>: [XGBAutocompleteRanker]    ‚è∞ Age threshold for distance suppression: 86400.0
2026-08-15 18:26:59 Martins-MacBook-Pro Maps[68479] <Warning>: [XGBAutocompleteRanker]    üéõÔ∏è Ranker module enabled: YES
2026-08-15 18:26:59 Martins-MacBook-Pro Maps[68479] <Warning>: [XGBAutocompleteRanker]    üìè Server score adjustment: 0.00
2026-08-15 18:26:59 Martins-MacBook-Pro Maps[68479] <Warning>: [XGBAutocompleteRanker]    üìè Length threshold: 0.00
2026-08-15 18:26:59 Martins-MacBook-Pro Maps[68479] <Warning>: [XGBAutocompleteRanker] üîÑ MIF provided CoreML model available
2026-08-15 18:26:59 Martins-MacBook-Pro Maps[68479] <Warning>: [XGBAutocompleteRanker] ‚úÖ MIF CoreML model loaded successfully
2026-08-15 18:26:59 Martins-MacBook-Pro Maps[68479] <Warning>: [XGBAutocompleteRanker] üìÑ Parsed request - Client results: 0, Server results: 15
2026-08-15 18:26:59 Martins-MacBook-Pro Maps[68479] <Warning>: [XGBAutocompleteRanker] üèóÔ∏è Processing sections - Total: 3, ClientOnly: 1, Interleave: 2
2026-08-15 18:26:59 Martins-MacBook-Pro Maps[68479] <Warning>: [XGBAutocompleteRanker] ü§ñ ML Model availability: Available
2026-08-15 18:26:59 Martins-MacBook-Pro Maps[68479] <Warning>: [XGBAutocompleteRanker] üî¢ Using 75 features for ranking
2026-08-15 18:26:59 Martins-MacBook-Pro Maps[68479] <Warning>: [XGBAutocompleteRanker] Server Score: 0.3518278499683866
2026-08-15 18:26:59 Martins-MacBook-Pro Maps[68479] <Warning>: [XGBAutocompleteRanker] Server Score: 0.0226831332513203
2026-08-15 18:26:59 Martins-MacBook-Pro Maps[68479] <Warning>: [XGBAutocompleteRanker] Server Score: 0.007765699761547134
2026-08-15 18:26:59 Martins-MacBook-Pro Maps[68479] <Warning>: [XGBAutocompleteRanker] Server Score: 0.005340601423601272
2026-08-15 18:26:59 Martins-MacBook-Pro Maps[68479] <Warning>: [XGBAutocompleteRanker] Server Score: 0.0009622137870770765
2026-08-15 18:26:59 Martins-MacBook-Pro Maps[68479] <Warning>: [XGBAutocompleteRanker] Server Score: 0.0009223422407035573
2026-08-15 18:26:59 Martins-MacBook-Pro Maps[68479] <Warning>: [XGBAutocompleteRanker] Server Score: 0.0009364609331997305
2026-08-15 18:26:59 Martins-MacBook-Pro Maps[68479] <Warning>: [XGBAutocompleteRanker] Server Score: 0.001237282391729557
2026-08-15 18:26:59 Martins-MacBook-Pro Maps[68479] <Warning>: [XGBAutocompleteRanker] Server Score: 0.0009364609331997305
2026-08-15 18:26:59 Martins-MacBook-Pro Maps[68479] <Warning>: [XGBAutocompleteRanker] Server Score: 0.0009364609331997305
2026-08-15 18:26:59 Martins-MacBook-Pro Maps[68479] <Warning>: [XGBAutocompleteRanker] Server Score: 0.000830360369032628
2026-08-15 18:26:59 Martins-MacBook-Pro Maps[68479] <Warning>: [XGBAutocompleteRanker] Server Score: 0.0009364609331997305
2026-08-15 18:26:59 Martins-MacBook-Pro Maps[68479] <Warning>: [XGBAutocompleteRanker] Server Score: 0.0009364609331997305
2026-08-15 18:26:59 Martins-MacBook-Pro Maps[68479] <Warning>: [XGBAutocompleteRanker] Server Score: 0.001155498473115054
2026-08-15 18:26:59 Martins-MacBook-Pro Maps[68479] <Warning>: [XGBAutocompleteRanker] Server Score: 0.0009364609331997305
2026-08-15 18:26:59 Martins-MacBook-Pro Maps[68479] <Warning>: [XGBAutocompleteRanker] üìä Post-processing counts - Client entries: 0, Server entries: 15
2026-08-15 18:26:59 Martins-MacBook-Pro Maps[68479] <Warning>: [XGBAutocompleteRanker] ü•á Max server score: 0.3518
2026-08-15 18:26:59 Martins-MacBook-Pro Maps[68479] <Warning>: [XGBAutocompleteRanker] üîÑ Starting section processing for 3 sections
2026-08-15 18:26:59 Martins-MacBook-Pro Maps[68479] <Warning>: [XGBAutocompleteRanker] üìã Processing section 0
2026-08-15 18:26:59 Martins-MacBook-Pro Maps[68479] <Warning>: [XGBAutocompleteRanker] üñ•Ô∏è Processing server results section
2026-08-15 18:26:59 Martins-MacBook-Pro Maps[68479] <Warning>: [XGBAutocompleteRanker] üñ•Ô∏è Added 0 server entries to section
2026-08-15 18:26:59 Martins-MacBook-Pro Maps[68479] <Warning>: [XGBAutocompleteRanker] ‚ö†Ô∏è No server entries found in section 0, checking for prominent client results
2026-08-15 18:26:59 Martins-MacBook-Pro Maps[68479] <Warning>: [XGBAutocompleteRanker] üìã Processing section 1
2026-08-15 18:26:59 Martins-MacBook-Pro Maps[68479] <Warning>: [XGBAutocompleteRanker] üë§ Processing client-only results section
2026-08-15 18:26:59 Martins-MacBook-Pro Maps[68479] <Warning>: [XGBAutocompleteRanker] üë§ Added 0 entries to client-only section
2026-08-15 18:26:59 Martins-MacBook-Pro Maps[68479] <Warning>: [XGBAutocompleteRanker] üìã Processing section 2
2026-08-15 18:26:59 Martins-MacBook-Pro Maps[68479] <Warning>: [XGBAutocompleteRanker] üîÄ Merging remaining entries - Client: 0, Server: 15
2026-08-15 18:26:59 Martins-MacBook-Pro Maps[68479] <Warning>: [XGBAutocompleteRanker] üß† Using ML model for score-based merging
2026-08-15 18:26:59 Martins-MacBook-Pro Maps[68479] <Warning>: [XGBAutocompleteRanker] ‚úÖ Final merged section contains 15 entries
2026-08-15 18:26:59 Martins-MacBook-Pro Maps[68479] <Warning>: [XGBAutocompleteRanker] üìù Logging model metadata to response
2026-08-15 18:26:59 Martins-MacBook-Pro Maps[68479] <Warning>: [XGBAutocompleteRanker] üè∑Ô∏è Model version: 
2026-08-15 18:26:59 Martins-MacBook-Pro Maps[68479] <Warning>: [XGBAutocompleteRanker] üöÄ Rollout ID: 6785b622614dbd65bffd025a
2026-08-15 18:26:59 Martins-MacBook-Pro Maps[68479] <Warning>: [XGBAutocompleteRanker] üéØ Rollout deployment ID: 240000013
2026-08-15 18:26:59 Martins-MacBook-Pro Maps[68479] <Warning>: [XGBAutocompleteRanker] üì¶ Factor pack ID: 6a2108cf34a0c07a0681423b
2026-08-15 18:26:59 Martins-MacBook-Pro Maps[68479] <Warning>: [XGBAutocompleteRanker] üìà Ramp ID: 6a3081ac9d3fb669a8bdb84b
2026-08-15 18:26:59 Martins-MacBook-Pro Maps[68479] <Warning>: [XGBAutocompleteRanker] üß™ Logging experiment metadata to response
2026-08-15 18:26:59 Martins-MacBook-Pro Maps[68479] <Warning>: [XGBAutocompleteRanker] üî¨ Experiment ID: Unknown
2026-08-15 18:26:59 Martins-MacBook-Pro Maps[68479] <Warning>: [XGBAutocompleteRanker] üíä Treatment ID: Unknown
2026-08-15 18:26:59 Martins-MacBook-Pro Maps[68479] <Warning>: [XGBAutocompleteRanker] üö¢ Deployment ID: Unknown
2026-08-15 18:26:59 Martins-MacBook-Pro Maps[68479] <Warning>: [XGBAutocompleteRanker] ‚úÖ Ranking completed successfully with ML model
2026-08-15 18:26:59 Martins-MacBook-Pro Maps[68479] <Warning>: [XGBAutocompleteRanker] üì§ Serializing response for return
2026-08-15 18:26:59 Martins-MacBook-Pro Maps[68479] <Warning>: [XGBAutocompleteRanker] üèÅ Ranking process completed - returning 5398 bytes
2026-08-15 18:26:59 Martins-MacBook-Pro Maps[68479] <Warning>: [XGBAutocompleteRanker] üöÄ Starting ranking process with parameters:
2026-08-15 18:26:59 Martins-MacBook-Pro Maps[68479] <Warning>: [XGBAutocompleteRanker]    üìä Viewport freshness threshold: 600.0
2026-08-15 18:26:59 Martins-MacBook-Pro Maps[68479] <Warning>: [XGBAutocompleteRanker]    üìâ Score demotion factor: 10.0
2026-08-15 18:26:59 Martins-MacBook-Pro Maps[68479] <Warning>: [XGBAutocompleteRanker]    üìè Distance threshold for suppression: 50000.0
2026-08-15 18:26:59 Martins-MacBook-Pro Maps[68479] <Warning>: [XGBAutocompleteRanker]    ‚è∞ Age threshold for distance suppression: 86400.0
2026-08-15 18:26:59 Martins-MacBook-Pro Maps[68479] <Warning>: [XGBAutocompleteRanker]    üéõÔ∏è Ranker module enabled: YES
2026-08-15 18:26:59 Martins-MacBook-Pro Maps[68479] <Warning>: [XGBAutocompleteRanker]    üìè Server score adjustment: 0.00
2026-08-15 18:26:59 Martins-MacBook-Pro Maps[68479] <Warning>: [XGBAutocompleteRanker]    üìè Length threshold: 0.00
2026-08-15 18:26:59 Martins-MacBook-Pro Maps[68479] <Warning>: [XGBAutocompleteRanker] üîÑ MIF provided CoreML model available
2026-08-15 18:26:59 Martins-MacBook-Pro Maps[68479] <Warning>: [XGBAutocompleteRanker] ‚úÖ MIF CoreML model loaded successfully
2026-08-15 18:26:59 Martins-MacBook-Pro Maps[68479] <Warning>: [XGBAutocompleteRanker] üìÑ Parsed request - Client results: 0, Server results: 15
2026-08-15 18:26:59 Martins-MacBook-Pro Maps[68479] <Warning>: [XGBAutocompleteRanker] üèóÔ∏è Processing sections - Total: 4, ClientOnly: 1, Interleave: 3
2026-08-15 18:26:59 Martins-MacBook-Pro Maps[68479] <Warning>: [XGBAutocompleteRanker] ü§ñ ML Model availability: Available
2026-08-15 18:26:59 Martins-MacBook-Pro Maps[68479] <Warning>: [XGBAutocompleteRanker] üî¢ Using 75 features for ranking
2026-08-15 18:26:59 Martins-MacBook-Pro Maps[68479] <Warning>: [XGBAutocompleteRanker] Server Score: 0.163734110473803
2026-08-15 18:26:59 Martins-MacBook-Pro Maps[68479] <Warning>: [XGBAutocompleteRanker] Server Score: 0.01761200959236892
2026-08-15 18:26:59 Martins-MacBook-Pro Maps[68479] <Warning>: [XGBAutocompleteRanker] Server Score: 0.01746364565217046
2026-08-15 18:26:59 Martins-MacBook-Pro Maps[68479] <Warning>: [XGBAutocompleteRanker] Server Score: 0.003869891243369883
2026-08-15 18:26:59 Martins-MacBook-Pro Maps[68479] <Warning>: [XGBAutocompleteRanker] Server Score: 0.01144134593033166
2026-08-15 18:26:59 Martins-MacBook-Pro Maps[68479] <Warning>: [XGBAutocompleteRanker] Server Score: 0.001825280063424602
2026-08-15 18:26:59 Martins-MacBook-Pro Maps[68479] <Warning>: [XGBAutocompleteRanker] Server Score: 0.001453502774008029
2026-08-15 18:26:59 Martins-MacBook-Pro Maps[68479] <Warning>: [XGBAutocompleteRanker] Server Score: 0.001743376456122748
2026-08-15 18:26:59 Martins-MacBook-Pro Maps[68479] <Warning>: [XGBAutocompleteRanker] Server Score: 0.001453502774008029
2026-08-15 18:26:59 Martins-MacBook-Pro Maps[68479] <Warning>: [XGBAutocompleteRanker] Server Score: 0.001453502774008029
2026-08-15 18:26:59 Martins-MacBook-Pro Maps[68479] <Warning>: [XGBAutocompleteRanker] Server Score: 0.001453502774008029
2026-08-15 18:26:59 Martins-MacBook-Pro Maps[68479] <Warning>: [XGBAutocompleteRanker] Server Score: 0.001453502774008029
2026-08-15 18:26:59 Martins-MacBook-Pro Maps[68479] <Warning>: [XGBAutocompleteRanker] Server Score: 0.001453502774008029
2026-08-15 18:26:59 Martins-MacBook-Pro Maps[68479] <Warning>: [XGBAutocompleteRanker] Server Score: 0.001235424481724635
2026-08-15 18:26:59 Martins-MacBook-Pro Maps[68479] <Warning>: [XGBAutocompleteRanker] Server Score: 0.001453502774008029
2026-08-15 18:26:59 Martins-MacBook-Pro Maps[68479] <Warning>: [XGBAutocompleteRanker] üìä Post-processing counts - Client entries: 0, Server entries: 15
2026-08-15 18:26:59 Martins-MacBook-Pro Maps[68479] <Warning>: [XGBAutocompleteRanker] ü•á Max server score: 0.1637
2026-08-15 18:26:59 Martins-MacBook-Pro Maps[68479] <Warning>: [XGBAutocompleteRanker] üîÑ Starting section processing for 4 sections
2026-08-15 18:26:59 Martins-MacBook-Pro Maps[68479] <Warning>: [XGBAutocompleteRanker] üìã Processing section 0
2026-08-15 18:26:59 Martins-MacBook-Pro Maps[68479] <Warning>: [XGBAutocompleteRanker] üñ•Ô∏è Processing server results section
2026-08-15 18:26:59 Martins-MacBook-Pro Maps[68479] <Warning>: [XGBAutocompleteRanker] üñ•Ô∏è Added 0 server entries to section
2026-08-15 18:26:59 Martins-MacBook-Pro Maps[68479] <Warning>: [XGBAutocompleteRanker] ‚ö†Ô∏è No server entries found in section 0, checking for prominent client results
2026-08-15 18:26:59 Martins-MacBook-Pro Maps[68479] <Warning>: [XGBAutocompleteRanker] üìã Processing section 1
2026-08-15 18:26:59 Martins-MacBook-Pro Maps[68479] <Warning>: [XGBAutocompleteRanker] üë§ Processing client-only results section
2026-08-15 18:26:59 Martins-MacBook-Pro Maps[68479] <Warning>: [XGBAutocompleteRanker] üë§ Added 0 entries to client-only section
2026-08-15 18:26:59 Martins-MacBook-Pro Maps[68479] <Warning>: [XGBAutocompleteRanker] üìã Processing section 2
2026-08-15 18:26:59 Martins-MacBook-Pro Maps[68479] <Warning>: [XGBAutocompleteRanker] üñ•Ô∏è Processing server results section
2026-08-15 18:26:59 Martins-MacBook-Pro Maps[68479] <Warning>: [XGBAutocompleteRanker] üñ•Ô∏è Added 1 server entries to section
2026-08-15 18:26:59 Martins-MacBook-Pro Maps[68479] <Warning>: [XGBAutocompleteRanker] üìã Processing section 3
2026-08-15 18:26:59 Martins-MacBook-Pro Maps[68479] <Warning>: [XGBAutocompleteRanker] üîÄ Merging remaining entries - Client: 0, Server: 14
2026-08-15 18:26:59 Martins-MacBook-Pro Maps[68479] <Warning>: [XGBAutocompleteRanker] üß† Using ML model for score-based merging
2026-08-15 18:26:59 Martins-MacBook-Pro Maps[68479] <Warning>: [XGBAutocompleteRanker] ‚úÖ Final merged section contains 14 entries
2026-08-15 18:26:59 Martins-MacBook-Pro Maps[68479] <Warning>: [XGBAutocompleteRanker] üìù Logging model metadata to response
2026-08-15 18:26:59 Martins-MacBook-Pro Maps[68479] <Warning>: [XGBAutocompleteRanker] üè∑Ô∏è Model version: 
2026-08-15 18:26:59 Martins-MacBook-Pro Maps[68479] <Warning>: [XGBAutocompleteRanker] üöÄ Rollout ID: 6785b622614dbd65bffd025a
2026-08-15 18:26:59 Martins-MacBook-Pro Maps[68479] <Warning>: [XGBAutocompleteRanker] üéØ Rollout deployment ID: 240000013
2026-08-15 18:26:59 Martins-MacBook-Pro Maps[68479] <Warning>: [XGBAutocompleteRanker] üì¶ Factor pack ID: 6a2108cf34a0c07a0681423b
2026-08-15 18:26:59 Martins-MacBook-Pro Maps[68479] <Warning>: [XGBAutocompleteRanker] üìà Ramp ID: 6a3081ac9d3fb669a8bdb84b
2026-08-15 18:26:59 Martins-MacBook-Pro Maps[68479] <Warning>: [XGBAutocompleteRanker] üß™ Logging experiment metadata to response
2026-08-15 18:26:59 Martins-MacBook-Pro Maps[68479] <Warning>: [XGBAutocompleteRanker] üî¨ Experiment ID: Unknown
2026-08-15 18:26:59 Martins-MacBook-Pro Maps[68479] <Warning>: [XGBAutocompleteRanker] üíä Treatment ID: Unknown
2026-08-15 18:26:59 Martins-MacBook-Pro Maps[68479] <Warning>: [XGBAutocompleteRanker] üö¢ Deployment ID: Unknown
2026-08-15 18:26:59 Martins-MacBook-Pro Maps[68479] <Warning>: [XGBAutocompleteRanker] ‚úÖ Ranking completed successfully with ML model
2026-08-15 18:26:59 Martins-MacBook-Pro Maps[68479] <Warning>: [XGBAutocompleteRanker] üì§ Serializing response for return
2026-08-15 18:26:59 Martins-MacBook-Pro Maps[68479] <Warning>: [XGBAutocompleteRanker] üèÅ Ranking process completed - returning 4932 bytes
2026-08-15 18:27:00 Martins-MacBook-Pro Maps[68479] <Warning>: [XGBAutocompleteRanker] üöÄ Starting ranking process with parameters:
2026-08-15 18:27:00 Martins-MacBook-Pro Maps[68479] <Warning>: [XGBAutocompleteRanker]    üìä Viewport freshness threshold: 600.0
2026-08-15 18:27:00 Martins-MacBook-Pro Maps[68479] <Warning>: [XGBAutocompleteRanker]    üìâ Score demotion factor: 10.0
2026-08-15 18:27:00 Martins-MacBook-Pro Maps[68479] <Warning>: [XGBAutocompleteRanker]    üìè Distance threshold for suppression: 50000.0
2026-08-15 18:27:00 Martins-MacBook-Pro Maps[68479] <Warning>: [XGBAutocompleteRanker]    ‚è∞ Age threshold for distance suppression: 86400.0
2026-08-15 18:27:00 Martins-MacBook-Pro Maps[68479] <Warning>: [XGBAutocompleteRanker]    üéõÔ∏è Ranker module enabled: YES
2026-08-15 18:27:00 Martins-MacBook-Pro Maps[68479] <Warning>: [XGBAutocompleteRanker]    üìè Server score adjustment: 0.00
2026-08-15 18:27:00 Martins-MacBook-Pro Maps[68479] <Warning>: [XGBAutocompleteRanker]    üìè Length threshold: 0.00
2026-08-15 18:27:00 Martins-MacBook-Pro Maps[68479] <Warning>: [XGBAutocompleteRanker] üîÑ MIF provided CoreML model available
2026-08-15 18:27:00 Martins-MacBook-Pro Maps[68479] <Warning>: [XGBAutocompleteRanker] ‚úÖ MIF CoreML model loaded successfully
2026-08-15 18:27:00 Martins-MacBook-Pro Maps[68479] <Warning>: [XGBAutocompleteRanker] üìÑ Parsed request - Client results: 0, Server results: 15
2026-08-15 18:27:00 Martins-MacBook-Pro Maps[68479] <Warning>: [XGBAutocompleteRanker] üèóÔ∏è Processing sections - Total: 3, ClientOnly: 1, Interleave: 2
2026-08-15 18:27:00 Martins-MacBook-Pro Maps[68479] <Warning>: [XGBAutocompleteRanker] ü§ñ ML Model availability: Available
2026-08-15 18:27:00 Martins-MacBook-Pro Maps[68479] <Warning>: [XGBAutocompleteRanker] üî¢ Using 75 features for ranking
2026-08-15 18:27:00 Martins-MacBook-Pro Maps[68479] <Warning>: [XGBAutocompleteRanker] Server Score: 0.4257709879671626
2026-08-15 18:27:00 Martins-MacBook-Pro Maps[68479] <Warning>: [XGBAutocompleteRanker] Server Score: 0.1016401477925127
2026-08-15 18:27:00 Martins-MacBook-Pro Maps[68479] <Warning>: [XGBAutocompleteRanker] Server Score: 0.01343963638631535
2026-08-15 18:27:00 Martins-MacBook-Pro Maps[68479] <Warning>: [XGBAutocompleteRanker] Server Score: 0.003706838801845322
2026-08-15 18:27:00 Martins-MacBook-Pro Maps[68479] <Warning>: [XGBAutocompleteRanker] Server Score: 0.002909863310754757
2026-08-15 18:27:00 Martins-MacBook-Pro Maps[68479] <Warning>: [XGBAutocompleteRanker] Server Score: 0.0007006659549413089
2026-08-15 18:27:00 Martins-MacBook-Pro Maps[68479] <Warning>: [XGBAutocompleteRanker] Server Score: 0.003254477325851197
2026-08-15 18:27:00 Martins-MacBook-Pro Maps[68479] <Warning>: [XGBAutocompleteRanker] Server Score: 0.004297728211955405
2026-08-15 18:27:00 Martins-MacBook-Pro Maps[68479] <Warning>: [XGBAutocompleteRanker] Server Score: 0.004297728211955405
2026-08-15 18:27:00 Martins-MacBook-Pro Maps[68479] <Warning>: [XGBAutocompleteRanker] Server Score: 0.005884094455394635
2026-08-15 18:27:00 Martins-MacBook-Pro Maps[68479] <Warning>: [XGBAutocompleteRanker] Server Score: 0.004297728211955405
2026-08-15 18:27:00 Martins-MacBook-Pro Maps[68479] <Warning>: [XGBAutocompleteRanker] Server Score: 0.004297728211955405
2026-08-15 18:27:00 Martins-MacBook-Pro Maps[68479] <Warning>: [XGBAutocompleteRanker] Server Score: 0.004297728211955405
2026-08-15 18:27:00 Martins-MacBook-Pro Maps[68479] <Warning>: [XGBAutocompleteRanker] Server Score: 0.005884094455394635
2026-08-15 18:27:00 Martins-MacBook-Pro Maps[68479] <Warning>: [XGBAutocompleteRanker] Server Score: 0.004297728211955405
2026-08-15 18:27:00 Martins-MacBook-Pro Maps[68479] <Warning>: [XGBAutocompleteRanker] üìä Post-processing counts - Client entries: 0, Server entries: 15
2026-08-15 18:27:00 Martins-MacBook-Pro Maps[68479] <Warning>: [XGBAutocompleteRanker] ü•á Max server score: 0.4258
2026-08-15 18:27:00 Martins-MacBook-Pro Maps[68479] <Warning>: [XGBAutocompleteRanker] üîÑ Starting section processing for 3 sections
2026-08-15 18:27:00 Martins-MacBook-Pro Maps[68479] <Warning>: [XGBAutocompleteRanker] üìã Processing section 0
2026-08-15 18:27:00 Martins-MacBook-Pro Maps[68479] <Warning>: [XGBAutocompleteRanker] üñ•Ô∏è Processing server results section
2026-08-15 18:27:00 Martins-MacBook-Pro Maps[68479] <Warning>: [XGBAutocompleteRanker] üñ•Ô∏è Added 0 server entries to section
2026-08-15 18:27:00 Martins-MacBook-Pro Maps[68479] <Warning>: [XGBAutocompleteRanker] ‚ö†Ô∏è No server entries found in section 0, checking for prominent client results
2026-08-15 18:27:00 Martins-MacBook-Pro Maps[68479] <Warning>: [XGBAutocompleteRanker] üìã Processing section 1
2026-08-15 18:27:00 Martins-MacBook-Pro Maps[68479] <Warning>: [XGBAutocompleteRanker] üë§ Processing client-only results section
2026-08-15 18:27:00 Martins-MacBook-Pro Maps[68479] <Warning>: [XGBAutocompleteRanker] üë§ Added 0 entries to client-only section
2026-08-15 18:27:00 Martins-MacBook-Pro Maps[68479] <Warning>: [XGBAutocompleteRanker] üìã Processing section 2
2026-08-15 18:27:00 Martins-MacBook-Pro Maps[68479] <Warning>: [XGBAutocompleteRanker] üîÄ Merging remaining entries - Client: 0, Server: 15
2026-08-15 18:27:00 Martins-MacBook-Pro Maps[68479] <Warning>: [XGBAutocompleteRanker] üß† Using ML model for score-based merging
2026-08-15 18:27:00 Martins-MacBook-Pro Maps[68479] <Warning>: [XGBAutocompleteRanker] ‚úÖ Final merged section contains 15 entries
2026-08-15 18:27:00 Martins-MacBook-Pro Maps[68479] <Warning>: [XGBAutocompleteRanker] üìù Logging model metadata to response
2026-08-15 18:27:00 Martins-MacBook-Pro Maps[68479] <Warning>: [XGBAutocompleteRanker] üè∑Ô∏è Model version: 
2026-08-15 18:27:00 Martins-MacBook-Pro Maps[68479] <Warning>: [XGBAutocompleteRanker] üöÄ Rollout ID: 6785b622614dbd65bffd025a
2026-08-15 18:27:00 Martins-MacBook-Pro Maps[68479] <Warning>: [XGBAutocompleteRanker] üéØ Rollout deployment ID: 240000013
2026-08-15 18:27:00 Martins-MacBook-Pro Maps[68479] <Warning>: [XGBAutocompleteRanker] üì¶ Factor pack ID: 6a2108cf34a0c07a0681423b
2026-08-15 18:27:00 Martins-MacBook-Pro Maps[68479] <Warning>: [XGBAutocompleteRanker] üìà Ramp ID: 6a3081ac9d3fb669a8bdb84b
2026-08-15 18:27:00 Martins-MacBook-Pro Maps[68479] <Warning>: [XGBAutocompleteRanker] üß™ Logging experiment metadata to response
2026-08-15 18:27:00 Martins-MacBook-Pro Maps[68479] <Warning>: [XGBAutocompleteRanker] üî¨ Experiment ID: Unknown
2026-08-15 18:27:00 Martins-MacBook-Pro Maps[68479] <Warning>: [XGBAutocompleteRanker] üíä Treatment ID: Unknown
2026-08-15 18:27:00 Martins-MacBook-Pro Maps[68479] <Warning>: [XGBAutocompleteRanker] üö¢ Deployment ID: Unknown
2026-08-15 18:27:00 Martins-MacBook-Pro Maps[68479] <Warning>: [XGBAutocompleteRanker] ‚úÖ Ranking completed successfully with ML model
2026-08-15 18:27:00 Martins-MacBook-Pro Maps[68479] <Warning>: [XGBAutocompleteRanker] üì§ Serializing response for return
2026-08-15 18:27:00 Martins-MacBook-Pro Maps[68479] <Warning>: [XGBAutocompleteRanker] üèÅ Ranking process completed - returning 4951 bytes
2026-08-15 18:27:02 Martins-MacBook-Pro Maps[68479] <Warning>: [XGBAutocompleteRanker] üöÄ Starting ranking process with parameters:
2026-08-15 18:27:02 Martins-MacBook-Pro Maps[68479] <Warning>: [XGBAutocompleteRanker]    üìä Viewport freshness threshold: 600.0
2026-08-15 18:27:02 Martins-MacBook-Pro Maps[68479] <Warning>: [XGBAutocompleteRanker]    üìâ Score demotion factor: 10.0
2026-08-15 18:27:02 Martins-MacBook-Pro Maps[68479] <Warning>: [XGBAutocompleteRanker]    üìè Distance threshold for suppression: 50000.0
2026-08-15 18:27:02 Martins-MacBook-Pro Maps[68479] <Warning>: [XGBAutocompleteRanker]    ‚è∞ Age threshold for distance suppression: 86400.0
2026-08-15 18:27:02 Martins-MacBook-Pro Maps[68479] <Warning>: [XGBAutocompleteRanker]    üéõÔ∏è Ranker module enabled: YES
2026-08-15 18:27:02 Martins-MacBook-Pro Maps[68479] <Warning>: [XGBAutocompleteRanker]    üìè Server score adjustment: 0.00
2026-08-15 18:27:02 Martins-MacBook-Pro Maps[68479] <Warning>: [XGBAutocompleteRanker]    üìè Length threshold: 0.00
2026-08-15 18:27:02 Martins-MacBook-Pro Maps[68479] <Warning>: [XGBAutocompleteRanker] üîÑ MIF provided CoreML model available
2026-08-15 18:27:02 Martins-MacBook-Pro Maps[68479] <Warning>: [XGBAutocompleteRanker] ‚úÖ MIF CoreML model loaded successfully
2026-08-15 18:27:02 Martins-MacBook-Pro Maps[68479] <Warning>: [XGBAutocompleteRanker] üìÑ Parsed request - Client results: 0, Server results: 15
2026-08-15 18:27:02 Martins-MacBook-Pro Maps[68479] <Warning>: [XGBAutocompleteRanker] üèóÔ∏è Processing sections - Total: 4, ClientOnly: 1, Interleave: 3
2026-08-15 18:27:02 Martins-MacBook-Pro Maps[68479] <Warning>: [XGBAutocompleteRanker] ü§ñ ML Model availability: Available
2026-08-15 18:27:02 Martins-MacBook-Pro Maps[68479] <Warning>: [XGBAutocompleteRanker] üî¢ Using 75 features for ranking
2026-08-15 18:27:02 Martins-MacBook-Pro Maps[68479] <Warning>: [XGBAutocompleteRanker] Server Score: 0.1305796303343499
2026-08-15 18:27:02 Martins-MacBook-Pro Maps[68479] <Warning>: [XGBAutocompleteRanker] Server Score: 0.01970850409538968
2026-08-15 18:27:02 Martins-MacBook-Pro Maps[68479] <Warning>: [XGBAutocompleteRanker] Server Score: 0.02894495851556513
2026-08-15 18:27:02 Martins-MacBook-Pro Maps[68479] <Warning>: [XGBAutocompleteRanker] Server Score: 0.005337083727414639
2026-08-15 18:27:02 Martins-MacBook-Pro Maps[68479] <Warning>: [XGBAutocompleteRanker] Server Score: 0.001719604504850069
2026-08-15 18:27:02 Martins-MacBook-Pro Maps[68479] <Warning>: [XGBAutocompleteRanker] Server Score: 0.002367332591622931
2026-08-15 18:27:02 Martins-MacBook-Pro Maps[68479] <Warning>: [XGBAutocompleteRanker] Server Score: 0.003492669690094146
2026-08-15 18:27:02 Martins-MacBook-Pro Maps[68479] <Warning>: [XGBAutocompleteRanker] Server Score: 0.005931128952487252
2026-08-15 18:27:02 Martins-MacBook-Pro Maps[68479] <Warning>: [XGBAutocompleteRanker] Server Score: 0.004329126606878764
2026-08-15 18:27:02 Martins-MacBook-Pro Maps[68479] <Warning>: [XGBAutocompleteRanker] Server Score: 0.004329126606878764
2026-08-15 18:27:02 Martins-MacBook-Pro Maps[68479] <Warning>: [XGBAutocompleteRanker] Server Score: 0.003492669690094146
2026-08-15 18:27:02 Martins-MacBook-Pro Maps[68479] <Warning>: [XGBAutocompleteRanker] Server Score: 0.00262069395969778
2026-08-15 18:27:02 Martins-MacBook-Pro Maps[68479] <Warning>: [XGBAutocompleteRanker] Server Score: 0.004329126606878764
2026-08-15 18:27:02 Martins-MacBook-Pro Maps[68479] <Warning>: [XGBAutocompleteRanker] Server Score: 0.003244640307400481
2026-08-15 18:27:02 Martins-MacBook-Pro Maps[68479] <Warning>: [XGBAutocompleteRanker] Server Score: 0.002102465190530814
2026-08-15 18:27:02 Martins-MacBook-Pro Maps[68479] <Warning>: [XGBAutocompleteRanker] üìä Post-processing counts - Client entries: 0, Server entries: 15
2026-08-15 18:27:02 Martins-MacBook-Pro Maps[68479] <Warning>: [XGBAutocompleteRanker] ü•á Max server score: 0.1306
2026-08-15 18:27:02 Martins-MacBook-Pro Maps[68479] <Warning>: [XGBAutocompleteRanker] üîÑ Starting section processing for 4 sections
2026-08-15 18:27:02 Martins-MacBook-Pro Maps[68479] <Warning>: [XGBAutocompleteRanker] üìã Processing section 0
2026-08-15 18:27:02 Martins-MacBook-Pro Maps[68479] <Warning>: [XGBAutocompleteRanker] üñ•Ô∏è Processing server results section
2026-08-15 18:27:02 Martins-MacBook-Pro Maps[68479] <Warning>: [XGBAutocompleteRanker] üñ•Ô∏è Added 0 server entries to section
2026-08-15 18:27:02 Martins-MacBook-Pro Maps[68479] <Warning>: [XGBAutocompleteRanker] ‚ö†Ô∏è No server entries found in section 0, checking for prominent client results
2026-08-15 18:27:02 Martins-MacBook-Pro Maps[68479] <Warning>: [XGBAutocompleteRanker] üìã Processing section 1
2026-08-15 18:27:02 Martins-MacBook-Pro Maps[68479] <Warning>: [XGBAutocompleteRanker] üë§ Processing client-only results section
2026-08-15 18:27:02 Martins-MacBook-Pro Maps[68479] <Warning>: [XGBAutocompleteRanker] üë§ Added 0 entries to client-only section
2026-08-15 18:27:02 Martins-MacBook-Pro Maps[68479] <Warning>: [XGBAutocompleteRanker] üìã Processing section 2
2026-08-15 18:27:02 Martins-MacBook-Pro Maps[68479] <Warning>: [XGBAutocompleteRanker] üñ•Ô∏è Processing server results section
2026-08-15 18:27:02 Martins-MacBook-Pro Maps[68479] <Warning>: [XGBAutocompleteRanker] üñ•Ô∏è Added 1 server entries to section
2026-08-15 18:27:02 Martins-MacBook-Pro Maps[68479] <Warning>: [XGBAutocompleteRanker] üìã Processing section 3
2026-08-15 18:27:02 Martins-MacBook-Pro Maps[68479] <Warning>: [XGBAutocompleteRanker] üîÄ Merging remaining entries - Client: 0, Server: 14
2026-08-15 18:27:02 Martins-MacBook-Pro Maps[68479] <Warning>: [XGBAutocompleteRanker] üß† Using ML model for score-based merging
2026-08-15 18:27:02 Martins-MacBook-Pro Maps[68479] <Warning>: [XGBAutocompleteRanker] ‚úÖ Final merged section contains 14 entries
2026-08-15 18:27:02 Martins-MacBook-Pro Maps[68479] <Warning>: [XGBAutocompleteRanker] üìù Logging model metadata to response
2026-08-15 18:27:02 Martins-MacBook-Pro Maps[68479] <Warning>: [XGBAutocompleteRanker] üè∑Ô∏è Model version: 
2026-08-15 18:27:02 Martins-MacBook-Pro Maps[68479] <Warning>: [XGBAutocompleteRanker] üöÄ Rollout ID: 6785b622614dbd65bffd025a
2026-08-15 18:27:02 Martins-MacBook-Pro Maps[68479] <Warning>: [XGBAutocompleteRanker] üéØ Rollout deployment ID: 240000013
2026-08-15 18:27:02 Martins-MacBook-Pro Maps[68479] <Warning>: [XGBAutocompleteRanker] üì¶ Factor pack ID: 6a2108cf34a0c07a0681423b
2026-08-15 18:27:02 Martins-MacBook-Pro Maps[68479] <Warning>: [XGBAutocompleteRanker] üìà Ramp ID: 6a3081ac9d3fb669a8bdb84b
2026-08-15 18:27:02 Martins-MacBook-Pro Maps[68479] <Warning>: [XGBAutocompleteRanker] üß™ Logging experiment metadata to response
2026-08-15 18:27:02 Martins-MacBook-Pro Maps[68479] <Warning>: [XGBAutocompleteRanker] üî¨ Experiment ID: Unknown
2026-08-15 18:27:02 Martins-MacBook-Pro Maps[68479] <Warning>: [XGBAutocompleteRanker] üíä Treatment ID: Unknown
2026-08-15 18:27:02 Martins-MacBook-Pro Maps[68479] <Warning>: [XGBAutocompleteRanker] üö¢ Deployment ID: Unknown
2026-08-15 18:27:02 Martins-MacBook-Pro Maps[68479] <Warning>: [XGBAutocompleteRanker] ‚úÖ Ranking completed successfully with ML model
2026-08-15 18:27:02 Martins-MacBook-Pro Maps[68479] <Warning>: [XGBAutocompleteRanker] üì§ Serializing response for return
2026-08-15 18:27:02 Martins-MacBook-Pro Maps[68479] <Warning>: [XGBAutocompleteRanker] üèÅ Ranking process completed - returning 5021 bytes
2026-08-15 18:27:03 Martins-MacBook-Pro Maps[68479] <Warning>: [XGBAutocompleteRanker] üöÄ Starting ranking process with parameters:
2026-08-15 18:27:03 Martins-MacBook-Pro Maps[68479] <Warning>: [XGBAutocompleteRanker]    üìä Viewport freshness threshold: 600.0
2026-08-15 18:27:03 Martins-MacBook-Pro Maps[68479] <Warning>: [XGBAutocompleteRanker]    üìâ Score demotion factor: 10.0
2026-08-15 18:27:03 Martins-MacBook-Pro Maps[68479] <Warning>: [XGBAutocompleteRanker]    üìè Distance threshold for suppression: 50000.0
2026-08-15 18:27:03 Martins-MacBook-Pro Maps[68479] <Warning>: [XGBAutocompleteRanker]    ‚è∞ Age threshold for distance suppression: 86400.0
2026-08-15 18:27:03 Martins-MacBook-Pro Maps[68479] <Warning>: [XGBAutocompleteRanker]    üéõÔ∏è Ranker module enabled: YES
2026-08-15 18:27:03 Martins-MacBook-Pro Maps[68479] <Warning>: [XGBAutocompleteRanker]    üìè Server score adjustment: 0.00
2026-08-15 18:27:03 Martins-MacBook-Pro Maps[68479] <Warning>: [XGBAutocompleteRanker]    üìè Length threshold: 0.00
2026-08-15 18:27:03 Martins-MacBook-Pro Maps[68479] <Warning>: [XGBAutocompleteRanker] üîÑ MIF provided CoreML model available
2026-08-15 18:27:03 Martins-MacBook-Pro Maps[68479] <Warning>: [XGBAutocompleteRanker] ‚úÖ MIF CoreML model loaded successfully
2026-08-15 18:27:03 Martins-MacBook-Pro Maps[68479] <Warning>: [XGBAutocompleteRanker] üìÑ Parsed request - Client results: 0, Server results: 15
2026-08-15 18:27:03 Martins-MacBook-Pro Maps[68479] <Warning>: [XGBAutocompleteRanker] üèóÔ∏è Processing sections - Total: 4, ClientOnly: 1, Interleave: 3
2026-08-15 18:27:03 Martins-MacBook-Pro Maps[68479] <Warning>: [XGBAutocompleteRanker] ü§ñ ML Model availability: Available
2026-08-15 18:27:03 Martins-MacBook-Pro Maps[68479] <Warning>: [XGBAutocompleteRanker] üî¢ Using 75 features for ranking
2026-08-15 18:27:03 Martins-MacBook-Pro Maps[68479] <Warning>: [XGBAutocompleteRanker] Server Score: 0.6476225045947869
2026-08-15 18:27:03 Martins-MacBook-Pro Maps[68479] <Warning>: [XGBAutocompleteRanker] Server Score: 0.04618893381854922
2026-08-15 18:27:03 Martins-MacBook-Pro Maps[68479] <Warning>: [XGBAutocompleteRanker] Server Score: 0.008705616717580966
2026-08-15 18:27:03 Martins-MacBook-Pro Maps[68479] <Warning>: [XGBAutocompleteRanker] Server Score: 0.01963153104620122
2026-08-15 18:27:03 Martins-MacBook-Pro Maps[68479] <Warning>: [XGBAutocompleteRanker] Server Score: 0.008782383727145352
2026-08-15 18:27:03 Martins-MacBook-Pro Maps[68479] <Warning>: [XGBAutocompleteRanker] Server Score: 0.0006855377414618499
2026-08-15 18:27:03 Martins-MacBook-Pro Maps[68479] <Warning>: [XGBAutocompleteRanker] Server Score: 0.02725555385444552
2026-08-15 18:27:03 Martins-MacBook-Pro Maps[68479] <Warning>: [XGBAutocompleteRanker] Server Score: 0.02725555385444552
2026-08-15 18:27:03 Martins-MacBook-Pro Maps[68479] <Warning>: [XGBAutocompleteRanker] Server Score: 0.02725555385444552
2026-08-15 18:27:03 Martins-MacBook-Pro Maps[68479] <Warning>: [XGBAutocompleteRanker] Server Score: 0.02725555385444552
2026-08-15 18:27:03 Martins-MacBook-Pro Maps[68479] <Warning>: [XGBAutocompleteRanker] Server Score: 0.02725555385444552
2026-08-15 18:27:03 Martins-MacBook-Pro Maps[68479] <Warning>: [XGBAutocompleteRanker] Server Score: 0.02725555385444552
2026-08-15 18:27:03 Martins-MacBook-Pro Maps[68479] <Warning>: [XGBAutocompleteRanker] Server Score: 0.02725555385444552
2026-08-15 18:27:03 Martins-MacBook-Pro Maps[68479] <Warning>: [XGBAutocompleteRanker] Server Score: 0.02725555385444552
2026-08-15 18:27:03 Martins-MacBook-Pro Maps[68479] <Warning>: [XGBAutocompleteRanker] Server Score: 0.02725555385444552
2026-08-15 18:27:03 Martins-MacBook-Pro Maps[68479] <Warning>: [XGBAutocompleteRanker] üìä Post-processing counts - Client entries: 0, Server entries: 15
2026-08-15 18:27:03 Martins-MacBook-Pro Maps[68479] <Warning>: [XGBAutocompleteRanker] ü•á Max server score: 0.6476
2026-08-15 18:27:03 Martins-MacBook-Pro Maps[68479] <Warning>: [XGBAutocompleteRanker] üîÑ Starting section processing for 4 sections
2026-08-15 18:27:03 Martins-MacBook-Pro Maps[68479] <Warning>: [XGBAutocompleteRanker] üìã Processing section 0
2026-08-15 18:27:03 Martins-MacBook-Pro Maps[68479] <Warning>: [XGBAutocompleteRanker] üñ•Ô∏è Processing server results section
2026-08-15 18:27:03 Martins-MacBook-Pro Maps[68479] <Warning>: [XGBAutocompleteRanker] üñ•Ô∏è Added 0 server entries to section
2026-08-15 18:27:03 Martins-MacBook-Pro Maps[68479] <Warning>: [XGBAutocompleteRanker] ‚ö†Ô∏è No server entries found in section 0, checking for prominent client results
2026-08-15 18:27:03 Martins-MacBook-Pro Maps[68479] <Warning>: [XGBAutocompleteRanker] üìã Processing section 1
2026-08-15 18:27:03 Martins-MacBook-Pro Maps[68479] <Warning>: [XGBAutocompleteRanker] üë§ Processing client-only results section
2026-08-15 18:27:03 Martins-MacBook-Pro Maps[68479] <Warning>: [XGBAutocompleteRanker] üë§ Added 0 entries to client-only section
2026-08-15 18:27:03 Martins-MacBook-Pro Maps[68479] <Warning>: [XGBAutocompleteRanker] üìã Processing section 2
2026-08-15 18:27:03 Martins-MacBook-Pro Maps[68479] <Warning>: [XGBAutocompleteRanker] üñ•Ô∏è Processing server results section
2026-08-15 18:27:03 Martins-MacBook-Pro Maps[68479] <Warning>: [XGBAutocompleteRanker] üñ•Ô∏è Added 1 server entries to section
2026-08-15 18:27:03 Martins-MacBook-Pro Maps[68479] <Warning>: [XGBAutocompleteRanker] üìã Processing section 3
2026-08-15 18:27:03 Martins-MacBook-Pro Maps[68479] <Warning>: [XGBAutocompleteRanker] üîÄ Merging remaining entries - Client: 0, Server: 14
2026-08-15 18:27:03 Martins-MacBook-Pro Maps[68479] <Warning>: [XGBAutocompleteRanker] üß† Using ML model for score-based merging
2026-08-15 18:27:03 Martins-MacBook-Pro Maps[68479] <Warning>: [XGBAutocompleteRanker] ‚úÖ Final merged section contains 14 entries
2026-08-15 18:27:03 Martins-MacBook-Pro Maps[68479] <Warning>: [XGBAutocompleteRanker] üìù Logging model metadata to response
2026-08-15 18:27:03 Martins-MacBook-Pro Maps[68479] <Warning>: [XGBAutocompleteRanker] üè∑Ô∏è Model version: 
2026-08-15 18:27:03 Martins-MacBook-Pro Maps[68479] <Warning>: [XGBAutocompleteRanker] üöÄ Rollout ID: 6785b622614dbd65bffd025a
2026-08-15 18:27:03 Martins-MacBook-Pro Maps[68479] <Warning>: [XGBAutocompleteRanker] üéØ Rollout deployment ID: 240000013
2026-08-15 18:27:03 Martins-MacBook-Pro Maps[68479] <Warning>: [XGBAutocompleteRanker] üì¶ Factor pack ID: 6a2108cf34a0c07a0681423b
2026-08-15 18:27:03 Martins-MacBook-Pro Maps[68479] <Warning>: [XGBAutocompleteRanker] üìà Ramp ID: 6a3081ac9d3fb669a8bdb84b
2026-08-15 18:27:03 Martins-MacBook-Pro Maps[68479] <Warning>: [XGBAutocompleteRanker] üß™ Logging experiment metadata to response
2026-08-15 18:27:03 Martins-MacBook-Pro Maps[68479] <Warning>: [XGBAutocompleteRanker] üî¨ Experiment ID: Unknown
2026-08-15 18:27:03 Martins-MacBook-Pro Maps[68479] <Warning>: [XGBAutocompleteRanker] üíä Treatment ID: Unknown
2026-08-15 18:27:03 Martins-MacBook-Pro Maps[68479] <Warning>: [XGBAutocompleteRanker] üö¢ Deployment ID: Unknown
2026-08-15 18:27:03 Martins-MacBook-Pro Maps[68479] <Warning>: [XGBAutocompleteRanker] ‚úÖ Ranking completed successfully with ML model
2026-08-15 18:27:03 Martins-MacBook-Pro Maps[68479] <Warning>: [XGBAutocompleteRanker] üì§ Serializing response for return
2026-08-15 18:27:03 Martins-MacBook-Pro Maps[68479] <Warning>: [XGBAutocompleteRanker] üèÅ Ranking process completed - returning 5010 bytes
2026-08-15 18:27:05 Martins-MacBook-Pro Maps[68479] <Warning>: [XGBAutocompleteRanker] üöÄ Starting ranking process with parameters:
2026-08-15 18:27:05 Martins-MacBook-Pro Maps[68479] <Warning>: [XGBAutocompleteRanker]    üìä Viewport freshness threshold: 600.0
2026-08-15 18:27:05 Martins-MacBook-Pro Maps[68479] <Warning>: [XGBAutocompleteRanker]    üìâ Score demotion factor: 10.0
2026-08-15 18:27:05 Martins-MacBook-Pro Maps[68479] <Warning>: [XGBAutocompleteRanker]    üìè Distance threshold for suppression: 50000.0
2026-08-15 18:27:05 Martins-MacBook-Pro Maps[68479] <Warning>: [XGBAutocompleteRanker]    ‚è∞ Age threshold for distance suppression: 86400.0
2026-08-15 18:27:05 Martins-MacBook-Pro Maps[68479] <Warning>: [XGBAutocompleteRanker]    üéõÔ∏è Ranker module enabled: YES
2026-08-15 18:27:05 Martins-MacBook-Pro Maps[68479] <Warning>: [XGBAutocompleteRanker]    üìè Server score adjustment: 0.00
2026-08-15 18:27:05 Martins-MacBook-Pro Maps[68479] <Warning>: [XGBAutocompleteRanker]    üìè Length threshold: 0.00
2026-08-15 18:27:05 Martins-MacBook-Pro Maps[68479] <Warning>: [XGBAutocompleteRanker] üîÑ MIF provided CoreML model available
2026-08-15 18:27:05 Martins-MacBook-Pro Maps[68479] <Warning>: [XGBAutocompleteRanker] ‚úÖ MIF CoreML model loaded successfully
2026-08-15 18:27:05 Martins-MacBook-Pro Maps[68479] <Warning>: [XGBAutocompleteRanker] üìÑ Parsed request - Client results: 0, Server results: 15
2026-08-15 18:27:05 Martins-MacBook-Pro Maps[68479] <Warning>: [XGBAutocompleteRanker] üèóÔ∏è Processing sections - Total: 4, ClientOnly: 1, Interleave: 3
2026-08-15 18:27:05 Martins-MacBook-Pro Maps[68479] <Warning>: [XGBAutocompleteRanker] ü§ñ ML Model availability: Available
2026-08-15 18:27:05 Martins-MacBook-Pro Maps[68479] <Warning>: [XGBAutocompleteRanker] üî¢ Using 75 features for ranking
2026-08-15 18:27:05 Martins-MacBook-Pro Maps[68479] <Warning>: [XGBAutocompleteRanker] Server Score: 0.1305796303343499
2026-08-15 18:27:05 Martins-MacBook-Pro Maps[68479] <Warning>: [XGBAutocompleteRanker] Server Score: 0.01970850409538968
2026-08-15 18:27:05 Martins-MacBook-Pro Maps[68479] <Warning>: [XGBAutocompleteRanker] Server Score: 0.02894495851556513
2026-08-15 18:27:05 Martins-MacBook-Pro Maps[68479] <Warning>: [XGBAutocompleteRanker] Server Score: 0.005337083727414639
2026-08-15 18:27:05 Martins-MacBook-Pro Maps[68479] <Warning>: [XGBAutocompleteRanker] Server Score: 0.001719604504850069
2026-08-15 18:27:05 Martins-MacBook-Pro Maps[68479] <Warning>: [XGBAutocompleteRanker] Server Score: 0.002367332591622931
2026-08-15 18:27:05 Martins-MacBook-Pro Maps[68479] <Warning>: [XGBAutocompleteRanker] Server Score: 0.003492669690094146
2026-08-15 18:27:05 Martins-MacBook-Pro Maps[68479] <Warning>: [XGBAutocompleteRanker] Server Score: 0.005931128952487252
2026-08-15 18:27:05 Martins-MacBook-Pro Maps[68479] <Warning>: [XGBAutocompleteRanker] Server Score: 0.004329126606878764
2026-08-15 18:27:05 Martins-MacBook-Pro Maps[68479] <Warning>: [XGBAutocompleteRanker] Server Score: 0.004329126606878764
2026-08-15 18:27:05 Martins-MacBook-Pro Maps[68479] <Warning>: [XGBAutocompleteRanker] Server Score: 0.003492669690094146
2026-08-15 18:27:05 Martins-MacBook-Pro Maps[68479] <Warning>: [XGBAutocompleteRanker] Server Score: 0.00262069395969778
2026-08-15 18:27:05 Martins-MacBook-Pro Maps[68479] <Warning>: [XGBAutocompleteRanker] Server Score: 0.004329126606878764
2026-08-15 18:27:05 Martins-MacBook-Pro Maps[68479] <Warning>: [XGBAutocompleteRanker] Server Score: 0.003244640307400481
2026-08-15 18:27:05 Martins-MacBook-Pro Maps[68479] <Warning>: [XGBAutocompleteRanker] Server Score: 0.002102465190530814
2026-08-15 18:27:05 Martins-MacBook-Pro Maps[68479] <Warning>: [XGBAutocompleteRanker] üìä Post-processing counts - Client entries: 0, Server entries: 15
2026-08-15 18:27:05 Martins-MacBook-Pro Maps[68479] <Warning>: [XGBAutocompleteRanker] ü•á Max server score: 0.1306
2026-08-15 18:27:05 Martins-MacBook-Pro Maps[68479] <Warning>: [XGBAutocompleteRanker] üîÑ Starting section processing for 4 sections
2026-08-15 18:27:05 Martins-MacBook-Pro Maps[68479] <Warning>: [XGBAutocompleteRanker] üìã Processing section 0
2026-08-15 18:27:05 Martins-MacBook-Pro Maps[68479] <Warning>: [XGBAutocompleteRanker] üñ•Ô∏è Processing server results section
2026-08-15 18:27:05 Martins-MacBook-Pro Maps[68479] <Warning>: [XGBAutocompleteRanker] üñ•Ô∏è Added 0 server entries to section
2026-08-15 18:27:05 Martins-MacBook-Pro Maps[68479] <Warning>: [XGBAutocompleteRanker] ‚ö†Ô∏è No server entries found in section 0, checking for prominent client results
2026-08-15 18:27:05 Martins-MacBook-Pro Maps[68479] <Warning>: [XGBAutocompleteRanker] üìã Processing section 1
2026-08-15 18:27:05 Martins-MacBook-Pro Maps[68479] <Warning>: [XGBAutocompleteRanker] üë§ Processing client-only results section
2026-08-15 18:27:05 Martins-MacBook-Pro Maps[68479] <Warning>: [XGBAutocompleteRanker] üë§ Added 0 entries to client-only section
2026-08-15 18:27:05 Martins-MacBook-Pro Maps[68479] <Warning>: [XGBAutocompleteRanker] üìã Processing section 2
2026-08-15 18:27:05 Martins-MacBook-Pro Maps[68479] <Warning>: [XGBAutocompleteRanker] üñ•Ô∏è Processing server results section
2026-08-15 18:27:05 Martins-MacBook-Pro Maps[68479] <Warning>: [XGBAutocompleteRanker] üñ•Ô∏è Added 1 server entries to section
2026-08-15 18:27:05 Martins-MacBook-Pro Maps[68479] <Warning>: [XGBAutocompleteRanker] üìã Processing section 3
2026-08-15 18:27:05 Martins-MacBook-Pro Maps[68479] <Warning>: [XGBAutocompleteRanker] üîÄ Merging remaining entries - Client: 0, Server: 14
2026-08-15 18:27:05 Martins-MacBook-Pro Maps[68479] <Warning>: [XGBAutocompleteRanker] üß† Using ML model for score-based merging
2026-08-15 18:27:05 Martins-MacBook-Pro Maps[68479] <Warning>: [XGBAutocompleteRanker] ‚úÖ Final merged section contains 14 entries
2026-08-15 18:27:05 Martins-MacBook-Pro Maps[68479] <Warning>: [XGBAutocompleteRanker] üìù Logging model metadata to response
2026-08-15 18:27:05 Martins-MacBook-Pro Maps[68479] <Warning>: [XGBAutocompleteRanker] üè∑Ô∏è Model version: 
2026-08-15 18:27:05 Martins-MacBook-Pro Maps[68479] <Warning>: [XGBAutocompleteRanker] üöÄ Rollout ID: 6785b622614dbd65bffd025a
2026-08-15 18:27:05 Martins-MacBook-Pro Maps[68479] <Warning>: [XGBAutocompleteRanker] üéØ Rollout deployment ID: 240000013
2026-08-15 18:27:05 Martins-MacBook-Pro Maps[68479] <Warning>: [XGBAutocompleteRanker] üì¶ Factor pack ID: 6a2108cf34a0c07a0681423b
2026-08-15 18:27:05 Martins-MacBook-Pro Maps[68479] <Warning>: [XGBAutocompleteRanker] üìà Ramp ID: 6a3081ac9d3fb669a8bdb84b
2026-08-15 18:27:05 Martins-MacBook-Pro Maps[68479] <Warning>: [XGBAutocompleteRanker] üß™ Logging experiment metadata to response
2026-08-15 18:27:05 Martins-MacBook-Pro Maps[68479] <Warning>: [XGBAutocompleteRanker] üî¨ Experiment ID: Unknown
2026-08-15 18:27:05 Martins-MacBook-Pro Maps[68479] <Warning>: [XGBAutocompleteRanker] üíä Treatment ID: Unknown
2026-08-15 18:27:05 Martins-MacBook-Pro Maps[68479] <Warning>: [XGBAutocompleteRanker] üö¢ Deployment ID: Unknown
2026-08-15 18:27:05 Martins-MacBook-Pro Maps[68479] <Warning>: [XGBAutocompleteRanker] ‚úÖ Ranking completed successfully with ML model
2026-08-15 18:27:05 Martins-MacBook-Pro Maps[68479] <Warning>: [XGBAutocompleteRanker] üì§ Serializing response for return
2026-08-15 18:27:05 Martins-MacBook-Pro Maps[68479] <Warning>: [XGBAutocompleteRanker] üèÅ Ranking process completed - returning 5021 bytes
2026-08-15 18:27:05 Martins-MacBook-Pro Maps[68479] <Warning>: [XGBAutocompleteRanker] üöÄ Starting ranking process with parameters:
2026-08-15 18:27:05 Martins-MacBook-Pro Maps[68479] <Warning>: [XGBAutocompleteRanker]    üìä Viewport freshness threshold: 600.0
2026-08-15 18:27:05 Martins-MacBook-Pro Maps[68479] <Warning>: [XGBAutocompleteRanker]    üìâ Score demotion factor: 10.0
2026-08-15 18:27:05 Martins-MacBook-Pro Maps[68479] <Warning>: [XGBAutocompleteRanker]    üìè Distance threshold for suppression: 50000.0
2026-08-15 18:27:05 Martins-MacBook-Pro Maps[68479] <Warning>: [XGBAutocompleteRanker]    ‚è∞ Age threshold for distance suppression: 86400.0
2026-08-15 18:27:05 Martins-MacBook-Pro Maps[68479] <Warning>: [XGBAutocompleteRanker]    üéõÔ∏è Ranker module enabled: YES
2026-08-15 18:27:05 Martins-MacBook-Pro Maps[68479] <Warning>: [XGBAutocompleteRanker]    üìè Server score adjustment: 0.00
2026-08-15 18:27:05 Martins-MacBook-Pro Maps[68479] <Warning>: [XGBAutocompleteRanker]    üìè Length threshold: 0.00
2026-08-15 18:27:05 Martins-MacBook-Pro Maps[68479] <Warning>: [XGBAutocompleteRanker] üîÑ MIF provided CoreML model available
2026-08-15 18:27:05 Martins-MacBook-Pro Maps[68479] <Warning>: [XGBAutocompleteRanker] ‚úÖ MIF CoreML model loaded successfully
2026-08-15 18:27:05 Martins-MacBook-Pro Maps[68479] <Warning>: [XGBAutocompleteRanker] üìÑ Parsed request - Client results: 0, Server results: 15
2026-08-15 18:27:05 Martins-MacBook-Pro Maps[68479] <Warning>: [XGBAutocompleteRanker] üèóÔ∏è Processing sections - Total: 4, ClientOnly: 1, Interleave: 3
2026-08-15 18:27:05 Martins-MacBook-Pro Maps[68479] <Warning>: [XGBAutocompleteRanker] ü§ñ ML Model availability: Available
2026-08-15 18:27:05 Martins-MacBook-Pro Maps[68479] <Warning>: [XGBAutocompleteRanker] üî¢ Using 75 features for ranking
2026-08-15 18:27:05 Martins-MacBook-Pro Maps[68479] <Warning>: [XGBAutocompleteRanker] Server Score: 0.1665476961087297
2026-08-15 18:27:05 Martins-MacBook-Pro Maps[68479] <Warning>: [XGBAutocompleteRanker] Server Score: 0.07846604529383716
2026-08-15 18:27:05 Martins-MacBook-Pro Maps[68479] <Warning>: [XGBAutocompleteRanker] Server Score: 0.06390318198499458
2026-08-15 18:27:05 Martins-MacBook-Pro Maps[68479] <Warning>: [XGBAutocompleteRanker] Server Score: 0.003706838801845322
2026-08-15 18:27:05 Martins-MacBook-Pro Maps[68479] <Warning>: [XGBAutocompleteRanker] Server Score: 0.002909863310754757
2026-08-15 18:27:05 Martins-MacBook-Pro Maps[68479] <Warning>: [XGBAutocompleteRanker] Server Score: 0.0007006659549413089
2026-08-15 18:27:05 Martins-MacBook-Pro Maps[68479] <Warning>: [XGBAutocompleteRanker] Server Score: 0.004297728211955405
2026-08-15 18:27:05 Martins-MacBook-Pro Maps[68479] <Warning>: [XGBAutocompleteRanker] Server Score: 0.004297728211955405
2026-08-15 18:27:05 Martins-MacBook-Pro Maps[68479] <Warning>: [XGBAutocompleteRanker] Server Score: 0.004297728211955405
2026-08-15 18:27:05 Martins-MacBook-Pro Maps[68479] <Warning>: [XGBAutocompleteRanker] Server Score: 0.003254477325851197
2026-08-15 18:27:05 Martins-MacBook-Pro Maps[68479] <Warning>: [XGBAutocompleteRanker] Server Score: 0.004297728211955405
2026-08-15 18:27:05 Martins-MacBook-Pro Maps[68479] <Warning>: [XGBAutocompleteRanker] Server Score: 0.004297728211955405
2026-08-15 18:27:05 Martins-MacBook-Pro Maps[68479] <Warning>: [XGBAutocompleteRanker] Server Score: 0.005884094455394635
2026-08-15 18:27:05 Martins-MacBook-Pro Maps[68479] <Warning>: [XGBAutocompleteRanker] Server Score: 0.004297728211955405
2026-08-15 18:27:05 Martins-MacBook-Pro Maps[68479] <Warning>: [XGBAutocompleteRanker] Server Score: 0.004297728211955405
2026-08-15 18:27:05 Martins-MacBook-Pro Maps[68479] <Warning>: [XGBAutocompleteRanker] üìä Post-processing counts - Client entries: 0, Server entries: 15
2026-08-15 18:27:05 Martins-MacBook-Pro Maps[68479] <Warning>: [XGBAutocompleteRanker] ü•á Max server score: 0.1665
2026-08-15 18:27:05 Martins-MacBook-Pro Maps[68479] <Warning>: [XGBAutocompleteRanker] üîÑ Starting section processing for 4 sections
2026-08-15 18:27:05 Martins-MacBook-Pro Maps[68479] <Warning>: [XGBAutocompleteRanker] üìã Processing section 0
2026-08-15 18:27:05 Martins-MacBook-Pro Maps[68479] <Warning>: [XGBAutocompleteRanker] üñ•Ô∏è Processing server results section
2026-08-15 18:27:05 Martins-MacBook-Pro Maps[68479] <Warning>: [XGBAutocompleteRanker] üñ•Ô∏è Added 0 server entries to section
2026-08-15 18:27:05 Martins-MacBook-Pro Maps[68479] <Warning>: [XGBAutocompleteRanker] ‚ö†Ô∏è No server entries found in section 0, checking for prominent client results
2026-08-15 18:27:05 Martins-MacBook-Pro Maps[68479] <Warning>: [XGBAutocompleteRanker] üìã Processing section 1
2026-08-15 18:27:05 Martins-MacBook-Pro Maps[68479] <Warning>: [XGBAutocompleteRanker] üë§ Processing client-only results section
2026-08-15 18:27:05 Martins-MacBook-Pro Maps[68479] <Warning>: [XGBAutocompleteRanker] üë§ Added 0 entries to client-only section
2026-08-15 18:27:05 Martins-MacBook-Pro Maps[68479] <Warning>: [XGBAutocompleteRanker] üìã Processing section 2
2026-08-15 18:27:05 Martins-MacBook-Pro Maps[68479] <Warning>: [XGBAutocompleteRanker] üñ•Ô∏è Processing server results section
2026-08-15 18:27:05 Martins-MacBook-Pro Maps[68479] <Warning>: [XGBAutocompleteRanker] üñ•Ô∏è Added 1 server entries to section
2026-08-15 18:27:05 Martins-MacBook-Pro Maps[68479] <Warning>: [XGBAutocompleteRanker] üìã Processing section 3
2026-08-15 18:27:05 Martins-MacBook-Pro Maps[68479] <Warning>: [XGBAutocompleteRanker] üîÄ Merging remaining entries - Client: 0, Server: 14
2026-08-15 18:27:05 Martins-MacBook-Pro Maps[68479] <Warning>: [XGBAutocompleteRanker] üß† Using ML model for score-based merging
2026-08-15 18:27:05 Martins-MacBook-Pro Maps[68479] <Warning>: [XGBAutocompleteRanker] ‚úÖ Final merged section contains 14 entries
2026-08-15 18:27:05 Martins-MacBook-Pro Maps[68479] <Warning>: [XGBAutocompleteRanker] üìù Logging model metadata to response
2026-08-15 18:27:05 Martins-MacBook-Pro Maps[68479] <Warning>: [XGBAutocompleteRanker] üè∑Ô∏è Model version: 
2026-08-15 18:27:05 Martins-MacBook-Pro Maps[68479] <Warning>: [XGBAutocompleteRanker] üöÄ Rollout ID: 6785b622614dbd65bffd025a
2026-08-15 18:27:05 Martins-MacBook-Pro Maps[68479] <Warning>: [XGBAutocompleteRanker] üéØ Rollout deployment ID: 240000013
2026-08-15 18:27:05 Martins-MacBook-Pro Maps[68479] <Warning>: [XGBAutocompleteRanker] üì¶ Factor pack ID: 6a2108cf34a0c07a0681423b
2026-08-15 18:27:05 Martins-MacBook-Pro Maps[68479] <Warning>: [XGBAutocompleteRanker] üìà Ramp ID: 6a3081ac9d3fb669a8bdb84b
2026-08-15 18:27:05 Martins-MacBook-Pro Maps[68479] <Warning>: [XGBAutocompleteRanker] üß™ Logging experiment metadata to response
2026-08-15 18:27:05 Martins-MacBook-Pro Maps[68479] <Warning>: [XGBAutocompleteRanker] üî¨ Experiment ID: Unknown
2026-08-15 18:27:05 Martins-MacBook-Pro Maps[68479] <Warning>: [XGBAutocompleteRanker] üíä Treatment ID: Unknown
2026-08-15 18:27:05 Martins-MacBook-Pro Maps[68479] <Warning>: [XGBAutocompleteRanker] üö¢ Deployment ID: Unknown
2026-08-15 18:27:05 Martins-MacBook-Pro Maps[68479] <Warning>: [XGBAutocompleteRanker] ‚úÖ Ranking completed successfully with ML model
2026-08-15 18:27:05 Martins-MacBook-Pro Maps[68479] <Warning>: [XGBAutocompleteRanker] üì§ Serializing response for return
2026-08-15 18:27:05 Martins-MacBook-Pro Maps[68479] <Warning>: [XGBAutocompleteRanker] üèÅ Ranking process completed - returning 4866 bytes
2026-08-15 18:27:06 Martins-MacBook-Pro Maps[68479] <Warning>: [XGBAutocompleteRanker] üöÄ Starting ranking process with parameters:
2026-08-15 18:27:06 Martins-MacBook-Pro Maps[68479] <Warning>: [XGBAutocompleteRanker]    üìä Viewport freshness threshold: 600.0
2026-08-15 18:27:06 Martins-MacBook-Pro Maps[68479] <Warning>: [XGBAutocompleteRanker]    üìâ Score demotion factor: 10.0
2026-08-15 18:27:06 Martins-MacBook-Pro Maps[68479] <Warning>: [XGBAutocompleteRanker]    üìè Distance threshold for suppression: 50000.0
2026-08-15 18:27:06 Martins-MacBook-Pro Maps[68479] <Warning>: [XGBAutocompleteRanker]    ‚è∞ Age threshold for distance suppression: 86400.0
2026-08-15 18:27:06 Martins-MacBook-Pro Maps[68479] <Warning>: [XGBAutocompleteRanker]    üéõÔ∏è Ranker module enabled: YES
2026-08-15 18:27:06 Martins-MacBook-Pro Maps[68479] <Warning>: [XGBAutocompleteRanker]    üìè Server score adjustment: 0.00
2026-08-15 18:27:06 Martins-MacBook-Pro Maps[68479] <Warning>: [XGBAutocompleteRanker]    üìè Length threshold: 0.00
2026-08-15 18:27:06 Martins-MacBook-Pro Maps[68479] <Warning>: [XGBAutocompleteRanker] üîÑ MIF provided CoreML model available
2026-08-15 18:27:06 Martins-MacBook-Pro Maps[68479] <Warning>: [XGBAutocompleteRanker] ‚úÖ MIF CoreML model loaded successfully
2026-08-15 18:27:06 Martins-MacBook-Pro Maps[68479] <Warning>: [XGBAutocompleteRanker] üìÑ Parsed request - Client results: 3, Server results: 15
2026-08-15 18:27:06 Martins-MacBook-Pro Maps[68479] <Warning>: [XGBAutocompleteRanker] üèóÔ∏è Processing sections - Total: 4, ClientOnly: 1, Interleave: 3
2026-08-15 18:27:06 Martins-MacBook-Pro Maps[68479] <Warning>: [XGBAutocompleteRanker] ü§ñ ML Model availability: Available
2026-08-15 18:27:06 Martins-MacBook-Pro Maps[68479] <Warning>: [XGBAutocompleteRanker] üî¢ Using 75 features for ranking
2026-08-15 18:27:06 Martins-MacBook-Pro Maps[68479] <Warning>: [XGBAutocompleteRanker] Client Score: 0.2121432129246398
2026-08-15 18:27:06 Martins-MacBook-Pro Maps[68479] <Warning>: [XGBAutocompleteRanker] Client Score: 0.01755353440993935
2026-08-15 18:27:06 Martins-MacBook-Pro Maps[68479] <Warning>: [XGBAutocompleteRanker] Client Score: 0.1232293525048312
2026-08-15 18:27:06 Martins-MacBook-Pro Maps[68479] <Warning>: [XGBAutocompleteRanker] Server Score: 0.09093938324975169
2026-08-15 18:27:06 Martins-MacBook-Pro Maps[68479] <Warning>: [XGBAutocompleteRanker] Server Score: 0.0627202643671268
2026-08-15 18:27:06 Martins-MacBook-Pro Maps[68479] <Warning>: [XGBAutocompleteRanker] Server Score: 0.007765699761547134
2026-08-15 18:27:06 Martins-MacBook-Pro Maps[68479] <Warning>: [XGBAutocompleteRanker] Server Score: 0.007231786758715118
2026-08-15 18:27:06 Martins-MacBook-Pro Maps[68479] <Warning>: [XGBAutocompleteRanker] Server Score: 0.001301043763638077
2026-08-15 18:27:06 Martins-MacBook-Pro Maps[68479] <Warning>: [XGBAutocompleteRanker] Server Score: 0.0006653214893677149
2026-08-15 18:27:06 Martins-MacBook-Pro Maps[68479] <Warning>: [XGBAutocompleteRanker] Server Score: 0.0003790562093740556
2026-08-15 18:27:06 Martins-MacBook-Pro Maps[68479] <Warning>: [XGBAutocompleteRanker] Server Score: 0.0009364609331997305
2026-08-15 18:27:06 Martins-MacBook-Pro Maps[68479] <Warning>: [XGBAutocompleteRanker] Server Score: 0.0009364609331997305
2026-08-15 18:27:06 Martins-MacBook-Pro Maps[68479] <Warning>: [XGBAutocompleteRanker] Server Score: 0.001237282391729557
2026-08-15 18:27:06 Martins-MacBook-Pro Maps[68479] <Warning>: [XGBAutocompleteRanker] Server Score: 0.0009364609331997305
2026-08-15 18:27:06 Martins-MacBook-Pro Maps[68479] <Warning>: [XGBAutocompleteRanker] Server Score: 0.0009364609331997305
2026-08-15 18:27:06 Martins-MacBook-Pro Maps[68479] <Warning>: [XGBAutocompleteRanker] Server Score: 0.0009364609331997305
2026-08-15 18:27:06 Martins-MacBook-Pro Maps[68479] <Warning>: [XGBAutocompleteRanker] Server Score: 0.000830360369032628
2026-08-15 18:27:06 Martins-MacBook-Pro Maps[68479] <Warning>: [XGBAutocompleteRanker] Server Score: 0.0009364609331997305
2026-08-15 18:27:06 Martins-MacBook-Pro Maps[68479] <Warning>: [XGBAutocompleteRanker] üìä Post-processing counts - Client entries: 3, Server entries: 15
2026-08-15 18:27:06 Martins-MacBook-Pro Maps[68479] <Warning>: [XGBAutocompleteRanker] ü•á Max server score: 0.0909
2026-08-15 18:27:06 Martins-MacBook-Pro Maps[68479] <Warning>: [XGBAutocompleteRanker] üîÑ Starting section processing for 4 sections
2026-08-15 18:27:06 Martins-MacBook-Pro Maps[68479] <Warning>: [XGBAutocompleteRanker] üìã Processing section 0
2026-08-15 18:27:06 Martins-MacBook-Pro Maps[68479] <Warning>: [XGBAutocompleteRanker] üñ•Ô∏è Processing server results section
2026-08-15 18:27:06 Martins-MacBook-Pro Maps[68479] <Warning>: [XGBAutocompleteRanker] üñ•Ô∏è Added 0 server entries to section
2026-08-15 18:27:06 Martins-MacBook-Pro Maps[68479] <Warning>: [XGBAutocompleteRanker] ‚ö†Ô∏è No server entries found in section 0, checking for prominent client results
2026-08-15 18:27:06 Martins-MacBook-Pro Maps[68479] <Warning>: [XGBAutocompleteRanker] üìã Processing section 1
2026-08-15 18:27:06 Martins-MacBook-Pro Maps[68479] <Warning>: [XGBAutocompleteRanker] üë§ Processing client-only results section
2026-08-15 18:27:06 Martins-MacBook-Pro Maps[68479] <Warning>: [XGBAutocompleteRanker] üë§ Added 2 entries to client-only section
2026-08-15 18:27:06 Martins-MacBook-Pro Maps[68479] <Warning>: [XGBAutocompleteRanker] üìã Processing section 2
2026-08-15 18:27:06 Martins-MacBook-Pro Maps[68479] <Warning>: [XGBAutocompleteRanker] üñ•Ô∏è Processing server results section
2026-08-15 18:27:06 Martins-MacBook-Pro Maps[68479] <Warning>: [XGBAutocompleteRanker] üñ•Ô∏è Added 1 server entries to section
2026-08-15 18:27:06 Martins-MacBook-Pro Maps[68479] <Warning>: [XGBAutocompleteRanker] üìã Processing section 3
2026-08-15 18:27:06 Martins-MacBook-Pro Maps[68479] <Warning>: [XGBAutocompleteRanker] üîÄ Merging remaining entries - Client: 1, Server: 14
2026-08-15 18:27:06 Martins-MacBook-Pro Maps[68479] <Warning>: [XGBAutocompleteRanker] üß† Using ML model for score-based merging
2026-08-15 18:27:06 Martins-MacBook-Pro Maps[68479] <Warning>: [XGBAutocompleteRanker] ‚úÖ Final merged section contains 15 entries
2026-08-15 18:27:06 Martins-MacBook-Pro Maps[68479] <Warning>: [XGBAutocompleteRanker] üìù Logging model metadata to response
2026-08-15 18:27:06 Martins-MacBook-Pro Maps[68479] <Warning>: [XGBAutocompleteRanker] üè∑Ô∏è Model version: 
2026-08-15 18:27:06 Martins-MacBook-Pro Maps[68479] <Warning>: [XGBAutocompleteRanker] üöÄ Rollout ID: 6785b622614dbd65bffd025a
2026-08-15 18:27:06 Martins-MacBook-Pro Maps[68479] <Warning>: [XGBAutocompleteRanker] üéØ Rollout deployment ID: 240000013
2026-08-15 18:27:06 Martins-MacBook-Pro Maps[68479] <Warning>: [XGBAutocompleteRanker] üì¶ Factor pack ID: 6a2108cf34a0c07a0681423b
2026-08-15 18:27:06 Martins-MacBook-Pro Maps[68479] <Warning>: [XGBAutocompleteRanker] üìà Ramp ID: 6a3081ac9d3fb669a8bdb84b
2026-08-15 18:27:06 Martins-MacBook-Pro Maps[68479] <Warning>: [XGBAutocompleteRanker] üß™ Logging experiment metadata to response
2026-08-15 18:27:06 Martins-MacBook-Pro Maps[68479] <Warning>: [XGBAutocompleteRanker] üî¨ Experiment ID: Unknown
2026-08-15 18:27:06 Martins-MacBook-Pro Maps[68479] <Warning>: [XGBAutocompleteRanker] üíä Treatment ID: Unknown
2026-08-15 18:27:06 Martins-MacBook-Pro Maps[68479] <Warning>: [XGBAutocompleteRanker] üö¢ Deployment ID: Unknown
2026-08-15 18:27:06 Martins-MacBook-Pro Maps[68479] <Warning>: [XGBAutocompleteRanker] ‚úÖ Ranking completed successfully with ML model
2026-08-15 18:27:06 Martins-MacBook-Pro Maps[68479] <Warning>: [XGBAutocompleteRanker] üì§ Serializing response for return
2026-08-15 18:27:06 Martins-MacBook-Pro Maps[68479] <Warning>: [XGBAutocompleteRanker] üèÅ Ranking process completed - returning 5728 bytes
2026-08-15 18:27:06 Martins-MacBook-Pro Maps[68479] <Warning>: [XGBAutocompleteRanker] üöÄ Starting ranking process with parameters:
2026-08-15 18:27:06 Martins-MacBook-Pro Maps[68479] <Warning>: [XGBAutocompleteRanker]    üìä Viewport freshness threshold: 600.0
2026-08-15 18:27:06 Martins-MacBook-Pro Maps[68479] <Warning>: [XGBAutocompleteRanker]    üìâ Score demotion factor: 10.0
2026-08-15 18:27:06 Martins-MacBook-Pro Maps[68479] <Warning>: [XGBAutocompleteRanker]    üìè Distance threshold for suppression: 50000.0
2026-08-15 18:27:06 Martins-MacBook-Pro Maps[68479] <Warning>: [XGBAutocompleteRanker]    ‚è∞ Age threshold for distance suppression: 86400.0
2026-08-15 18:27:06 Martins-MacBook-Pro Maps[68479] <Warning>: [XGBAutocompleteRanker]    üéõÔ∏è Ranker module enabled: YES
2026-08-15 18:27:06 Martins-MacBook-Pro Maps[68479] <Warning>: [XGBAutocompleteRanker]    üìè Server score adjustment: 0.00
2026-08-15 18:27:06 Martins-MacBook-Pro Maps[68479] <Warning>: [XGBAutocompleteRanker]    üìè Length threshold: 0.00
2026-08-15 18:27:06 Martins-MacBook-Pro Maps[68479] <Warning>: [XGBAutocompleteRanker] üîÑ MIF provided CoreML model available
2026-08-15 18:27:06 Martins-MacBook-Pro Maps[68479] <Warning>: [XGBAutocompleteRanker] ‚úÖ MIF CoreML model loaded successfully
2026-08-15 18:27:06 Martins-MacBook-Pro Maps[68479] <Warning>: [XGBAutocompleteRanker] üìÑ Parsed request - Client results: 0, Server results: 15
2026-08-15 18:27:06 Martins-MacBook-Pro Maps[68479] <Warning>: [XGBAutocompleteRanker] üèóÔ∏è Processing sections - Total: 4, ClientOnly: 1, Interleave: 3
2026-08-15 18:27:06 Martins-MacBook-Pro Maps[68479] <Warning>: [XGBAutocompleteRanker] ü§ñ ML Model availability: Available
2026-08-15 18:27:06 Martins-MacBook-Pro Maps[68479] <Warning>: [XGBAutocompleteRanker] üî¢ Using 75 features for ranking
2026-08-15 18:27:06 Martins-MacBook-Pro Maps[68479] <Warning>: [XGBAutocompleteRanker] Server Score: 0.163734110473803
2026-08-15 18:27:06 Martins-MacBook-Pro Maps[68479] <Warning>: [XGBAutocompleteRanker] Server Score: 0.01761200959236892
2026-08-15 18:27:06 Martins-MacBook-Pro Maps[68479] <Warning>: [XGBAutocompleteRanker] Server Score: 0.01746364565217046
2026-08-15 18:27:06 Martins-MacBook-Pro Maps[68479] <Warning>: [XGBAutocompleteRanker] Server Score: 0.005348447257125408
2026-08-15 18:27:06 Martins-MacBook-Pro Maps[68479] <Warning>: [XGBAutocompleteRanker] Server Score: 0.001738170557400975
2026-08-15 18:27:06 Martins-MacBook-Pro Maps[68479] <Warning>: [XGBAutocompleteRanker] Server Score: 0.001080122160874727
2026-08-15 18:27:06 Martins-MacBook-Pro Maps[68479] <Warning>: [XGBAutocompleteRanker] Server Score: 0.001453502774008029
2026-08-15 18:27:06 Martins-MacBook-Pro Maps[68479] <Warning>: [XGBAutocompleteRanker] Server Score: 0.003049299893266214
2026-08-15 18:27:06 Martins-MacBook-Pro Maps[68479] <Warning>: [XGBAutocompleteRanker] Server Score: 0.001214113112008354
2026-08-15 18:27:06 Martins-MacBook-Pro Maps[68479] <Warning>: [XGBAutocompleteRanker] Server Score: 0.001453502774008029
2026-08-15 18:27:06 Martins-MacBook-Pro Maps[68479] <Warning>: [XGBAutocompleteRanker] Server Score: 0.001743376456122748
2026-08-15 18:27:06 Martins-MacBook-Pro Maps[68479] <Warning>: [XGBAutocompleteRanker] Server Score: 0.001453502774008029
2026-08-15 18:27:06 Martins-MacBook-Pro Maps[68479] <Warning>: [XGBAutocompleteRanker] Server Score: 0.001453502774008029
2026-08-15 18:27:06 Martins-MacBook-Pro Maps[68479] <Warning>: [XGBAutocompleteRanker] Server Score: 0.001453502774008029
2026-08-15 18:27:06 Martins-MacBook-Pro Maps[68479] <Warning>: [XGBAutocompleteRanker] Server Score: 0.001453502774008029
2026-08-15 18:27:06 Martins-MacBook-Pro Maps[68479] <Warning>: [XGBAutocompleteRanker] üìä Post-processing counts - Client entries: 0, Server entries: 15
2026-08-15 18:27:06 Martins-MacBook-Pro Maps[68479] <Warning>: [XGBAutocompleteRanker] ü•á Max server score: 0.1637
2026-08-15 18:27:06 Martins-MacBook-Pro Maps[68479] <Warning>: [XGBAutocompleteRanker] üîÑ Starting section processing for 4 sections
2026-08-15 18:27:06 Martins-MacBook-Pro Maps[68479] <Warning>: [XGBAutocompleteRanker] üìã Processing section 0
2026-08-15 18:27:06 Martins-MacBook-Pro Maps[68479] <Warning>: [XGBAutocompleteRanker] üñ•Ô∏è Processing server results section
2026-08-15 18:27:06 Martins-MacBook-Pro Maps[68479] <Warning>: [XGBAutocompleteRanker] üñ•Ô∏è Added 0 server entries to section
2026-08-15 18:27:06 Martins-MacBook-Pro Maps[68479] <Warning>: [XGBAutocompleteRanker] ‚ö†Ô∏è No server entries found in section 0, checking for prominent client results
2026-08-15 18:27:06 Martins-MacBook-Pro Maps[68479] <Warning>: [XGBAutocompleteRanker] üìã Processing section 1
2026-08-15 18:27:06 Martins-MacBook-Pro Maps[68479] <Warning>: [XGBAutocompleteRanker] üë§ Processing client-only results section
2026-08-15 18:27:06 Martins-MacBook-Pro Maps[68479] <Warning>: [XGBAutocompleteRanker] üë§ Added 0 entries to client-only section
2026-08-15 18:27:06 Martins-MacBook-Pro Maps[68479] <Warning>: [XGBAutocompleteRanker] üìã Processing section 2
2026-08-15 18:27:06 Martins-MacBook-Pro Maps[68479] <Warning>: [XGBAutocompleteRanker] üñ•Ô∏è Processing server results section
2026-08-15 18:27:06 Martins-MacBook-Pro Maps[68479] <Warning>: [XGBAutocompleteRanker] üñ•Ô∏è Added 1 server entries to section
2026-08-15 18:27:06 Martins-MacBook-Pro Maps[68479] <Warning>: [XGBAutocompleteRanker] üìã Processing section 3
2026-08-15 18:27:06 Martins-MacBook-Pro Maps[68479] <Warning>: [XGBAutocompleteRanker] üîÄ Merging remaining entries - Client: 0, Server: 14
2026-08-15 18:27:06 Martins-MacBook-Pro Maps[68479] <Warning>: [XGBAutocompleteRanker] üß† Using ML model for score-based merging
2026-08-15 18:27:06 Martins-MacBook-Pro Maps[68479] <Warning>: [XGBAutocompleteRanker] ‚úÖ Final merged section contains 14 entries
2026-08-15 18:27:06 Martins-MacBook-Pro Maps[68479] <Warning>: [XGBAutocompleteRanker] üìù Logging model metadata to response
2026-08-15 18:27:06 Martins-MacBook-Pro Maps[68479] <Warning>: [XGBAutocompleteRanker] üè∑Ô∏è Model version: 
2026-08-15 18:27:06 Martins-MacBook-Pro Maps[68479] <Warning>: [XGBAutocompleteRanker] üöÄ Rollout ID: 6785b622614dbd65bffd025a
2026-08-15 18:27:06 Martins-MacBook-Pro Maps[68479] <Warning>: [XGBAutocompleteRanker] üéØ Rollout deployment ID: 240000013
2026-08-15 18:27:06 Martins-MacBook-Pro Maps[68479] <Warning>: [XGBAutocompleteRanker] üì¶ Factor pack ID: 6a2108cf34a0c07a0681423b
2026-08-15 18:27:06 Martins-MacBook-Pro Maps[68479] <Warning>: [XGBAutocompleteRanker] üìà Ramp ID: 6a3081ac9d3fb669a8bdb84b
2026-08-15 18:27:06 Martins-MacBook-Pro Maps[68479] <Warning>: [XGBAutocompleteRanker] üß™ Logging experiment metadata to response
2026-08-15 18:27:06 Martins-MacBook-Pro Maps[68479] <Warning>: [XGBAutocompleteRanker] üî¨ Experiment ID: Unknown
2026-08-15 18:27:06 Martins-MacBook-Pro Maps[68479] <Warning>: [XGBAutocompleteRanker] üíä Treatment ID: Unknown
2026-08-15 18:27:06 Martins-MacBook-Pro Maps[68479] <Warning>: [XGBAutocompleteRanker] üö¢ Deployment ID: Unknown
2026-08-15 18:27:06 Martins-MacBook-Pro Maps[68479] <Warning>: [XGBAutocompleteRanker] ‚úÖ Ranking completed successfully with ML model
2026-08-15 18:27:06 Martins-MacBook-Pro Maps[68479] <Warning>: [XGBAutocompleteRanker] üì§ Serializing response for return
2026-08-15 18:27:06 Martins-MacBook-Pro Maps[68479] <Warning>: [XGBAutocompleteRanker] üèÅ Ranking process completed - returning 4847 bytes
2026-08-15 18:27:07 Martins-MacBook-Pro Maps[68479] <Warning>: [XGBAutocompleteRanker] üöÄ Starting ranking process with parameters:
2026-08-15 18:27:07 Martins-MacBook-Pro Maps[68479] <Warning>: [XGBAutocompleteRanker]    üìä Viewport freshness threshold: 600.0
2026-08-15 18:27:07 Martins-MacBook-Pro Maps[68479] <Warning>: [XGBAutocompleteRanker]    üìâ Score demotion factor: 10.0
2026-08-15 18:27:07 Martins-MacBook-Pro Maps[68479] <Warning>: [XGBAutocompleteRanker]    üìè Distance threshold for suppression: 50000.0
2026-08-15 18:27:07 Martins-MacBook-Pro Maps[68479] <Warning>: [XGBAutocompleteRanker]    ‚è∞ Age threshold for distance suppression: 86400.0
2026-08-15 18:27:07 Martins-MacBook-Pro Maps[68479] <Warning>: [XGBAutocompleteRanker]    üéõÔ∏è Ranker module enabled: YES
2026-08-15 18:27:07 Martins-MacBook-Pro Maps[68479] <Warning>: [XGBAutocompleteRanker]    üìè Server score adjustment: 0.00
2026-08-15 18:27:07 Martins-MacBook-Pro Maps[68479] <Warning>: [XGBAutocompleteRanker]    üìè Length threshold: 0.00
2026-08-15 18:27:07 Martins-MacBook-Pro Maps[68479] <Warning>: [XGBAutocompleteRanker] üîÑ MIF provided CoreML model available
2026-08-15 18:27:07 Martins-MacBook-Pro Maps[68479] <Warning>: [XGBAutocompleteRanker] ‚úÖ MIF CoreML model loaded successfully
2026-08-15 18:27:07 Martins-MacBook-Pro Maps[68479] <Warning>: [XGBAutocompleteRanker] üìÑ Parsed request - Client results: 0, Server results: 15
2026-08-15 18:27:07 Martins-MacBook-Pro Maps[68479] <Warning>: [XGBAutocompleteRanker] üèóÔ∏è Processing sections - Total: 4, ClientOnly: 1, Interleave: 3
2026-08-15 18:27:07 Martins-MacBook-Pro Maps[68479] <Warning>: [XGBAutocompleteRanker] ü§ñ ML Model availability: Available
2026-08-15 18:27:07 Martins-MacBook-Pro Maps[68479] <Warning>: [XGBAutocompleteRanker] üî¢ Using 75 features for ranking
2026-08-15 18:27:07 Martins-MacBook-Pro Maps[68479] <Warning>: [XGBAutocompleteRanker] Server Score: 0.1665476961087297
2026-08-15 18:27:07 Martins-MacBook-Pro Maps[68479] <Warning>: [XGBAutocompleteRanker] Server Score: 0.02075610847224461
2026-08-15 18:27:07 Martins-MacBook-Pro Maps[68479] <Warning>: [XGBAutocompleteRanker] Server Score: 0.0148812802364094
2026-08-15 18:27:07 Martins-MacBook-Pro Maps[68479] <Warning>: [XGBAutocompleteRanker] Server Score: 0.003706838801845322
2026-08-15 18:27:07 Martins-MacBook-Pro Maps[68479] <Warning>: [XGBAutocompleteRanker] Server Score: 0.00399602766997397
2026-08-15 18:27:07 Martins-MacBook-Pro Maps[68479] <Warning>: [XGBAutocompleteRanker] Server Score: 0.00351860364671206
2026-08-15 18:27:07 Martins-MacBook-Pro Maps[68479] <Warning>: [XGBAutocompleteRanker] Server Score: 0.004297728211955405
2026-08-15 18:27:07 Martins-MacBook-Pro Maps[68479] <Warning>: [XGBAutocompleteRanker] Server Score: 0.004297728211955405
2026-08-15 18:27:07 Martins-MacBook-Pro Maps[68479] <Warning>: [XGBAutocompleteRanker] Server Score: 0.004297728211955405
2026-08-15 18:27:07 Martins-MacBook-Pro Maps[68479] <Warning>: [XGBAutocompleteRanker] Server Score: 0.004297728211955405
2026-08-15 18:27:07 Martins-MacBook-Pro Maps[68479] <Warning>: [XGBAutocompleteRanker] Server Score: 0.003535771967332789
2026-08-15 18:27:07 Martins-MacBook-Pro Maps[68479] <Warning>: [XGBAutocompleteRanker] Server Score: 0.005884094455394635
2026-08-15 18:27:07 Martins-MacBook-Pro Maps[68479] <Warning>: [XGBAutocompleteRanker] Server Score: 0.004297728211955405
2026-08-15 18:27:07 Martins-MacBook-Pro Maps[68479] <Warning>: [XGBAutocompleteRanker] Server Score: 0.004297728211955405
2026-08-15 18:27:07 Martins-MacBook-Pro Maps[68479] <Warning>: [XGBAutocompleteRanker] Server Score: 0.004297728211955405
2026-08-15 18:27:07 Martins-MacBook-Pro Maps[68479] <Warning>: [XGBAutocompleteRanker] üìä Post-processing counts - Client entries: 0, Server entries: 15
2026-08-15 18:27:07 Martins-MacBook-Pro Maps[68479] <Warning>: [XGBAutocompleteRanker] ü•á Max server score: 0.1665
2026-08-15 18:27:07 Martins-MacBook-Pro Maps[68479] <Warning>: [XGBAutocompleteRanker] üîÑ Starting section processing for 4 sections
2026-08-15 18:27:07 Martins-MacBook-Pro Maps[68479] <Warning>: [XGBAutocompleteRanker] üìã Processing section 0
2026-08-15 18:27:07 Martins-MacBook-Pro Maps[68479] <Warning>: [XGBAutocompleteRanker] üñ•Ô∏è Processing server results section
2026-08-15 18:27:07 Martins-MacBook-Pro Maps[68479] <Warning>: [XGBAutocompleteRanker] üñ•Ô∏è Added 0 server entries to section
2026-08-15 18:27:07 Martins-MacBook-Pro Maps[68479] <Warning>: [XGBAutocompleteRanker] ‚ö†Ô∏è No server entries found in section 0, checking for prominent client results
2026-08-15 18:27:07 Martins-MacBook-Pro Maps[68479] <Warning>: [XGBAutocompleteRanker] üìã Processing section 1
2026-08-15 18:27:07 Martins-MacBook-Pro Maps[68479] <Warning>: [XGBAutocompleteRanker] üë§ Processing client-only results section
2026-08-15 18:27:07 Martins-MacBook-Pro Maps[68479] <Warning>: [XGBAutocompleteRanker] üë§ Added 0 entries to client-only section
2026-08-15 18:27:07 Martins-MacBook-Pro Maps[68479] <Warning>: [XGBAutocompleteRanker] üìã Processing section 2
2026-08-15 18:27:07 Martins-MacBook-Pro Maps[68479] <Warning>: [XGBAutocompleteRanker] üñ•Ô∏è Processing server results section
2026-08-15 18:27:07 Martins-MacBook-Pro Maps[68479] <Warning>: [XGBAutocompleteRanker] üñ•Ô∏è Added 1 server entries to section
2026-08-15 18:27:07 Martins-MacBook-Pro Maps[68479] <Warning>: [XGBAutocompleteRanker] üìã Processing section 3
2026-08-15 18:27:07 Martins-MacBook-Pro Maps[68479] <Warning>: [XGBAutocompleteRanker] üîÄ Merging remaining entries - Client: 0, Server: 14
2026-08-15 18:27:07 Martins-MacBook-Pro Maps[68479] <Warning>: [XGBAutocompleteRanker] üß† Using ML model for score-based merging
2026-08-15 18:27:07 Martins-MacBook-Pro Maps[68479] <Warning>: [XGBAutocompleteRanker] ‚úÖ Final merged section contains 14 entries
2026-08-15 18:27:07 Martins-MacBook-Pro Maps[68479] <Warning>: [XGBAutocompleteRanker] üìù Logging model metadata to response
2026-08-15 18:27:07 Martins-MacBook-Pro Maps[68479] <Warning>: [XGBAutocompleteRanker] üè∑Ô∏è Model version: 
2026-08-15 18:27:07 Martins-MacBook-Pro Maps[68479] <Warning>: [XGBAutocompleteRanker] üöÄ Rollout ID: 6785b622614dbd65bffd025a
2026-08-15 18:27:07 Martins-MacBook-Pro Maps[68479] <Warning>: [XGBAutocompleteRanker] üéØ Rollout deployment ID: 240000013
2026-08-15 18:27:07 Martins-MacBook-Pro Maps[68479] <Warning>: [XGBAutocompleteRanker] üì¶ Factor pack ID: 6a2108cf34a0c07a0681423b
2026-08-15 18:27:07 Martins-MacBook-Pro Maps[68479] <Warning>: [XGBAutocompleteRanker] üìà Ramp ID: 6a3081ac9d3fb669a8bdb84b
2026-08-15 18:27:07 Martins-MacBook-Pro Maps[68479] <Warning>: [XGBAutocompleteRanker] üß™ Logging experiment metadata to response
2026-08-15 18:27:07 Martins-MacBook-Pro Maps[68479] <Warning>: [XGBAutocompleteRanker] üî¨ Experiment ID: Unknown
2026-08-15 18:27:07 Martins-MacBook-Pro Maps[68479] <Warning>: [XGBAutocompleteRanker] üíä Treatment ID: Unknown
2026-08-15 18:27:07 Martins-MacBook-Pro Maps[68479] <Warning>: [XGBAutocompleteRanker] üö¢ Deployment ID: Unknown
2026-08-15 18:27:07 Martins-MacBook-Pro Maps[68479] <Warning>: [XGBAutocompleteRanker] ‚úÖ Ranking completed successfully with ML model
2026-08-15 18:27:07 Martins-MacBook-Pro Maps[68479] <Warning>: [XGBAutocompleteRanker] üì§ Serializing response for return
2026-08-15 18:27:07 Martins-MacBook-Pro Maps[68479] <Warning>: [XGBAutocompleteRanker] üèÅ Ranking process completed - returning 4871 bytes
2026-08-15 18:27:07 Martins-MacBook-Pro Maps[68479] <Warning>: [XGBAutocompleteRanker] üöÄ Starting ranking process with parameters:
2026-08-15 18:27:07 Martins-MacBook-Pro Maps[68479] <Warning>: [XGBAutocompleteRanker]    üìä Viewport freshness threshold: 600.0
2026-08-15 18:27:07 Martins-MacBook-Pro Maps[68479] <Warning>: [XGBAutocompleteRanker]    üìâ Score demotion factor: 10.0
2026-08-15 18:27:07 Martins-MacBook-Pro Maps[68479] <Warning>: [XGBAutocompleteRanker]    üìè Distance threshold for suppression: 50000.0
2026-08-15 18:27:07 Martins-MacBook-Pro Maps[68479] <Warning>: [XGBAutocompleteRanker]    ‚è∞ Age threshold for distance suppression: 86400.0
2026-08-15 18:27:07 Martins-MacBook-Pro Maps[68479] <Warning>: [XGBAutocompleteRanker]    üéõÔ∏è Ranker module enabled: YES
2026-08-15 18:27:07 Martins-MacBook-Pro Maps[68479] <Warning>: [XGBAutocompleteRanker]    üìè Server score adjustment: 0.00
2026-08-15 18:27:07 Martins-MacBook-Pro Maps[68479] <Warning>: [XGBAutocompleteRanker]    üìè Length threshold: 0.00
2026-08-15 18:27:07 Martins-MacBook-Pro Maps[68479] <Warning>: [XGBAutocompleteRanker] üîÑ MIF provided CoreML model available
2026-08-15 18:27:07 Martins-MacBook-Pro Maps[68479] <Warning>: [XGBAutocompleteRanker] ‚úÖ MIF CoreML model loaded successfully
2026-08-15 18:27:07 Martins-MacBook-Pro Maps[68479] <Warning>: [XGBAutocompleteRanker] üìÑ Parsed request - Client results: 0, Server results: 15
2026-08-15 18:27:07 Martins-MacBook-Pro Maps[68479] <Warning>: [XGBAutocompleteRanker] üèóÔ∏è Processing sections - Total: 4, ClientOnly: 1, Interleave: 3
2026-08-15 18:27:07 Martins-MacBook-Pro Maps[68479] <Warning>: [XGBAutocompleteRanker] ü§ñ ML Model availability: Available
2026-08-15 18:27:07 Martins-MacBook-Pro Maps[68479] <Warning>: [XGBAutocompleteRanker] üî¢ Using 75 features for ranking
2026-08-15 18:27:07 Martins-MacBook-Pro Maps[68479] <Warning>: [XGBAutocompleteRanker] Server Score: 0.1305796303343499
2026-08-15 18:27:07 Martins-MacBook-Pro Maps[68479] <Warning>: [XGBAutocompleteRanker] Server Score: 0.01970850409538968
2026-08-15 18:27:07 Martins-MacBook-Pro Maps[68479] <Warning>: [XGBAutocompleteRanker] Server Score: 0.01276367583726394
2026-08-15 18:27:07 Martins-MacBook-Pro Maps[68479] <Warning>: [XGBAutocompleteRanker] Server Score: 0.003514757657701464
2026-08-15 18:27:07 Martins-MacBook-Pro Maps[68479] <Warning>: [XGBAutocompleteRanker] Server Score: 0.004561605520841967
2026-08-15 18:27:07 Martins-MacBook-Pro Maps[68479] <Warning>: [XGBAutocompleteRanker] Server Score: 0.002367332591622931
2026-08-15 18:27:07 Martins-MacBook-Pro Maps[68479] <Warning>: [XGBAutocompleteRanker] Server Score: 0.004329126606878764
2026-08-15 18:27:07 Martins-MacBook-Pro Maps[68479] <Warning>: [XGBAutocompleteRanker] Server Score: 0.004329126606878764
2026-08-15 18:27:07 Martins-MacBook-Pro Maps[68479] <Warning>: [XGBAutocompleteRanker] Server Score: 0.004329126606878764
2026-08-15 18:27:07 Martins-MacBook-Pro Maps[68479] <Warning>: [XGBAutocompleteRanker] Server Score: 0.004329126606878764
2026-08-15 18:27:07 Martins-MacBook-Pro Maps[68479] <Warning>: [XGBAutocompleteRanker] Server Score: 0.004329126606878764
2026-08-15 18:27:07 Martins-MacBook-Pro Maps[68479] <Warning>: [XGBAutocompleteRanker] Server Score: 0.004329126606878764
2026-08-15 18:27:07 Martins-MacBook-Pro Maps[68479] <Warning>: [XGBAutocompleteRanker] Server Score: 0.004329126606878764
2026-08-15 18:27:07 Martins-MacBook-Pro Maps[68479] <Warning>: [XGBAutocompleteRanker] Server Score: 0.005455706833462488
2026-08-15 18:27:07 Martins-MacBook-Pro Maps[68479] <Warning>: [XGBAutocompleteRanker] Server Score: 0.004329126606878764
2026-08-15 18:27:07 Martins-MacBook-Pro Maps[68479] <Warning>: [XGBAutocompleteRanker] üìä Post-processing counts - Client entries: 0, Server entries: 15
2026-08-15 18:27:07 Martins-MacBook-Pro Maps[68479] <Warning>: [XGBAutocompleteRanker] ü•á Max server score: 0.1306
2026-08-15 18:27:07 Martins-MacBook-Pro Maps[68479] <Warning>: [XGBAutocompleteRanker] üîÑ Starting section processing for 4 sections
2026-08-15 18:27:07 Martins-MacBook-Pro Maps[68479] <Warning>: [XGBAutocompleteRanker] üìã Processing section 0
2026-08-15 18:27:07 Martins-MacBook-Pro Maps[68479] <Warning>: [XGBAutocompleteRanker] üñ•Ô∏è Processing server results section
2026-08-15 18:27:07 Martins-MacBook-Pro Maps[68479] <Warning>: [XGBAutocompleteRanker] üñ•Ô∏è Added 0 server entries to section
2026-08-15 18:27:07 Martins-MacBook-Pro Maps[68479] <Warning>: [XGBAutocompleteRanker] ‚ö†Ô∏è No server entries found in section 0, checking for prominent client results
2026-08-15 18:27:07 Martins-MacBook-Pro Maps[68479] <Warning>: [XGBAutocompleteRanker] üìã Processing section 1
2026-08-15 18:27:07 Martins-MacBook-Pro Maps[68479] <Warning>: [XGBAutocompleteRanker] üë§ Processing client-only results section
2026-08-15 18:27:07 Martins-MacBook-Pro Maps[68479] <Warning>: [XGBAutocompleteRanker] üë§ Added 0 entries to client-only section
2026-08-15 18:27:07 Martins-MacBook-Pro Maps[68479] <Warning>: [XGBAutocompleteRanker] üìã Processing section 2
2026-08-15 18:27:07 Martins-MacBook-Pro Maps[68479] <Warning>: [XGBAutocompleteRanker] üñ•Ô∏è Processing server results section
2026-08-15 18:27:07 Martins-MacBook-Pro Maps[68479] <Warning>: [XGBAutocompleteRanker] üñ•Ô∏è Added 1 server entries to section
2026-08-15 18:27:07 Martins-MacBook-Pro Maps[68479] <Warning>: [XGBAutocompleteRanker] üìã Processing section 3
2026-08-15 18:27:07 Martins-MacBook-Pro Maps[68479] <Warning>: [XGBAutocompleteRanker] üîÄ Merging remaining entries - Client: 0, Server: 14
2026-08-15 18:27:07 Martins-MacBook-Pro Maps[68479] <Warning>: [XGBAutocompleteRanker] üß† Using ML model for score-based merging
2026-08-15 18:27:07 Martins-MacBook-Pro Maps[68479] <Warning>: [XGBAutocompleteRanker] ‚úÖ Final merged section contains 14 entries
2026-08-15 18:27:07 Martins-MacBook-Pro Maps[68479] <Warning>: [XGBAutocompleteRanker] üìù Logging model metadata to response
2026-08-15 18:27:07 Martins-MacBook-Pro Maps[68479] <Warning>: [XGBAutocompleteRanker] üè∑Ô∏è Model version: 
2026-08-15 18:27:07 Martins-MacBook-Pro Maps[68479] <Warning>: [XGBAutocompleteRanker] üöÄ Rollout ID: 6785b622614dbd65bffd025a
2026-08-15 18:27:07 Martins-MacBook-Pro Maps[68479] <Warning>: [XGBAutocompleteRanker] üéØ Rollout deployment ID: 240000013
2026-08-15 18:27:07 Martins-MacBook-Pro Maps[68479] <Warning>: [XGBAutocompleteRanker] üì¶ Factor pack ID: 6a2108cf34a0c07a0681423b
2026-08-15 18:27:07 Martins-MacBook-Pro Maps[68479] <Warning>: [XGBAutocompleteRanker] üìà Ramp ID: 6a3081ac9d3fb669a8bdb84b
2026-08-15 18:27:07 Martins-MacBook-Pro Maps[68479] <Warning>: [XGBAutocompleteRanker] üß™ Logging experiment metadata to response
2026-08-15 18:27:07 Martins-MacBook-Pro Maps[68479] <Warning>: [XGBAutocompleteRanker] üî¨ Experiment ID: Unknown
2026-08-15 18:27:07 Martins-MacBook-Pro Maps[68479] <Warning>: [XGBAutocompleteRanker] üíä Treatment ID: Unknown
2026-08-15 18:27:07 Martins-MacBook-Pro Maps[68479] <Warning>: [XGBAutocompleteRanker] üö¢ Deployment ID: Unknown
2026-08-15 18:27:07 Martins-MacBook-Pro Maps[68479] <Warning>: [XGBAutocompleteRanker] ‚úÖ Ranking completed successfully with ML model
2026-08-15 18:27:07 Martins-MacBook-Pro Maps[68479] <Warning>: [XGBAutocompleteRanker] üì§ Serializing response for return
2026-08-15 18:27:07 Martins-MacBook-Pro Maps[68479] <Warning>: [XGBAutocompleteRanker] üèÅ Ranking process completed - returning 5005 bytes
2026-08-15 18:27:07 Martins-MacBook-Pro Maps[68479] <Warning>: [XGBAutocompleteRanker] üöÄ Starting ranking process with parameters:
2026-08-15 18:27:07 Martins-MacBook-Pro Maps[68479] <Warning>: [XGBAutocompleteRanker]    üìä Viewport freshness threshold: 600.0
2026-08-15 18:27:07 Martins-MacBook-Pro Maps[68479] <Warning>: [XGBAutocompleteRanker]    üìâ Score demotion factor: 10.0
2026-08-15 18:27:07 Martins-MacBook-Pro Maps[68479] <Warning>: [XGBAutocompleteRanker]    üìè Distance threshold for suppression: 50000.0
2026-08-15 18:27:07 Martins-MacBook-Pro Maps[68479] <Warning>: [XGBAutocompleteRanker]    ‚è∞ Age threshold for distance suppression: 86400.0
2026-08-15 18:27:07 Martins-MacBook-Pro Maps[68479] <Warning>: [XGBAutocompleteRanker]    üéõÔ∏è Ranker module enabled: YES
2026-08-15 18:27:07 Martins-MacBook-Pro Maps[68479] <Warning>: [XGBAutocompleteRanker]    üìè Server score adjustment: 0.00
2026-08-15 18:27:07 Martins-MacBook-Pro Maps[68479] <Warning>: [XGBAutocompleteRanker]    üìè Length threshold: 0.00
2026-08-15 18:27:07 Martins-MacBook-Pro Maps[68479] <Warning>: [XGBAutocompleteRanker] üîÑ MIF provided CoreML model available
2026-08-15 18:27:07 Martins-MacBook-Pro Maps[68479] <Warning>: [XGBAutocompleteRanker] ‚úÖ MIF CoreML model loaded successfully
2026-08-15 18:27:07 Martins-MacBook-Pro Maps[68479] <Warning>: [XGBAutocompleteRanker] üìÑ Parsed request - Client results: 0, Server results: 15
2026-08-15 18:27:07 Martins-MacBook-Pro Maps[68479] <Warning>: [XGBAutocompleteRanker] üèóÔ∏è Processing sections - Total: 3, ClientOnly: 1, Interleave: 2
2026-08-15 18:27:07 Martins-MacBook-Pro Maps[68479] <Warning>: [XGBAutocompleteRanker] ü§ñ ML Model availability: Available
2026-08-15 18:27:07 Martins-MacBook-Pro Maps[68479] <Warning>: [XGBAutocompleteRanker] üî¢ Using 75 features for ranking
2026-08-15 18:27:07 Martins-MacBook-Pro Maps[68479] <Warning>: [XGBAutocompleteRanker] Server Score: 0.3314020078282964
2026-08-15 18:27:07 Martins-MacBook-Pro Maps[68479] <Warning>: [XGBAutocompleteRanker] Server Score: 0.0233361073395932
2026-08-15 18:27:07 Martins-MacBook-Pro Maps[68479] <Warning>: [XGBAutocompleteRanker] Server Score: 0.01000745489288173
2026-08-15 18:27:07 Martins-MacBook-Pro Maps[68479] <Warning>: [XGBAutocompleteRanker] Server Score: 0.004942904298930255
2026-08-15 18:27:07 Martins-MacBook-Pro Maps[68479] <Warning>: [XGBAutocompleteRanker] Server Score: 0.008782383727145352
2026-08-15 18:27:07 Martins-MacBook-Pro Maps[68479] <Warning>: [XGBAutocompleteRanker] Server Score: 0.0006855377414618499
2026-08-15 18:27:07 Martins-MacBook-Pro Maps[68479] <Warning>: [XGBAutocompleteRanker] Server Score: 0.005747206749033312
2026-08-15 18:27:07 Martins-MacBook-Pro Maps[68479] <Warning>: [XGBAutocompleteRanker] Server Score: 0.002926211401234621
2026-08-15 18:27:07 Martins-MacBook-Pro Maps[68479] <Warning>: [XGBAutocompleteRanker] Server Score: 0.02725555385444552
2026-08-15 18:27:07 Martins-MacBook-Pro Maps[68479] <Warning>: [XGBAutocompleteRanker] Server Score: 0.002882087701836146
2026-08-15 18:27:07 Martins-MacBook-Pro Maps[68479] <Warning>: [XGBAutocompleteRanker] Server Score: 0.02725555385444552
2026-08-15 18:27:07 Martins-MacBook-Pro Maps[68479] <Warning>: [XGBAutocompleteRanker] Server Score: 0.02725555385444552
2026-08-15 18:27:07 Martins-MacBook-Pro Maps[68479] <Warning>: [XGBAutocompleteRanker] Server Score: 0.02725555385444552
2026-08-15 18:27:07 Martins-MacBook-Pro Maps[68479] <Warning>: [XGBAutocompleteRanker] Server Score: 0.01429877870720457
2026-08-15 18:27:07 Martins-MacBook-Pro Maps[68479] <Warning>: [XGBAutocompleteRanker] Server Score: 0.02725555385444552
2026-08-15 18:27:07 Martins-MacBook-Pro Maps[68479] <Warning>: [XGBAutocompleteRanker] üìä Post-processing counts - Client entries: 0, Server entries: 15
2026-08-15 18:27:07 Martins-MacBook-Pro Maps[68479] <Warning>: [XGBAutocompleteRanker] ü•á Max server score: 0.3314
2026-08-15 18:27:07 Martins-MacBook-Pro Maps[68479] <Warning>: [XGBAutocompleteRanker] üîÑ Starting section processing for 3 sections
2026-08-15 18:27:07 Martins-MacBook-Pro Maps[68479] <Warning>: [XGBAutocompleteRanker] üìã Processing section 0
2026-08-15 18:27:07 Martins-MacBook-Pro Maps[68479] <Warning>: [XGBAutocompleteRanker] üñ•Ô∏è Processing server results section
2026-08-15 18:27:07 Martins-MacBook-Pro Maps[68479] <Warning>: [XGBAutocompleteRanker] üñ•Ô∏è Added 0 server entries to section
2026-08-15 18:27:07 Martins-MacBook-Pro Maps[68479] <Warning>: [XGBAutocompleteRanker] ‚ö†Ô∏è No server entries found in section 0, checking for prominent client results
2026-08-15 18:27:07 Martins-MacBook-Pro Maps[68479] <Warning>: [XGBAutocompleteRanker] üìã Processing section 1
2026-08-15 18:27:07 Martins-MacBook-Pro Maps[68479] <Warning>: [XGBAutocompleteRanker] üë§ Processing client-only results section
2026-08-15 18:27:07 Martins-MacBook-Pro Maps[68479] <Warning>: [XGBAutocompleteRanker] üë§ Added 0 entries to client-only section
2026-08-15 18:27:07 Martins-MacBook-Pro Maps[68479] <Warning>: [XGBAutocompleteRanker] üìã Processing section 2
2026-08-15 18:27:07 Martins-MacBook-Pro Maps[68479] <Warning>: [XGBAutocompleteRanker] üîÄ Merging remaining entries - Client: 0, Server: 15
2026-08-15 18:27:07 Martins-MacBook-Pro Maps[68479] <Warning>: [XGBAutocompleteRanker] üß† Using ML model for score-based merging
2026-08-15 18:27:07 Martins-MacBook-Pro Maps[68479] <Warning>: [XGBAutocompleteRanker] ‚úÖ Final merged section contains 15 entries
2026-08-15 18:27:07 Martins-MacBook-Pro Maps[68479] <Warning>: [XGBAutocompleteRanker] üìù Logging model metadata to response
2026-08-15 18:27:07 Martins-MacBook-Pro Maps[68479] <Warning>: [XGBAutocompleteRanker] üè∑Ô∏è Model version: 
2026-08-15 18:27:07 Martins-MacBook-Pro Maps[68479] <Warning>: [XGBAutocompleteRanker] üöÄ Rollout ID: 6785b622614dbd65bffd025a
2026-08-15 18:27:07 Martins-MacBook-Pro Maps[68479] <Warning>: [XGBAutocompleteRanker] üéØ Rollout deployment ID: 240000013
2026-08-15 18:27:07 Martins-MacBook-Pro Maps[68479] <Warning>: [XGBAutocompleteRanker] üì¶ Factor pack ID: 6a2108cf34a0c07a0681423b
2026-08-15 18:27:07 Martins-MacBook-Pro Maps[68479] <Warning>: [XGBAutocompleteRanker] üìà Ramp ID: 6a3081ac9d3fb669a8bdb84b
2026-08-15 18:27:07 Martins-MacBook-Pro Maps[68479] <Warning>: [XGBAutocompleteRanker] üß™ Logging experiment metadata to response
2026-08-15 18:27:07 Martins-MacBook-Pro Maps[68479] <Warning>: [XGBAutocompleteRanker] üî¨ Experiment ID: Unknown
2026-08-15 18:27:07 Martins-MacBook-Pro Maps[68479] <Warning>: [XGBAutocompleteRanker] üíä Treatment ID: Unknown
2026-08-15 18:27:07 Martins-MacBook-Pro Maps[68479] <Warning>: [XGBAutocompleteRanker] üö¢ Deployment ID: Unknown
2026-08-15 18:27:07 Martins-MacBook-Pro Maps[68479] <Warning>: [XGBAutocompleteRanker] ‚úÖ Ranking completed successfully with ML model
2026-08-15 18:27:07 Martins-MacBook-Pro Maps[68479] <Warning>: [XGBAutocompleteRanker] üì§ Serializing response for return
2026-08-15 18:27:07 Martins-MacBook-Pro Maps[68479] <Warning>: [XGBAutocompleteRanker] üèÅ Ranking process completed - returning 4866 bytes
2026-08-15 18:27:08 Martins-MacBook-Pro Maps[68479] <Warning>: [XGBAutocompleteRanker] üöÄ Starting ranking process with parameters:
2026-08-15 18:27:08 Martins-MacBook-Pro Maps[68479] <Warning>: [XGBAutocompleteRanker]    üìä Viewport freshness threshold: 600.0
2026-08-15 18:27:08 Martins-MacBook-Pro Maps[68479] <Warning>: [XGBAutocompleteRanker]    üìâ Score demotion factor: 10.0
2026-08-15 18:27:08 Martins-MacBook-Pro Maps[68479] <Warning>: [XGBAutocompleteRanker]    üìè Distance threshold for suppression: 50000.0
2026-08-15 18:27:08 Martins-MacBook-Pro Maps[68479] <Warning>: [XGBAutocompleteRanker]    ‚è∞ Age threshold for distance suppression: 86400.0
2026-08-15 18:27:08 Martins-MacBook-Pro Maps[68479] <Warning>: [XGBAutocompleteRanker]    üéõÔ∏è Ranker module enabled: YES
2026-08-15 18:27:08 Martins-MacBook-Pro Maps[68479] <Warning>: [XGBAutocompleteRanker]    üìè Server score adjustment: 0.00
2026-08-15 18:27:08 Martins-MacBook-Pro Maps[68479] <Warning>: [XGBAutocompleteRanker]    üìè Length threshold: 0.00
2026-08-15 18:27:08 Martins-MacBook-Pro Maps[68479] <Warning>: [XGBAutocompleteRanker] üîÑ MIF provided CoreML model available
2026-08-15 18:27:08 Martins-MacBook-Pro Maps[68479] <Warning>: [XGBAutocompleteRanker] ‚úÖ MIF CoreML model loaded successfully
2026-08-15 18:27:08 Martins-MacBook-Pro Maps[68479] <Warning>: [XGBAutocompleteRanker] üìÑ Parsed request - Client results: 0, Server results: 15
2026-08-15 18:27:08 Martins-MacBook-Pro Maps[68479] <Warning>: [XGBAutocompleteRanker] üèóÔ∏è Processing sections - Total: 3, ClientOnly: 1, Interleave: 2
2026-08-15 18:27:08 Martins-MacBook-Pro Maps[68479] <Warning>: [XGBAutocompleteRanker] ü§ñ ML Model availability: Available
2026-08-15 18:27:08 Martins-MacBook-Pro Maps[68479] <Warning>: [XGBAutocompleteRanker] üî¢ Using 75 features for ranking
2026-08-15 18:27:08 Martins-MacBook-Pro Maps[68479] <Warning>: [XGBAutocompleteRanker] Server Score: 0.2984694634923414
2026-08-15 18:27:08 Martins-MacBook-Pro Maps[68479] <Warning>: [XGBAutocompleteRanker] Server Score: 0.0233361073395932
2026-08-15 18:27:08 Martins-MacBook-Pro Maps[68479] <Warning>: [XGBAutocompleteRanker] Server Score: 0.008705616717580966
2026-08-15 18:27:08 Martins-MacBook-Pro Maps[68479] <Warning>: [XGBAutocompleteRanker] Server Score: 0.004128380177304412
2026-08-15 18:27:08 Martins-MacBook-Pro Maps[68479] <Warning>: [XGBAutocompleteRanker] Server Score: 0.00256200861862549
2026-08-15 18:27:08 Martins-MacBook-Pro Maps[68479] <Warning>: [XGBAutocompleteRanker] Server Score: 0.0006855377414618499
2026-08-15 18:27:08 Martins-MacBook-Pro Maps[68479] <Warning>: [XGBAutocompleteRanker] Server Score: 0.005747206749033312
2026-08-15 18:27:08 Martins-MacBook-Pro Maps[68479] <Warning>: [XGBAutocompleteRanker] Server Score: 0.02725555385444552
2026-08-15 18:27:08 Martins-MacBook-Pro Maps[68479] <Warning>: [XGBAutocompleteRanker] Server Score: 0.02725555385444552
2026-08-15 18:27:08 Martins-MacBook-Pro Maps[68479] <Warning>: [XGBAutocompleteRanker] Server Score: 0.02725555385444552
2026-08-15 18:27:08 Martins-MacBook-Pro Maps[68479] <Warning>: [XGBAutocompleteRanker] Server Score: 0.02725555385444552
2026-08-15 18:27:08 Martins-MacBook-Pro Maps[68479] <Warning>: [XGBAutocompleteRanker] Server Score: 0.005741562103213443
2026-08-15 18:27:08 Martins-MacBook-Pro Maps[68479] <Warning>: [XGBAutocompleteRanker] Server Score: 0.02725555385444552
2026-08-15 18:27:08 Martins-MacBook-Pro Maps[68479] <Warning>: [XGBAutocompleteRanker] Server Score: 0.02725555385444552
2026-08-15 18:27:08 Martins-MacBook-Pro Maps[68479] <Warning>: [XGBAutocompleteRanker] Server Score: 0.02725555385444552
2026-08-15 18:27:08 Martins-MacBook-Pro Maps[68479] <Warning>: [XGBAutocompleteRanker] üìä Post-processing counts - Client entries: 0, Server entries: 15
2026-08-15 18:27:08 Martins-MacBook-Pro Maps[68479] <Warning>: [XGBAutocompleteRanker] ü•á Max server score: 0.2985
2026-08-15 18:27:08 Martins-MacBook-Pro Maps[68479] <Warning>: [XGBAutocompleteRanker] üîÑ Starting section processing for 3 sections
2026-08-15 18:27:08 Martins-MacBook-Pro Maps[68479] <Warning>: [XGBAutocompleteRanker] üìã Processing section 0
2026-08-15 18:27:08 Martins-MacBook-Pro Maps[68479] <Warning>: [XGBAutocompleteRanker] üñ•Ô∏è Processing server results section
2026-08-15 18:27:08 Martins-MacBook-Pro Maps[68479] <Warning>: [XGBAutocompleteRanker] üñ•Ô∏è Added 0 server entries to section
2026-08-15 18:27:08 Martins-MacBook-Pro Maps[68479] <Warning>: [XGBAutocompleteRanker] ‚ö†Ô∏è No server entries found in section 0, checking for prominent client results
2026-08-15 18:27:08 Martins-MacBook-Pro Maps[68479] <Warning>: [XGBAutocompleteRanker] üìã Processing section 1
2026-08-15 18:27:08 Martins-MacBook-Pro Maps[68479] <Warning>: [XGBAutocompleteRanker] üë§ Processing client-only results section
2026-08-15 18:27:08 Martins-MacBook-Pro Maps[68479] <Warning>: [XGBAutocompleteRanker] üë§ Added 0 entries to client-only section
2026-08-15 18:27:08 Martins-MacBook-Pro Maps[68479] <Warning>: [XGBAutocompleteRanker] üìã Processing section 2
2026-08-15 18:27:08 Martins-MacBook-Pro Maps[68479] <Warning>: [XGBAutocompleteRanker] üîÄ Merging remaining entries - Client: 0, Server: 15
2026-08-15 18:27:08 Martins-MacBook-Pro Maps[68479] <Warning>: [XGBAutocompleteRanker] üß† Using ML model for score-based merging
2026-08-15 18:27:08 Martins-MacBook-Pro Maps[68479] <Warning>: [XGBAutocompleteRanker] ‚úÖ Final merged section contains 15 entries
2026-08-15 18:27:08 Martins-MacBook-Pro Maps[68479] <Warning>: [XGBAutocompleteRanker] üìù Logging model metadata to response
2026-08-15 18:27:08 Martins-MacBook-Pro Maps[68479] <Warning>: [XGBAutocompleteRanker] üè∑Ô∏è Model version: 
2026-08-15 18:27:08 Martins-MacBook-Pro Maps[68479] <Warning>: [XGBAutocompleteRanker] üöÄ Rollout ID: 6785b622614dbd65bffd025a
2026-08-15 18:27:08 Martins-MacBook-Pro Maps[68479] <Warning>: [XGBAutocompleteRanker] üéØ Rollout deployment ID: 240000013
2026-08-15 18:27:08 Martins-MacBook-Pro Maps[68479] <Warning>: [XGBAutocompleteRanker] üì¶ Factor pack ID: 6a2108cf34a0c07a0681423b
2026-08-15 18:27:08 Martins-MacBook-Pro Maps[68479] <Warning>: [XGBAutocompleteRanker] üìà Ramp ID: 6a3081ac9d3fb669a8bdb84b
2026-08-15 18:27:08 Martins-MacBook-Pro Maps[68479] <Warning>: [XGBAutocompleteRanker] üß™ Logging experiment metadata to response
2026-08-15 18:27:08 Martins-MacBook-Pro Maps[68479] <Warning>: [XGBAutocompleteRanker] üî¨ Experiment ID: Unknown
2026-08-15 18:27:08 Martins-MacBook-Pro Maps[68479] <Warning>: [XGBAutocompleteRanker] üíä Treatment ID: Unknown
2026-08-15 18:27:08 Martins-MacBook-Pro Maps[68479] <Warning>: [XGBAutocompleteRanker] üö¢ Deployment ID: Unknown
2026-08-15 18:27:08 Martins-MacBook-Pro Maps[68479] <Warning>: [XGBAutocompleteRanker] ‚úÖ Ranking completed successfully with ML model
2026-08-15 18:27:08 Martins-MacBook-Pro Maps[68479] <Warning>: [XGBAutocompleteRanker] üì§ Serializing response for return
2026-08-15 18:27:08 Martins-MacBook-Pro Maps[68479] <Warning>: [XGBAutocompleteRanker] üèÅ Ranking process completed - returning 5269 bytes
2026-08-15 18:27:16 Martins-MacBook-Pro Maps[68479] <Warning>: [XGBAutocompleteRanker] üöÄ Starting ranking process with parameters:
2026-08-15 18:27:16 Martins-MacBook-Pro Maps[68479] <Warning>: [XGBAutocompleteRanker]    üìä Viewport freshness threshold: 600.0
2026-08-15 18:27:16 Martins-MacBook-Pro Maps[68479] <Warning>: [XGBAutocompleteRanker]    üìâ Score demotion factor: 10.0
2026-08-15 18:27:16 Martins-MacBook-Pro Maps[68479] <Warning>: [XGBAutocompleteRanker]    üìè Distance threshold for suppression: 50000.0
2026-08-15 18:27:16 Martins-MacBook-Pro Maps[68479] <Warning>: [XGBAutocompleteRanker]    ‚è∞ Age threshold for distance suppression: 86400.0
2026-08-15 18:27:16 Martins-MacBook-Pro Maps[68479] <Warning>: [XGBAutocompleteRanker]    üéõÔ∏è Ranker module enabled: YES
2026-08-15 18:27:16 Martins-MacBook-Pro Maps[68479] <Warning>: [XGBAutocompleteRanker]    üìè Server score adjustment: 0.00
2026-08-15 18:27:16 Martins-MacBook-Pro Maps[68479] <Warning>: [XGBAutocompleteRanker]    üìè Length threshold: 0.00
2026-08-15 18:27:16 Martins-MacBook-Pro Maps[68479] <Warning>: [XGBAutocompleteRanker] üîÑ MIF provided CoreML model available
2026-08-15 18:27:16 Martins-MacBook-Pro Maps[68479] <Warning>: [XGBAutocompleteRanker] ‚úÖ MIF CoreML model loaded successfully
2026-08-15 18:27:16 Martins-MacBook-Pro Maps[68479] <Warning>: [XGBAutocompleteRanker] üìÑ Parsed request - Client results: 1, Server results: 15
2026-08-15 18:27:16 Martins-MacBook-Pro Maps[68479] <Warning>: [XGBAutocompleteRanker] üèóÔ∏è Processing sections - Total: 2, ClientOnly: -1, Interleave: 1
2026-08-15 18:27:16 Martins-MacBook-Pro Maps[68479] <Warning>: [XGBAutocompleteRanker] ü§ñ ML Model availability: Available
2026-08-15 18:27:16 Martins-MacBook-Pro Maps[68479] <Warning>: [XGBAutocompleteRanker] üî¢ Using 75 features for ranking
2026-08-15 18:27:16 Martins-MacBook-Pro Maps[68479] <Warning>: [XGBAutocompleteRanker] Client Score: 0.4052180736096248
2026-08-15 18:27:16 Martins-MacBook-Pro Maps[68479] <Warning>: [XGBAutocompleteRanker] Server Score: 0.3873239837732197
2026-08-15 18:27:16 Martins-MacBook-Pro Maps[68479] <Warning>: [XGBAutocompleteRanker] Server Score: 0.06279965587320499
2026-08-15 18:27:16 Martins-MacBook-Pro Maps[68479] <Warning>: [XGBAutocompleteRanker] Server Score: 0.009211424747341853
2026-08-15 18:27:16 Martins-MacBook-Pro Maps[68479] <Warning>: [XGBAutocompleteRanker] Server Score: 0.007364826708628164
2026-08-15 18:27:16 Martins-MacBook-Pro Maps[68479] <Warning>: [XGBAutocompleteRanker] Server Score: 0.003440984270601128
2026-08-15 18:27:16 Martins-MacBook-Pro Maps[68479] <Warning>: [XGBAutocompleteRanker] Server Score: 0.0004518831529318363
2026-08-15 18:27:16 Martins-MacBook-Pro Maps[68479] <Warning>: [XGBAutocompleteRanker] Server Score: 0.001354765175585263
2026-08-15 18:27:16 Martins-MacBook-Pro Maps[68479] <Warning>: [XGBAutocompleteRanker] Server Score: 0.004753357896678375
2026-08-15 18:27:16 Martins-MacBook-Pro Maps[68479] <Warning>: [XGBAutocompleteRanker] Server Score: 0.006909145412480791
2026-08-15 18:27:16 Martins-MacBook-Pro Maps[68479] <Warning>: [XGBAutocompleteRanker] Server Score: 0.0007102810641178351
2026-08-15 18:27:16 Martins-MacBook-Pro Maps[68479] <Warning>: [XGBAutocompleteRanker] Server Score: 0.0009334691000965669
2026-08-15 18:27:16 Martins-MacBook-Pro Maps[68479] <Warning>: [XGBAutocompleteRanker] Server Score: 0.001354765175585263
2026-08-15 18:27:16 Martins-MacBook-Pro Maps[68479] <Warning>: [XGBAutocompleteRanker] Server Score: 0.002671774855864706
2026-08-15 18:27:16 Martins-MacBook-Pro Maps[68479] <Warning>: [XGBAutocompleteRanker] Server Score: 0.003746098334628662
2026-08-15 18:27:16 Martins-MacBook-Pro Maps[68479] <Warning>: [XGBAutocompleteRanker] Server Score: 0.0009334691000965669
2026-08-15 18:27:16 Martins-MacBook-Pro Maps[68479] <Warning>: [XGBAutocompleteRanker] üìä Post-processing counts - Client entries: 1, Server entries: 15
2026-08-15 18:27:16 Martins-MacBook-Pro Maps[68479] <Warning>: [XGBAutocompleteRanker] ü•á Max server score: 0.3873
2026-08-15 18:27:16 Martins-MacBook-Pro Maps[68479] <Warning>: [XGBAutocompleteRanker] üîÑ Starting section processing for 2 sections
2026-08-15 18:27:16 Martins-MacBook-Pro Maps[68479] <Warning>: [XGBAutocompleteRanker] üìã Processing section 0
2026-08-15 18:27:16 Martins-MacBook-Pro Maps[68479] <Warning>: [XGBAutocompleteRanker] üñ•Ô∏è Processing server results section
2026-08-15 18:27:16 Martins-MacBook-Pro Maps[68479] <Warning>: [XGBAutocompleteRanker] üñ•Ô∏è Added 0 server entries to section
2026-08-15 18:27:16 Martins-MacBook-Pro Maps[68479] <Warning>: [XGBAutocompleteRanker] ‚ö†Ô∏è No server entries found in section 0, checking for prominent client results
2026-08-15 18:27:16 Martins-MacBook-Pro Maps[68479] <Warning>: [XGBAutocompleteRanker] üìã Processing section 1
2026-08-15 18:27:16 Martins-MacBook-Pro Maps[68479] <Warning>: [XGBAutocompleteRanker] üîÄ Merging remaining entries - Client: 1, Server: 15
2026-08-15 18:27:16 Martins-MacBook-Pro Maps[68479] <Warning>: [XGBAutocompleteRanker] üß† Using ML model for score-based merging
2026-08-15 18:27:16 Martins-MacBook-Pro Maps[68479] <Warning>: [XGBAutocompleteRanker] ‚úÖ Final merged section contains 16 entries
2026-08-15 18:27:16 Martins-MacBook-Pro Maps[68479] <Warning>: [XGBAutocompleteRanker] üìù Logging model metadata to response
2026-08-15 18:27:16 Martins-MacBook-Pro Maps[68479] <Warning>: [XGBAutocompleteRanker] üè∑Ô∏è Model version: 
2026-08-15 18:27:16 Martins-MacBook-Pro Maps[68479] <Warning>: [XGBAutocompleteRanker] üöÄ Rollout ID: 6785b622614dbd65bffd025a
2026-08-15 18:27:16 Martins-MacBook-Pro Maps[68479] <Warning>: [XGBAutocompleteRanker] üéØ Rollout deployment ID: 240000013
2026-08-15 18:27:16 Martins-MacBook-Pro Maps[68479] <Warning>: [XGBAutocompleteRanker] üì¶ Factor pack ID: 6a2108cf34a0c07a0681423b
2026-08-15 18:27:16 Martins-MacBook-Pro Maps[68479] <Warning>: [XGBAutocompleteRanker] üìà Ramp ID: 6a3081ac9d3fb669a8bdb84b
2026-08-15 18:27:16 Martins-MacBook-Pro Maps[68479] <Warning>: [XGBAutocompleteRanker] üß™ Logging experiment metadata to response
2026-08-15 18:27:16 Martins-MacBook-Pro Maps[68479] <Warning>: [XGBAutocompleteRanker] üî¨ Experiment ID: Unknown
2026-08-15 18:27:16 Martins-MacBook-Pro Maps[68479] <Warning>: [XGBAutocompleteRanker] üíä Treatment ID: Unknown
2026-08-15 18:27:16 Martins-MacBook-Pro Maps[68479] <Warning>: [XGBAutocompleteRanker] üö¢ Deployment ID: Unknown
2026-08-15 18:27:16 Martins-MacBook-Pro Maps[68479] <Warning>: [XGBAutocompleteRanker] ‚úÖ Ranking completed successfully with ML model
2026-08-15 18:27:16 Martins-MacBook-Pro Maps[68479] <Warning>: [XGBAutocompleteRanker] üì§ Serializing response for return
2026-08-15 18:27:16 Martins-MacBook-Pro Maps[68479] <Warning>: [XGBAutocompleteRanker] üèÅ Ranking process completed - returning 5904 bytes
2026-08-15 18:27:16 Martins-MacBook-Pro Maps[68479] <Warning>: [XGBAutocompleteRanker] üöÄ Starting ranking process with parameters:
2026-08-15 18:27:16 Martins-MacBook-Pro Maps[68479] <Warning>: [XGBAutocompleteRanker]    üìä Viewport freshness threshold: 600.0
2026-08-15 18:27:16 Martins-MacBook-Pro Maps[68479] <Warning>: [XGBAutocompleteRanker]    üìâ Score demotion factor: 10.0
2026-08-15 18:27:16 Martins-MacBook-Pro Maps[68479] <Warning>: [XGBAutocompleteRanker]    üìè Distance threshold for suppression: 50000.0
2026-08-15 18:27:16 Martins-MacBook-Pro Maps[68479] <Warning>: [XGBAutocompleteRanker]    ‚è∞ Age threshold for distance suppression: 86400.0
2026-08-15 18:27:16 Martins-MacBook-Pro Maps[68479] <Warning>: [XGBAutocompleteRanker]    üéõÔ∏è Ranker module enabled: YES
2026-08-15 18:27:16 Martins-MacBook-Pro Maps[68479] <Warning>: [XGBAutocompleteRanker]    üìè Server score adjustment: 0.00
2026-08-15 18:27:16 Martins-MacBook-Pro Maps[68479] <Warning>: [XGBAutocompleteRanker]    üìè Length threshold: 0.00
2026-08-15 18:27:16 Martins-MacBook-Pro Maps[68479] <Warning>: [XGBAutocompleteRanker] üîÑ MIF provided CoreML model available
2026-08-15 18:27:16 Martins-MacBook-Pro Maps[68479] <Warning>: [XGBAutocompleteRanker] ‚úÖ MIF CoreML model loaded successfully
2026-08-15 18:27:16 Martins-MacBook-Pro Maps[68479] <Warning>: [XGBAutocompleteRanker] üìÑ Parsed request - Client results: 0, Server results: 11
2026-08-15 18:27:16 Martins-MacBook-Pro Maps[68479] <Warning>: [XGBAutocompleteRanker] üèóÔ∏è Processing sections - Total: 3, ClientOnly: 1, Interleave: 2
2026-08-15 18:27:16 Martins-MacBook-Pro Maps[68479] <Warning>: [XGBAutocompleteRanker] ü§ñ ML Model availability: Available
2026-08-15 18:27:16 Martins-MacBook-Pro Maps[68479] <Warning>: [XGBAutocompleteRanker] üî¢ Using 75 features for ranking
2026-08-15 18:27:16 Martins-MacBook-Pro Maps[68479] <Warning>: [XGBAutocompleteRanker] Server Score: 0.3518278499683866
2026-08-15 18:27:16 Martins-MacBook-Pro Maps[68479] <Warning>: [XGBAutocompleteRanker] Server Score: 0.01598790441640331
2026-08-15 18:27:16 Martins-MacBook-Pro Maps[68479] <Warning>: [XGBAutocompleteRanker] Server Score: 0.008242014825191223
2026-08-15 18:27:16 Martins-MacBook-Pro Maps[68479] <Warning>: [XGBAutocompleteRanker] Server Score: 0.002533248706749446
2026-08-15 18:27:16 Martins-MacBook-Pro Maps[68479] <Warning>: [XGBAutocompleteRanker] Server Score: 0.001272757465688888
2026-08-15 18:27:16 Martins-MacBook-Pro Maps[68479] <Warning>: [XGBAutocompleteRanker] Server Score: 0.0006125718874850563
2026-08-15 18:27:16 Martins-MacBook-Pro Maps[68479] <Warning>: [XGBAutocompleteRanker] Server Score: 0.002711509374284922
2026-08-15 18:27:16 Martins-MacBook-Pro Maps[68479] <Warning>: [XGBAutocompleteRanker] Server Score: 0.0009364609331997305
2026-08-15 18:27:16 Martins-MacBook-Pro Maps[68479] <Warning>: [XGBAutocompleteRanker] Server Score: 0.0009982736211297855
2026-08-15 18:27:16 Martins-MacBook-Pro Maps[68479] <Warning>: [XGBAutocompleteRanker] Server Score: 0.00086811412673027
2026-08-15 18:27:16 Martins-MacBook-Pro Maps[68479] <Warning>: [XGBAutocompleteRanker] Server Score: 0.0008419192492628567
2026-08-15 18:27:16 Martins-MacBook-Pro Maps[68479] <Warning>: [XGBAutocompleteRanker] üìä Post-processing counts - Client entries: 0, Server entries: 11
2026-08-15 18:27:16 Martins-MacBook-Pro Maps[68479] <Warning>: [XGBAutocompleteRanker] ü•á Max server score: 0.3518
2026-08-15 18:27:16 Martins-MacBook-Pro Maps[68479] <Warning>: [XGBAutocompleteRanker] üîÑ Starting section processing for 3 sections
2026-08-15 18:27:16 Martins-MacBook-Pro Maps[68479] <Warning>: [XGBAutocompleteRanker] üìã Processing section 0
2026-08-15 18:27:16 Martins-MacBook-Pro Maps[68479] <Warning>: [XGBAutocompleteRanker] üñ•Ô∏è Processing server results section
2026-08-15 18:27:16 Martins-MacBook-Pro Maps[68479] <Warning>: [XGBAutocompleteRanker] üñ•Ô∏è Added 0 server entries to section
2026-08-15 18:27:16 Martins-MacBook-Pro Maps[68479] <Warning>: [XGBAutocompleteRanker] ‚ö†Ô∏è No server entries found in section 0, checking for prominent client results
2026-08-15 18:27:16 Martins-MacBook-Pro Maps[68479] <Warning>: [XGBAutocompleteRanker] üìã Processing section 1
2026-08-15 18:27:16 Martins-MacBook-Pro Maps[68479] <Warning>: [XGBAutocompleteRanker] üë§ Processing client-only results section
2026-08-15 18:27:16 Martins-MacBook-Pro Maps[68479] <Warning>: [XGBAutocompleteRanker] üë§ Added 0 entries to client-only section
2026-08-15 18:27:16 Martins-MacBook-Pro Maps[68479] <Warning>: [XGBAutocompleteRanker] üìã Processing section 2
2026-08-15 18:27:16 Martins-MacBook-Pro Maps[68479] <Warning>: [XGBAutocompleteRanker] üîÄ Merging remaining entries - Client: 0, Server: 11
2026-08-15 18:27:16 Martins-MacBook-Pro Maps[68479] <Warning>: [XGBAutocompleteRanker] üß† Using ML model for score-based merging
2026-08-15 18:27:16 Martins-MacBook-Pro Maps[68479] <Warning>: [XGBAutocompleteRanker] ‚úÖ Final merged section contains 11 entries
2026-08-15 18:27:16 Martins-MacBook-Pro Maps[68479] <Warning>: [XGBAutocompleteRanker] üìù Logging model metadata to response
2026-08-15 18:27:16 Martins-MacBook-Pro Maps[68479] <Warning>: [XGBAutocompleteRanker] üè∑Ô∏è Model version: 
2026-08-15 18:27:16 Martins-MacBook-Pro Maps[68479] <Warning>: [XGBAutocompleteRanker] üöÄ Rollout ID: 6785b622614dbd65bffd025a
2026-08-15 18:27:16 Martins-MacBook-Pro Maps[68479] <Warning>: [XGBAutocompleteRanker] üéØ Rollout deployment ID: 240000013
2026-08-15 18:27:16 Martins-MacBook-Pro Maps[68479] <Warning>: [XGBAutocompleteRanker] üì¶ Factor pack ID: 6a2108cf34a0c07a0681423b
2026-08-15 18:27:16 Martins-MacBook-Pro Maps[68479] <Warning>: [XGBAutocompleteRanker] üìà Ramp ID: 6a3081ac9d3fb669a8bdb84b
2026-08-15 18:27:16 Martins-MacBook-Pro Maps[68479] <Warning>: [XGBAutocompleteRanker] üß™ Logging experiment metadata to response
2026-08-15 18:27:16 Martins-MacBook-Pro Maps[68479] <Warning>: [XGBAutocompleteRanker] üî¨ Experiment ID: Unknown
2026-08-15 18:27:16 Martins-MacBook-Pro Maps[68479] <Warning>: [XGBAutocompleteRanker] üíä Treatment ID: Unknown
2026-08-15 18:27:16 Martins-MacBook-Pro Maps[68479] <Warning>: [XGBAutocompleteRanker] üö¢ Deployment ID: Unknown
2026-08-15 18:27:16 Martins-MacBook-Pro Maps[68479] <Warning>: [XGBAutocompleteRanker] ‚úÖ Ranking completed successfully with ML model
2026-08-15 18:27:16 Martins-MacBook-Pro Maps[68479] <Warning>: [XGBAutocompleteRanker] üì§ Serializing response for return
2026-08-15 18:27:16 Martins-MacBook-Pro Maps[68479] <Warning>: [XGBAutocompleteRanker] üèÅ Ranking process completed - returning 4310 bytes
2026-08-15 18:27:16 Martins-MacBook-Pro Maps[68479] <Warning>: [XGBAutocompleteRanker] üöÄ Starting ranking process with parameters:
2026-08-15 18:27:16 Martins-MacBook-Pro Maps[68479] <Warning>: [XGBAutocompleteRanker]    üìä Viewport freshness threshold: 600.0
2026-08-15 18:27:16 Martins-MacBook-Pro Maps[68479] <Warning>: [XGBAutocompleteRanker]    üìâ Score demotion factor: 10.0
2026-08-15 18:27:16 Martins-MacBook-Pro Maps[68479] <Warning>: [XGBAutocompleteRanker]    üìè Distance threshold for suppression: 50000.0
2026-08-15 18:27:16 Martins-MacBook-Pro Maps[68479] <Warning>: [XGBAutocompleteRanker]    ‚è∞ Age threshold for distance suppression: 86400.0
2026-08-15 18:27:16 Martins-MacBook-Pro Maps[68479] <Warning>: [XGBAutocompleteRanker]    üéõÔ∏è Ranker module enabled: YES
2026-08-15 18:27:16 Martins-MacBook-Pro Maps[68479] <Warning>: [XGBAutocompleteRanker]    üìè Server score adjustment: 0.00
2026-08-15 18:27:16 Martins-MacBook-Pro Maps[68479] <Warning>: [XGBAutocompleteRanker]    üìè Length threshold: 0.00
2026-08-15 18:27:16 Martins-MacBook-Pro Maps[68479] <Warning>: [XGBAutocompleteRanker] üîÑ MIF provided CoreML model available
2026-08-15 18:27:16 Martins-MacBook-Pro Maps[68479] <Warning>: [XGBAutocompleteRanker] ‚úÖ MIF CoreML model loaded successfully
2026-08-15 18:27:16 Martins-MacBook-Pro Maps[68479] <Warning>: [XGBAutocompleteRanker] üìÑ Parsed request - Client results: 0, Server results: 15
2026-08-15 18:27:16 Martins-MacBook-Pro Maps[68479] <Warning>: [XGBAutocompleteRanker] üèóÔ∏è Processing sections - Total: 3, ClientOnly: 1, Interleave: 2
2026-08-15 18:27:16 Martins-MacBook-Pro Maps[68479] <Warning>: [XGBAutocompleteRanker] ü§ñ ML Model availability: Available
2026-08-15 18:27:16 Martins-MacBook-Pro Maps[68479] <Warning>: [XGBAutocompleteRanker] üî¢ Using 75 features for ranking
2026-08-15 18:27:16 Martins-MacBook-Pro Maps[68479] <Warning>: [XGBAutocompleteRanker] Server Score: 0.188354127440719
2026-08-15 18:27:16 Martins-MacBook-Pro Maps[68479] <Warning>: [XGBAutocompleteRanker] Server Score: 0.01761200959236892
2026-08-15 18:27:16 Martins-MacBook-Pro Maps[68479] <Warning>: [XGBAutocompleteRanker] Server Score: 0.01245628194731006
2026-08-15 18:27:16 Martins-MacBook-Pro Maps[68479] <Warning>: [XGBAutocompleteRanker] Server Score: 0.003869891243369883
2026-08-15 18:27:16 Martins-MacBook-Pro Maps[68479] <Warning>: [XGBAutocompleteRanker] Server Score: 0.001738170557400975
2026-08-15 18:27:16 Martins-MacBook-Pro Maps[68479] <Warning>: [XGBAutocompleteRanker] Server Score: 0.001080122160874727
2026-08-15 18:27:16 Martins-MacBook-Pro Maps[68479] <Warning>: [XGBAutocompleteRanker] Server Score: 0.0004787281955190571
2026-08-15 18:27:16 Martins-MacBook-Pro Maps[68479] <Warning>: [XGBAutocompleteRanker] Server Score: 0.0003637393490009325
2026-08-15 18:27:16 Martins-MacBook-Pro Maps[68479] <Warning>: [XGBAutocompleteRanker] Server Score: 0.001453502774008029
2026-08-15 18:27:16 Martins-MacBook-Pro Maps[68479] <Warning>: [XGBAutocompleteRanker] Server Score: 0.001453502774008029
2026-08-15 18:27:16 Martins-MacBook-Pro Maps[68479] <Warning>: [XGBAutocompleteRanker] Server Score: 0.001453502774008029
2026-08-15 18:27:16 Martins-MacBook-Pro Maps[68479] <Warning>: [XGBAutocompleteRanker] Server Score: 0.001453502774008029
2026-08-15 18:27:16 Martins-MacBook-Pro Maps[68479] <Warning>: [XGBAutocompleteRanker] Server Score: 0.001453502774008029
2026-08-15 18:27:16 Martins-MacBook-Pro Maps[68479] <Warning>: [XGBAutocompleteRanker] Server Score: 0.001453502774008029
2026-08-15 18:27:16 Martins-MacBook-Pro Maps[68479] <Warning>: [XGBAutocompleteRanker] Server Score: 0.001137526068181294
2026-08-15 18:27:16 Martins-MacBook-Pro Maps[68479] <Warning>: [XGBAutocompleteRanker] üìä Post-processing counts - Client entries: 0, Server entries: 15
2026-08-15 18:27:16 Martins-MacBook-Pro Maps[68479] <Warning>: [XGBAutocompleteRanker] ü•á Max server score: 0.1884
2026-08-15 18:27:16 Martins-MacBook-Pro Maps[68479] <Warning>: [XGBAutocompleteRanker] üîÑ Starting section processing for 3 sections
2026-08-15 18:27:16 Martins-MacBook-Pro Maps[68479] <Warning>: [XGBAutocompleteRanker] üìã Processing section 0
2026-08-15 18:27:16 Martins-MacBook-Pro Maps[68479] <Warning>: [XGBAutocompleteRanker] üñ•Ô∏è Processing server results section
2026-08-15 18:27:16 Martins-MacBook-Pro Maps[68479] <Warning>: [XGBAutocompleteRanker] üñ•Ô∏è Added 0 server entries to section
2026-08-15 18:27:16 Martins-MacBook-Pro Maps[68479] <Warning>: [XGBAutocompleteRanker] ‚ö†Ô∏è No server entries found in section 0, checking for prominent client results
2026-08-15 18:27:16 Martins-MacBook-Pro Maps[68479] <Warning>: [XGBAutocompleteRanker] üìã Processing section 1
2026-08-15 18:27:16 Martins-MacBook-Pro Maps[68479] <Warning>: [XGBAutocompleteRanker] üë§ Processing client-only results section
2026-08-15 18:27:16 Martins-MacBook-Pro Maps[68479] <Warning>: [XGBAutocompleteRanker] üë§ Added 0 entries to client-only section
2026-08-15 18:27:16 Martins-MacBook-Pro Maps[68479] <Warning>: [XGBAutocompleteRanker] üìã Processing section 2
2026-08-15 18:27:16 Martins-MacBook-Pro Maps[68479] <Warning>: [XGBAutocompleteRanker] üîÄ Merging remaining entries - Client: 0, Server: 15
2026-08-15 18:27:16 Martins-MacBook-Pro Maps[68479] <Warning>: [XGBAutocompleteRanker] üß† Using ML model for score-based merging
2026-08-15 18:27:16 Martins-MacBook-Pro Maps[68479] <Warning>: [XGBAutocompleteRanker] ‚úÖ Final merged section contains 15 entries
2026-08-15 18:27:16 Martins-MacBook-Pro Maps[68479] <Warning>: [XGBAutocompleteRanker] üìù Logging model metadata to response
2026-08-15 18:27:16 Martins-MacBook-Pro Maps[68479] <Warning>: [XGBAutocompleteRanker] üè∑Ô∏è Model version: 
2026-08-15 18:27:16 Martins-MacBook-Pro Maps[68479] <Warning>: [XGBAutocompleteRanker] üöÄ Rollout ID: 6785b622614dbd65bffd025a
2026-08-15 18:27:16 Martins-MacBook-Pro Maps[68479] <Warning>: [XGBAutocompleteRanker] üéØ Rollout deployment ID: 240000013
2026-08-15 18:27:16 Martins-MacBook-Pro Maps[68479] <Warning>: [XGBAutocompleteRanker] üì¶ Factor pack ID: 6a2108cf34a0c07a0681423b
2026-08-15 18:27:16 Martins-MacBook-Pro Maps[68479] <Warning>: [XGBAutocompleteRanker] üìà Ramp ID: 6a3081ac9d3fb669a8bdb84b
2026-08-15 18:27:16 Martins-MacBook-Pro Maps[68479] <Warning>: [XGBAutocompleteRanker] üß™ Logging experiment metadata to response
2026-08-15 18:27:16 Martins-MacBook-Pro Maps[68479] <Warning>: [XGBAutocompleteRanker] üî¨ Experiment ID: Unknown
2026-08-15 18:27:16 Martins-MacBook-Pro Maps[68479] <Warning>: [XGBAutocompleteRanker] üíä Treatment ID: Unknown
2026-08-15 18:27:16 Martins-MacBook-Pro Maps[68479] <Warning>: [XGBAutocompleteRanker] üö¢ Deployment ID: Unknown
2026-08-15 18:27:16 Martins-MacBook-Pro Maps[68479] <Warning>: [XGBAutocompleteRanker] ‚úÖ Ranking completed successfully with ML model
2026-08-15 18:27:16 Martins-MacBook-Pro Maps[68479] <Warning>: [XGBAutocompleteRanker] üì§ Serializing response for return
2026-08-15 18:27:16 Martins-MacBook-Pro Maps[68479] <Warning>: [XGBAutocompleteRanker] üèÅ Ranking process completed - returning 5272 bytes
2026-08-15 18:27:17 Martins-MacBook-Pro Maps[68479] <Warning>: [XGBAutocompleteRanker] üöÄ Starting ranking process with parameters:
2026-08-15 18:27:17 Martins-MacBook-Pro Maps[68479] <Warning>: [XGBAutocompleteRanker]    üìä Viewport freshness threshold: 600.0
2026-08-15 18:27:17 Martins-MacBook-Pro Maps[68479] <Warning>: [XGBAutocompleteRanker]    üìâ Score demotion factor: 10.0
2026-08-15 18:27:17 Martins-MacBook-Pro Maps[68479] <Warning>: [XGBAutocompleteRanker]    üìè Distance threshold for suppression: 50000.0
2026-08-15 18:27:17 Martins-MacBook-Pro Maps[68479] <Warning>: [XGBAutocompleteRanker]    ‚è∞ Age threshold for distance suppression: 86400.0
2026-08-15 18:27:17 Martins-MacBook-Pro Maps[68479] <Warning>: [XGBAutocompleteRanker]    üéõÔ∏è Ranker module enabled: YES
2026-08-15 18:27:17 Martins-MacBook-Pro Maps[68479] <Warning>: [XGBAutocompleteRanker]    üìè Server score adjustment: 0.00
2026-08-15 18:27:17 Martins-MacBook-Pro Maps[68479] <Warning>: [XGBAutocompleteRanker]    üìè Length threshold: 0.00
2026-08-15 18:27:17 Martins-MacBook-Pro Maps[68479] <Warning>: [XGBAutocompleteRanker] üîÑ MIF provided CoreML model available
2026-08-15 18:27:17 Martins-MacBook-Pro Maps[68479] <Warning>: [XGBAutocompleteRanker] ‚úÖ MIF CoreML model loaded successfully
2026-08-15 18:27:17 Martins-MacBook-Pro Maps[68479] <Warning>: [XGBAutocompleteRanker] üìÑ Parsed request - Client results: 0, Server results: 12
2026-08-15 18:27:17 Martins-MacBook-Pro Maps[68479] <Warning>: [XGBAutocompleteRanker] üèóÔ∏è Processing sections - Total: 4, ClientOnly: 1, Interleave: 3
2026-08-15 18:27:17 Martins-MacBook-Pro Maps[68479] <Warning>: [XGBAutocompleteRanker] ü§ñ ML Model availability: Available
2026-08-15 18:27:17 Martins-MacBook-Pro Maps[68479] <Warning>: [XGBAutocompleteRanker] üî¢ Using 75 features for ranking
2026-08-15 18:27:17 Martins-MacBook-Pro Maps[68479] <Warning>: [XGBAutocompleteRanker] Server Score: 0.1665476961087297
2026-08-15 18:27:17 Martins-MacBook-Pro Maps[68479] <Warning>: [XGBAutocompleteRanker] Server Score: 0.07846604529383716
2026-08-15 18:27:17 Martins-MacBook-Pro Maps[68479] <Warning>: [XGBAutocompleteRanker] Server Score: 0.01343963638631535
2026-08-15 18:27:17 Martins-MacBook-Pro Maps[68479] <Warning>: [XGBAutocompleteRanker] Server Score: 0.005628192315356556
2026-08-15 18:27:17 Martins-MacBook-Pro Maps[68479] <Warning>: [XGBAutocompleteRanker] Server Score: 0.00620193772959811
2026-08-15 18:27:17 Martins-MacBook-Pro Maps[68479] <Warning>: [XGBAutocompleteRanker] Server Score: 0.0007006659549413089
2026-08-15 18:27:17 Martins-MacBook-Pro Maps[68479] <Warning>: [XGBAutocompleteRanker] Server Score: 0.004297728211955405
2026-08-15 18:27:17 Martins-MacBook-Pro Maps[68479] <Warning>: [XGBAutocompleteRanker] Server Score: 0.004297728211955405
2026-08-15 18:27:17 Martins-MacBook-Pro Maps[68479] <Warning>: [XGBAutocompleteRanker] Server Score: 0.001550010623148594
2026-08-15 18:27:17 Martins-MacBook-Pro Maps[68479] <Warning>: [XGBAutocompleteRanker] Server Score: 0.004297728211955405
2026-08-15 18:27:17 Martins-MacBook-Pro Maps[68479] <Warning>: [XGBAutocompleteRanker] Server Score: 0.004297728211955405
2026-08-15 18:27:17 Martins-MacBook-Pro Maps[68479] <Warning>: [XGBAutocompleteRanker] Server Score: 0.004297728211955405
2026-08-15 18:27:17 Martins-MacBook-Pro Maps[68479] <Warning>: [XGBAutocompleteRanker] üìä Post-processing counts - Client entries: 0, Server entries: 12
2026-08-15 18:27:17 Martins-MacBook-Pro Maps[68479] <Warning>: [XGBAutocompleteRanker] ü•á Max server score: 0.1665
2026-08-15 18:27:17 Martins-MacBook-Pro Maps[68479] <Warning>: [XGBAutocompleteRanker] üîÑ Starting section processing for 4 sections
2026-08-15 18:27:17 Martins-MacBook-Pro Maps[68479] <Warning>: [XGBAutocompleteRanker] üìã Processing section 0
2026-08-15 18:27:17 Martins-MacBook-Pro Maps[68479] <Warning>: [XGBAutocompleteRanker] üñ•Ô∏è Processing server results section
2026-08-15 18:27:17 Martins-MacBook-Pro Maps[68479] <Warning>: [XGBAutocompleteRanker] üñ•Ô∏è Added 0 server entries to section
2026-08-15 18:27:17 Martins-MacBook-Pro Maps[68479] <Warning>: [XGBAutocompleteRanker] ‚ö†Ô∏è No server entries found in section 0, checking for prominent client results
2026-08-15 18:27:17 Martins-MacBook-Pro Maps[68479] <Warning>: [XGBAutocompleteRanker] üìã Processing section 1
2026-08-15 18:27:17 Martins-MacBook-Pro Maps[68479] <Warning>: [XGBAutocompleteRanker] üë§ Processing client-only results section
2026-08-15 18:27:17 Martins-MacBook-Pro Maps[68479] <Warning>: [XGBAutocompleteRanker] üë§ Added 0 entries to client-only section
2026-08-15 18:27:17 Martins-MacBook-Pro Maps[68479] <Warning>: [XGBAutocompleteRanker] üìã Processing section 2
2026-08-15 18:27:17 Martins-MacBook-Pro Maps[68479] <Warning>: [XGBAutocompleteRanker] üñ•Ô∏è Processing server results section
2026-08-15 18:27:17 Martins-MacBook-Pro Maps[68479] <Warning>: [XGBAutocompleteRanker] üñ•Ô∏è Added 1 server entries to section
2026-08-15 18:27:17 Martins-MacBook-Pro Maps[68479] <Warning>: [XGBAutocompleteRanker] üìã Processing section 3
2026-08-15 18:27:17 Martins-MacBook-Pro Maps[68479] <Warning>: [XGBAutocompleteRanker] üîÄ Merging remaining entries - Client: 0, Server: 11
2026-08-15 18:27:17 Martins-MacBook-Pro Maps[68479] <Warning>: [XGBAutocompleteRanker] üß† Using ML model for score-based merging
2026-08-15 18:27:17 Martins-MacBook-Pro Maps[68479] <Warning>: [XGBAutocompleteRanker] ‚úÖ Final merged section contains 11 entries
2026-08-15 18:27:17 Martins-MacBook-Pro Maps[68479] <Warning>: [XGBAutocompleteRanker] üìù Logging model metadata to response
2026-08-15 18:27:17 Martins-MacBook-Pro Maps[68479] <Warning>: [XGBAutocompleteRanker] üè∑Ô∏è Model version: 
2026-08-15 18:27:17 Martins-MacBook-Pro Maps[68479] <Warning>: [XGBAutocompleteRanker] üöÄ Rollout ID: 6785b622614dbd65bffd025a
2026-08-15 18:27:17 Martins-MacBook-Pro Maps[68479] <Warning>: [XGBAutocompleteRanker] üéØ Rollout deployment ID: 240000013
2026-08-15 18:27:17 Martins-MacBook-Pro Maps[68479] <Warning>: [XGBAutocompleteRanker] üì¶ Factor pack ID: 6a2108cf34a0c07a0681423b
2026-08-15 18:27:17 Martins-MacBook-Pro Maps[68479] <Warning>: [XGBAutocompleteRanker] üìà Ramp ID: 6a3081ac9d3fb669a8bdb84b
2026-08-15 18:27:17 Martins-MacBook-Pro Maps[68479] <Warning>: [XGBAutocompleteRanker] üß™ Logging experiment metadata to response
2026-08-15 18:27:17 Martins-MacBook-Pro Maps[68479] <Warning>: [XGBAutocompleteRanker] üî¨ Experiment ID: Unknown
2026-08-15 18:27:17 Martins-MacBook-Pro Maps[68479] <Warning>: [XGBAutocompleteRanker] üíä Treatment ID: Unknown
2026-08-15 18:27:17 Martins-MacBook-Pro Maps[68479] <Warning>: [XGBAutocompleteRanker] üö¢ Deployment ID: Unknown
2026-08-15 18:27:17 Martins-MacBook-Pro Maps[68479] <Warning>: [XGBAutocompleteRanker] ‚úÖ Ranking completed successfully with ML model
2026-08-15 18:27:17 Martins-MacBook-Pro Maps[68479] <Warning>: [XGBAutocompleteRanker] üì§ Serializing response for return
2026-08-15 18:27:17 Martins-MacBook-Pro Maps[68479] <Warning>: [XGBAutocompleteRanker] üèÅ Ranking process completed - returning 4889 bytes
2026-08-15 18:27:17 Martins-MacBook-Pro Maps[68479] <Warning>: [XGBAutocompleteRanker] üöÄ Starting ranking process with parameters:
2026-08-15 18:27:17 Martins-MacBook-Pro Maps[68479] <Warning>: [XGBAutocompleteRanker]    üìä Viewport freshness threshold: 600.0
2026-08-15 18:27:17 Martins-MacBook-Pro Maps[68479] <Warning>: [XGBAutocompleteRanker]    üìâ Score demotion factor: 10.0
2026-08-15 18:27:17 Martins-MacBook-Pro Maps[68479] <Warning>: [XGBAutocompleteRanker]    üìè Distance threshold for suppression: 50000.0
2026-08-15 18:27:17 Martins-MacBook-Pro Maps[68479] <Warning>: [XGBAutocompleteRanker]    ‚è∞ Age threshold for distance suppression: 86400.0
2026-08-15 18:27:17 Martins-MacBook-Pro Maps[68479] <Warning>: [XGBAutocompleteRanker]    üéõÔ∏è Ranker module enabled: YES
2026-08-15 18:27:17 Martins-MacBook-Pro Maps[68479] <Warning>: [XGBAutocompleteRanker]    üìè Server score adjustment: 0.00
2026-08-15 18:27:17 Martins-MacBook-Pro Maps[68479] <Warning>: [XGBAutocompleteRanker]    üìè Length threshold: 0.00
2026-08-15 18:27:17 Martins-MacBook-Pro Maps[68479] <Warning>: [XGBAutocompleteRanker] üîÑ MIF provided CoreML model available
2026-08-15 18:27:17 Martins-MacBook-Pro Maps[68479] <Warning>: [XGBAutocompleteRanker] ‚úÖ MIF CoreML model loaded successfully
2026-08-15 18:27:17 Martins-MacBook-Pro Maps[68479] <Warning>: [XGBAutocompleteRanker] üìÑ Parsed request - Client results: 0, Server results: 7
2026-08-15 18:27:17 Martins-MacBook-Pro Maps[68479] <Warning>: [XGBAutocompleteRanker] üèóÔ∏è Processing sections - Total: 4, ClientOnly: 1, Interleave: 3
2026-08-15 18:27:17 Martins-MacBook-Pro Maps[68479] <Warning>: [XGBAutocompleteRanker] ü§ñ ML Model availability: Available
2026-08-15 18:27:17 Martins-MacBook-Pro Maps[68479] <Warning>: [XGBAutocompleteRanker] üî¢ Using 75 features for ranking
2026-08-15 18:27:17 Martins-MacBook-Pro Maps[68479] <Warning>: [XGBAutocompleteRanker] Server Score: 0.1305796303343499
2026-08-15 18:27:17 Martins-MacBook-Pro Maps[68479] <Warning>: [XGBAutocompleteRanker] Server Score: 0.01970850409538968
2026-08-15 18:27:17 Martins-MacBook-Pro Maps[68479] <Warning>: [XGBAutocompleteRanker] Server Score: 0.02894495851556513
2026-08-15 18:27:17 Martins-MacBook-Pro Maps[68479] <Warning>: [XGBAutocompleteRanker] Server Score: 0.003468627177093311
2026-08-15 18:27:17 Martins-MacBook-Pro Maps[68479] <Warning>: [XGBAutocompleteRanker] Server Score: 0.002169415722413844
2026-08-15 18:27:17 Martins-MacBook-Pro Maps[68479] <Warning>: [XGBAutocompleteRanker] Server Score: 0.002317089330195511
2026-08-15 18:27:17 Martins-MacBook-Pro Maps[68479] <Warning>: [XGBAutocompleteRanker] Server Score: 0.004329126606878764
2026-08-15 18:27:17 Martins-MacBook-Pro Maps[68479] <Warning>: [XGBAutocompleteRanker] üìä Post-processing counts - Client entries: 0, Server entries: 7
2026-08-15 18:27:17 Martins-MacBook-Pro Maps[68479] <Warning>: [XGBAutocompleteRanker] ü•á Max server score: 0.1306
2026-08-15 18:27:17 Martins-MacBook-Pro Maps[68479] <Warning>: [XGBAutocompleteRanker] üîÑ Starting section processing for 4 sections
2026-08-15 18:27:17 Martins-MacBook-Pro Maps[68479] <Warning>: [XGBAutocompleteRanker] üìã Processing section 0
2026-08-15 18:27:17 Martins-MacBook-Pro Maps[68479] <Warning>: [XGBAutocompleteRanker] üñ•Ô∏è Processing server results section
2026-08-15 18:27:17 Martins-MacBook-Pro Maps[68479] <Warning>: [XGBAutocompleteRanker] üñ•Ô∏è Added 0 server entries to section
2026-08-15 18:27:17 Martins-MacBook-Pro Maps[68479] <Warning>: [XGBAutocompleteRanker] ‚ö†Ô∏è No server entries found in section 0, checking for prominent client results
2026-08-15 18:27:17 Martins-MacBook-Pro Maps[68479] <Warning>: [XGBAutocompleteRanker] üìã Processing section 1
2026-08-15 18:27:17 Martins-MacBook-Pro Maps[68479] <Warning>: [XGBAutocompleteRanker] üë§ Processing client-only results section
2026-08-15 18:27:17 Martins-MacBook-Pro Maps[68479] <Warning>: [XGBAutocompleteRanker] üë§ Added 0 entries to client-only section
2026-08-15 18:27:17 Martins-MacBook-Pro Maps[68479] <Warning>: [XGBAutocompleteRanker] üìã Processing section 2
2026-08-15 18:27:17 Martins-MacBook-Pro Maps[68479] <Warning>: [XGBAutocompleteRanker] üñ•Ô∏è Processing server results section
2026-08-15 18:27:17 Martins-MacBook-Pro Maps[68479] <Warning>: [XGBAutocompleteRanker] üñ•Ô∏è Added 1 server entries to section
2026-08-15 18:27:17 Martins-MacBook-Pro Maps[68479] <Warning>: [XGBAutocompleteRanker] üìã Processing section 3
2026-08-15 18:27:17 Martins-MacBook-Pro Maps[68479] <Warning>: [XGBAutocompleteRanker] üîÄ Merging remaining entries - Client: 0, Server: 6
2026-08-15 18:27:17 Martins-MacBook-Pro Maps[68479] <Warning>: [XGBAutocompleteRanker] üß† Using ML model for score-based merging
2026-08-15 18:27:17 Martins-MacBook-Pro Maps[68479] <Warning>: [XGBAutocompleteRanker] ‚úÖ Final merged section contains 6 entries
2026-08-15 18:27:17 Martins-MacBook-Pro Maps[68479] <Warning>: [XGBAutocompleteRanker] üìù Logging model metadata to response
2026-08-15 18:27:17 Martins-MacBook-Pro Maps[68479] <Warning>: [XGBAutocompleteRanker] üè∑Ô∏è Model version: 
2026-08-15 18:27:17 Martins-MacBook-Pro Maps[68479] <Warning>: [XGBAutocompleteRanker] üöÄ Rollout ID: 6785b622614dbd65bffd025a
2026-08-15 18:27:17 Martins-MacBook-Pro Maps[68479] <Warning>: [XGBAutocompleteRanker] üéØ Rollout deployment ID: 240000013
2026-08-15 18:27:17 Martins-MacBook-Pro Maps[68479] <Warning>: [XGBAutocompleteRanker] üì¶ Factor pack ID: 6a2108cf34a0c07a0681423b
2026-08-15 18:27:17 Martins-MacBook-Pro Maps[68479] <Warning>: [XGBAutocompleteRanker] üìà Ramp ID: 6a3081ac9d3fb669a8bdb84b
2026-08-15 18:27:17 Martins-MacBook-Pro Maps[68479] <Warning>: [XGBAutocompleteRanker] üß™ Logging experiment metadata to response
2026-08-15 18:27:17 Martins-MacBook-Pro Maps[68479] <Warning>: [XGBAutocompleteRanker] üî¨ Experiment ID: Unknown
2026-08-15 18:27:17 Martins-MacBook-Pro Maps[68479] <Warning>: [XGBAutocompleteRanker] üíä Treatment ID: Unknown
2026-08-15 18:27:17 Martins-MacBook-Pro Maps[68479] <Warning>: [XGBAutocompleteRanker] üö¢ Deployment ID: Unknown
2026-08-15 18:27:17 Martins-MacBook-Pro Maps[68479] <Warning>: [XGBAutocompleteRanker] ‚úÖ Ranking completed successfully with ML model
2026-08-15 18:27:17 Martins-MacBook-Pro Maps[68479] <Warning>: [XGBAutocompleteRanker] üì§ Serializing response for return
2026-08-15 18:27:17 Martins-MacBook-Pro Maps[68479] <Warning>: [XGBAutocompleteRanker] üèÅ Ranking process completed - returning 2840 bytes
2026-08-15 18:27:17 Martins-MacBook-Pro Maps[68479] <Warning>: [XGBAutocompleteRanker] üöÄ Starting ranking process with parameters:
2026-08-15 18:27:17 Martins-MacBook-Pro Maps[68479] <Warning>: [XGBAutocompleteRanker]    üìä Viewport freshness threshold: 600.0
2026-08-15 18:27:17 Martins-MacBook-Pro Maps[68479] <Warning>: [XGBAutocompleteRanker]    üìâ Score demotion factor: 10.0
2026-08-15 18:27:17 Martins-MacBook-Pro Maps[68479] <Warning>: [XGBAutocompleteRanker]    üìè Distance threshold for suppression: 50000.0
2026-08-15 18:27:17 Martins-MacBook-Pro Maps[68479] <Warning>: [XGBAutocompleteRanker]    ‚è∞ Age threshold for distance suppression: 86400.0
2026-08-15 18:27:17 Martins-MacBook-Pro Maps[68479] <Warning>: [XGBAutocompleteRanker]    üéõÔ∏è Ranker module enabled: YES
2026-08-15 18:27:17 Martins-MacBook-Pro Maps[68479] <Warning>: [XGBAutocompleteRanker]    üìè Server score adjustment: 0.00
2026-08-15 18:27:17 Martins-MacBook-Pro Maps[68479] <Warning>: [XGBAutocompleteRanker]    üìè Length threshold: 0.00
2026-08-15 18:27:17 Martins-MacBook-Pro Maps[68479] <Warning>: [XGBAutocompleteRanker] üîÑ MIF provided CoreML model available
2026-08-15 18:27:17 Martins-MacBook-Pro Maps[68479] <Warning>: [XGBAutocompleteRanker] ‚úÖ MIF CoreML model loaded successfully
2026-08-15 18:27:17 Martins-MacBook-Pro Maps[68479] <Warning>: [XGBAutocompleteRanker] üìÑ Parsed request - Client results: 0, Server results: 7
2026-08-15 18:27:17 Martins-MacBook-Pro Maps[68479] <Warning>: [XGBAutocompleteRanker] üèóÔ∏è Processing sections - Total: 4, ClientOnly: 1, Interleave: 3
2026-08-15 18:27:17 Martins-MacBook-Pro Maps[68479] <Warning>: [XGBAutocompleteRanker] ü§ñ ML Model availability: Available
2026-08-15 18:27:17 Martins-MacBook-Pro Maps[68479] <Warning>: [XGBAutocompleteRanker] üî¢ Using 75 features for ranking
2026-08-15 18:27:17 Martins-MacBook-Pro Maps[68479] <Warning>: [XGBAutocompleteRanker] Server Score: 0.2984694634923414
2026-08-15 18:27:17 Martins-MacBook-Pro Maps[68479] <Warning>: [XGBAutocompleteRanker] Server Score: 0.0233361073395932
2026-08-15 18:27:17 Martins-MacBook-Pro Maps[68479] <Warning>: [XGBAutocompleteRanker] Server Score: 0.02601202644729609
2026-08-15 18:27:17 Martins-MacBook-Pro Maps[68479] <Warning>: [XGBAutocompleteRanker] Server Score: 0.01473467375954896
2026-08-15 18:27:17 Martins-MacBook-Pro Maps[68479] <Warning>: [XGBAutocompleteRanker] Server Score: 0.003158892059178269
2026-08-15 18:27:17 Martins-MacBook-Pro Maps[68479] <Warning>: [XGBAutocompleteRanker] Server Score: 0.006668859472867947
2026-08-15 18:27:17 Martins-MacBook-Pro Maps[68479] <Warning>: [XGBAutocompleteRanker] Server Score: 0.01426303131313776
2026-08-15 18:27:17 Martins-MacBook-Pro Maps[68479] <Warning>: [XGBAutocompleteRanker] üìä Post-processing counts - Client entries: 0, Server entries: 7
2026-08-15 18:27:17 Martins-MacBook-Pro Maps[68479] <Warning>: [XGBAutocompleteRanker] ü•á Max server score: 0.2985
2026-08-15 18:27:17 Martins-MacBook-Pro Maps[68479] <Warning>: [XGBAutocompleteRanker] üîÑ Starting section processing for 4 sections
2026-08-15 18:27:17 Martins-MacBook-Pro Maps[68479] <Warning>: [XGBAutocompleteRanker] üìã Processing section 0
2026-08-15 18:27:17 Martins-MacBook-Pro Maps[68479] <Warning>: [XGBAutocompleteRanker] üñ•Ô∏è Processing server results section
2026-08-15 18:27:17 Martins-MacBook-Pro Maps[68479] <Warning>: [XGBAutocompleteRanker] üñ•Ô∏è Added 0 server entries to section
2026-08-15 18:27:17 Martins-MacBook-Pro Maps[68479] <Warning>: [XGBAutocompleteRanker] ‚ö†Ô∏è No server entries found in section 0, checking for prominent client results
2026-08-15 18:27:17 Martins-MacBook-Pro Maps[68479] <Warning>: [XGBAutocompleteRanker] üìã Processing section 1
2026-08-15 18:27:17 Martins-MacBook-Pro Maps[68479] <Warning>: [XGBAutocompleteRanker] üë§ Processing client-only results section
2026-08-15 18:27:17 Martins-MacBook-Pro Maps[68479] <Warning>: [XGBAutocompleteRanker] üë§ Added 0 entries to client-only section
2026-08-15 18:27:17 Martins-MacBook-Pro Maps[68479] <Warning>: [XGBAutocompleteRanker] üìã Processing section 2
2026-08-15 18:27:17 Martins-MacBook-Pro Maps[68479] <Warning>: [XGBAutocompleteRanker] üñ•Ô∏è Processing server results section
2026-08-15 18:27:17 Martins-MacBook-Pro Maps[68479] <Warning>: [XGBAutocompleteRanker] üñ•Ô∏è Added 1 server entries to section
2026-08-15 18:27:17 Martins-MacBook-Pro Maps[68479] <Warning>: [XGBAutocompleteRanker] üìã Processing section 3
2026-08-15 18:27:17 Martins-MacBook-Pro Maps[68479] <Warning>: [XGBAutocompleteRanker] üîÄ Merging remaining entries - Client: 0, Server: 6
2026-08-15 18:27:17 Martins-MacBook-Pro Maps[68479] <Warning>: [XGBAutocompleteRanker] üß† Using ML model for score-based merging
2026-08-15 18:27:17 Martins-MacBook-Pro Maps[68479] <Warning>: [XGBAutocompleteRanker] ‚úÖ Final merged section contains 6 entries
2026-08-15 18:27:17 Martins-MacBook-Pro Maps[68479] <Warning>: [XGBAutocompleteRanker] üìù Logging model metadata to response
2026-08-15 18:27:17 Martins-MacBook-Pro Maps[68479] <Warning>: [XGBAutocompleteRanker] üè∑Ô∏è Model version: 
2026-08-15 18:27:17 Martins-MacBook-Pro Maps[68479] <Warning>: [XGBAutocompleteRanker] üöÄ Rollout ID: 6785b622614dbd65bffd025a
2026-08-15 18:27:17 Martins-MacBook-Pro Maps[68479] <Warning>: [XGBAutocompleteRanker] üéØ Rollout deployment ID: 240000013
2026-08-15 18:27:17 Martins-MacBook-Pro Maps[68479] <Warning>: [XGBAutocompleteRanker] üì¶ Factor pack ID: 6a2108cf34a0c07a0681423b
2026-08-15 18:27:17 Martins-MacBook-Pro Maps[68479] <Warning>: [XGBAutocompleteRanker] üìà Ramp ID: 6a3081ac9d3fb669a8bdb84b
2026-08-15 18:27:17 Martins-MacBook-Pro Maps[68479] <Warning>: [XGBAutocompleteRanker] üß™ Logging experiment metadata to response
2026-08-15 18:27:17 Martins-MacBook-Pro Maps[68479] <Warning>: [XGBAutocompleteRanker] üî¨ Experiment ID: Unknown
2026-08-15 18:27:17 Martins-MacBook-Pro Maps[68479] <Warning>: [XGBAutocompleteRanker] üíä Treatment ID: Unknown
2026-08-15 18:27:17 Martins-MacBook-Pro Maps[68479] <Warning>: [XGBAutocompleteRanker] üö¢ Deployment ID: Unknown
2026-08-15 18:27:17 Martins-MacBook-Pro Maps[68479] <Warning>: [XGBAutocompleteRanker] ‚úÖ Ranking completed successfully with ML model
2026-08-15 18:27:17 Martins-MacBook-Pro Maps[68479] <Warning>: [XGBAutocompleteRanker] üì§ Serializing response for return
2026-08-15 18:27:17 Martins-MacBook-Pro Maps[68479] <Warning>: [XGBAutocompleteRanker] üèÅ Ranking process completed - returning 3375 bytes
2026-08-15 18:27:18 Martins-MacBook-Pro Maps[68479] <Warning>: [XGBAutocompleteRanker] üöÄ Starting ranking process with parameters:
2026-08-15 18:27:18 Martins-MacBook-Pro Maps[68479] <Warning>: [XGBAutocompleteRanker]    üìä Viewport freshness threshold: 600.0
2026-08-15 18:27:18 Martins-MacBook-Pro Maps[68479] <Warning>: [XGBAutocompleteRanker]    üìâ Score demotion factor: 10.0
2026-08-15 18:27:18 Martins-MacBook-Pro Maps[68479] <Warning>: [XGBAutocompleteRanker]    üìè Distance threshold for suppression: 50000.0
2026-08-15 18:27:18 Martins-MacBook-Pro Maps[68479] <Warning>: [XGBAutocompleteRanker]    ‚è∞ Age threshold for distance suppression: 86400.0
2026-08-15 18:27:18 Martins-MacBook-Pro Maps[68479] <Warning>: [XGBAutocompleteRanker]    üéõÔ∏è Ranker module enabled: YES
2026-08-15 18:27:18 Martins-MacBook-Pro Maps[68479] <Warning>: [XGBAutocompleteRanker]    üìè Server score adjustment: 0.00
2026-08-15 18:27:18 Martins-MacBook-Pro Maps[68479] <Warning>: [XGBAutocompleteRanker]    üìè Length threshold: 0.00
2026-08-15 18:27:18 Martins-MacBook-Pro Maps[68479] <Warning>: [XGBAutocompleteRanker] üîÑ MIF provided CoreML model available
2026-08-15 18:27:18 Martins-MacBook-Pro Maps[68479] <Warning>: [XGBAutocompleteRanker] ‚úÖ MIF CoreML model loaded successfully
2026-08-15 18:27:18 Martins-MacBook-Pro Maps[68479] <Warning>: [XGBAutocompleteRanker] üìÑ Parsed request - Client results: 0, Server results: 5
2026-08-15 18:27:18 Martins-MacBook-Pro Maps[68479] <Warning>: [XGBAutocompleteRanker] üèóÔ∏è Processing sections - Total: 4, ClientOnly: 1, Interleave: 3
2026-08-15 18:27:18 Martins-MacBook-Pro Maps[68479] <Warning>: [XGBAutocompleteRanker] ü§ñ ML Model availability: Available
2026-08-15 18:27:18 Martins-MacBook-Pro Maps[68479] <Warning>: [XGBAutocompleteRanker] üî¢ Using 75 features for ranking
2026-08-15 18:27:18 Martins-MacBook-Pro Maps[68479] <Warning>: [XGBAutocompleteRanker] Server Score: 0.2984694634923414
2026-08-15 18:27:18 Martins-MacBook-Pro Maps[68479] <Warning>: [XGBAutocompleteRanker] Server Score: 0.0233361073395932
2026-08-15 18:27:18 Martins-MacBook-Pro Maps[68479] <Warning>: [XGBAutocompleteRanker] Server Score: 0.02601202644729609
2026-08-15 18:27:18 Martins-MacBook-Pro Maps[68479] <Warning>: [XGBAutocompleteRanker] Server Score: 0.01473467375954896
2026-08-15 18:27:18 Martins-MacBook-Pro Maps[68479] <Warning>: [XGBAutocompleteRanker] Server Score: 0.003900226922943241
2026-08-15 18:27:18 Martins-MacBook-Pro Maps[68479] <Warning>: [XGBAutocompleteRanker] üìä Post-processing counts - Client entries: 0, Server entries: 5
2026-08-15 18:27:18 Martins-MacBook-Pro Maps[68479] <Warning>: [XGBAutocompleteRanker] ü•á Max server score: 0.2985
2026-08-15 18:27:18 Martins-MacBook-Pro Maps[68479] <Warning>: [XGBAutocompleteRanker] üîÑ Starting section processing for 4 sections
2026-08-15 18:27:18 Martins-MacBook-Pro Maps[68479] <Warning>: [XGBAutocompleteRanker] üìã Processing section 0
2026-08-15 18:27:18 Martins-MacBook-Pro Maps[68479] <Warning>: [XGBAutocompleteRanker] üñ•Ô∏è Processing server results section
2026-08-15 18:27:18 Martins-MacBook-Pro Maps[68479] <Warning>: [XGBAutocompleteRanker] üñ•Ô∏è Added 0 server entries to section
2026-08-15 18:27:18 Martins-MacBook-Pro Maps[68479] <Warning>: [XGBAutocompleteRanker] ‚ö†Ô∏è No server entries found in section 0, checking for prominent client results
2026-08-15 18:27:18 Martins-MacBook-Pro Maps[68479] <Warning>: [XGBAutocompleteRanker] üìã Processing section 1
2026-08-15 18:27:18 Martins-MacBook-Pro Maps[68479] <Warning>: [XGBAutocompleteRanker] üë§ Processing client-only results section
2026-08-15 18:27:18 Martins-MacBook-Pro Maps[68479] <Warning>: [XGBAutocompleteRanker] üë§ Added 0 entries to client-only section
2026-08-15 18:27:18 Martins-MacBook-Pro Maps[68479] <Warning>: [XGBAutocompleteRanker] üìã Processing section 2
2026-08-15 18:27:18 Martins-MacBook-Pro Maps[68479] <Warning>: [XGBAutocompleteRanker] üñ•Ô∏è Processing server results section
2026-08-15 18:27:18 Martins-MacBook-Pro Maps[68479] <Warning>: [XGBAutocompleteRanker] üñ•Ô∏è Added 1 server entries to section
2026-08-15 18:27:18 Martins-MacBook-Pro Maps[68479] <Warning>: [XGBAutocompleteRanker] üìã Processing section 3
2026-08-15 18:27:18 Martins-MacBook-Pro Maps[68479] <Warning>: [XGBAutocompleteRanker] üîÄ Merging remaining entries - Client: 0, Server: 4
2026-08-15 18:27:18 Martins-MacBook-Pro Maps[68479] <Warning>: [XGBAutocompleteRanker] üß† Using ML model for score-based merging
2026-08-15 18:27:18 Martins-MacBook-Pro Maps[68479] <Warning>: [XGBAutocompleteRanker] ‚úÖ Final merged section contains 4 entries
2026-08-15 18:27:18 Martins-MacBook-Pro Maps[68479] <Warning>: [XGBAutocompleteRanker] üìù Logging model metadata to response
2026-08-15 18:27:18 Martins-MacBook-Pro Maps[68479] <Warning>: [XGBAutocompleteRanker] üè∑Ô∏è Model version: 
2026-08-15 18:27:18 Martins-MacBook-Pro Maps[68479] <Warning>: [XGBAutocompleteRanker] üöÄ Rollout ID: 6785b622614dbd65bffd025a
2026-08-15 18:27:18 Martins-MacBook-Pro Maps[68479] <Warning>: [XGBAutocompleteRanker] üéØ Rollout deployment ID: 240000013
2026-08-15 18:27:18 Martins-MacBook-Pro Maps[68479] <Warning>: [XGBAutocompleteRanker] üì¶ Factor pack ID: 6a2108cf34a0c07a0681423b
2026-08-15 18:27:18 Martins-MacBook-Pro Maps[68479] <Warning>: [XGBAutocompleteRanker] üìà Ramp ID: 6a3081ac9d3fb669a8bdb84b
2026-08-15 18:27:18 Martins-MacBook-Pro Maps[68479] <Warning>: [XGBAutocompleteRanker] üß™ Logging experiment metadata to response
2026-08-15 18:27:18 Martins-MacBook-Pro Maps[68479] <Warning>: [XGBAutocompleteRanker] üî¨ Experiment ID: Unknown
2026-08-15 18:27:18 Martins-MacBook-Pro Maps[68479] <Warning>: [XGBAutocompleteRanker] üíä Treatment ID: Unknown
2026-08-15 18:27:18 Martins-MacBook-Pro Maps[68479] <Warning>: [XGBAutocompleteRanker] üö¢ Deployment ID: Unknown
2026-08-15 18:27:18 Martins-MacBook-Pro Maps[68479] <Warning>: [XGBAutocompleteRanker] ‚úÖ Ranking completed successfully with ML model
2026-08-15 18:27:18 Martins-MacBook-Pro Maps[68479] <Warning>: [XGBAutocompleteRanker] üì§ Serializing response for return
2026-08-15 18:27:18 Martins-MacBook-Pro Maps[68479] <Warning>: [XGBAutocompleteRanker] üèÅ Ranking process completed - returning 23742 bytes
2026-08-15 18:35:13 Martins-MacBook-Pro syslogd[382] <Notice>: ASL Sender Statistics
2026-08-15 18:47:56 Martins-MacBook-Pro syslogd[382] <Notice>: ASL Sender Statistics
2026-08-15 18:58:22 Martins-MacBook-Pro syslogd[382] <Notice>: ASL Sender Statistics
2026-08-15 19:08:38 Martins-MacBook-Pro syslogd[382] <Notice>: ASL Sender Statistics
2026-08-15 19:18:50 Martins-MacBook-Pro syslogd[382] <Notice>: ASL Sender Statistics
2026-08-15 19:29:09 Martins-MacBook-Pro syslogd[382] <Notice>: ASL Sender Statistics
2026-08-15 19:39:44 Martins-MacBook-Pro syslogd[382] <Notice>: ASL Sender Statistics
2026-08-15 19:56:42 Martins-MacBook-Pro syslogd[382] <Notice>: ASL Sender Statistics
2026-08-15 20:07:42 Martins-MacBook-Pro syslogd[382] <Notice>: ASL Sender Statistics
2026-08-15 20:18:44 Martins-MacBook-Pro syslogd[382] <Notice>: ASL Sender Statistics
2026-08-15 20:28:47 Martins-MacBook-Pro syslogd[382] <Notice>: ASL Sender Statistics
2026-08-15 20:41:42 Martins-MacBook-Pro syslogd[382] <Notice>: ASL Sender Statistics
2026-08-15 20:53:51 Martins-MacBook-Pro syslogd[382] <Notice>: ASL Sender Statistics
2026-08-15 21:06:30 Martins-MacBook-Pro syslogd[382] <Notice>: ASL Sender Statistics
2026-08-15 21:17:59 Martins-MacBook-Pro syslogd[382] <Notice>: ASL Sender Statistics
2026-08-15 21:30:05 Martins-MacBook-Pro syslogd[382] <Notice>: Configuration Notice:
ASL Module "com.apple.cdscheduler" claims selected messages.
Those messages may not appear in standard system log files or in the ASL database.
2026-08-15 21:30:05 Martins-MacBook-Pro syslogd[382] <Notice>: Configuration Notice:
ASL Module "com.apple.install" claims selected messages.
Those messages may not appear in standard system log files or in the ASL database.
2026-08-15 21:30:05 Martins-MacBook-Pro syslogd[382] <Notice>: Configuration Notice:
ASL Module "com.apple.authd" sharing output destination "/var/log/asl" with ASL Module "com.apple.asl".
Output parameters from ASL Module "com.apple.asl" override any specified in ASL Module "com.apple.authd".
2026-08-15 21:30:05 Martins-MacBook-Pro syslogd[382] <Notice>: Configuration Notice:
ASL Module "com.apple.authd" sharing output destination "/var/log/system.log" with ASL Module "com.apple.asl".
Output parameters from ASL Module "com.apple.asl" override any specified in ASL Module "com.apple.authd".
2026-08-15 21:30:05 Martins-MacBook-Pro syslogd[382] <Notice>: Configuration Notice:
ASL Module "com.apple.authd" claims selected messages.
Those messages may not appear in standard system log files or in the ASL database.
2026-08-15 21:30:05 Martins-MacBook-Pro syslogd[382] <Notice>: Configuration Notice:
ASL Module "com.apple.eventmonitor" claims selected messages.
Those messages may not appear in standard system log files or in the ASL database.
2026-08-15 21:30:05 Martins-MacBook-Pro syslogd[382] <Notice>: Configuration Notice:
ASL Module "com.apple.mail" claims selected messages.
Those messages may not appear in standard system log files or in the ASL database.
2026-08-15 21:30:05 Martins-MacBook-Pro syslogd[382] <Notice>: Configuration Notice:
ASL Module "com.apple.performance" claims selected messages.
Those messages may not appear in standard system log files or in the ASL database.
2026-08-15 21:30:05 Martins-MacBook-Pro syslogd[382] <Notice>: Configuration Notice:
ASL Module "com.apple.iokit.power" claims selected messages.
Those messages may not appear in standard system log files or in the ASL database.
2026-08-15 21:30:05 Martins-MacBook-Pro syslogd[382] <Notice>: Configuration Notice:
ASL Module "com.apple.contacts.ContactsAutocomplete" claims selected messages.
Those messages may not appear in standard system log files or in the ASL database.
2026-08-15 21:30:05 Martins-MacBook-Pro syslogd[382] <Notice>: Configuration Notice:
ASL Module "com.apple.mkb" sharing output destination "/private/var/log/keybagd.log" with ASL Module "com.apple.mkb.internal".
Output parameters from ASL Module "com.apple.mkb.internal" override any specified in ASL Module "com.apple.mkb".
2026-08-15 21:30:05 Martins-MacBook-Pro syslogd[382] <Notice>: Configuration Notice:
ASL Module "com.apple.mkb" claims selected messages.
Those messages may not appear in standard system log files or in the ASL database.
2026-08-15 21:30:05 Martins-MacBook-Pro syslogd[382] <Notice>: Configuration Notice:
ASL Module "com.apple.MessageTracer" claims selected messages.
Those messages may not appear in standard system log files or in the ASL database.
2026-08-15 21:34:07 Martins-MacBook-Pro syslogd[382] <Notice>: ASL Sender Statistics
2026-08-15 21:49:22 Martins-MacBook-Pro syslogd[382] <Notice>: ASL Sender Statistics
2026-08-15 22:00:00 Martins-MacBook-Pro syslogd[382] <Notice>: ASL Sender Statistics
2026-08-15 22:11:42 Martins-MacBook-Pro syslogd[382] <Notice>: ASL Sender Statistics
2026-08-15 22:26:42 Martins-MacBook-Pro syslogd[382] <Notice>: ASL Sender Statistics
2026-08-15 22:38:55 Martins-MacBook-Pro syslogd[382] <Notice>: ASL Sender Statistics
2026-08-15 22:55:58 Martins-MacBook-Pro syslogd[382] <Notice>: ASL Sender Statistics
2026-08-15 23:06:32 Martins-MacBook-Pro syslogd[382] <Notice>: ASL Sender Statistics
2026-08-15 23:23:07 Martins-MacBook-Pro syslogd[382] <Notice>: ASL Sender Statistics
2026-08-15 23:35:30 Martins-MacBook-Pro syslogd[382] <Notice>: ASL Sender Statistics
2026-08-15 23:48:02 Martins-MacBook-Pro syslogd[382] <Notice>: ASL Sender Statistics
2026-08-16 00:00:00 Martins-MacBook-Pro syslogd[382] <Notice>: ASL Sender Statistics
2026-08-16 00:11:42 Martins-MacBook-Pro syslogd[382] <Notice>: ASL Sender Statistics
2026-08-16 00:26:42 Martins-MacBook-Pro syslogd[382] <Notice>: ASL Sender Statistics
2026-08-16 00:41:42 Martins-MacBook-Pro syslogd[382] <Notice>: ASL Sender Statistics
2026-08-16 00:52:05 Martins-MacBook-Pro syslogd[382] <Notice>: ASL Sender Statistics
2026-08-16 01:03:07 Martins-MacBook-Pro syslogd[382] <Notice>: ASL Sender Statistics
2026-08-16 01:15:42 Martins-MacBook-Pro syslogd[382] <Notice>: ASL Sender Statistics
2026-08-16 01:26:42 Martins-MacBook-Pro syslogd[382] <Notice>: ASL Sender Statistics
2026-08-16 01:36:55 Martins-MacBook-Pro syslogd[382] <Notice>: ASL Sender Statistics
2026-08-16 01:49:34 Martins-MacBook-Pro syslogd[382] <Notice>: ASL Sender Statistics
2026-08-16 02:00:00 Martins-MacBook-Pro syslogd[382] <Notice>: ASL Sender Statistics
2026-08-16 02:11:42 Martins-MacBook-Pro syslogd[382] <Notice>: ASL Sender Statistics
2026-08-16 02:26:42 Martins-MacBook-Pro syslogd[382] <Notice>: ASL Sender Statistics
2026-08-16 02:41:42 Martins-MacBook-Pro syslogd[382] <Notice>: ASL Sender Statistics
2026-08-16 02:56:42 Martins-MacBook-Pro syslogd[382] <Notice>: ASL Sender Statistics
2026-08-16 03:08:37 Martins-MacBook-Pro syslogd[382] <Notice>: ASL Sender Statistics
2026-08-16 03:21:29 Martins-MacBook-Pro syslogd[382] <Notice>: ASL Sender Statistics
2026-08-16 03:31:29 Martins-MacBook-Pro syslogd[382] <Notice>: ASL Sender Statistics
2026-08-16 03:42:47 Martins-MacBook-Pro syslogd[382] <Notice>: ASL Sender Statistics
2026-08-16 03:52:52 Martins-MacBook-Pro syslogd[382] <Notice>: ASL Sender Statistics
2026-08-16 04:02:56 Martins-MacBook-Pro syslogd[382] <Notice>: ASL Sender Statistics
2026-08-16 04:13:12 Martins-MacBook-Pro syslogd[382] <Notice>: ASL Sender Statistics
2026-08-16 04:23:17 Martins-MacBook-Pro syslogd[382] <Notice>: ASL Sender Statistics
2026-08-16 04:36:03 Martins-MacBook-Pro syslogd[382] <Notice>: ASL Sender Statistics
2026-08-16 04:47:03 Martins-MacBook-Pro syslogd[382] <Notice>: ASL Sender Statistics
2026-08-16 04:57:45 Martins-MacBook-Pro syslogd[382] <Notice>: ASL Sender Statistics
2026-08-16 05:07:53 Martins-MacBook-Pro syslogd[382] <Notice>: ASL Sender Statistics
2026-08-16 05:17:56 Martins-MacBook-Pro syslogd[382] <Notice>: ASL Sender Statistics
2026-08-16 05:28:22 Martins-MacBook-Pro syslogd[382] <Notice>: ASL Sender Statistics
2026-08-16 05:39:28 Martins-MacBook-Pro syslogd[382] <Notice>: ASL Sender Statistics
2026-08-16 05:51:56 Martins-MacBook-Pro syslogd[382] <Notice>: ASL Sender Statistics
2026-08-16 06:04:09 Martins-MacBook-Pro syslogd[382] <Notice>: ASL Sender Statistics
2026-08-16 06:19:09 Martins-MacBook-Pro syslogd[382] <Notice>: ASL Sender Statistics
2026-08-16 06:30:00 Martins-MacBook-Pro syslogd[382] <Notice>: ASL Sender Statistics
2026-08-16 06:44:25 Martins-MacBook-Pro syslogd[382] <Notice>: ASL Sender Statistics
2026-08-16 06:57:24 Martins-MacBook-Pro syslogd[382] <Notice>: ASL Sender Statistics
2026-08-16 07:08:09 Martins-MacBook-Pro syslogd[382] <Notice>: ASL Sender Statistics
2026-08-16 07:18:37 Martins-MacBook-Pro syslogd[382] <Notice>: ASL Sender Statistics
2026-08-16 07:32:33 Martins-MacBook-Pro syslogd[382] <Notice>: ASL Sender Statistics
2026-08-16 07:43:58 Martins-MacBook-Pro syslogd[382] <Notice>: ASL Sender Statistics
2026-08-16 07:59:21 Martins-MacBook-Pro syslogd[382] <Notice>: ASL Sender Statistics
2026-08-16 08:13:13 Martins-MacBook-Pro syslogd[382] <Notice>: ASL Sender Statistics
2026-08-16 08:25:48 Martins-MacBook-Pro syslogd[382] <Notice>: ASL Sender Statistics
2026-08-16 08:38:15 Martins-MacBook-Pro syslogd[382] <Notice>: ASL Sender Statistics
2026-08-16 08:49:09 Martins-MacBook-Pro syslogd[382] <Notice>: ASL Sender Statistics
2026-08-16 09:00:01 Martins-MacBook-Pro syslogd[382] <Notice>: ASL Sender Statistics
2026-08-16 09:10:26 Martins-MacBook-Pro syslogd[382] <Notice>: ASL Sender Statistics
2026-08-16 09:27:40 Martins-MacBook-Pro syslogd[382] <Notice>: ASL Sender Statistics
2026-08-16 09:39:27 Martins-MacBook-Pro syslogd[382] <Notice>: ASL Sender Statistics
2026-08-16 09:52:18 Martins-MacBook-Pro syslogd[382] <Notice>: ASL Sender Statistics
2026-08-16 10:04:09 Martins-MacBook-Pro syslogd[382] <Notice>: ASL Sender Statistics
2026-08-16 10:19:09 Martins-MacBook-Pro syslogd[382] <Notice>: ASL Sender Statistics
2026-08-16 10:30:45 Martins-MacBook-Pro syslogd[382] <Notice>: ASL Sender Statistics
2026-08-16 10:41:05 Martins-MacBook-Pro syslogd[382] <Notice>: ASL Sender Statistics
2026-08-16 10:55:02 Martins-MacBook-Pro syslogd[382] <Notice>: ASL Sender Statistics
2026-08-16 11:08:26 Martins-MacBook-Pro syslogd[382] <Notice>: ASL Sender Statistics
2026-08-16 11:19:09 Martins-MacBook-Pro syslogd[382] <Notice>: ASL Sender Statistics
2026-08-16 11:31:45 Martins-MacBook-Pro syslogd[382] <Notice>: ASL Sender Statistics
2026-08-16 11:43:58 Martins-MacBook-Pro syslogd[382] <Notice>: ASL Sender Statistics
2026-08-16 12:00:00 Martins-MacBook-Pro syslogd[382] <Notice>: ASL Sender Statistics
2026-08-16 12:13:52 Martins-MacBook-Pro syslogd[382] <Notice>: ASL Sender Statistics
2026-08-16 12:27:48 Martins-MacBook-Pro syslogd[382] <Notice>: ASL Sender Statistics
2026-08-16 12:40:38 Martins-MacBook-Pro syslogd[382] <Notice>: ASL Sender Statistics
2026-08-16 12:52:21 Martins-MacBook-Pro syslogd[382] <Notice>: ASL Sender Statistics
2026-08-16 13:04:09 Martins-MacBook-Pro syslogd[382] <Notice>: ASL Sender Statistics
2026-08-16 13:16:22 Martins-MacBook-Pro syslogd[382] <Notice>: ASL Sender Statistics
2026-08-16 13:26:30 Martins-MacBook-Pro syslogd[382] <Notice>: ASL Sender Statistics
2026-08-16 13:52:26 Martins-MacBook-Pro syslogd[382] <Notice>: ASL Sender Statistics
2026-08-16 14:05:29 Martins-MacBook-Pro syslogd[382] <Notice>: ASL Sender Statistics
2026-08-16 14:17:17 Martins-MacBook-Pro syslogd[382] <Notice>: ASL Sender Statistics
2026-08-16 14:37:12 Martins-MacBook-Pro syslogd[382] <Notice>: ASL Sender Statistics
2026-08-16 14:50:32 Martins-MacBook-Pro syslogd[382] <Notice>: ASL Sender Statistics
2026-08-16 15:06:20 Martins-MacBook-Pro syslogd[382] <Notice>: ASL Sender Statistics
2026-08-16 15:31:56 Martins-MacBook-Pro syslogd[382] <Notice>: ASL Sender Statistics
2026-08-16 15:56:40 Martins-MacBook-Pro syslogd[382] <Notice>: ASL Sender Statistics
2026-08-16 16:13:50 Martins-MacBook-Pro syslogd[382] <Notice>: ASL Sender Statistics
2026-08-16 16:31:11 Martins-MacBook-Pro syslogd[382] <Notice>: ASL Sender Statistics
2026-08-16 16:49:13 Martins-MacBook-Pro syslogd[382] <Notice>: ASL Sender Statistics
2026-08-16 17:00:59 Martins-MacBook-Pro syslogd[382] <Notice>: ASL Sender Statistics
2026-08-16 17:11:27 Martins-MacBook-Pro syslogd[382] <Notice>: ASL Sender Statistics
2026-08-16 17:25:00 Martins-MacBook-Pro syslogd[382] <Notice>: ASL Sender Statistics
2026-08-16 17:45:10 Martins-MacBook-Pro syslogd[382] <Notice>: ASL Sender Statistics
2026-08-16 17:55:37 Martins-MacBook-Pro syslogd[382] <Notice>: ASL Sender Statistics
2026-08-16 18:13:22 Martins-MacBook-Pro syslogd[382] <Notice>: ASL Sender Statistics
2026-08-16 18:23:39 Martins-MacBook-Pro syslogd[382] <Notice>: ASL Sender Statistics
2026-08-16 18:34:00 Martins-MacBook-Pro syslogd[382] <Notice>: ASL Sender Statistics
2026-08-16 18:44:47 Martins-MacBook-Pro syslogd[382] <Notice>: ASL Sender Statistics
2026-08-16 18:55:26 Martins-MacBook-Pro syslogd[382] <Notice>: ASL Sender Statistics
2026-08-16 19:05:32 Martins-MacBook-Pro syslogd[382] <Notice>: ASL Sender Statistics
2026-08-16 19:18:25 Martins-MacBook-Pro syslogd[382] <Notice>: ASL Sender Statistics
2026-08-16 19:36:18 Martins-MacBook-Pro syslogd[382] <Notice>: ASL Sender Statistics
2026-08-16 19:51:38 Martins-MacBook-Pro syslogd[382] <Notice>: ASL Sender Statistics
2026-08-16 20:12:08 Martins-MacBook-Pro syslogd[382] <Notice>: ASL Sender Statistics
2026-08-16 20:32:06 Martins-MacBook-Pro syslogd[382] <Notice>: ASL Sender Statistics
2026-08-16 20:42:06 Martins-MacBook-Pro syslogd[382] <Notice>: ASL Sender Statistics
2026-08-16 20:59:11 Martins-MacBook-Pro syslogd[382] <Notice>: ASL Sender Statistics
2026-08-16 21:26:17 Martins-MacBook-Pro syslogd[382] <Notice>: ASL Sender Statistics
2026-08-16 21:33:17 Martins-MacBook-Pro syslogd[382] <Notice>: Configuration Notice:
ASL Module "com.apple.cdscheduler" claims selected messages.
Those messages may not appear in standard system log files or in the ASL database.
2026-08-16 21:33:17 Martins-MacBook-Pro syslogd[382] <Notice>: Configuration Notice:
ASL Module "com.apple.install" claims selected messages.
Those messages may not appear in standard system log files or in the ASL database.
2026-08-16 21:33:17 Martins-MacBook-Pro syslogd[382] <Notice>: Configuration Notice:
ASL Module "com.apple.authd" sharing output destination "/var/log/asl" with ASL Module "com.apple.asl".
Output parameters from ASL Module "com.apple.asl" override any specified in ASL Module "com.apple.authd".
2026-08-16 21:33:17 Martins-MacBook-Pro syslogd[382] <Notice>: Configuration Notice:
ASL Module "com.apple.authd" sharing output destination "/var/log/system.log" with ASL Module "com.apple.asl".
Output parameters from ASL Module "com.apple.asl" override any specified in ASL Module "com.apple.authd".
2026-08-16 21:33:17 Martins-MacBook-Pro syslogd[382] <Notice>: Configuration Notice:
ASL Module "com.apple.authd" claims selected messages.
Those messages may not appear in standard system log files or in the ASL database.
2026-08-16 21:33:17 Martins-MacBook-Pro syslogd[382] <Notice>: Configuration Notice:
ASL Module "com.apple.eventmonitor" claims selected messages.
Those messages may not appear in standard system log files or in the ASL database.
2026-08-16 21:33:17 Martins-MacBook-Pro syslogd[382] <Notice>: Configuration Notice:
ASL Module "com.apple.mail" claims selected messages.
Those messages may not appear in standard system log files or in the ASL database.
2026-08-16 21:33:17 Martins-MacBook-Pro syslogd[382] <Notice>: Configuration Notice:
ASL Module "com.apple.performance" claims selected messages.
Those messages may not appear in standard system log files or in the ASL database.
2026-08-16 21:33:17 Martins-MacBook-Pro syslogd[382] <Notice>: Configuration Notice:
ASL Module "com.apple.iokit.power" claims selected messages.
Those messages may not appear in standard system log files or in the ASL database.
2026-08-16 21:33:17 Martins-MacBook-Pro syslogd[382] <Notice>: Configuration Notice:
ASL Module "com.apple.contacts.ContactsAutocomplete" claims selected messages.
Those messages may not appear in standard system log files or in the ASL database.
2026-08-16 21:33:17 Martins-MacBook-Pro syslogd[382] <Notice>: Configuration Notice:
ASL Module "com.apple.mkb" sharing output destination "/private/var/log/keybagd.log" with ASL Module "com.apple.mkb.internal".
Output parameters from ASL Module "com.apple.mkb.internal" override any specified in ASL Module "com.apple.mkb".
2026-08-16 21:33:17 Martins-MacBook-Pro syslogd[382] <Notice>: Configuration Notice:
ASL Module "com.apple.mkb" claims selected messages.
Those messages may not appear in standard system log files or in the ASL database.
2026-08-16 21:33:17 Martins-MacBook-Pro syslogd[382] <Notice>: Configuration Notice:
ASL Module "com.apple.MessageTracer" claims selected messages.
Those messages may not appear in standard system log files or in the ASL database.
2026-08-16 21:52:06 Martins-MacBook-Pro syslogd[382] <Notice>: ASL Sender Statistics
2026-08-16 22:08:36 Martins-MacBook-Pro syslogd[382] <Notice>: ASL Sender Statistics
2026-08-16 22:25:40 Martins-MacBook-Pro syslogd[382] <Notice>: ASL Sender Statistics
2026-08-16 22:42:35 Martins-MacBook-Pro syslogd[382] <Notice>: ASL Sender Statistics
2026-08-16 22:59:04 Martins-MacBook-Pro syslogd[382] <Notice>: ASL Sender Statistics
2026-08-16 23:09:36 Martins-MacBook-Pro syslogd[382] <Notice>: ASL Sender Statistics
2026-08-16 23:26:05 Martins-MacBook-Pro syslogd[382] <Notice>: ASL Sender Statistics
2026-08-16 23:46:27 Martins-MacBook-Pro syslogd[382] <Notice>: ASL Sender Statistics
2026-08-16 23:59:12 Martins-MacBook-Pro syslogd[382] <Notice>: ASL Sender Statistics
2026-08-17 00:10:36 Martins-MacBook-Pro syslogd[382] <Notice>: ASL Sender Statistics
2026-08-17 00:28:40 Martins-MacBook-Pro syslogd[382] <Notice>: ASL Sender Statistics
2026-08-17 00:46:21 Martins-MacBook-Pro syslogd[382] <Notice>: ASL Sender Statistics
2026-08-17 01:05:08 Martins-MacBook-Pro syslogd[382] <Notice>: ASL Sender Statistics
2026-08-17 01:27:06 Martins-MacBook-Pro syslogd[382] <Notice>: ASL Sender Statistics
2026-08-17 01:43:07 Martins-MacBook-Pro syslogd[382] <Notice>: ASL Sender Statistics
2026-08-17 02:03:48 Martins-MacBook-Pro syslogd[382] <Notice>: ASL Sender Statistics
2026-08-17 02:29:31 Martins-MacBook-Pro syslogd[382] <Notice>: ASL Sender Statistics
2026-08-17 02:45:52 Martins-MacBook-Pro syslogd[382] <Notice>: ASL Sender Statistics
2026-08-17 03:03:48 Martins-MacBook-Pro syslogd[382] <Notice>: ASL Sender Statistics
2026-08-17 03:19:53 Martins-MacBook-Pro syslogd[382] <Notice>: ASL Sender Statistics
2026-08-17 03:40:16 Martins-MacBook-Pro syslogd[382] <Notice>: ASL Sender Statistics
2026-08-17 03:50:24 Martins-MacBook-Pro syslogd[382] <Notice>: ASL Sender Statistics
2026-08-17 04:04:38 Martins-MacBook-Pro syslogd[382] <Notice>: ASL Sender Statistics
2026-08-17 04:14:41 Martins-MacBook-Pro syslogd[382] <Notice>: ASL Sender Statistics
2026-08-17 04:24:45 Martins-MacBook-Pro syslogd[382] <Notice>: ASL Sender Statistics
2026-08-17 04:39:44 Martins-MacBook-Pro syslogd[382] <Notice>: ASL Sender Statistics
2026-08-17 04:51:00 Martins-MacBook-Pro syslogd[382] <Notice>: ASL Sender Statistics
2026-08-17 05:01:29 Martins-MacBook-Pro syslogd[382] <Notice>: ASL Sender Statistics
2026-08-17 05:12:02 Martins-MacBook-Pro syslogd[382] <Notice>: ASL Sender Statistics
2026-08-17 05:22:08 Martins-MacBook-Pro syslogd[382] <Notice>: ASL Sender Statistics
2026-08-17 05:32:09 Martins-MacBook-Pro syslogd[382] <Notice>: ASL Sender Statistics
2026-08-17 05:42:20 Martins-MacBook-Pro syslogd[382] <Notice>: ASL Sender Statistics
2026-08-17 05:52:49 Martins-MacBook-Pro syslogd[382] <Notice>: ASL Sender Statistics
2026-08-17 06:05:33 Martins-MacBook-Pro syslogd[382] <Notice>: ASL Sender Statistics
2026-08-17 06:16:39 Martins-MacBook-Pro syslogd[382] <Notice>: ASL Sender Statistics
2026-08-17 06:27:00 Martins-MacBook-Pro syslogd[382] <Notice>: ASL Sender Statistics
2026-08-17 06:37:31 Martins-MacBook-Pro syslogd[382] <Notice>: ASL Sender Statistics
2026-08-17 06:47:35 Martins-MacBook-Pro syslogd[382] <Notice>: ASL Sender Statistics
2026-08-17 06:58:08 Martins-MacBook-Pro syslogd[382] <Notice>: ASL Sender Statistics
2026-08-17 07:08:09 Martins-MacBook-Pro syslogd[382] <Notice>: ASL Sender Statistics
2026-08-17 07:18:21 Martins-MacBook-Pro syslogd[382] <Notice>: ASL Sender Statistics
2026-08-17 07:28:25 Martins-MacBook-Pro syslogd[382] <Notice>: ASL Sender Statistics
2026-08-17 07:38:32 Martins-MacBook-Pro syslogd[382] <Notice>: ASL Sender Statistics
2026-08-17 07:51:01 Martins-MacBook-Pro syslogd[382] <Notice>: ASL Sender Statistics
2026-08-17 08:07:12 Martins-MacBook-Pro syslogd[382] <Notice>: ASL Sender Statistics
2026-08-17 08:18:34 Martins-MacBook-Pro syslogd[382] <Notice>: ASL Sender Statistics
2026-08-17 08:28:42 Martins-MacBook-Pro syslogd[382] <Notice>: ASL Sender Statistics
2026-08-17 08:39:01 Martins-MacBook-Pro syslogd[382] <Notice>: ASL Sender Statistics
2026-08-17 08:49:58 Martins-MacBook-Pro syslogd[382] <Notice>: ASL Sender Statistics
2026-08-17 09:00:00 Martins-MacBook-Pro syslogd[382] <Notice>: ASL Sender Statistics
2026-08-17 09:10:05 Martins-MacBook-Pro syslogd[382] <Notice>: ASL Sender Statistics
2026-08-17 09:20:24 Martins-MacBook-Pro syslogd[382] <Notice>: ASL Sender Statistics
2026-08-17 09:30:36 Martins-MacBook-Pro syslogd[382] <Notice>: ASL Sender Statistics
2026-08-17 09:40:54 Martins-MacBook-Pro syslogd[382] <Notice>: ASL Sender Statistics
2026-08-17 09:51:17 Martins-MacBook-Pro syslogd[382] <Notice>: ASL Sender Statistics
2026-08-17 10:01:38 Martins-MacBook-Pro syslogd[382] <Notice>: ASL Sender Statistics
2026-08-17 10:12:07 Martins-MacBook-Pro syslogd[382] <Notice>: ASL Sender Statistics
2026-08-17 10:22:15 Martins-MacBook-Pro syslogd[382] <Notice>: ASL Sender Statistics
2026-08-17 10:32:51 Martins-MacBook-Pro syslogd[382] <Notice>: ASL Sender Statistics
2026-08-17 10:43:26 Martins-MacBook-Pro syslogd[382] <Notice>: ASL Sender Statistics
2026-08-17 10:53:55 Martins-MacBook-Pro syslogd[382] <Notice>: ASL Sender Statistics
2026-08-17 11:04:19 Martins-MacBook-Pro syslogd[382] <Notice>: ASL Sender Statistics
2026-08-17 11:15:13 Martins-MacBook-Pro syslogd[382] <Notice>: ASL Sender Statistics
2026-08-17 11:26:00 Martins-MacBook-Pro syslogd[382] <Notice>: ASL Sender Statistics
2026-08-17 11:37:34 Martins-MacBook-Pro syslogd[382] <Notice>: ASL Sender Statistics
2026-08-17 11:47:54 Martins-MacBook-Pro syslogd[382] <Notice>: ASL Sender Statistics
2026-08-17 11:58:07 Martins-MacBook-Pro syslogd[382] <Notice>: ASL Sender Statistics
2026-08-17 12:12:52 Martins-MacBook-Pro syslogd[382] <Notice>: ASL Sender Statistics
2026-08-17 12:23:21 Martins-MacBook-Pro syslogd[382] <Notice>: ASL Sender Statistics
2026-08-17 12:33:31 Martins-MacBook-Pro syslogd[382] <Notice>: ASL Sender Statistics
2026-08-17 12:43:33 Martins-MacBook-Pro syslogd[382] <Notice>: ASL Sender Statistics
2026-08-17 12:53:53 Martins-MacBook-Pro syslogd[382] <Notice>: ASL Sender Statistics
2026-08-17 13:05:53 Martins-MacBook-Pro syslogd[382] <Notice>: ASL Sender Statistics
2026-08-17 13:16:06 Martins-MacBook-Pro syslogd[382] <Notice>: ASL Sender Statistics
2026-08-17 13:26:08 Martins-MacBook-Pro syslogd[382] <Notice>: ASL Sender Statistics
2026-08-17 13:36:36 Martins-MacBook-Pro syslogd[382] <Notice>: ASL Sender Statistics
2026-08-17 13:47:25 Martins-MacBook-Pro syslogd[382] <Notice>: ASL Sender Statistics
2026-08-17 13:59:36 Martins-MacBook-Pro syslogd[382] <Notice>: ASL Sender Statistics
2026-08-17 14:10:17 Martins-MacBook-Pro syslogd[382] <Notice>: ASL Sender Statistics
2026-08-17 14:21:50 Martins-MacBook-Pro syslogd[382] <Notice>: ASL Sender Statistics
2026-08-17 14:32:44 Martins-MacBook-Pro syslogd[382] <Notice>: ASL Sender Statistics
2026-08-17 14:43:57 Martins-MacBook-Pro syslogd[382] <Notice>: ASL Sender Statistics
2026-08-17 14:54:10 Martins-MacBook-Pro syslogd[382] <Notice>: ASL Sender Statistics
2026-08-17 15:06:35 Martins-MacBook-Pro syslogd[382] <Notice>: ASL Sender Statistics
2026-08-17 15:16:35 Martins-MacBook-Pro syslogd[382] <Notice>: ASL Sender Statistics
2026-08-17 15:26:35 Martins-MacBook-Pro syslogd[382] <Notice>: ASL Sender Statistics
2026-08-17 15:36:35 Martins-MacBook-Pro syslogd[382] <Notice>: ASL Sender Statistics
2026-08-17 15:46:48 Martins-MacBook-Pro syslogd[382] <Notice>: ASL Sender Statistics
2026-08-17 15:56:49 Martins-MacBook-Pro syslogd[382] <Notice>: ASL Sender Statistics
2026-08-17 16:06:50 Martins-MacBook-Pro syslogd[382] <Notice>: ASL Sender Statistics
2026-08-17 16:31:48 Martins-MacBook-Pro syslogd[382] <Notice>: ASL Sender Statistics
2026-08-17 16:45:55 Martins-MacBook-Pro syslogd[382] <Notice>: ASL Sender Statistics
2026-08-17 17:02:43 Martins-MacBook-Pro syslogd[382] <Notice>: ASL Sender Statistics
2026-08-17 17:15:33 Martins-MacBook-Pro syslogd[382] <Notice>: ASL Sender Statistics
2026-08-17 17:25:40 Martins-MacBook-Pro syslogd[382] <Notice>: ASL Sender Statistics
2026-08-17 17:36:41 Martins-MacBook-Pro syslogd[382] <Notice>: ASL Sender Statistics
2026-08-17 17:47:06 Martins-MacBook-Pro syslogd[382] <Notice>: ASL Sender Statistics
2026-08-17 17:59:13 Martins-MacBook-Pro syslogd[382] <Notice>: ASL Sender Statistics
2026-08-17 18:09:23 Martins-MacBook-Pro syslogd[382] <Notice>: ASL Sender Statistics
2026-08-17 18:19:53 Martins-MacBook-Pro syslogd[382] <Notice>: ASL Sender Statistics
2026-08-17 18:30:41 Martins-MacBook-Pro syslogd[382] <Notice>: ASL Sender Statistics
2026-08-17 18:41:11 Martins-MacBook-Pro syslogd[382] <Notice>: ASL Sender Statistics
2026-08-17 18:54:12 Martins-MacBook-Pro syslogd[382] <Notice>: ASL Sender Statistics
2026-08-17 19:04:53 Martins-MacBook-Pro syslogd[382] <Notice>: ASL Sender Statistics
2026-08-17 19:14:56 Martins-MacBook-Pro syslogd[382] <Notice>: ASL Sender Statistics
2026-08-17 19:25:33 Martins-MacBook-Pro syslogd[382] <Notice>: ASL Sender Statistics
2026-08-17 19:45:12 Martins-MacBook-Pro syslogd[382] <Notice>: ASL Sender Statistics
2026-08-17 19:59:57 Martins-MacBook-Pro syslogd[382] <Notice>: ASL Sender Statistics
2026-08-17 20:16:11 Martins-MacBook-Pro syslogd[382] <Notice>: ASL Sender Statistics
2026-08-17 20:30:40 Martins-MacBook-Pro syslogd[382] <Notice>: ASL Sender Statistics
2026-08-17 20:47:21 Martins-MacBook-Pro syslogd[382] <Notice>: ASL Sender Statistics
2026-08-17 21:07:56 Martins-MacBook-Pro syslogd[382] <Notice>: ASL Sender Statistics
2026-08-17 21:19:55 Martins-MacBook-Pro syslogd[382] <Notice>: ASL Sender Statistics
2026-08-17 21:35:49 Martins-MacBook-Pro syslogd[382] <Notice>: ASL Sender Statistics
2026-08-17 21:35:49 Martins-MacBook-Pro syslogd[382] <Notice>: Configuration Notice:
ASL Module "com.apple.cdscheduler" claims selected messages.
Those messages may not appear in standard system log files or in the ASL database.
2026-08-17 21:35:49 Martins-MacBook-Pro syslogd[382] <Notice>: Configuration Notice:
ASL Module "com.apple.install" claims selected messages.
Those messages may not appear in standard system log files or in the ASL database.
2026-08-17 21:35:49 Martins-MacBook-Pro syslogd[382] <Notice>: Configuration Notice:
ASL Module "com.apple.authd" sharing output destination "/var/log/asl" with ASL Module "com.apple.asl".
Output parameters from ASL Module "com.apple.asl" override any specified in ASL Module "com.apple.authd".
2026-08-17 21:35:49 Martins-MacBook-Pro syslogd[382] <Notice>: Configuration Notice:
ASL Module "com.apple.authd" sharing output destination "/var/log/system.log" with ASL Module "com.apple.asl".
Output parameters from ASL Module "com.apple.asl" override any specified in ASL Module "com.apple.authd".
2026-08-17 21:35:49 Martins-MacBook-Pro syslogd[382] <Notice>: Configuration Notice:
ASL Module "com.apple.authd" claims selected messages.
Those messages may not appear in standard system log files or in the ASL database.
2026-08-17 21:35:49 Martins-MacBook-Pro syslogd[382] <Notice>: Configuration Notice:
ASL Module "com.apple.eventmonitor" claims selected messages.
Those messages may not appear in standard system log files or in the ASL database.
2026-08-17 21:35:49 Martins-MacBook-Pro syslogd[382] <Notice>: Configuration Notice:
ASL Module "com.apple.mail" claims selected messages.
Those messages may not appear in standard system log files or in the ASL database.
2026-08-17 21:35:49 Martins-MacBook-Pro syslogd[382] <Notice>: Configuration Notice:
ASL Module "com.apple.performance" claims selected messages.
Those messages may not appear in standard system log files or in the ASL database.
2026-08-17 21:35:49 Martins-MacBook-Pro syslogd[382] <Notice>: Configuration Notice:
ASL Module "com.apple.iokit.power" claims selected messages.
Those messages may not appear in standard system log files or in the ASL database.
2026-08-17 21:35:49 Martins-MacBook-Pro syslogd[382] <Notice>: Configuration Notice:
ASL Module "com.apple.contacts.ContactsAutocomplete" claims selected messages.
Those messages may not appear in standard system log files or in the ASL database.
2026-08-17 21:35:49 Martins-MacBook-Pro syslogd[382] <Notice>: Configuration Notice:
ASL Module "com.apple.mkb" sharing output destination "/private/var/log/keybagd.log" with ASL Module "com.apple.mkb.internal".
Output parameters from ASL Module "com.apple.mkb.internal" override any specified in ASL Module "com.apple.mkb".
2026-08-17 21:35:49 Martins-MacBook-Pro syslogd[382] <Notice>: Configuration Notice:
ASL Module "com.apple.mkb" claims selected messages.
Those messages may not appear in standard system log files or in the ASL database.
2026-08-17 21:35:49 Martins-MacBook-Pro syslogd[382] <Notice>: Configuration Notice:
ASL Module "com.apple.MessageTracer" claims selected messages.
Those messages may not appear in standard system log files or in the ASL database.
2026-08-17 21:54:40 Martins-MacBook-Pro syslogd[382] <Notice>: ASL Sender Statistics
2026-08-17 22:10:19 Martins-MacBook-Pro syslogd[382] <Notice>: ASL Sender Statistics
2026-08-17 22:20:55 Martins-MacBook-Pro syslogd[382] <Notice>: ASL Sender Statistics
2026-08-17 22:37:20 Martins-MacBook-Pro syslogd[382] <Notice>: ASL Sender Statistics
2026-08-17 22:56:48 Martins-MacBook-Pro syslogd[382] <Notice>: ASL Sender Statistics
2026-08-17 23:07:26 Martins-MacBook-Pro syslogd[382] <Notice>: ASL Sender Statistics
2026-08-17 23:21:55 Martins-MacBook-Pro syslogd[382] <Notice>: ASL Sender Statistics
2026-08-17 23:39:04 Martins-MacBook-Pro syslogd[382] <Notice>: ASL Sender Statistics
2026-08-17 23:58:28 Martins-MacBook-Pro syslogd[382] <Notice>: ASL Sender Statistics
2026-08-18 00:15:50 Martins-MacBook-Pro syslogd[382] <Notice>: ASL Sender Statistics
2026-08-18 00:26:26 Martins-MacBook-Pro syslogd[382] <Notice>: ASL Sender Statistics
2026-08-18 00:48:37 Martins-MacBook-Pro syslogd[382] <Notice>: ASL Sender Statistics
2026-08-18 01:07:48 Martins-MacBook-Pro syslogd[382] <Notice>: ASL Sender Statistics
2026-08-18 01:23:55 Martins-MacBook-Pro syslogd[382] <Notice>: ASL Sender Statistics
2026-08-18 01:41:25 Martins-MacBook-Pro syslogd[382] <Notice>: ASL Sender Statistics
2026-08-18 02:00:23 Martins-MacBook-Pro syslogd[382] <Notice>: ASL Sender Statistics
2026-08-18 02:17:46 Martins-MacBook-Pro syslogd[382] <Notice>: ASL Sender Statistics
2026-08-18 02:28:30 Martins-MacBook-Pro syslogd[382] <Notice>: ASL Sender Statistics
2026-08-18 02:52:51 Martins-MacBook-Pro syslogd[382] <Notice>: ASL Sender Statistics
2026-08-18 03:03:49 Martins-MacBook-Pro syslogd[382] <Notice>: ASL Sender Statistics
2026-08-18 03:14:55 Martins-MacBook-Pro syslogd[382] <Notice>: ASL Sender Statistics
2026-08-18 03:24:59 Martins-MacBook-Pro syslogd[382] <Notice>: ASL Sender Statistics
2026-08-18 03:37:04 Martins-MacBook-Pro syslogd[382] <Notice>: ASL Sender Statistics
2026-08-18 03:49:09 Martins-MacBook-Pro syslogd[382] <Notice>: ASL Sender Statistics
2026-08-18 04:12:05 Martins-MacBook-Pro syslogd[382] <Notice>: ASL Sender Statistics
2026-08-18 04:22:06 Martins-MacBook-Pro syslogd[382] <Notice>: ASL Sender Statistics
2026-08-18 04:32:31 Martins-MacBook-Pro syslogd[382] <Notice>: ASL Sender Statistics
2026-08-18 04:43:09 Martins-MacBook-Pro syslogd[382] <Notice>: ASL Sender Statistics
2026-08-18 05:00:12 Martins-MacBook-Pro syslogd[382] <Notice>: ASL Sender Statistics
2026-08-18 05:16:20 Martins-MacBook-Pro syslogd[382] <Notice>: ASL Sender Statistics
2026-08-18 05:29:18 Martins-MacBook-Pro syslogd[382] <Notice>: ASL Sender Statistics
2026-08-18 05:47:56 Martins-MacBook-Pro syslogd[382] <Notice>: ASL Sender Statistics
2026-08-18 05:58:30 Martins-MacBook-Pro syslogd[382] <Notice>: ASL Sender Statistics
2026-08-18 06:08:32 Martins-MacBook-Pro syslogd[382] <Notice>: ASL Sender Statistics
2026-08-18 06:20:55 Martins-MacBook-Pro syslogd[382] <Notice>: ASL Sender Statistics
2026-08-18 06:31:45 Martins-MacBook-Pro syslogd[382] <Notice>: ASL Sender Statistics
2026-08-18 06:42:05 Martins-MacBook-Pro syslogd[382] <Notice>: ASL Sender Statistics
2026-08-18 06:52:23 Martins-MacBook-Pro syslogd[382] <Notice>: ASL Sender Statistics
2026-08-18 07:05:05 Martins-MacBook-Pro syslogd[382] <Notice>: ASL Sender Statistics
2026-08-18 07:23:53 Martins-MacBook-Pro syslogd[382] <Notice>: ASL Sender Statistics
2026-08-18 07:34:49 Martins-MacBook-Pro syslogd[382] <Notice>: ASL Sender Statistics
2026-08-18 07:44:50 Martins-MacBook-Pro syslogd[382] <Notice>: ASL Sender Statistics
2026-08-18 07:54:50 Martins-MacBook-Pro syslogd[382] <Notice>: ASL Sender Statistics
2026-08-18 08:05:05 Martins-MacBook-Pro syslogd[382] <Notice>: ASL Sender Statistics
2026-08-18 08:16:19 Martins-MacBook-Pro syslogd[382] <Notice>: ASL Sender Statistics
2026-08-18 08:26:24 Martins-MacBook-Pro syslogd[382] <Notice>: ASL Sender Statistics
2026-08-18 08:38:22 Martins-MacBook-Pro syslogd[382] <Notice>: ASL Sender Statistics
2026-08-18 08:53:33 Martins-MacBook-Pro syslogd[382] <Notice>: ASL Sender Statistics
2026-08-18 09:05:05 Martins-MacBook-Pro syslogd[382] <Notice>: ASL Sender Statistics
2026-08-18 09:16:09 Martins-MacBook-Pro syslogd[382] <Notice>: ASL Sender Statistics
2026-08-18 09:26:38 Martins-MacBook-Pro syslogd[382] <Notice>: ASL Sender Statistics
2026-08-18 09:36:42 Martins-MacBook-Pro syslogd[382] <Notice>: ASL Sender Statistics
2026-08-18 09:48:21 Martins-MacBook-Pro syslogd[382] <Notice>: ASL Sender Statistics
2026-08-18 09:59:28 Martins-MacBook-Pro syslogd[382] <Notice>: ASL Sender Statistics
2026-08-18 10:13:41 Martins-MacBook-Pro syslogd[382] <Notice>: ASL Sender Statistics
2026-08-18 10:30:00 Martins-MacBook-Pro syslogd[382] <Notice>: ASL Sender Statistics
2026-08-18 10:41:28 Martins-MacBook-Pro syslogd[382] <Notice>: ASL Sender Statistics
2026-08-18 10:52:31 Martins-MacBook-Pro syslogd[382] <Notice>: ASL Sender Statistics
2026-08-18 11:14:27 Martins-MacBook-Pro syslogd[382] <Notice>: ASL Sender Statistics
2026-08-18 11:24:27 Martins-MacBook-Pro syslogd[382] <Notice>: ASL Sender Statistics
2026-08-18 11:34:49 Martins-MacBook-Pro syslogd[382] <Notice>: ASL Sender Statistics
2026-08-18 11:47:14 Martins-MacBook-Pro syslogd[382] <Notice>: ASL Sender Statistics
2026-08-18 11:57:26 Martins-MacBook-Pro syslogd[382] <Notice>: ASL Sender Statistics
2026-08-18 12:22:49 Martins-MacBook-Pro syslogd[382] <Notice>: ASL Sender Statistics
2026-08-18 12:39:32 Martins-MacBook-Pro syslogd[382] <Notice>: ASL Sender Statistics
2026-08-18 12:52:08 Martins-MacBook-Pro syslogd[382] <Notice>: ASL Sender Statistics
2026-08-18 13:02:08 Martins-MacBook-Pro syslogd[382] <Notice>: ASL Sender Statistics
2026-08-18 13:12:09 Martins-MacBook-Pro syslogd[382] <Notice>: ASL Sender Statistics
2026-08-18 13:27:57 Martins-MacBook-Pro syslogd[382] <Notice>: ASL Sender Statistics
2026-08-18 13:46:31 Martins-MacBook-Pro syslogd[382] <Notice>: ASL Sender Statistics
2026-08-18 14:01:10 Martins-MacBook-Pro syslogd[382] <Notice>: ASL Sender Statistics
2026-08-18 14:11:15 Martins-MacBook-Pro syslogd[382] <Notice>: ASL Sender Statistics
2026-08-18 14:21:19 Martins-MacBook-Pro syslogd[382] <Notice>: ASL Sender Statistics
2026-08-18 14:32:26 Martins-MacBook-Pro syslogd[382] <Notice>: ASL Sender Statistics
2026-08-18 14:44:58 Martins-MacBook-Pro syslogd[382] <Notice>: ASL Sender Statistics
2026-08-18 14:59:56 Martins-MacBook-Pro syslogd[382] <Notice>: ASL Sender Statistics
2026-08-18 15:10:05 Martins-MacBook-Pro syslogd[382] <Notice>: ASL Sender Statistics
2026-08-18 15:24:48 Martins-MacBook-Pro syslogd[382] <Notice>: ASL Sender Statistics
2026-08-18 15:27:58 Martins-MacBook-Pro Messages[2206] <Error>: 395196561006 11 AVE : Compiled 905.40.1 in prod on Jul 11 2026 17:45:35
2026-08-18 15:27:58 Martins-MacBook-Pro Messages[2206] <Error>: 395196561796 11 AVE : Temporary Path: /Users/mjwebster/Library/Containers/com.apple.MobileSMS/Data/tmp/
2026-08-18 15:27:58 Martins-MacBook-Pro Messages[2206] <Error>: 395196561811 11 AVE INFO: AVE_Plugin_HEVC_CreateInstance Enter 1752589105 0x1fa9f13c8 0xb00000745a38890 0
2026-08-18 15:27:58 Martins-MacBook-Pro Messages[2206] <Error>: 395196561832 12 AVE INFO: AVE_Session_HEVC_Create Enter 0x748a58020 0x0
2026-08-18 15:27:58 Martins-MacBook-Pro Messages[2206] <Error>: 395196562349 12 AVE INFO: AVE_Session_HEVC_CreatePropertyDict Enter 0x748a58020
2026-08-18 15:27:58 Martins-MacBook-Pro Messages[2206] <Error>: 395196563099 12 AVE INFO: AVE_Session_HEVC_CreatePropertyDict Exit 0x748a58020 0
2026-08-18 15:27:58 Martins-MacBook-Pro Messages[2206] <Error>: 395196563129 12 AVE INFO: AVE_Session_HEVC_Create Exit 0x748a58020 0x0 25110 1297 0
2026-08-18 15:27:58 Martins-MacBook-Pro Messages[2206] <Error>: 395196563142 11 AVE INFO: AVE_Plugin_HEVC_CreateInstance Exit 1752589105 0x1fa9f13c8 0xb00000745a38890 25110 0x748a58000 0x748a58020 2693 0 0
2026-08-18 15:27:58 Martins-MacBook-Pro Messages[2206] <Error>: 395196563228 11 AVE INFO: AVE_Plugin_HEVC_StartTileSession Enter 0x748a58000 0xb00000745a38880 0xd0000074ec47360 256 256 0x1fa9f13c8 0
2026-08-18 15:27:58 Martins-MacBook-Pro Messages[2206] <Error>: 395196563358 12 AVE INFO: AVE_Session_HEVC_StartTileSession Enter 0x748a58020 0x11ff85530
2026-08-18 15:27:58 Martins-MacBook-Pro Messages[2206] <Error>: 395196563391 12 AVE INFO: AVE_Session_HEVC_StartTileSession Exit 0x748a58020 0x11ff85530 0
2026-08-18 15:27:58 Martins-MacBook-Pro Messages[2206] <Error>: 395196563404 11 AVE INFO: AVE_Plugin_HEVC_StartTileSession Exit 0x748a58000 0xb00000745a38880 0xd0000074ec47360 256 256 0x1fa9f13c8 25110 176 0 0
2026-08-18 15:27:58 Martins-MacBook-Pro Messages[2206] <Error>: 395196563633 11 AVE INFO: AVE_Plugin_HEVC_PrepareToEncodeTiles Enter 0x748a58000 0 0
2026-08-18 15:27:58 Martins-MacBook-Pro Messages[2206] <Error>: 395196563647 12 AVE INFO: AVE_Session_HEVC_Prepare Enter 0x748a58020
2026-08-18 15:27:58 Martins-MacBook-Pro Messages[2206] <Error>: 395196564086 12 AVE INFO: AVE_Session_HEVC_Prepare Exit 0x748a58020 0
2026-08-18 15:27:58 Martins-MacBook-Pro Messages[2206] <Error>: 395196564106 11 AVE INFO: AVE_Plugin_HEVC_PrepareToEncodeTiles Exit 0x748a58000 0 25110 473 0 0
2026-08-18 15:27:58 Martins-MacBook-Pro Messages[2206] <Error>: 395196575330 11 AVE INFO: AVE_Plugin_HEVC_Invalidate Enter 0x748a58000 0
2026-08-18 15:27:58 Martins-MacBook-Pro Messages[2206] <Error>: 395196575377 12 AVE INFO: AVE_Session_HEVC_Stop Enter 0x748a58020
2026-08-18 15:27:58 Martins-MacBook-Pro Messages[2206] <Error>: 395196575535 12 AVE INFO: AVE_Session_HEVC_Stop Exit 0x748a58020 0
2026-08-18 15:27:58 Martins-MacBook-Pro Messages[2206] <Error>: 395196575552 11 AVE INFO: AVE_Plugin_HEVC_Invalidate Exit 0x748a58000 25110 222 0 0
2026-08-18 15:27:58 Martins-MacBook-Pro Messages[2206] <Error>: 395196575572 11 AVE INFO: AVE_Plugin_HEVC_Finalize Enter 0x748a58000 0
2026-08-18 15:27:58 Martins-MacBook-Pro Messages[2206] <Error>: 395196575581 12 AVE INFO: AVE_Session_HEVC_Destroy Enter 0x748a58020
2026-08-18 15:27:58 Martins-MacBook-Pro Messages[2206] <Error>: 395196577081 2 AVE : ID: 25110 Type: 1 Enc: 2 | Input: 1 Proc: 1 Drop: 0
2026-08-18 15:27:58 Martins-MacBook-Pro Messages[2206] <Error>: 395196578798 12 AVE INFO: AVE_Session_HEVC_Destroy Exit 0x748a58020 0
2026-08-18 15:27:58 Martins-MacBook-Pro Messages[2206] <Error>: 395196578836 11 AVE INFO: AVE_Plugin_HEVC_Finalize Exit 0x748a58000 25110 3264 0 0
2026-08-18 15:27:58 Martins-MacBook-Pro Messages[2206] <Error>: 395196579557 11 AVE : Compiled 905.40.1 in prod on Jul 11 2026 17:45:35
2026-08-18 15:27:58 Martins-MacBook-Pro Messages[2206] <Error>: 395196579590 11 AVE : Temporary Path: /Users/mjwebster/Library/Containers/com.apple.MobileSMS/Data/tmp/
2026-08-18 15:27:58 Martins-MacBook-Pro Messages[2206] <Error>: 395196579603 11 AVE INFO: AVE_Plugin_HEVC_CreateInstance Enter 1752589105 0x1fa9f13c8 0x500000745a38890 0
2026-08-18 15:27:58 Martins-MacBook-Pro Messages[2206] <Error>: 395196579620 12 AVE INFO: AVE_Session_HEVC_Create Enter 0x748a58020 0x0
2026-08-18 15:27:58 Martins-MacBook-Pro Messages[2206] <Error>: 395196579788 12 AVE INFO: AVE_Session_HEVC_CreatePropertyDict Enter 0x748a58020
2026-08-18 15:27:58 Martins-MacBook-Pro Messages[2206] <Error>: 395196579839 12 AVE INFO: AVE_Session_HEVC_CreatePropertyDict Exit 0x748a58020 0
2026-08-18 15:27:58 Martins-MacBook-Pro Messages[2206] <Error>: 395196579852 12 AVE INFO: AVE_Session_HEVC_Create Exit 0x748a58020 0x0 25120 232 0
2026-08-18 15:27:58 Martins-MacBook-Pro Messages[2206] <Error>: 395196579863 11 AVE INFO: AVE_Plugin_HEVC_CreateInstance Exit 1752589105 0x1fa9f13c8 0x500000745a38890 25120 0x748a58000 0x748a58020 488 0 0
2026-08-18 15:27:58 Martins-MacBook-Pro Messages[2206] <Error>: 395196579875 11 AVE INFO: AVE_Plugin_HEVC_StartTileSession Enter 0x748a58000 0x500000745a38880 0x30000074d8af8a0 256 256 0x1fa9f13c8 0
2026-08-18 15:27:58 Martins-MacBook-Pro Messages[2206] <Error>: 395196579885 12 AVE INFO: AVE_Session_HEVC_StartTileSession Enter 0x748a58020 0x11ff854b0
2026-08-18 15:27:58 Martins-MacBook-Pro Messages[2206] <Error>: 395196579906 12 AVE INFO: AVE_Session_HEVC_StartTileSession Exit 0x748a58020 0x11ff854b0 0
2026-08-18 15:27:58 Martins-MacBook-Pro Messages[2206] <Error>: 395196579916 11 AVE INFO: AVE_Plugin_HEVC_StartTileSession Exit 0x748a58000 0x500000745a38880 0x30000074d8af8a0 256 256 0x1fa9f13c8 25120 41 0 0
2026-08-18 15:27:58 Martins-MacBook-Pro Messages[2206] <Error>: 395196579941 11 AVE INFO: AVE_Plugin_HEVC_PrepareToEncodeTiles Enter 0x748a58000 0 0
2026-08-18 15:27:58 Martins-MacBook-Pro Messages[2206] <Error>: 395196579953 12 AVE INFO: AVE_Session_HEVC_Prepare Enter 0x748a58020
2026-08-18 15:27:58 Martins-MacBook-Pro Messages[2206] <Error>: 395196580321 12 AVE INFO: AVE_Session_HEVC_Prepare Exit 0x748a58020 0
2026-08-18 15:27:58 Martins-MacBook-Pro Messages[2206] <Error>: 395196580340 11 AVE INFO: AVE_Plugin_HEVC_PrepareToEncodeTiles Exit 0x748a58000 0 25120 399 0 0
2026-08-18 15:27:58 Martins-MacBook-Pro Messages[2206] <Error>: 395196591732 11 AVE INFO: AVE_Plugin_HEVC_Invalidate Enter 0x748a58000 0
2026-08-18 15:27:58 Martins-MacBook-Pro Messages[2206] <Error>: 395196591782 12 AVE INFO: AVE_Session_HEVC_Stop Enter 0x748a58020
2026-08-18 15:27:58 Martins-MacBook-Pro Messages[2206] <Error>: 395196591908 12 AVE INFO: AVE_Session_HEVC_Stop Exit 0x748a58020 0
2026-08-18 15:27:58 Martins-MacBook-Pro Messages[2206] <Error>: 395196591925 11 AVE INFO: AVE_Plugin_HEVC_Invalidate Exit 0x748a58000 25120 193 0 0
2026-08-18 15:27:58 Martins-MacBook-Pro Messages[2206] <Error>: 395196591938 11 AVE INFO: AVE_Plugin_HEVC_Finalize Enter 0x748a58000 0
2026-08-18 15:27:58 Martins-MacBook-Pro Messages[2206] <Error>: 395196591945 12 AVE INFO: AVE_Session_HEVC_Destroy Enter 0x748a58020
2026-08-18 15:27:58 Martins-MacBook-Pro Messages[2206] <Error>: 395196593479 2 AVE : ID: 25120 Type: 1 Enc: 2 | Input: 1 Proc: 1 Drop: 0
2026-08-18 15:27:58 Martins-MacBook-Pro Messages[2206] <Error>: 395196595303 12 AVE INFO: AVE_Session_HEVC_Destroy Exit 0x748a58020 0
2026-08-18 15:27:58 Martins-MacBook-Pro Messages[2206] <Error>: 395196595337 11 AVE INFO: AVE_Plugin_HEVC_Finalize Exit 0x748a58000 25120 3399 0 0
2026-08-18 15:35:26 Martins-MacBook-Pro syslogd[382] <Notice>: ASL Sender Statistics
2026-08-18 15:45:37 Martins-MacBook-Pro syslogd[382] <Notice>: ASL Sender Statistics
2026-08-18 16:07:20 Martins-MacBook-Pro syslogd[382] <Notice>: ASL Sender Statistics
2026-08-18 16:23:47 Martins-MacBook-Pro syslogd[382] <Notice>: ASL Sender Statistics
2026-08-18 16:35:10 Martins-MacBook-Pro syslogd[382] <Notice>: ASL Sender Statistics
2026-08-18 16:45:10 Martins-MacBook-Pro syslogd[382] <Notice>: ASL Sender Statistics
2026-08-18 16:55:56 Martins-MacBook-Pro syslogd[382] <Notice>: ASL Sender Statistics
2026-08-18 16:55:56 Martins-MacBook-Pro sessionlogoutd[13933] <Notice>: DEAD_PROCESS: 421 console
2026-08-18 16:55:57 Martins-MacBook-Pro loginwindow[13943] <Notice>: USER_PROCESS: 13943 console
2026-08-18 16:56:47 Martins-MacBook-Pro reboot[14005] <Notice>: SHUTDOWN_TIME: 1787097407 290790
2026-08-18 17:00:00 Martins-MacBook-Pro bootlog[0] <Notice>: BOOT_TIME 1787097600 91339
2026-08-18 17:01:12 Martins-MacBook-Pro syslogd[580] <Notice>: Configuration Notice:
ASL Module "com.apple.cdscheduler" claims selected messages.
Those messages may not appear in standard system log files or in the ASL database.
2026-08-18 17:01:12 Martins-MacBook-Pro syslogd[580] <Notice>: Configuration Notice:
ASL Module "com.apple.install" claims selected messages.
Those messages may not appear in standard system log files or in the ASL database.
2026-08-18 17:01:12 Martins-MacBook-Pro syslogd[580] <Notice>: Configuration Notice:
ASL Module "com.apple.authd" sharing output destination "/var/log/asl" with ASL Module "com.apple.asl".
Output parameters from ASL Module "com.apple.asl" override any specified in ASL Module "com.apple.authd".
2026-08-18 17:01:12 Martins-MacBook-Pro syslogd[580] <Notice>: Configuration Notice:
ASL Module "com.apple.authd" sharing output destination "/var/log/system.log" with ASL Module "com.apple.asl".
Output parameters from ASL Module "com.apple.asl" override any specified in ASL Module "com.apple.authd".
2026-08-18 17:01:12 Martins-MacBook-Pro syslogd[580] <Notice>: Configuration Notice:
ASL Module "com.apple.authd" claims selected messages.
Those messages may not appear in standard system log files or in the ASL database.
2026-08-18 17:01:12 Martins-MacBook-Pro syslogd[580] <Notice>: Configuration Notice:
ASL Module "com.apple.eventmonitor" claims selected messages.
Those messages may not appear in standard system log files or in the ASL database.
2026-08-18 17:01:12 Martins-MacBook-Pro syslogd[580] <Notice>: Configuration Notice:
ASL Module "com.apple.mail" claims selected messages.
Those messages may not appear in standard system log files or in the ASL database.
2026-08-18 17:01:12 Martins-MacBook-Pro syslogd[580] <Notice>: Configuration Notice:
ASL Module "com.apple.performance" claims selected messages.
Those messages may not appear in standard system log files or in the ASL database.
2026-08-18 17:01:12 Martins-MacBook-Pro syslogd[580] <Notice>: Configuration Notice:
ASL Module "com.apple.iokit.power" claims selected messages.
Those messages may not appear in standard system log files or in the ASL database.
2026-08-18 17:01:12 Martins-MacBook-Pro syslogd[580] <Notice>: Configuration Notice:
ASL Module "com.apple.contacts.ContactsAutocomplete" claims selected messages.
Those messages may not appear in standard system log files or in the ASL database.
2026-08-18 17:01:12 Martins-MacBook-Pro syslogd[580] <Notice>: Configuration Notice:
ASL Module "com.apple.mkb" sharing output destination "/private/var/log/keybagd.log" with ASL Module "com.apple.mkb.internal".
Output parameters from ASL Module "com.apple.mkb.internal" override any specified in ASL Module "com.apple.mkb".
2026-08-18 17:01:12 Martins-MacBook-Pro syslogd[580] <Notice>: Configuration Notice:
ASL Module "com.apple.mkb" claims selected messages.
Those messages may not appear in standard system log files or in the ASL database.
2026-08-18 17:01:12 Martins-MacBook-Pro syslogd[580] <Notice>: Configuration Notice:
ASL Module "com.apple.MessageTracer" claims selected messages.
Those messages may not appear in standard system log files or in the ASL database.
2026-08-18 17:01:12 Martins-MacBook-Pro syslogd[580] <Notice>: ASL Sender Statistics
2026-08-18 17:01:23 Martins-MacBook-Pro loginwindow[620] <Notice>: USER_PROCESS: 620 console
2026-08-18 17:11:13 Martins-MacBook-Pro syslogd[580] <Notice>: ASL Sender Statistics
2026-08-18 17:21:13 Martins-MacBook-Pro syslogd[580] <Notice>: ASL Sender Statistics
2026-08-18 17:32:10 Martins-MacBook-Pro syslogd[580] <Notice>: ASL Sender Statistics
2026-08-18 17:42:44 Martins-MacBook-Pro syslogd[580] <Notice>: ASL Sender Statistics
2026-08-18 17:52:47 Martins-MacBook-Pro syslogd[580] <Notice>: ASL Sender Statistics
2026-08-18 18:03:15 Martins-MacBook-Pro syslogd[580] <Notice>: ASL Sender Statistics
2026-08-18 18:13:17 Martins-MacBook-Pro syslogd[580] <Notice>: ASL Sender Statistics
2026-08-18 18:23:43 Martins-MacBook-Pro syslogd[580] <Notice>: ASL Sender Statistics
2026-08-18 18:34:40 Martins-MacBook-Pro syslogd[580] <Notice>: ASL Sender Statistics
2026-08-18 18:45:22 Martins-MacBook-Pro syslogd[580] <Notice>: ASL Sender Statistics
2026-08-18 18:56:20 Martins-MacBook-Pro syslogd[580] <Notice>: ASL Sender Statistics
2026-08-18 19:06:20 Martins-MacBook-Pro syslogd[580] <Notice>: ASL Sender Statistics
2026-08-18 19:23:37 Martins-MacBook-Pro syslogd[580] <Notice>: ASL Sender Statistics
2026-08-18 19:43:03 Martins-MacBook-Pro syslogd[580] <Notice>: ASL Sender Statistics
2026-08-18 20:01:09 Martins-MacBook-Pro syslogd[580] <Notice>: ASL Sender Statistics
2026-08-18 20:17:56 Martins-MacBook-Pro syslogd[580] <Notice>: ASL Sender Statistics
2026-08-18 20:41:14 Martins-MacBook-Pro syslogd[580] <Notice>: ASL Sender Statistics
2026-08-18 20:57:42 Martins-MacBook-Pro syslogd[580] <Notice>: ASL Sender Statistics
2026-08-18 21:07:43 Martins-MacBook-Pro syslogd[580] <Notice>: ASL Sender Statistics
2026-08-18 21:25:32 Martins-MacBook-Pro syslogd[580] <Notice>: ASL Sender Statistics
2026-08-18 21:42:26 Martins-MacBook-Pro syslogd[580] <Notice>: ASL Sender Statistics
2026-08-18 21:42:26 Martins-MacBook-Pro syslogd[580] <Notice>: Configuration Notice:
ASL Module "com.apple.cdscheduler" claims selected messages.
Those messages may not appear in standard system log files or in the ASL database.
2026-08-18 21:42:26 Martins-MacBook-Pro syslogd[580] <Notice>: Configuration Notice:
ASL Module "com.apple.install" claims selected messages.
Those messages may not appear in standard system log files or in the ASL database.
2026-08-18 21:42:26 Martins-MacBook-Pro syslogd[580] <Notice>: Configuration Notice:
ASL Module "com.apple.authd" sharing output destination "/var/log/asl" with ASL Module "com.apple.asl".
Output parameters from ASL Module "com.apple.asl" override any specified in ASL Module "com.apple.authd".
2026-08-18 21:42:26 Martins-MacBook-Pro syslogd[580] <Notice>: Configuration Notice:
ASL Module "com.apple.authd" sharing output destination "/var/log/system.log" with ASL Module "com.apple.asl".
Output parameters from ASL Module "com.apple.asl" override any specified in ASL Module "com.apple.authd".
2026-08-18 21:42:26 Martins-MacBook-Pro syslogd[580] <Notice>: Configuration Notice:
ASL Module "com.apple.authd" claims selected messages.
Those messages may not appear in standard system log files or in the ASL database.
2026-08-18 21:42:26 Martins-MacBook-Pro syslogd[580] <Notice>: Configuration Notice:
ASL Module "com.apple.eventmonitor" claims selected messages.
Those messages may not appear in standard system log files or in the ASL database.
2026-08-18 21:42:26 Martins-MacBook-Pro syslogd[580] <Notice>: Configuration Notice:
ASL Module "com.apple.mail" claims selected messages.
Those messages may not appear in standard system log files or in the ASL database.
2026-08-18 21:42:26 Martins-MacBook-Pro syslogd[580] <Notice>: Configuration Notice:
ASL Module "com.apple.performance" claims selected messages.
Those messages may not appear in standard system log files or in the ASL database.
2026-08-18 21:42:26 Martins-MacBook-Pro syslogd[580] <Notice>: Configuration Notice:
ASL Module "com.apple.iokit.power" claims selected messages.
Those messages may not appear in standard system log files or in the ASL database.
2026-08-18 21:42:26 Martins-MacBook-Pro syslogd[580] <Notice>: Configuration Notice:
ASL Module "com.apple.contacts.ContactsAutocomplete" claims selected messages.
Those messages may not appear in standard system log files or in the ASL database.
2026-08-18 21:42:26 Martins-MacBook-Pro syslogd[580] <Notice>: Configuration Notice:
ASL Module "com.apple.mkb" sharing output destination "/private/var/log/keybagd.log" with ASL Module "com.apple.mkb.internal".
Output parameters from ASL Module "com.apple.mkb.internal" override any specified in ASL Module "com.apple.mkb".
2026-08-18 21:42:26 Martins-MacBook-Pro syslogd[580] <Notice>: Configuration Notice:
ASL Module "com.apple.mkb" claims selected messages.
Those messages may not appear in standard system log files or in the ASL database.
2026-08-18 21:42:26 Martins-MacBook-Pro syslogd[580] <Notice>: Configuration Notice:
ASL Module "com.apple.MessageTracer" claims selected messages.
Those messages may not appear in standard system log files or in the ASL database.
2026-08-18 22:03:10 Martins-MacBook-Pro syslogd[580] <Notice>: ASL Sender Statistics
2026-08-18 22:25:16 Martins-MacBook-Pro syslogd[580] <Notice>: ASL Sender Statistics
2026-08-18 22:42:03 Martins-MacBook-Pro syslogd[580] <Notice>: ASL Sender Statistics
2026-08-18 22:57:37 Martins-MacBook-Pro syslogd[580] <Notice>: ASL Sender Statistics
2026-08-18 23:09:14 Martins-MacBook-Pro syslogd[580] <Notice>: ASL Sender Statistics
2026-08-18 23:24:50 Martins-MacBook-Pro syslogd[580] <Notice>: ASL Sender Statistics
2026-08-18 23:45:43 Martins-MacBook-Pro syslogd[580] <Notice>: ASL Sender Statistics
2026-08-18 23:58:33 Martins-MacBook-Pro syslogd[580] <Notice>: ASL Sender Statistics
2026-08-19 00:17:57 Martins-MacBook-Pro syslogd[580] <Notice>: ASL Sender Statistics
2026-08-19 00:27:58 Martins-MacBook-Pro syslogd[580] <Notice>: ASL Sender Statistics
2026-08-19 00:40:05 Martins-MacBook-Pro syslogd[580] <Notice>: ASL Sender Statistics
2026-08-19 00:52:05 Martins-MacBook-Pro syslogd[580] <Notice>: ASL Sender Statistics
2026-08-19 01:02:06 Martins-MacBook-Pro syslogd[580] <Notice>: ASL Sender Statistics
2026-08-19 01:12:26 Martins-MacBook-Pro syslogd[580] <Notice>: ASL Sender Statistics
2026-08-19 01:22:27 Martins-MacBook-Pro syslogd[580] <Notice>: ASL Sender Statistics
2026-08-19 01:32:50 Martins-MacBook-Pro syslogd[580] <Notice>: ASL Sender Statistics
2026-08-19 01:43:50 Martins-MacBook-Pro syslogd[580] <Notice>: ASL Sender Statistics
2026-08-19 01:55:04 Martins-MacBook-Pro syslogd[580] <Notice>: ASL Sender Statistics
2026-08-19 02:05:14 Martins-MacBook-Pro syslogd[580] <Notice>: ASL Sender Statistics
2026-08-19 02:23:00 Martins-MacBook-Pro syslogd[580] <Notice>: ASL Sender Statistics
2026-08-19 02:42:28 Martins-MacBook-Pro syslogd[580] <Notice>: ASL Sender Statistics
2026-08-19 02:57:39 Martins-MacBook-Pro syslogd[580] <Notice>: ASL Sender Statistics
2026-08-19 03:13:50 Martins-MacBook-Pro syslogd[580] <Notice>: ASL Sender Statistics
2026-08-19 03:31:50 Martins-MacBook-Pro syslogd[580] <Notice>: ASL Sender Statistics
2026-08-19 03:46:56 Martins-MacBook-Pro syslogd[580] <Notice>: ASL Sender Statistics
2026-08-19 04:02:37 Martins-MacBook-Pro syslogd[580] <Notice>: ASL Sender Statistics
2026-08-19 04:27:18 Martins-MacBook-Pro syslogd[580] <Notice>: ASL Sender Statistics
2026-08-19 04:37:32 Martins-MacBook-Pro syslogd[580] <Notice>: ASL Sender Statistics
2026-08-19 04:47:35 Martins-MacBook-Pro syslogd[580] <Notice>: ASL Sender Statistics
2026-08-19 05:12:43 Martins-MacBook-Pro syslogd[580] <Notice>: ASL Sender Statistics
2026-08-19 05:32:58 Martins-MacBook-Pro syslogd[580] <Notice>: ASL Sender Statistics
2026-08-19 05:43:00 Martins-MacBook-Pro syslogd[580] <Notice>: ASL Sender Statistics
2026-08-19 05:53:52 Martins-MacBook-Pro syslogd[580] <Notice>: ASL Sender Statistics
2026-08-19 06:05:13 Martins-MacBook-Pro syslogd[580] <Notice>: ASL Sender Statistics
2026-08-19 06:17:22 Martins-MacBook-Pro syslogd[580] <Notice>: ASL Sender Statistics
2026-08-19 06:29:47 Martins-MacBook-Pro syslogd[580] <Notice>: ASL Sender Statistics
2026-08-19 06:49:42 Martins-MacBook-Pro syslogd[580] <Notice>: ASL Sender Statistics
2026-08-19 07:06:05 Martins-MacBook-Pro syslogd[580] <Notice>: ASL Sender Statistics
2026-08-19 07:16:29 Martins-MacBook-Pro syslogd[580] <Notice>: ASL Sender Statistics
2026-08-19 07:32:55 Martins-MacBook-Pro syslogd[580] <Notice>: ASL Sender Statistics
2026-08-19 07:50:42 Martins-MacBook-Pro syslogd[580] <Notice>: ASL Sender Statistics
2026-08-19 08:13:36 Martins-MacBook-Pro syslogd[580] <Notice>: ASL Sender Statistics
2026-08-19 08:23:59 Martins-MacBook-Pro syslogd[580] <Notice>: ASL Sender Statistics
2026-08-19 08:34:18 Martins-MacBook-Pro syslogd[580] <Notice>: ASL Sender Statistics
2026-08-19 08:44:34 Martins-MacBook-Pro syslogd[580] <Notice>: ASL Sender Statistics
2026-08-19 08:55:00 Martins-MacBook-Pro syslogd[580] <Notice>: ASL Sender Statistics
2026-08-19 09:05:13 Martins-MacBook-Pro syslogd[580] <Notice>: ASL Sender Statistics
2026-08-19 09:15:13 Martins-MacBook-Pro syslogd[580] <Notice>: ASL Sender Statistics
2026-08-19 09:26:21 Martins-MacBook-Pro syslogd[580] <Notice>: ASL Sender Statistics
2026-08-19 09:36:42 Martins-MacBook-Pro syslogd[580] <Notice>: ASL Sender Statistics
2026-08-19 09:48:27 Martins-MacBook-Pro syslogd[580] <Notice>: ASL Sender Statistics
2026-08-19 10:00:00 Martins-MacBook-Pro syslogd[580] <Notice>: ASL Sender Statistics
2026-08-19 10:10:20 Martins-MacBook-Pro syslogd[580] <Notice>: ASL Sender Statistics
2026-08-19 10:22:54 Martins-MacBook-Pro syslogd[580] <Notice>: ASL Sender Statistics
2026-08-19 10:42:06 Martins-MacBook-Pro syslogd[580] <Notice>: ASL Sender Statistics
2026-08-19 10:56:25 Martins-MacBook-Pro syslogd[580] <Notice>: ASL Sender Statistics
2026-08-19 11:08:21 Martins-MacBook-Pro syslogd[580] <Notice>: ASL Sender Statistics
2026-08-19 11:19:34 Martins-MacBook-Pro syslogd[580] <Notice>: ASL Sender Statistics
2026-08-19 11:35:27 Martins-MacBook-Pro syslogd[580] <Notice>: ASL Sender Statistics
2026-08-19 11:47:57 Martins-MacBook-Pro syslogd[580] <Notice>: ASL Sender Statistics
2026-08-19 12:00:00 Martins-MacBook-Pro syslogd[580] <Notice>: ASL Sender Statistics
2026-08-19 12:10:45 Martins-MacBook-Pro syslogd[580] <Notice>: ASL Sender Statistics
2026-08-19 12:21:00 Martins-MacBook-Pro syslogd[580] <Notice>: ASL Sender Statistics
2026-08-19 12:33:27 Martins-MacBook-Pro syslogd[580] <Notice>: ASL Sender Statistics
2026-08-19 12:44:36 Martins-MacBook-Pro syslogd[580] <Notice>: ASL Sender Statistics
2026-08-19 12:55:55 Martins-MacBook-Pro syslogd[580] <Notice>: ASL Sender Statistics
2026-08-19 13:06:08 Martins-MacBook-Pro syslogd[580] <Notice>: ASL Sender Statistics
2026-08-19 13:16:41 Martins-MacBook-Pro syslogd[580] <Notice>: ASL Sender Statistics
2026-08-19 13:26:42 Martins-MacBook-Pro syslogd[580] <Notice>: ASL Sender Statistics
2026-08-19 13:37:06 Martins-MacBook-Pro syslogd[580] <Notice>: ASL Sender Statistics
2026-08-19 13:47:24 Martins-MacBook-Pro syslogd[580] <Notice>: ASL Sender Statistics
2026-08-19 14:00:00 Martins-MacBook-Pro syslogd[580] <Notice>: ASL Sender Statistics
2026-08-19 14:10:04 Martins-MacBook-Pro syslogd[580] <Notice>: ASL Sender Statistics