2026-08-18 05:28:36.2730  INFO 1 LogosApplication | Using Write-Ahead Logging for SQLite databases.
2026-08-18 05:28:36.2756  INFO 1 OurApp | Starting application (52.2, version 52.2.0.0019) on Mac OS X 26.6.1 (Arm64 running on Apple Silicon) at 1.304 seconds. Pid: 96105
2026-08-18 05:28:36.2766  INFO 1 OurApp | (Timed) Registering embedded application fonts
2026-08-18 05:28:36.4331  INFO 1 OurApp | (156ms) Registering embedded application fonts
2026-08-18 05:28:36.4729  INFO 1 OurApp | Auto-detected UI language: en-US
2026-08-18 05:28:36.4739  INFO 1 OurApp | Culture.Current.LanguageName: en-CA
2026-08-18 05:28:36.4763  INFO 1 OurApp | (Timed) Enabling Jitmap
2026-08-18 05:28:36.4946  INFO 1 OurApp | (18ms) Enabling Jitmap
2026-08-18 05:28:36.4963  INFO 1 UserManager | Opening UserManager in /Users/mjwebster/Library/Application Support/Logos4/Users.
2026-08-18 05:28:36.5054  INFO 1 LocalFileDatabase | Connection opened (6ms): /Users/mjwebster/Library/Application Support/Logos4/Users/UserManager.db
2026-08-18 05:28:36.5085  INFO 1 DependencyHelper | (Timed) Creating User Metadata manager.
2026-08-18 05:28:36.5088  INFO 1 DependencyHelper | (0ms) Creating User Metadata manager.
2026-08-18 05:28:36.5088  INFO 1 OurApp | Creating AppModel.
2026-08-18 05:28:36.5457  INFO 1 ApplicationThemeUtility | (Timed) Loading embedded theme resources
2026-08-18 05:28:36.6537 ERROR 1 ResourceDictionary | DynamicResource [SidebarBorderStyleCornerRadius] is not in the ResourceDictionary
2026-08-18 05:28:36.6538 ERROR 1 ResourceDictionary | DynamicResource [LeftSidebarBorderStyleCornerRadius] is not in the ResourceDictionary
2026-08-18 05:28:36.6538 ERROR 1 ResourceDictionary | DynamicResource [RightSidebarBorderStyleCornerRadius] is not in the ResourceDictionary
2026-08-18 05:28:36.6538 ERROR 1 ResourceDictionary | DynamicResource [TextBoxBorderStyleCornerRadius] is not in the ResourceDictionary
2026-08-18 05:28:36.6538 ERROR 1 ResourceDictionary | DynamicResource [TextBoxFocusedBorderStyleCornerRadius] is not in the ResourceDictionary
2026-08-18 05:28:36.6538 ERROR 1 ResourceDictionary | DynamicResource [TextBoxErrorBorderStyleCornerRadius] is not in the ResourceDictionary
2026-08-18 05:28:36.6538 ERROR 1 ResourceDictionary | DynamicResource [SecondaryTextBoxBorderStyleCornerRadius] is not in the ResourceDictionary
2026-08-18 05:28:36.6539 ERROR 1 ResourceDictionary | DynamicResource [TabButtonActiveBorderStyleCornerRadius] is not in the ResourceDictionary
2026-08-18 05:28:36.6539 ERROR 1 ResourceDictionary | DynamicResource [ContentTabActiveBorderStyleCornerRadius] is not in the ResourceDictionary
2026-08-18 05:28:36.6539 ERROR 1 ResourceDictionary | DynamicResource [GoBoxBorderStyleCornerRadius] is not in the ResourceDictionary
2026-08-18 05:28:36.6539 ERROR 1 ResourceDictionary | DynamicResource [PanelToolbarBorderStyleCornerRadius] is not in the ResourceDictionary
2026-08-18 05:28:36.6539 ERROR 1 ResourceDictionary | DynamicResource [ButtonInlineTabActiveBorderStyleCornerRadius] is not in the ResourceDictionary
2026-08-18 05:28:36.6539 ERROR 1 ResourceDictionary | DynamicResource [ToastInfoBorderStyleCornerRadius] is not in the ResourceDictionary
2026-08-18 05:28:36.6540 ERROR 1 ResourceDictionary | DynamicResource [ToastInfoLeftBarBorderStyleCornerRadius] is not in the ResourceDictionary
2026-08-18 05:28:36.6540 ERROR 1 ResourceDictionary | DynamicResource [ToastWarningBorderStyleCornerRadius] is not in the ResourceDictionary
2026-08-18 05:28:36.6540 ERROR 1 ResourceDictionary | DynamicResource [ToastWarningLeftBarBorderStyleCornerRadius] is not in the ResourceDictionary
2026-08-18 05:28:36.6540 ERROR 1 ResourceDictionary | DynamicResource [ToastErrorBorderStyleCornerRadius] is not in the ResourceDictionary
2026-08-18 05:28:36.6540 ERROR 1 ResourceDictionary | DynamicResource [ToastErrorLeftBarBorderStyleCornerRadius] is not in the ResourceDictionary
2026-08-18 05:28:36.6540 ERROR 1 ResourceDictionary | DynamicResource [ToastSuccessBorderStyleCornerRadius] is not in the ResourceDictionary
2026-08-18 05:28:36.6541 ERROR 1 ResourceDictionary | DynamicResource [ToastSuccessLeftBarBorderStyleCornerRadius] is not in the ResourceDictionary
2026-08-18 05:28:36.6541 ERROR 1 ResourceDictionary | DynamicResource [CardMessageBorderStyleCornerRadius] is not in the ResourceDictionary
2026-08-18 05:28:36.6541 ERROR 1 ResourceDictionary | DynamicResource [CardMessageLeftBarBorderStyleCornerRadius] is not in the ResourceDictionary
2026-08-18 05:28:36.6541 ERROR 1 ResourceDictionary | DynamicResource [CardInfoBorderStyleCornerRadius] is not in the ResourceDictionary
2026-08-18 05:28:36.6541 ERROR 1 ResourceDictionary | DynamicResource [CardInfoLeftBarBorderStyleCornerRadius] is not in the ResourceDictionary
2026-08-18 05:28:36.6541 ERROR 1 ResourceDictionary | DynamicResource [CardWarningBorderStyleCornerRadius] is not in the ResourceDictionary
2026-08-18 05:28:36.6542 ERROR 1 ResourceDictionary | DynamicResource [CardWarningLeftBarBorderStyleCornerRadius] is not in the ResourceDictionary
2026-08-18 05:28:36.6542 ERROR 1 ResourceDictionary | DynamicResource [CardErrorBorderStyleCornerRadius] is not in the ResourceDictionary
2026-08-18 05:28:36.6542 ERROR 1 ResourceDictionary | DynamicResource [CardErrorLeftBarBorderStyleCornerRadius] is not in the ResourceDictionary
2026-08-18 05:28:36.6542 ERROR 1 ResourceDictionary | DynamicResource [SearchPanelActiveResultBorderStyleCornerRadius] is not in the ResourceDictionary
2026-08-18 05:28:36.6542 ERROR 1 ResourceDictionary | DynamicResource [SearchPanelSelectedResultBorderStyleCornerRadius] is not in the ResourceDictionary
2026-08-18 05:28:36.6542 ERROR 1 ResourceDictionary | DynamicResource [SermonWriterWhiteSwatchBorderStyleCornerRadius] is not in the ResourceDictionary
2026-08-18 05:28:36.6543 ERROR 1 ResourceDictionary | DynamicResource [GenericTabActiveBorderStyleCornerRadius] is not in the ResourceDictionary
2026-08-18 05:28:36.6543 ERROR 1 ResourceDictionary | DynamicResource [CardStockBorderRadiusCornerRadius] is not in the ResourceDictionary
2026-08-18 05:28:36.6543 ERROR 1 ResourceDictionary | DynamicResource [GenericRoundedFocusOutlineBorderRadiusCornerRadius] is not in the ResourceDictionary
2026-08-18 05:28:36.6543 ERROR 1 ResourceDictionary | DynamicResource [LinkFocusOutlineBorderRadiusCornerRadius] is not in the ResourceDictionary
2026-08-18 05:28:36.6543 ERROR 1 ResourceDictionary | DynamicResource [DropdownBorderRadiusCornerRadius] is not in the ResourceDictionary
2026-08-18 05:28:36.6543 ERROR 1 ResourceDictionary | DynamicResource [PopupBorderRadiusCornerRadius] is not in the ResourceDictionary
2026-08-18 05:28:36.6543 ERROR 1 ResourceDictionary | DynamicResource [PanelTabBorderRadiusCornerRadius] is not in the ResourceDictionary
2026-08-18 05:28:36.6543 ERROR 1 ResourceDictionary | DynamicResource [ButtonBorderRadiusCornerRadius] is not in the ResourceDictionary
2026-08-18 05:28:36.6543 ERROR 1 ResourceDictionary | DynamicResource [ButtonInlineBorderRadiusCornerRadius] is not in the ResourceDictionary
2026-08-18 05:28:36.6543 ERROR 1 ResourceDictionary | DynamicResource [ButtonRoundedBorderRadiusCornerRadius] is not in the ResourceDictionary
2026-08-18 05:28:36.6543 ERROR 1 ResourceDictionary | DynamicResource [ToastBorderRadiusCornerRadius] is not in the ResourceDictionary
2026-08-18 05:28:36.6543 ERROR 1 ResourceDictionary | DynamicResource [GenericMenuBorderRadiusCornerRadius] is not in the ResourceDictionary
2026-08-18 05:28:36.6543 ERROR 1 ResourceDictionary | DynamicResource [GenericTabBorderRadiusCornerRadius] is not in the ResourceDictionary
2026-08-18 05:28:36.6544 ERROR 1 ResourceDictionary | DynamicResource [DragPreviewLabelBorderRadiusCornerRadius] is not in the ResourceDictionary
2026-08-18 05:28:36.6544 ERROR 1 ResourceDictionary | DynamicResource [DragPreviewItemBorderRadiusCornerRadius] is not in the ResourceDictionary
2026-08-18 05:28:36.6633 ERROR 1 ResourceDictionary | StaticResource [ListBoxItemStyleBase] is not in the ResourceDictionary
2026-08-18 05:28:36.6633 ERROR 1 ResourceDictionary | StaticResource [TextBoxBaseStyle] is not in the ResourceDictionary
2026-08-18 05:28:36.6633 ERROR 1 ResourceDictionary | StaticResource [PanelToolBarStyledToggleButtonStyle] is not in the ResourceDictionary
2026-08-18 05:28:36.6634 ERROR 1 ResourceDictionary | StaticResource [PanelToolBarStyledToggleButtonStyle] is not in the ResourceDictionary
2026-08-18 05:28:36.6634 ERROR 1 ResourceDictionary | StaticResource [PopupExpanderStyleBase] is not in the ResourceDictionary
2026-08-18 05:28:36.6634 ERROR 1 ResourceDictionary | StaticResource [PanelToolBarButtonStyle] is not in the ResourceDictionary
2026-08-18 05:28:36.6636  INFO 1 ApplicationThemeUtility | (118ms) Loading embedded theme resources
2026-08-18 05:28:36.6905  INFO 1 LDLS4.AppModel | Running AppModel.
2026-08-18 05:28:36.706 Logos[96105:8726611] String comparison for font name failed; expected Gentium but was Gentium-Regular
2026-08-18 05:28:36.706 Logos[96105:8726611] String comparison for font name failed; expected Gentium but was Gentium-Regular
2026-08-18 05:28:36.7498  INFO 6 DigitalLibraryServices | Initializing DigitalLibraryServices. (Shared Folder = /Users/mjwebster/Library/Application Support/Logos4/Shared, Data Folder = /Users/mjwebster/Library/Application Support/Logos4/Data/wq8ubj9r.32o, Documents Folder = /Users/mjwebster/Library/Application Support/Logos4/Documents/wq8ubj9r.32o)
2026-08-18 05:28:36.7522  INFO 6 StartupUtility | (Timed) Startup step: GetOnlineConfiguration
2026-08-18 05:28:36.7524  INFO 6 DigitalLibraryServices | (Timed) Creating local user preferences.
2026-08-18 05:28:36.7526  INFO 6 PreferencesManager | Opening PreferencesManager in /Users/mjwebster/Library/Application Support/Logos4/Documents/wq8ubj9r.32o/LocalUserPreferences.
2026-08-18 05:28:36.7535  INFO 6 LocalFileDatabase | Connection opened (0ms): /Users/mjwebster/Library/Application Support/Logos4/Documents/wq8ubj9r.32o/LocalUserPreferences/PreferencesManager.db
2026-08-18 05:28:36.7538  INFO 6 DigitalLibraryServices | (1ms) Creating local user preferences.
2026-08-18 05:28:36.7569  INFO 6 StartupUtility | (5ms) Startup step: GetOnlineConfiguration
2026-08-18 05:28:36.7571  INFO 6 StartupManager | Has valid credentials = True
2026-08-18 05:28:36.7571  INFO 6 StartupManager | Should work online = True
2026-08-18 05:28:36.7581  INFO 6 StartupUtility | (Timed) Startup step: TrySetProxy
2026-08-18 05:28:36.7621  INFO 6 ProxyUtility | System web proxy: None
2026-08-18 05:28:36.7621  INFO 6 ProxyUtility | Logos 4 web proxy: None
2026-08-18 05:28:36.7622  INFO 6 StartupUtility | (4ms) Startup step: TrySetProxy
2026-08-18 05:28:36.7626  INFO 6 StartupUtility | (Timed) Startup step: GetIsApplicationVersionValid
2026-08-18 05:28:36.7630  INFO 6 StartupUtility | (0ms) Startup step: GetIsApplicationVersionValid
2026-08-18 05:28:36.7632  INFO 6 StartupUtility | (Timed) Startup step: LoadLanguageTitles
2026-08-18 05:28:36.7678  INFO 6 StartupUtility | (Timed) Startup step: InitializeDataTypes
2026-08-18 05:28:36.7678  INFO 6 StartupManager | (Timed) Loading common data types in the background.
2026-08-18 05:28:36.7683  INFO 6 StartupUtility | (Timed) Startup step: InitializeCitationEngine
2026-08-18 05:28:36.7688  INFO 6 StartupUtility | (Timed) Startup step: GetPreferredApplicationFamily
2026-08-18 05:28:36.7688  INFO 6 DigitalLibraryServices | (Timed) Creating new user preferences.
2026-08-18 05:28:36.7693  INFO 4 DataTypeManager | (Timed) Initializing data type manager.
2026-08-18 05:28:36.7702  INFO 6 LocalFileDatabase | Connection opened (0ms): /Users/mjwebster/Library/Application Support/Logos4/Documents/wq8ubj9r.32o/UserPreferences2/PreferencesManager.db
2026-08-18 05:28:36.7712  INFO 6 DigitalLibraryServices | (2ms) Creating new user preferences.
2026-08-18 05:28:36.7764  INFO 6 StartupUtility | (8ms) Startup step: GetPreferredApplicationFamily
2026-08-18 05:28:36.7779  INFO 6 DigitalLibraryServices | (Timed) Creating user dictionary manager.
2026-08-18 05:28:36.7790  INFO 6 LocalFileDatabase | Connection opened (0ms): /Users/mjwebster/Library/Application Support/Logos4/Data/wq8ubj9r.32o/UserDictionaryManager/UserDictionaries.db
2026-08-18 05:28:36.7794  INFO 6 DigitalLibraryServices | (1ms) Creating user dictionary manager.
2026-08-18 05:28:36.7799  INFO 6 StartupUtility | (Timed) Startup step: LoadDictionaries
2026-08-18 05:28:36.7806  INFO 6 StartupUtility | (Timed) Startup step: CreateWebRequestFactory
2026-08-18 05:28:36.7810  INFO 6 StartupUtility | (0ms) Startup step: CreateWebRequestFactory
2026-08-18 05:28:36.7811  INFO 6 StartupUtility | (Timed) Startup step: CreateUnauthenticatedWebRequestFactory
2026-08-18 05:28:36.7811  INFO 6 StartupUtility | (0ms) Startup step: CreateUnauthenticatedWebRequestFactory
2026-08-18 05:28:36.7812  INFO 6 DigitalLibraryServices | (Timed) Creating license manager.
2026-08-18 05:28:36.7813  INFO 6 LicenseManager | Opening LicenseManager in /Users/mjwebster/Library/Application Support/Logos4/Data/wq8ubj9r.32o/LicenseManager; products folder is /Users/mjwebster/Library/Application Support/Logos4/Shared/Products
2026-08-18 05:28:36.7977  INFO 6 DigitalLibraryServices | (17ms) Creating license manager.
2026-08-18 05:28:36.7991  INFO 6 StartupUtility | (Timed) Startup step: SetUser
2026-08-18 05:28:36.8012  INFO 12 ScriptEnginePoolFactory | (Timed) Initializing new citation engine.
2026-08-18 05:28:36.8023  INFO 4 DataTypeManager | (33ms) Initializing data type manager.
2026-08-18 05:28:36.8173  INFO 12 ScriptEnginePoolFactory | (16ms) Initializing new citation engine.
2026-08-18 05:28:36.8178  INFO 12 ScriptEnginePoolFactory | (Timed) Initializing new citation engine.
2026-08-18 05:28:36.8248  INFO 12 ScriptEnginePoolFactory | (7ms) Initializing new citation engine.
2026-08-18 05:28:36.8249  INFO 12 StartupUtility | (57ms) Startup step: InitializeCitationEngine
2026-08-18 05:28:36.8930  INFO 4 StartupManager | (125ms) Loading common data types in the background.
2026-08-18 05:28:36.8930  INFO 4 StartupUtility | (125ms) Startup step: InitializeDataTypes
2026-08-18 05:28:37.1394  INFO 9 StartupUtility | (376ms) Startup step: LoadLanguageTitles
2026-08-18 05:28:37.2225  INFO 1 StartupViewModel | Primary status set to 'Default'.
2026-08-18 05:28:37.2290  INFO 1 LocalFileDatabase | Connection opened (0ms): /Users/mjwebster/Library/Application Support/Logos4/Data/wq8ubj9r.32o/Errors/Application/ErrorReportManager.db
2026-08-18 05:28:37.2302  INFO 1 LDLS4.AppModel | Logos user ID: 80031
2026-08-18 05:28:37.2304  INFO 1 DigitalLibraryServices | (Timed) Creating library catalog.
2026-08-18 05:28:37.2310  INFO 1 DigitalLibraryServices | (Timed) Creating device resource manager.
2026-08-18 05:28:37.2325  INFO 1 LocalFileDatabase | Connection opened (0ms): /Users/mjwebster/Library/Application Support/Logos4/Documents/wq8ubj9r.32o/DeviceResourceManager/MobileResourcesSyncManager.db
2026-08-18 05:28:37.2395  INFO 1 DigitalLibraryServices | (8ms) Creating device resource manager.
2026-08-18 05:28:37.2396  INFO 1 DigitalLibraryServices | (Timed) Creating ReadingProgressManager
2026-08-18 05:28:37.2397  INFO 1 DigitalLibraryServices | (Timed) Creating resource manager.
2026-08-18 05:28:37.2398  INFO 1 DigitalLibraryServices | (Timed) Creating data type options.
2026-08-18 05:28:37.2398  INFO 1 DigitalLibraryServices | (0ms) Creating data type options.
2026-08-18 05:28:37.2411  INFO 1 LocalFileDatabase | Connection opened (0ms): /Users/mjwebster/Library/Application Support/Logos4/Data/wq8ubj9r.32o/WebCache/CacheData.db
2026-08-18 05:28:37.2431  INFO 1 LocalFileDatabase | Connection opened (0ms): /Users/mjwebster/Library/Application Support/Logos4/Data/wq8ubj9r.32o/ResourceManager/ResourceManager.db
2026-08-18 05:28:37.2558  INFO 1 LocalFileDatabase | Connection opened (0ms): /Users/mjwebster/Library/Application Support/Logos4/Documents/wq8ubj9r.32o/ResourceManager/ResourceSyncManager.db
2026-08-18 05:28:37.2560  INFO 1 DigitalLibraryServices | (16ms) Creating resource manager.
2026-08-18 05:28:37.2569  INFO 1 LocalFileDatabase | Connection opened (0ms): /Users/mjwebster/Library/Application Support/Logos4/Data/wq8ubj9r.32o/ReadingProgressManager/readingprogressmanager.db
2026-08-18 05:28:37.2570  INFO 1 DigitalLibraryServices | (17ms) Creating ReadingProgressManager
2026-08-18 05:28:37.2584  INFO 1 LocalFileDatabase | Connection opened (0ms): /Users/mjwebster/Library/Application Support/Logos4/Documents/wq8ubj9r.32o/LibraryCatalog/LibraryCatalogSync.db
2026-08-18 05:28:37.2595  INFO 1 LocalFileDatabase | Connection opened (0ms): /Users/mjwebster/Library/Application Support/Logos4/Data/wq8ubj9r.32o/LibraryCatalog/catalog.db
2026-08-18 05:28:37.2673  INFO 1 DigitalLibraryServices | (37ms) Creating library catalog.
2026-08-18 05:28:37.2769  INFO 1 LocalFileDatabase | Connection opened (0ms): /Users/mjwebster/Library/Application Support/Logos4/Data/wq8ubj9r.32o/UserEventManager/UserEventManager.db
2026-08-18 05:28:37.2822  INFO 6 StartupUtility | (483ms) Startup step: SetUser
2026-08-18 05:28:37.2824  INFO 6 StartupUtility | (Timed) Startup step: RegisterDeviceAndApplication
2026-08-18 05:28:37.2831  INFO 13 StartupManager | (Timed) Loading spell-check dictionaries.
2026-08-18 05:28:37.2837  INFO 4 AppMessageProvider | (Timed) Getting app message feed.
2026-08-18 05:28:37.2964  INFO 6 StartupUtility | (Timed) Startup step: AcquireFreeLicenses
2026-08-18 05:28:37.2965  INFO 6 StartupManager | (Timed) Acquiring free licenses
2026-08-18 05:28:37.3496  INFO 9 LibraryCatalog | Added 9055 resources to library catalog cache. (81ms)
2026-08-18 05:28:37.4589  INFO 1 StartupManager | (176ms) Loading spell-check dictionaries.
2026-08-18 05:28:37.4589  INFO 1 StartupUtility | (679ms) Startup step: LoadDictionaries
2026-08-18 05:28:37.4595  INFO 13 StartupUtility | (Timed) Startup step: CreateWebBrowserCustomDictionary
2026-08-18 05:28:37.4608  INFO 13 StartupUtility | (1ms) Startup step: CreateWebBrowserCustomDictionary
2026-08-18 05:28:38.1942  INFO 15 AppMessageProvider | (910ms) Getting app message feed.
2026-08-18 05:28:38.2041  INFO 15 AppBannerManager | (Timed) Waiting for first preferences sync to complete
2026-08-18 05:28:38.4885  INFO 15 StartupManager | AcquireFreeLicenses step completed. Licenses unlocked: False
2026-08-18 05:28:38.4886  INFO 15 StartupManager | (1192ms) Acquiring free licenses
2026-08-18 05:28:38.4886  INFO 15 StartupUtility | (1192ms) Startup step: AcquireFreeLicenses
2026-08-18 05:28:38.4892  INFO 15 StartupManager | Updating licenses in parallel.
2026-08-18 05:28:38.4900  INFO 15 StartupUtility | (Timed) Startup step: StartServices
2026-08-18 05:28:38.4903  INFO 15 StartupUtility | (Timed) Startup step: CreateFactories
2026-08-18 05:28:38.4904  INFO 15 StartupUtility | (0ms) Startup step: CreateFactories
2026-08-18 05:28:38.4907  INFO 15 StartupUtility | (Timed) Startup step: SetFactories
2026-08-18 05:28:38.4921  INFO 22 StartupUtility | (1ms) Startup step: SetFactories
2026-08-18 05:28:38.4927  INFO 22 StartupUtility | (Timed) Startup step: StartPostSetFactoryServicesWork
2026-08-18 05:28:38.4949  INFO 15 DigitalLibraryServices | (Timed) Creating visual markup manager.
2026-08-18 05:28:38.5000  INFO 15 LocalFileDatabase | Connection opened (4ms): /Users/mjwebster/Library/Application Support/Logos4/Documents/wq8ubj9r.32o/VisualMarkup/visualmarkup.db
2026-08-18 05:28:38.5203  INFO 15 DigitalLibraryServices | (25ms) Creating visual markup manager.
2026-08-18 05:28:38.5207  INFO 15 DigitalLibraryServices | (Timed) Creating document manager.
2026-08-18 05:28:38.5303  INFO 15 LocalFileDatabase | Connection opened (0ms): /Users/mjwebster/Library/Application Support/Logos4/Documents/wq8ubj9r.32o/Documents/DocumentInfo.db
2026-08-18 05:28:38.5570  INFO 15 DigitalLibraryServices | (36ms) Creating document manager.
2026-08-18 05:28:38.5583  INFO 15 DigitalLibraryServices | (Timed) Creating notes tool manager.
2026-08-18 05:28:38.5584  INFO 15 DigitalLibraryServices | (Timed) Creating reverse interlinear manager.
2026-08-18 05:28:38.5595  INFO 15 LocalFileDatabase | Connection opened (0ms): /Users/mjwebster/Library/Application Support/Logos4/Data/wq8ubj9r.32o/ReverseInterlinearManager/reverseinterlinearmanager.db
2026-08-18 05:28:38.5596  INFO 15 DigitalLibraryServices | (1ms) Creating reverse interlinear manager.
2026-08-18 05:28:38.5596  INFO 15 DigitalLibraryServices | (Timed) Creating data type lists.
2026-08-18 05:28:38.5597  INFO 15 DigitalLibraryServices | (Timed) Creating resource lists.
2026-08-18 05:28:38.5598  INFO 15 DigitalLibraryServices | (Timed) Creating keylink manager.
2026-08-18 05:28:38.5599  INFO 15 DigitalLibraryServices | (Timed) Creating resource collection manager.
2026-08-18 05:28:38.5608  INFO 15 LocalFileDatabase | Connection opened (0ms): /Users/mjwebster/Library/Application Support/Logos4/Documents/wq8ubj9r.32o/ResourceCollectionManager/ResourceCollectionManager.db
2026-08-18 05:28:38.5611  INFO 15 DigitalLibraryServices | (1ms) Creating resource collection manager.
2026-08-18 05:28:38.5612  INFO 15 DigitalLibraryServices | (Timed) Creating global milestone index.
2026-08-18 05:28:38.5626  INFO 15 LocalFileDatabase | Connection opened (0ms): /Users/mjwebster/Library/Application Support/Logos4/Data/wq8ubj9r.32o/GlobalMilestoneIndex/milestones.db
2026-08-18 05:28:38.5670  INFO 15 DigitalLibraryServices | (6ms) Creating global milestone index.
2026-08-18 05:28:38.5682  INFO 15 LocalFileDatabase | Connection opened (0ms): /Users/mjwebster/Library/Application Support/Logos4/Data/wq8ubj9r.32o/KeyLinkManager/keylinkmanager.db
2026-08-18 05:28:38.5691  INFO 15 LocalFileDatabase | Connection opened (0ms): /Users/mjwebster/Library/Application Support/Logos4/Documents/wq8ubj9r.32o/KeyLinkManager/KeyLinkSyncManager.db
2026-08-18 05:28:38.5692  INFO 15 DigitalLibraryServices | (9ms) Creating keylink manager.
2026-08-18 05:28:38.5693  INFO 15 DigitalLibraryServices | (10ms) Creating resource lists.
2026-08-18 05:28:38.5694  INFO 15 DigitalLibraryServices | (10ms) Creating data type lists.
2026-08-18 05:28:38.5750  INFO 15 LocalFileDatabase | Connection opened (0ms): /Users/mjwebster/Library/Application Support/Logos4/Documents/wq8ubj9r.32o/NotesToolManager/notestool.db
2026-08-18 05:28:38.5776  INFO 15 DigitalLibraryServices | (19ms) Creating notes tool manager.
2026-08-18 05:28:38.5787  INFO 15 LocalFileDatabase | Connection opened (0ms): /Users/mjwebster/Library/Application Support/Logos4/Documents/wq8ubj9r.32o/Documents/VisualFilter/VisualFilter.db
2026-08-18 05:28:38.5944  INFO 15 DigitalLibraryServices | (Timed) Creating bookmarks manager.
2026-08-18 05:28:38.5946  INFO 15 DigitalLibraryServices | (0ms) Creating bookmarks manager.
2026-08-18 05:28:38.6137  INFO 9 StartupUtility | (1331ms) Startup step: RegisterDeviceAndApplication
2026-08-18 05:28:38.6159  INFO 1 DigitalLibraryServices | (Timed) Creating layouts manager.
2026-08-18 05:28:38.6171  INFO 1 LocalFileDatabase | Connection opened (0ms): /Users/mjwebster/Library/Application Support/Logos4/Documents/wq8ubj9r.32o/LayoutManager/layouts.db
2026-08-18 05:28:38.6172  INFO 1 DigitalLibraryServices | (1ms) Creating layouts manager.
2026-08-18 05:28:38.6210  INFO 1 DependencyHelper | (Timed) Creating WebBrowserFactory.
2026-08-18 05:28:38.6242  INFO 1 WebBrowser.WebBrowserFactory | Current LanguageName [en-CA] and Language [en] not supported by CEF, defaulting to en-US
2026-08-18 05:28:38.6244  INFO 1 WebBrowser.WebBrowserFactory | Initializing CEF with Locale:[]
[96105:8727774:0818/052838.658878:ERROR:net/cert/internal/trust_store_mac.cc:817] Error parsing certificate:
ERROR: Failed parsing extensions

2026-08-18 05:28:38.6810  INFO 1 DependencyHelper | (60ms) Creating WebBrowserFactory.
2026-08-18 05:28:38.7089  INFO 1 LDLS4.AppModel | (Timed) Creating guide manager.
2026-08-18 05:28:38.7114  INFO 1 LocalFileDatabase | Connection opened (0ms): /Users/mjwebster/Library/Application Support/Logos4/Documents/wq8ubj9r.32o/Guides/guides.db
2026-08-18 05:28:38.7121  INFO 1 LDLS4.AppModel | (3ms) Creating guide manager.
2026-08-18 05:28:38.7201  INFO 4 DigitalLibraryServices | (Timed) Creating new sync manager.
2026-08-18 05:28:38.7250  INFO 4 SyncManager | Adding sync client: MobileResourceSyncItem
2026-08-18 05:28:38.7255  INFO 4 DigitalLibraryServices | (Timed) Creating copy Bible verses style manager.
2026-08-18 05:28:38.7269  INFO 4 LocalFileDatabase | Connection opened (0ms): /Users/mjwebster/Library/Application Support/Logos4/Documents/wq8ubj9r.32o/CopyBibleVerses/CopyBibleVerses.db
2026-08-18 05:28:38.7278  INFO 4 DigitalLibraryServices | (2ms) Creating copy Bible verses style manager.
2026-08-18 05:28:38.7290  INFO 4 SyncManager | Adding sync client: StyleSyncItem
2026-08-18 05:28:38.7292  INFO 4 DigitalLibraryServices | (Timed) Creating personal book manager.
2026-08-18 05:28:38.7332  INFO 4 LocalFileDatabase | Connection opened (3ms): /Users/mjwebster/Library/Application Support/Logos4/Documents/wq8ubj9r.32o/PersonalBooks/PersonalBookManager.db
2026-08-18 05:28:38.7340  INFO 4 DigitalLibraryServices | (5ms) Creating personal book manager.
2026-08-18 05:28:38.7351  INFO 4 SyncManager | Adding sync client: BookSyncItem
2026-08-18 05:28:38.7364  INFO 4 SyncManager | Adding sync client: PreferencesSyncItem
2026-08-18 05:28:38.7366  INFO 4 DigitalLibraryServices | (Timed) Creating favorites manager.
2026-08-18 05:28:38.7384  INFO 4 LocalFileDatabase | Connection opened (1ms): /Users/mjwebster/Library/Application Support/Logos4/Documents/wq8ubj9r.32o/FavoritesManager/favorites.db
2026-08-18 05:28:38.7388  INFO 4 DigitalLibraryServices | (2ms) Creating favorites manager.
2026-08-18 05:28:38.7399  INFO 4 SyncManager | Adding sync client: FavoritesSyncItem
2026-08-18 05:28:38.7410  INFO 4 SyncManager | Adding sync client: HighlightingStyleSyncItem
2026-08-18 05:28:38.7419  INFO 4 SyncManager | Adding sync client: LayoutsSyncItem
2026-08-18 05:28:38.7440  INFO 4 SyncManager | Adding sync client: CustomResourceMetadataSyncItem
2026-08-18 05:28:38.7454  INFO 4 SyncManager | Adding sync client: HiddenResourceSyncItem
2026-08-18 05:28:38.7468  INFO 4 SyncManager | Adding sync client: ResourcePrioritySyncItem
2026-08-18 05:28:38.7477  INFO 4 SyncManager | Adding sync client: ResourceCollectionSyncItem
2026-08-18 05:28:38.7478  INFO 4 DigitalLibraryServices | (Timed) Creating shortcuts manager.
2026-08-18 05:28:38.7492  INFO 4 LocalFileDatabase | Connection opened (0ms): /Users/mjwebster/Library/Application Support/Logos4/Documents/wq8ubj9r.32o/ShortcutsManager/shortcuts.db
2026-08-18 05:28:38.7494  INFO 4 DigitalLibraryServices | (2ms) Creating shortcuts manager.
2026-08-18 05:28:38.7507  INFO 4 SyncManager | Adding sync client: ShortcutsSyncItem
2026-08-18 05:28:38.7509  INFO 4 DigitalLibraryServices | (Timed) Creating user input database.
2026-08-18 05:28:38.7510  INFO 4 DigitalLibraryServices | (Timed) Creating user input and reading list migrator
2026-08-18 05:28:38.7515  INFO 4 DigitalLibraryServices | (0ms) Creating user input and reading list migrator
2026-08-18 05:28:38.7525  INFO 4 LocalFileDatabase | Connection opened (0ms): /Users/mjwebster/Library/Application Support/Logos4/Documents/wq8ubj9r.32o/UserInputs/UserInputs2.db
2026-08-18 05:28:38.7527  INFO 4 DigitalLibraryServices | (2ms) Creating user input database.
2026-08-18 05:28:38.7535  INFO 4 SyncManager | Adding sync client: UserInputSyncItem
2026-08-18 05:28:38.7536  INFO 4 DigitalLibraryServices | (Timed) Creating user input database.
2026-08-18 05:28:38.7546  INFO 4 LocalFileDatabase | Connection opened (0ms): /Users/mjwebster/Library/Application Support/Logos4/Documents/wq8ubj9r.32o/ReadingLists/ReadingLists.db
2026-08-18 05:28:38.7550  INFO 4 DigitalLibraryServices | (1ms) Creating user input database.
2026-08-18 05:28:38.7562  INFO 4 SyncManager | Adding sync client: ReadingListStatusSyncItem
2026-08-18 05:28:38.7564  INFO 4 DigitalLibraryServices | (Timed) Creating self tests document manager.
2026-08-18 05:28:38.7580  INFO 4 LocalFileDatabase | Connection opened (0ms): /Users/mjwebster/Library/Application Support/Logos4/Documents/wq8ubj9r.32o/SelfTests/SelfTests.db
2026-08-18 05:28:38.7588  INFO 4 DigitalLibraryServices | (2ms) Creating self tests document manager.
2026-08-18 05:28:38.7599  INFO 4 SyncManager | Adding sync client: SelfTestSyncItem
2026-08-18 05:28:38.7607  INFO 4 SyncManager | Adding sync client: ReadingProgressSyncItem
2026-08-18 05:28:38.7608  INFO 4 DigitalLibraryServices | (Timed) Creating history manager.
2026-08-18 05:28:38.7612  INFO 4 HistoryManager | Loading HistoryManager.
2026-08-18 05:28:38.7624  INFO 4 LocalFileDatabase | Connection opened (0ms): /Users/mjwebster/Library/Application Support/Logos4/Data/wq8ubj9r.32o/HistoryManager/history.db
2026-08-18 05:28:38.7646  INFO 4 DigitalLibraryServices | (4ms) Creating history manager.
2026-08-18 05:28:38.7654  INFO 4 SyncManager | Adding sync client: HistorySyncItem
2026-08-18 05:28:38.7677  INFO 4 SyncManager | Adding sync client: NotesApi
2026-08-18 05:28:38.7680  INFO 4 DigitalLibraryServices | (Timed) Creating guided learning manager.
2026-08-18 05:28:38.7705  INFO 4 LocalFileDatabase | Connection opened (1ms): /Users/mjwebster/Library/Application Support/Logos4/Documents/wq8ubj9r.32o/GuidedLearning/GuidedLearning.db
2026-08-18 05:28:38.7745  INFO 4 DigitalLibraryServices | (6ms) Creating guided learning manager.
2026-08-18 05:28:38.7767  INFO 4 SyncManager | Adding sync client: GuidedLearning
2026-08-18 05:28:38.7821  INFO 4 SyncManager | Adding sync client: CustomDictionaries
2026-08-18 05:28:38.7878  INFO 4 LocalFileDatabase | Connection opened (3ms): /Users/mjwebster/Library/Application Support/Logos4/Documents/wq8ubj9r.32o/Documents/Bibliography/Bibliography.db
2026-08-18 05:28:38.7897  INFO 4 SyncManager | Adding sync client: BibliographySyncItem
2026-08-18 05:28:38.7958  INFO 4 LocalFileDatabase | Connection opened (0ms): /Users/mjwebster/Library/Application Support/Logos4/Documents/wq8ubj9r.32o/Documents/Canvas/Canvas.db
2026-08-18 05:28:38.7969  INFO 4 SyncManager | Adding sync client: CanvasSyncItem
2026-08-18 05:28:38.7983  INFO 4 LocalFileDatabase | Connection opened (0ms): /Users/mjwebster/Library/Application Support/Logos4/Documents/wq8ubj9r.32o/Documents/MorphGrid/MorphGrid.db
2026-08-18 05:28:38.7995  INFO 4 SyncManager | Adding sync client: MorphGridSyncItem
2026-08-18 05:28:38.8007  INFO 4 LocalFileDatabase | Connection opened (0ms): /Users/mjwebster/Library/Application Support/Logos4/Documents/wq8ubj9r.32o/Documents/PassageList/PassageList.db
2026-08-18 05:28:38.8018  INFO 4 SyncManager | Adding sync client: PassageListSyncItem
2026-08-18 05:28:38.8025  INFO 4 SyncManager | Adding sync client: PassageListStatusSyncItem
2026-08-18 05:28:38.8036  INFO 4 LocalFileDatabase | Connection opened (0ms): /Users/mjwebster/Library/Application Support/Logos4/Documents/wq8ubj9r.32o/Documents/SentenceDiagram/SentenceDiagram.db
2026-08-18 05:28:38.8045  INFO 4 SyncManager | Adding sync client: SentenceDiagramsSyncItem
2026-08-18 05:28:38.8055  INFO 4 LocalFileDatabase | Connection opened (0ms): /Users/mjwebster/Library/Application Support/Logos4/Documents/wq8ubj9r.32o/Documents/SyntaxSearch/SyntaxSearch.db
2026-08-18 05:28:38.8064  INFO 4 SyncManager | Adding sync client: SyntaxSearchSyncItem
2026-08-18 05:28:38.8076  INFO 4 SyncManager | Adding sync client: VisualFilterSyncItem
2026-08-18 05:28:38.8086  INFO 4 LocalFileDatabase | Connection opened (0ms): /Users/mjwebster/Library/Application Support/Logos4/Documents/wq8ubj9r.32o/Documents/WordFind/WordFind.db
2026-08-18 05:28:38.8098  INFO 4 SyncManager | Adding sync client: WordFindSyncItem
2026-08-18 05:28:38.8111  INFO 4 LocalFileDatabase | Connection opened (0ms): /Users/mjwebster/Library/Application Support/Logos4/Documents/wq8ubj9r.32o/Documents/WordList/wordlist.db
2026-08-18 05:28:38.8122  INFO 4 SyncManager | Adding sync client: WordListSyncItem
2026-08-18 05:28:38.8137  INFO 4 LocalFileDatabase | Connection opened (0ms): /Users/mjwebster/Library/Application Support/Logos4/Documents/wq8ubj9r.32o/Documents/BibleStudy/BibleStudy.db
2026-08-18 05:28:38.8150  INFO 4 SyncManager | Adding sync client: BibleStudySyncItem
2026-08-18 05:28:38.8162  INFO 4 LocalFileDatabase | Connection opened (0ms): /Users/mjwebster/Library/Application Support/Logos4/Documents/wq8ubj9r.32o/Documents/Clippings/Clippings.db
2026-08-18 05:28:38.8178  INFO 4 SyncManager | Adding sync client: ClippingsSyncItem
2026-08-18 05:28:38.8190  INFO 4 LocalFileDatabase | Connection opened (0ms): /Users/mjwebster/Library/Application Support/Logos4/Documents/wq8ubj9r.32o/Documents/ReadingPlan/ReadingPlan.db
2026-08-18 05:28:38.8222  INFO 4 SyncManager | Adding sync client: ReadingPlanSyncItem
2026-08-18 05:28:38.8225  INFO 4 SyncManager | Adding sync client: ReadingPlanStatusSyncItem
2026-08-18 05:28:38.8237  INFO 4 LocalFileDatabase | Connection opened (0ms): /Users/mjwebster/Library/Application Support/Logos4/Documents/wq8ubj9r.32o/Documents/Sermon/Sermon.db
2026-08-18 05:28:38.8256  INFO 4 SyncManager | Adding sync client: SermonWriter
2026-08-18 05:28:38.8264  INFO 4 LocalFileDatabase | Connection opened (0ms): /Users/mjwebster/Library/Application Support/Logos4/Documents/wq8ubj9r.32o/Documents/PrayerList/PrayerList.db
2026-08-18 05:28:38.8272  INFO 4 SyncManager | Adding sync client: PrayerListSyncItem
2026-08-18 05:28:38.8275  INFO 4 SyncManager | Adding sync client: PrayerStatusSyncItem
2026-08-18 05:28:38.8276  INFO 4 DigitalLibraryServices | (107ms) Creating new sync manager.
2026-08-18 05:28:38.8281  INFO 4 SyncManager | Adding sync client: GuideTemplateSyncItem
2026-08-18 05:28:38.8285  INFO 4 SyncManager | Adding sync client: GuideDocumentSyncItem
2026-08-18 05:28:38.8289  INFO 4 SyncManager | Starting sync manager thread.
2026-08-18 05:28:38.8292  INFO 4 StartupUtility | (336ms) Startup step: StartPostSetFactoryServicesWork
2026-08-18 05:28:38.8297  INFO 33 SyncManager | Sync manager thread started.
2026-08-18 05:28:38.8352  INFO 4 StartupUtility | (Timed) Startup step: CreateServiceClients
2026-08-18 05:28:38.8441  INFO 4 StartupUtility | (9ms) Startup step: CreateServiceClients
2026-08-18 05:28:38.8443  INFO 4 StartupUtility | (Timed) Startup step: SetServiceClients
2026-08-18 05:28:38.8464  INFO 4 StartupUtility | (2ms) Startup step: SetServiceClients
2026-08-18 05:28:38.8466  INFO 4 StartupUtility | (Timed) Startup step: StartPostSetServiceClientsWork
2026-08-18 05:28:38.8535 ERROR 1 ApplicationUtility | SQLite Error 283: recovered 547 frames from WAL file /Users/mjwebster/Library/Application Support/Logos4/Data/wq8ubj9r.32o/AmplitudeReporter/AmplitudeEvents.db-wal
2026-08-18 05:28:38.8542  INFO 1 LocalFileDatabase | Connection opened (3ms): /Users/mjwebster/Library/Application Support/Logos4/Data/wq8ubj9r.32o/AmplitudeReporter/AmplitudeEvents.db
2026-08-18 05:28:38.8557  INFO 1 LibraryCatalog | (Timed) Fixing obsolete resources if needed.
2026-08-18 05:28:38.8558  INFO 1 LibraryCatalog | (0ms) Fixing obsolete resources if needed.
2026-08-18 05:28:38.8559  INFO 1 LibraryCatalog | (Timed) Updating sort keys if needed.
2026-08-18 05:28:38.8559  INFO 1 LibraryCatalog | (0ms) Updating sort keys if needed.
2026-08-18 05:28:38.8573  INFO 1 LDLS4.AppModel | (Timed) Creating resource file download info database.
2026-08-18 05:28:38.8585  INFO 1 LocalFileDatabase | Connection opened (0ms): /Users/mjwebster/Library/Application Support/Logos4/Data/wq8ubj9r.32o/ResourceFileDownloadInfo/ResourceFileDownloadInfo.db
2026-08-18 05:28:38.8610  INFO 1 LDLS4.AppModel | (4ms) Creating resource file download info database.
2026-08-18 05:28:38.8610  INFO 1 LDLS4.AppModel | (Timed) Creating cloud resource manager.
2026-08-18 05:28:38.8631  INFO 1 LocalFileDatabase | Connection opened (0ms): /Users/mjwebster/Library/Application Support/Logos4/Data/wq8ubj9r.32o/CloudResourceManager/CloudResources.db
2026-08-18 05:28:38.8635  INFO 1 CloudResourceManager | Cloud resources are enabled.
2026-08-18 05:28:38.8636  INFO 1 LDLS4.AppModel | (3ms) Creating cloud resource manager.
2026-08-18 05:28:38.8639  INFO 1 LDLS4.AppModel | (Timed) Initializing local preferences
2026-08-18 05:28:38.8652  INFO 1 LocalFileDatabase | Connection opened (0ms): /Users/mjwebster/Library/Application Support/Logos4/Data/wq8ubj9r.32o/ResourceViewRecordsManager/resourceviewrecords.db
2026-08-18 05:28:38.8665  INFO 1 LDLS4.AppModel | Global zoom initialized to 120.
2026-08-18 05:28:38.8677  INFO 1 LDLS4.AppModel | (4ms) Initializing local preferences
2026-08-18 05:28:38.8698  INFO 1 UpdatePipelineManager | (Timed) Starting up UpdatePipelineManager
2026-08-18 05:28:38.8698  INFO 1 UpdatePipelineManager | (Timed) Creating update manager.
2026-08-18 05:28:38.8701  INFO 1 UpdateManager | Initializing update manager.
2026-08-18 05:28:38.8710  INFO 1 LocalFileDatabase | Connection opened (0ms): /Users/mjwebster/Library/Application Support/Logos4/Data/wq8ubj9r.32o/UpdateManager/Updates.db
2026-08-18 05:28:38.8712  INFO 1 UpdatePipelineManager | (1ms) Creating update manager.
2026-08-18 05:28:38.8716  INFO 1 LibraryCatalog | (Timed) Fixing cover images if needed.
2026-08-18 05:28:38.8716  INFO 1 LibraryCatalog | (0ms) Fixing cover images if needed.
2026-08-18 05:28:38.8726  INFO 1 LocalFileDatabase | Connection opened (0ms): /Users/mjwebster/Library/Application Support/Logos4/Data/wq8ubj9r.32o/Updates/Metadata.db
2026-08-18 05:28:38.8737  INFO 1 UpdatePipelineManager | Initializing update pipeline stages.
2026-08-18 05:28:38.8740  INFO 1 DigitalLibraryServices | (Timed) Creating download manager.
2026-08-18 05:28:38.8742  INFO 1 DownloadManager | Opening Download Manager in /Users/mjwebster/Library/Application Support/Logos4/Data/wq8ubj9r.32o/DownloadManager.
2026-08-18 05:28:38.8749  INFO 1 LocalFileDatabase | Connection opened (0ms): /Users/mjwebster/Library/Application Support/Logos4/Data/wq8ubj9r.32o/DownloadManager/DownloadManager.db
2026-08-18 05:28:38.8755  INFO 1 DigitalLibraryServices | (1ms) Creating download manager.
2026-08-18 05:28:39.7730  INFO 1 UpdatePipelineManager | (903ms) Starting up UpdatePipelineManager
2026-08-18 05:28:39.7735  INFO 9 CloudResourceManager | (Timed) Initializing CloudResourceManager.
2026-08-18 05:28:39.7988  INFO 9 CloudResourceManager | Identified 10301 resouces that should be downloaded. (24ms)
2026-08-18 05:28:39.8333  INFO 9 CloudResourceManager | Identified 9056 local resources (9056 can be deleted). (34ms)
2026-08-18 05:28:39.8346  INFO 9 CloudResourceManager | Identified 9779 server resources. (0ms)
2026-08-18 05:28:39.8350  INFO 9 LibraryCatalog | (Timed) Validating cloud resources.
2026-08-18 05:28:39.8455  INFO 9 LibraryCatalog | (10ms) Validating cloud resources.
2026-08-18 05:28:39.8460  INFO 9 CloudResourceManager | (Timed) Initializing cache of transitions to process.
2026-08-18 05:28:39.8479  INFO 9 CloudResourceManager | (2ms) Initializing cache of transitions to process.
2026-08-18 05:28:39.8571  INFO 9 CloudResourceManager | (84ms) Initializing CloudResourceManager.
2026-08-18 05:28:39.8640  INFO 1 ResourceViewTracker | Starting background thread.
2026-08-18 05:28:39.8643  INFO 37 ResourceViewTracker | Background thread started.
2026-08-18 05:28:39.8660  INFO 9 StartupUtility | (1019ms) Startup step: StartPostSetServiceClientsWork
2026-08-18 05:28:39.8660  INFO 9 StartupUtility | (1376ms) Startup step: StartServices
2026-08-18 05:28:39.8676  INFO 9 StartupUtility | (Timed) Startup step: SyncPreferences
2026-08-18 05:28:39.8683  INFO 9 StartupManager | Not waiting to finish first sync.
2026-08-18 05:28:39.8686  INFO 9 StartupUtility | (Timed) Startup step: InitializeSyncedPreferences
2026-08-18 05:28:39.8690  INFO 33 SyncManager | Requesting sync on sync clients: PreferencesSyncItem
2026-08-18 05:28:39.8700  INFO 9 StartupUtility | (Timed) Startup step: InitializeQueryParserSettingsProvider
2026-08-18 05:28:39.8702  INFO 1 LDLS4.AppModel | (Timed) Initializing synced preferences
2026-08-18 05:28:39.8715  INFO 9 CloudResourceManager | Making 0 resources local (isUserRequest=False).
2026-08-18 05:28:39.8715  INFO 14 LocalFileDatabase | Connection opened (0ms): /Users/mjwebster/Library/Application Support/Logos4/Documents/wq8ubj9r.32o/UserPreferences2/PreferencesManager.db
2026-08-18 05:28:39.8719  INFO 9 CloudResourceManager | InitializeTransitionRequestWithinLock. 0 resources (isUserRequest=False)
2026-08-18 05:28:39.8725  INFO 9 StartupUtility | (Timed) Startup step: ProcessBlockingUpdateJobs
2026-08-18 05:28:39.8740  INFO 9 UpdateManager | Update installer (version 52.2.0.19) has already been applied - marking it as Finished.
2026-08-18 05:28:39.8744  INFO 33 SyncClient | Found 1 items to submit for PreferencesSyncItem
2026-08-18 05:28:39.8749  INFO 9 StartupUtility | (Timed) Startup step: ProcessBlockingDownloadJobs
2026-08-18 05:28:39.8758  INFO 9 StartupUtility | (1ms) Startup step: ProcessBlockingDownloadJobs
2026-08-18 05:28:39.8758  INFO 9 StartupUtility | (3ms) Startup step: ProcessBlockingUpdateJobs
2026-08-18 05:28:39.8760  INFO 9 StartupUtility | (Timed) Startup step: OptimizeDatabases
2026-08-18 05:28:39.8767  INFO 9 StartupUtility | (Timed) Startup step: LogDiscoveryFailures
2026-08-18 05:28:39.8768  INFO 9 StartupUtility | (0ms) Startup step: LogDiscoveryFailures
2026-08-18 05:28:39.8785  INFO 9 AtlasSearchIndex | Created searcher
2026-08-18 05:28:39.8794  INFO 9 LocalFileDatabase | Connection opened (0ms): /Users/mjwebster/Library/Application Support/Logos4/Data/wq8ubj9r.32o/AtlasManager/AtlasCache.db
2026-08-18 05:28:39.8798  INFO 9 StartupUtility | (Timed) Startup step: InitializeAtlas
2026-08-18 05:28:39.8798  INFO 9 StartupUtility | (0ms) Startup step: InitializeAtlas
2026-08-18 05:28:40.1284  INFO 1 LDLS4.AppModel | (258ms) Initializing synced preferences
2026-08-18 05:28:40.1286  INFO 9 StartupUtility | (260ms) Startup step: InitializeSyncedPreferences
2026-08-18 05:28:40.1329  INFO 9 StartupUtility | (263ms) Startup step: InitializeQueryParserSettingsProvider
2026-08-18 05:28:40.1331  INFO 9 StartupUtility | (Timed) Startup step: InitializeQueryUtility
2026-08-18 05:28:40.1422  INFO 9 StartupUtility | (9ms) Startup step: InitializeQueryUtility
2026-08-18 05:28:40.2691  INFO 13 SQLite Profile | 391ms in layouts.db for: select SyncId, Title, CreatedDate, Thumbnail, Xml from Layouts where IsDeleted < 1 or IsDeleted > 1;
2026-08-18 05:28:40.2712  INFO 13 StartupUtility | (395ms) Startup step: OptimizeDatabases
2026-08-18 05:28:40.2721  INFO 13 StartupUtility | (Timed) Startup step: ForceDatabaseInitialization
2026-08-18 05:28:40.2722  INFO 13 DigitalLibraryServices | (Timed) Creating library index.
2026-08-18 05:28:40.2737  INFO 13 LocalFileDatabase | Connection opened (0ms): /Users/mjwebster/Library/Application Support/Logos4/Data/wq8ubj9r.32o/LibraryIndex/LibraryIndex.db
2026-08-18 05:28:40.2740  INFO 13 DigitalLibraryServices | (2ms) Creating library index.
2026-08-18 05:28:40.2741  INFO 13 StartupUtility | (2ms) Startup step: ForceDatabaseInitialization
2026-08-18 05:28:40.2741  INFO 13 StartupManager | (Timed) Blocking startup on preferences sync with 0.5 second timeout.
2026-08-18 05:28:40.3710  INFO 33 SyncClient | (Timed) Submitting 1 of 1 items.
2026-08-18 05:28:40.4928  INFO 33 SyncClient | (122ms) Submitting 1 of 1 items.
2026-08-18 05:28:40.5010  INFO 33 SyncClient | Integrated 1 successes, 0 conflicts, and 0 errors.
2026-08-18 05:28:40.5027  INFO 33 SyncClient | Downloading items for PreferencesSyncItem
2026-08-18 05:28:40.6135  INFO 33 SyncClient | New last known milestones: {"itemMilestone":"422696"}
2026-08-18 05:28:40.6164  INFO 33 SyncManager | Finished requesting sync on sync clients: PreferencesSyncItem
2026-08-18 05:28:40.6170  INFO 15 StartupUtility | (749ms) Startup step: SyncPreferences
2026-08-18 05:28:40.6170  INFO 15 StartupManager | (343ms) Blocking startup on preferences sync with 0.5 second timeout.
2026-08-18 05:28:40.6172  INFO 15 AppBannerManager | (2413ms) Waiting for first preferences sync to complete
2026-08-18 05:28:40.6268  INFO 15 StartupUtility | (Timed) Startup step: InitializeAppBannerRequirements
2026-08-18 05:28:40.6307  INFO 15 StartupUtility | (4ms) Startup step: InitializeAppBannerRequirements
2026-08-18 05:28:40.6309  INFO 15 StartupViewModel | Adding status 'Completed'.
2026-08-18 05:28:40.6317  INFO 15 StartupUtility | (Timed) Startup step: CreateMainWindow
2026-08-18 05:28:40.6317  INFO 1 StartupViewModel | Primary status set to 'Completed'.
2026-08-18 05:28:40.6385  INFO 15 LDLS4.AppModel | Getting web resource section definitions.
2026-08-18 05:28:41.0182  INFO 15 LDLS4.AppModel | Creating web resource sections.
2026-08-18 05:28:41.0359  INFO 1 StartupUtility | (Timed) Startup step: CreateWindow
2026-08-18 05:28:41.0362  INFO 1 DigitalLibraryServices | (Timed) Creating personal book index.
2026-08-18 05:28:41.0378  INFO 1 LocalFileDatabase | Connection opened (1ms): /Users/mjwebster/Library/Application Support/Logos4/Data/wq8ubj9r.32o/PersonalBookIndex/LibraryIndex.db
2026-08-18 05:28:41.0379  INFO 1 DigitalLibraryServices | (2ms) Creating personal book index.
2026-08-18 05:28:41.0415  INFO 1 SectionsUtility | (Timed) Registering sections.
2026-08-18 05:28:41.0627  INFO 1 SectionsUtility | (21ms) Registering sections.
2026-08-18 05:28:41.0628  INFO 1 SectionsUtility | (Timed) Registering web sections.
2026-08-18 05:28:41.0634  INFO 1 SectionsUtility | (1ms) Registering web sections.
2026-08-18 05:28:41.0634  INFO 1 LDLS4.AppModel | (Timed) Loading guide templates.
2026-08-18 05:28:41.0732  INFO 1 LDLS4.AppModel | (10ms) Loading guide templates.
2026-08-18 05:28:41.0740  INFO 1 ResourceCollectionManager | Updating collection cache after 00:00:01: cache enabled
2026-08-18 05:28:41.0744  INFO 1 LDLS4.AppModel | (Timed) Registering panels.
2026-08-18 05:28:41.1114  INFO 1 LDLS4.AppModel | (37ms) Registering panels.
2026-08-18 05:28:41.1114  INFO 1 LDLS4.AppModel | (Timed) Registering named preferences.
2026-08-18 05:28:41.1200  INFO 1 LDLS4.AppModel | (9ms) Registering named preferences.
2026-08-18 05:28:41.1201  INFO 1 LDLS4.AppModel | (Timed) Registering visual filters.
2026-08-18 05:28:41.1289  INFO 1 DigitalLibraryServices | (Timed) Creating rich text content extractor.
2026-08-18 05:28:41.1290  INFO 1 DigitalLibraryServices | (Timed) Creating transliteration manager.
2026-08-18 05:28:41.1290  INFO 1 DigitalLibraryServices | (0ms) Creating transliteration manager.
2026-08-18 05:28:41.1291  INFO 1 DigitalLibraryServices | (0ms) Creating rich text content extractor.
2026-08-18 05:28:41.1571  INFO 15 NotesToolManager | Creating connection to notes database.
2026-08-18 05:28:41.1571  INFO 9 NotesToolManager | Creating connection to notes database.
2026-08-18 05:28:41.1591  INFO 1 LDLS4.AppModel | (39ms) Registering visual filters.
2026-08-18 05:28:41.1626  INFO 1 ResourceCollectionManager | Updating collection cache after 00:00:01: system resource collections
2026-08-18 05:28:41.1639  INFO 1 LDLS4.AppModel | Initializing MainWindowModel.
2026-08-18 05:28:41.165 Logos[96105:8726611] Loaded window placement from preferences: Height=996|Left=771|State=Normal|Top=30|Width=957|WorkHeight=0|WorkLeft=0|WorkTop=0|WorkWidth=0
2026-08-18 05:28:41.1679  INFO 1 MainWindow | Display resolution of screen 1 is 1728x1117.
2026-08-18 05:28:41.1680  INFO 1 MainWindow | Display units per inch of screen 1 is 127.50 with a backing scale factor of 2.00.
2026-08-18 05:28:41.1730  INFO 15 ClientNotesApi | Found 44 notebooks. (23ms) {"sort":"title","notebookFields":["id","title"],"limit":2147483647}
2026-08-18 05:28:41.1730  INFO 9 ClientNotesApi | Found 44 notebooks. (23ms) {"sort":"title","notebookFields":["id","title"],"limit":2147483647}
2026-08-18 05:28:41.1888  INFO 1 AudioPlayer | Creating cache folder.
2026-08-18 05:28:41.1890  INFO 1 AudioPlayer | Deleting old cache folder /Users/mjwebster/Library/Application Support/Logos4/Data/wq8ubj9r.32o/AudioPlayer/2026-08-17_52.2.0.19
2026-08-18 05:28:41.261 Logos[96105:8726611] Setting window placement: {771, 30, 957, 996} | frame: {{771, 58}, {957, 996}} | state: 0 | frame: {{771, 58}, {957, 996}}
Available screens:
  - {{0, 54}, {1728, 1030}}
2026-08-18 05:28:41.2750  INFO 1 LDLS4.AppModel | Initializing PanelLinkingManager.
2026-08-18 05:28:41.2757  INFO 1 StartupUtility | (240ms) Startup step: CreateWindow
2026-08-18 05:28:41.2766  INFO 1 StartupUtility | Finished startup at 6306ms.
2026-08-18 05:28:41.2783  INFO 1 OurApp | Showing main window at 6.307 seconds.
2026-08-18 05:28:41.2829  INFO 1 UpdatePipelineManager | Updating download schedule.
2026-08-18 05:28:41.2850  INFO 13 LDLS4.AppModel | There are 567 hidden resources.
2026-08-18 05:28:41.2852  INFO 1 LocalFileDatabase | Connection opened (0ms): /Users/mjwebster/Library/Application Support/Logos4/Data/wq8ubj9r.32o/ResourceManager/ResourceManager.db
2026-08-18 05:28:41.2863  INFO 1 LDLS4.AppModel | (Timed) Creating workflows manager.
2026-08-18 05:28:41.2887  INFO 9 ClientNotesApi | Updated 0 resource versions. (3ms)
2026-08-18 05:28:41.2887  INFO 9 ClientNotesApi | Updated current resources. (3ms)
2026-08-18 05:28:41.2887  INFO 9 NotesToolManager | Updated 0 current resources.
2026-08-18 05:28:41.2892  INFO 1 LocalFileDatabase | Connection opened (0ms): /Users/mjwebster/Library/Application Support/Logos4/Documents/wq8ubj9r.32o/Workflows/Workflows.db
2026-08-18 05:28:41.2902  INFO 1 SyncManager | Adding sync client: WorkflowsApi
2026-08-18 05:28:41.2902  INFO 1 LDLS4.AppModel | (4ms) Creating workflows manager.
2026-08-18 05:28:41.2944  INFO 6 StartupUtility | (663ms) Startup step: CreateMainWindow
2026-08-18 05:28:41.2948  INFO 9 ClientNotesApi | Detected anchors needing update. (5ms)
2026-08-18 05:28:41.2949  INFO 9 NotesToolManager | Detected 12 anchors needing update.
2026-08-18 05:28:41.2955  INFO 6 StartupUtility | (Timed) Startup step: UpdateLicenses
2026-08-18 05:28:41.2959  INFO 6 StartupUtility | (Timed) Startup step: DownloadLicenses
2026-08-18 05:28:41.2980  INFO 6 WebServiceClient | Checking for new license compared to W/"73bc33c9-7b92-45b2-82a1-a9fa0dc2eced"
2026-08-18 05:28:41.3009  INFO 9 LocalFileDatabase | Connection opened (0ms): /Users/mjwebster/Library/Application Support/Logos4/Data/wq8ubj9r.32o/KeyLinkManager/keylinkmanager.db
2026-08-18 05:28:41.3011  INFO 6 StartupUtility | (Timed) Startup step: SetKeyLinkRanksForApplicationFamily
2026-08-18 05:28:41.3011  INFO 6 StartupManager | Setting default KeyLink ranks for Logos.
2026-08-18 05:28:41.3017  INFO 6 LocalFileDatabase | Connection opened (0ms): /Users/mjwebster/Library/Application Support/Logos4/Data/wq8ubj9r.32o/KeyLinkManager/keylinkmanager.db
2026-08-18 05:28:41.3036  INFO 13 LocalFileDatabase | Connection opened (0ms): /Users/mjwebster/Library/Application Support/Logos4/Data/wq8ubj9r.32o/KeyLinkManager/keylinkmanager.db
2026-08-18 05:28:41.3036  INFO 9 LocalFileDatabase | Connection opened (0ms): /Users/mjwebster/Library/Application Support/Logos4/Data/wq8ubj9r.32o/KeyLinkManager/keylinkmanager.db
2026-08-18 05:28:41.3038  INFO 6 StartupUtility | (3ms) Startup step: SetKeyLinkRanksForApplicationFamily
2026-08-18 05:28:41.3041  INFO 6 StartupUtility | (Timed) Startup step: LoadUserSpecificData
2026-08-18 05:28:41.3045  INFO 4 StartupManager | Loading navigable data types in the background.
2026-08-18 05:28:41.3046  INFO 4 StartupManager | (Timed) KeyLinkManager.GetKnownDataTypes
2026-08-18 05:28:41.3188  INFO 13 LocalFileDatabase | Connection opened (0ms): /Users/mjwebster/Library/Application Support/Logos4/Data/wq8ubj9r.32o/LibraryCatalog/catalog.db
2026-08-18 05:28:41.4012  WARN 9 Sinai.Title | Couldn't find position_upgrade_manifest.dat as Baggage in /Users/mjwebster/Library/Application Support/Logos4/Data/wq8ubj9r.32o/ResourceManager/Resources/2033bcaf3f78424b902e0e5a53e55b94.lbspbb.
2026-08-18 05:28:41.4051 ERROR 9 SqliteNotesClientRepository | Unable to convert text range Faithlife.NotesApi.Core.TextRangeRequest: {"code":"NotFound","message":"Failed to open text range: {\"resourceId\":\"PBB:2033bcaf3f78424b902e0e5a53e55b94\",\"resourceVersion\":\"2019-05-06T22:15:24Z\",\"indexedOffset\":0,\"indexedLength\":0,\"indexedVersion\":\"1970-01-01T00:00:00Z\",\"inputId\":\"QUESTION_1\"}"}
2026-08-18 05:28:41.4062 ERROR 9 SqliteNotesClientRepository | Unable to convert text range Faithlife.NotesApi.Core.TextRangeRequest: {"code":"NotFound","message":"Failed to open text range: {\"resourceId\":\"PBB:2033bcaf3f78424b902e0e5a53e55b94\",\"resourceVersion\":\"2019-05-06T22:15:24Z\",\"indexedOffset\":0,\"indexedLength\":0,\"indexedVersion\":\"1970-01-01T00:00:00Z\",\"inputId\":\"QUESTION_5\"}"}
2026-08-18 05:28:41.4062 ERROR 9 SqliteNotesClientRepository | Unable to convert text range Faithlife.NotesApi.Core.TextRangeRequest: {"code":"NotFound","message":"Failed to open text range: {\"resourceId\":\"PBB:2033bcaf3f78424b902e0e5a53e55b94\",\"resourceVersion\":\"2019-05-06T22:15:24Z\",\"indexedOffset\":0,\"indexedLength\":0,\"indexedVersion\":\"1970-01-01T00:00:00Z\",\"inputId\":\"QUESTION_6\"}"}
2026-08-18 05:28:41.4063 ERROR 9 SqliteNotesClientRepository | Unable to convert text range Faithlife.NotesApi.Core.TextRangeRequest: {"code":"NotFound","message":"Failed to open text range: {\"resourceId\":\"PBB:2033bcaf3f78424b902e0e5a53e55b94\",\"resourceVersion\":\"2019-05-06T22:15:24Z\",\"indexedOffset\":0,\"indexedLength\":0,\"indexedVersion\":\"1970-01-01T00:00:00Z\",\"inputId\":\"QUESTION_9\"}"}
2026-08-18 05:28:41.4063 ERROR 9 SqliteNotesClientRepository | Unable to convert text range Faithlife.NotesApi.Core.TextRangeRequest: {"code":"NotFound","message":"Failed to open text range: {\"resourceId\":\"PBB:2033bcaf3f78424b902e0e5a53e55b94\",\"resourceVersion\":\"2019-05-06T22:15:24Z\",\"indexedOffset\":0,\"indexedLength\":0,\"indexedVersion\":\"1970-01-01T00:00:00Z\",\"inputId\":\"QUESTION_10\"}"}
2026-08-18 05:28:41.4063 ERROR 9 SqliteNotesClientRepository | Unable to convert text range Faithlife.NotesApi.Core.TextRangeRequest: {"code":"NotFound","message":"Failed to open text range: {\"resourceId\":\"PBB:2033bcaf3f78424b902e0e5a53e55b94\",\"resourceVersion\":\"2019-05-06T22:15:24Z\",\"indexedOffset\":0,\"indexedLength\":0,\"indexedVersion\":\"1970-01-01T00:00:00Z\",\"inputId\":\"QUESTION_12\"}"}
2026-08-18 05:28:41.4063 ERROR 9 SqliteNotesClientRepository | Unable to convert text range Faithlife.NotesApi.Core.TextRangeRequest: {"code":"NotFound","message":"Failed to open text range: {\"resourceId\":\"PBB:2033bcaf3f78424b902e0e5a53e55b94\",\"resourceVersion\":\"2019-05-06T22:15:24Z\",\"indexedOffset\":0,\"indexedLength\":0,\"indexedVersion\":\"1970-01-01T00:00:00Z\",\"inputId\":\"QUESTION_11\"}"}
2026-08-18 05:28:41.4063 ERROR 9 SqliteNotesClientRepository | Unable to convert text range Faithlife.NotesApi.Core.TextRangeRequest: {"code":"NotFound","message":"Failed to open text range: {\"resourceId\":\"PBB:2033bcaf3f78424b902e0e5a53e55b94\",\"resourceVersion\":\"2019-05-06T22:15:24Z\",\"indexedOffset\":0,\"indexedLength\":0,\"indexedVersion\":\"1970-01-01T00:00:00Z\",\"inputId\":\"QUESTION_13\"}"}
2026-08-18 05:28:41.4063 ERROR 9 SqliteNotesClientRepository | Unable to convert text range Faithlife.NotesApi.Core.TextRangeRequest: {"code":"NotFound","message":"Failed to open text range: {\"resourceId\":\"PBB:2033bcaf3f78424b902e0e5a53e55b94\",\"resourceVersion\":\"2019-05-06T22:15:24Z\",\"indexedOffset\":0,\"indexedLength\":0,\"indexedVersion\":\"1970-01-01T00:00:00Z\",\"inputId\":\"QUESTION_15\"}"}
2026-08-18 05:28:41.4063 ERROR 9 SqliteNotesClientRepository | Unable to convert text range Faithlife.NotesApi.Core.TextRangeRequest: {"code":"NotFound","message":"Failed to open text range: {\"resourceId\":\"PBB:2033bcaf3f78424b902e0e5a53e55b94\",\"resourceVersion\":\"2019-05-06T22:15:24Z\",\"indexedOffset\":0,\"indexedLength\":0,\"indexedVersion\":\"1970-01-01T00:00:00Z\",\"inputId\":\"QUESTION_17\"}"}
2026-08-18 05:28:41.4064 ERROR 9 SqliteNotesClientRepository | Unable to convert text range Faithlife.NotesApi.Core.TextRangeRequest: {"code":"NotFound","message":"Failed to open text range: {\"resourceId\":\"PBB:2033bcaf3f78424b902e0e5a53e55b94\",\"resourceVersion\":\"2019-05-06T22:15:24Z\",\"indexedOffset\":0,\"indexedLength\":0,\"indexedVersion\":\"1970-01-01T00:00:00Z\",\"inputId\":\"QUESTION_21\"}"}
2026-08-18 05:28:41.4064 ERROR 9 SqliteNotesClientRepository | Unable to convert text range Faithlife.NotesApi.Core.TextRangeRequest: {"code":"NotFound","message":"Failed to open text range: {\"resourceId\":\"PBB:2033bcaf3f78424b902e0e5a53e55b94\",\"resourceVersion\":\"2019-05-06T22:15:24Z\",\"indexedOffset\":0,\"indexedLength\":0,\"indexedVersion\":\"1970-01-01T00:00:00Z\",\"inputId\":\"QUESTION_7\"}"}
2026-08-18 05:28:41.4089  INFO 4 StartupManager | (104ms) KeyLinkManager.GetKnownDataTypes
2026-08-18 05:28:41.4090  INFO 4 StartupManager | (Timed) DataTypeLists.ParseBibleReference
2026-08-18 05:28:41.4123  INFO 9 ClientNotesApi | Updated anchors. (117ms)
2026-08-18 05:28:41.4126  INFO 9 ClientNotesApi | Updated anchors. (0ms)
2026-08-18 05:28:41.4127  INFO 9 NotesToolManager | Updated 12 anchors.
2026-08-18 05:28:41.5106  INFO 4 StartupManager | (102ms) DataTypeLists.ParseBibleReference
2026-08-18 05:28:41.5106  INFO 4 StartupManager | (Timed) Loading preferred Bible in the background.
2026-08-18 05:28:41.5866  INFO 4 StartupManager | (76ms) Loading preferred Bible in the background.
2026-08-18 05:28:41.5867  INFO 4 StartupUtility | (283ms) Startup step: LoadUserSpecificData
2026-08-18 05:28:41.5874  INFO 4 StartupUtility | (Timed) Startup step: ProcessNonBlockingUpdateJobs
2026-08-18 05:28:41.5920  INFO 4 UpdatePipelineManager | Attempting to start update project.
2026-08-18 05:28:41.5926  INFO 4 UpdatePipelineManager | Starting update project.
2026-08-18 05:28:41.5927  INFO 4 UpdatePipelineManager | Working online=True, Auto-download=True, Start hour=0, Stop hour=0, Download canceled=False, Project source=System
2026-08-18 05:28:41.5929  INFO 4 UpdateProject | (Timed) Starting update project "Non-blocking updates for Startup"
2026-08-18 05:28:41.5932  INFO 4 UpdatePipelineManager | Assigning update jobs.
2026-08-18 05:28:41.5940  INFO 4 UpdateStageBase | Adding job to DiscoveryUpdateStage queue: 'Discovery'.
2026-08-18 05:28:41.5942  INFO 4 UpdateStageBase | Starting work thread for DiscoveryUpdateStage queue.
2026-08-18 05:28:41.5946  INFO 4 UpdateStageBase | Adding job to InstallResourceUpdateStage queue: 'DiscoverOrphanedDownloads'.
2026-08-18 05:28:41.5946  INFO 4 UpdateStageBase | Starting work thread for InstallResourceUpdateStage queue.
2026-08-18 05:28:41.5949  INFO 4 StartupUtility | (7ms) Startup step: ProcessNonBlockingUpdateJobs
2026-08-18 05:28:41.5951  INFO 4 StartupUtility | (Timed) Startup step: SetupIndexerStateChangedSubsribers
2026-08-18 05:28:41.5959  INFO 15 UpdatePipelineManager | Job finished in InstallResourceUpdateStage queue: 'DiscoverOrphanedDownloads' (Finished).
2026-08-18 05:28:41.5959  INFO 9 DiscoveryUpdateStage | Starting discovery for 1 update jobs.
2026-08-18 05:28:41.5962  INFO 15 UpdateStageBase | Stopping work thread for InstallResourceUpdateStage queue.
2026-08-18 05:28:41.5963  INFO 9 ResourceManager | Discovery requested: external request
2026-08-18 05:28:41.6182  INFO 4 StartupUtility | (23ms) Startup step: SetupIndexerStateChangedSubsribers
2026-08-18 05:28:41.6188  INFO 4 StartupUtility | (Timed) Startup step: StartIndexerIfNecessary
2026-08-18 05:28:41.6192  INFO 4 DigitalLibraryServices | (Timed) Creating auto complete manager.
2026-08-18 05:28:41.6210  INFO 4 LocalFileDatabase | Connection opened (0ms): /Users/mjwebster/Library/Application Support/Logos4/Data/wq8ubj9r.32o/AutoComplete/AutoComplete.db
2026-08-18 05:28:41.6216  INFO 40 LocalFileDatabase | Connection opened (0ms): /Users/mjwebster/Library/Application Support/Logos4/Users/UserManager.db
2026-08-18 05:28:41.6218  INFO 4 DigitalLibraryServices | (3ms) Creating auto complete manager.
2026-08-18 05:28:41.6235  INFO 4 GlobalMilestoneIndex | Creating connection to global milestone index.
2026-08-18 05:28:41.6260  INFO 4 StartupUtility | (7ms) Startup step: StartIndexerIfNecessary
2026-08-18 05:28:41.6263  INFO 4 StartupUtility | (Timed) Startup step: StartAtlasSync
2026-08-18 05:28:41.6300  INFO 4 StartupUtility | (4ms) Startup step: StartAtlasSync
2026-08-18 05:28:41.6303  INFO 4 StartupUtility | (Timed) Startup step: LocalSyncDataMigration
2026-08-18 05:28:41.7066  INFO 42 LocalFileDatabase | Connection opened (0ms): /Users/mjwebster/Library/Application Support/Logos4/Data/wq8ubj9r.32o/ResourceManager/BibleKnowledgebase/Discovered.db
2026-08-18 05:28:41.7072 ERROR 1 ResourceCollectionManager | Could not open collection with specified name: CollectionId=35cbfee0-4f6e-4c6b-9430-f6c3b09e5a29|Title=Cdn%20Books
2026-08-18 05:28:41.7126  INFO 42 LocalFileDatabase | Connection opened (0ms): /Users/mjwebster/Library/Application Support/Logos4/Data/wq8ubj9r.32o/ResourceManager/LogosControlledVocabulary/Discovered.db
2026-08-18 05:28:41.7204  INFO 42 LocalFileDatabase | Connection opened (0ms): /Users/mjwebster/Library/Application Support/Logos4/Data/wq8ubj9r.32o/ResourceManager/LemmaLists/Discovered.db
2026-08-18 05:28:41.7218  INFO 42 LocalFileDatabase | Connection opened (0ms): /Users/mjwebster/Library/Application Support/Logos4/Data/wq8ubj9r.32o/ResourceManager/LiteraryTyping/Discovered.db
2026-08-18 05:28:41.7233  INFO 42 LocalFileDatabase | Connection opened (0ms): /Users/mjwebster/Library/Application Support/Logos4/Data/wq8ubj9r.32o/ResourceManager/Excerpts/Discovered.db
2026-08-18 05:28:41.7249  INFO 42 LocalFileDatabase | Connection opened (0ms): /Users/mjwebster/Library/Application Support/Logos4/Data/wq8ubj9r.32o/ResourceManager/ReverseInterlinear/Discovered.db
2026-08-18 05:28:41.7283  INFO 42 LocalFileDatabase | Connection opened (0ms): /Users/mjwebster/Library/Application Support/Logos4/Data/wq8ubj9r.32o/ResourceManager/GrammaticalRelationships/Discovered.db
2026-08-18 05:28:41.7301  INFO 42 LocalFileDatabase | Connection opened (0ms): /Users/mjwebster/Library/Application Support/Logos4/Data/wq8ubj9r.32o/ResourceManager/PericopeSets/Discovered.db
2026-08-18 05:28:41.7317  INFO 42 LocalFileDatabase | Connection opened (0ms): /Users/mjwebster/Library/Application Support/Logos4/Data/wq8ubj9r.32o/ResourceManager/SyntaxDatabase/Discovered.db
2026-08-18 05:28:41.7332  INFO 42 LocalFileDatabase | Connection opened (0ms): /Users/mjwebster/Library/Application Support/Logos4/Data/wq8ubj9r.32o/ResourceManager/Audio/Discovered.db
2026-08-18 05:28:41.7346  INFO 42 LocalFileDatabase | Connection opened (0ms): /Users/mjwebster/Library/Application Support/Logos4/Data/wq8ubj9r.32o/ResourceManager/Pronunciations/Discovered.db
2026-08-18 05:28:41.7361  INFO 42 LocalFileDatabase | Connection opened (0ms): /Users/mjwebster/Library/Application Support/Logos4/Data/wq8ubj9r.32o/ResourceManager/Timelines/Discovered.db
2026-08-18 05:28:41.7381  INFO 42 LocalFileDatabase | Connection opened (0ms): /Users/mjwebster/Library/Application Support/Logos4/Data/wq8ubj9r.32o/ResourceManager/ClauseVisualizer/Discovered.db
2026-08-18 05:28:41.7395  INFO 42 LocalFileDatabase | Connection opened (0ms): /Users/mjwebster/Library/Application Support/Logos4/Data/wq8ubj9r.32o/ResourceManager/PeopleDiagrams/Discovered.db
2026-08-18 05:28:41.7408  INFO 42 LocalFileDatabase | Connection opened (0ms): /Users/mjwebster/Library/Application Support/Logos4/Data/wq8ubj9r.32o/ResourceManager/Maps/Discovered.db
2026-08-18 05:28:41.7420  INFO 42 LocalFileDatabase | Connection opened (0ms): /Users/mjwebster/Library/Application Support/Logos4/Data/wq8ubj9r.32o/ResourceManager/PreachingThemes/Discovered.db
2026-08-18 05:28:41.7430  INFO 42 LocalFileDatabase | Connection opened (0ms): /Users/mjwebster/Library/Application Support/Logos4/Data/wq8ubj9r.32o/ResourceManager/Events/Discovered.db
2026-08-18 05:28:41.7442  INFO 42 LocalFileDatabase | Connection opened (0ms): /Users/mjwebster/Library/Application Support/Logos4/Data/wq8ubj9r.32o/ResourceManager/Clauses/Discovered.db
2026-08-18 05:28:41.7455  INFO 42 LocalFileDatabase | Connection opened (0ms): /Users/mjwebster/Library/Application Support/Logos4/Data/wq8ubj9r.32o/ResourceManager/UniversalTimeline/Discovered.db
2026-08-18 05:28:41.7468  INFO 42 LocalFileDatabase | Connection opened (0ms): /Users/mjwebster/Library/Application Support/Logos4/Data/wq8ubj9r.32o/ResourceManager/Referents/Discovered.db
2026-08-18 05:28:41.7480  INFO 42 LocalFileDatabase | Connection opened (0ms): /Users/mjwebster/Library/Application Support/Logos4/Data/wq8ubj9r.32o/ResourceManager/ReportedSpeech/Discovered.db
2026-08-18 05:28:41.7492  INFO 42 LocalFileDatabase | Connection opened (0ms): /Users/mjwebster/Library/Application Support/Logos4/Data/wq8ubj9r.32o/ResourceManager/WordSenses/Discovered.db
2026-08-18 05:28:41.7504  INFO 42 LocalFileDatabase | Connection opened (0ms): /Users/mjwebster/Library/Application Support/Logos4/Data/wq8ubj9r.32o/ResourceManager/ThematicOutlines/Discovered.db
2026-08-18 05:28:41.7516  INFO 42 LocalFileDatabase | Connection opened (0ms): /Users/mjwebster/Library/Application Support/Logos4/Data/wq8ubj9r.32o/ResourceManager/PhraseConcordance/Discovered.db
2026-08-18 05:28:41.7532  INFO 42 LocalFileDatabase | Connection opened (0ms): /Users/mjwebster/Library/Application Support/Logos4/Data/wq8ubj9r.32o/ResourceManager/InterlinearDatabase/Discovered.db
2026-08-18 05:28:41.7543  INFO 42 LocalFileDatabase | Connection opened (0ms): /Users/mjwebster/Library/Application Support/Logos4/Data/wq8ubj9r.32o/ResourceManager/AncientLiterature/Discovered.db
2026-08-18 05:28:41.7553  INFO 42 LocalFileDatabase | Connection opened (0ms): /Users/mjwebster/Library/Application Support/Logos4/Data/wq8ubj9r.32o/ResourceManager/UnifiedAnnotationVocabulary/Discovered.db
2026-08-18 05:28:41.7568  INFO 42 LocalFileDatabase | Connection opened (0ms): /Users/mjwebster/Library/Application Support/Logos4/Data/wq8ubj9r.32o/ResourceManager/Html/Discovered.db
2026-08-18 05:28:41.7831  INFO 42 LocalFileDatabase | Connection opened (0ms): /Users/mjwebster/Library/Application Support/Logos4/Data/wq8ubj9r.32o/ResourceManager/logos/Discovered.db
2026-08-18 05:28:41.8171  INFO 15 WebServiceClient | License check revealed no new license version.
2026-08-18 05:28:41.8174  INFO 15 StartupUtility | (Timed) Startup step: SetLicensesFromWebService
2026-08-18 05:28:41.8175  INFO 15 StartupUtility | (0ms) Startup step: SetLicensesFromWebService
2026-08-18 05:28:41.8176  INFO 15 StartupUtility | (522ms) Startup step: DownloadLicenses
2026-08-18 05:28:41.8210  INFO 15 StartupUtility | (526ms) Startup step: UpdateLicenses
2026-08-18 05:28:41.8214  INFO 15 StartupUtility | (Timed) Startup step: DoFirstSync
2026-08-18 05:28:41.8634  INFO 42 LocalFileDatabase | Connection opened (0ms): /Users/mjwebster/Library/Application Support/Logos4/Data/wq8ubj9r.32o/ResourceManager/SupplementalData/Discovered.db
2026-08-18 05:28:41.8658  INFO 42 LocalFileDatabase | Connection opened (0ms): /Users/mjwebster/Library/Application Support/Logos4/Data/wq8ubj9r.32o/ResourceManager/NamedTexts/Discovered.db
2026-08-18 05:28:41.8722  INFO 42 LocalFileDatabase | Connection opened (0ms): /Users/mjwebster/Library/Application Support/Logos4/Data/wq8ubj9r.32o/ResourceManager/Biographies/Discovered.db
2026-08-18 05:28:41.8737  INFO 42 LocalFileDatabase | Connection opened (0ms): /Users/mjwebster/Library/Application Support/Logos4/Data/wq8ubj9r.32o/ResourceManager/LexhamCulturalOntology/Discovered.db
2026-08-18 05:28:41.8749  INFO 42 LocalFileDatabase | Connection opened (0ms): /Users/mjwebster/Library/Application Support/Logos4/Data/wq8ubj9r.32o/ResourceManager/FactbookMedia/Discovered.db
2026-08-18 05:28:41.8761  INFO 42 LocalFileDatabase | Connection opened (0ms): /Users/mjwebster/Library/Application Support/Logos4/Data/wq8ubj9r.32o/ResourceManager/Lemmas/Discovered.db
2026-08-18 05:28:41.8774  INFO 42 LocalFileDatabase | Connection opened (0ms): /Users/mjwebster/Library/Application Support/Logos4/Data/wq8ubj9r.32o/ResourceManager/CrossReferences/Discovered.db
2026-08-18 05:28:41.8787  INFO 42 LocalFileDatabase | Connection opened (0ms): /Users/mjwebster/Library/Application Support/Logos4/Data/wq8ubj9r.32o/ResourceManager/LexhamSTOntology/Discovered.db
2026-08-18 05:28:41.8800  INFO 42 LocalFileDatabase | Connection opened (0ms): /Users/mjwebster/Library/Application Support/Logos4/Data/wq8ubj9r.32o/ResourceManager/ImportantWords/Discovered.db
2026-08-18 05:28:41.8812  INFO 42 LocalFileDatabase | Connection opened (0ms): /Users/mjwebster/Library/Application Support/Logos4/Data/wq8ubj9r.32o/ResourceManager/BibleCrossReferences/Discovered.db
2026-08-18 05:28:41.8825  INFO 42 LocalFileDatabase | Connection opened (0ms): /Users/mjwebster/Library/Application Support/Logos4/Data/wq8ubj9r.32o/ResourceManager/CounselingThemes/Discovered.db
2026-08-18 05:28:41.8837  INFO 42 LocalFileDatabase | Connection opened (0ms): /Users/mjwebster/Library/Application Support/Logos4/Data/wq8ubj9r.32o/ResourceManager/ChurchHistory/Discovered.db
2026-08-18 05:28:41.8852  INFO 42 ResourceManager | Discovery completed! (started: 2026-08-18T09:28:41.6212110Z)
2026-08-18 05:28:41.8858  INFO 42 CloudResourceManager | Discovery completed; processing 0 resource changes.
2026-08-18 05:28:41.9471 ERROR 40 ResourceCoverDownloadManager | Error downloading image from 'https://covers.logoscdn.com/pbb_c4ce7b7cc86f417c94d8a78639b8891e/cover.jpg'; cover image will not be updated.
2026-08-18 05:28:42.0489  INFO 40 NotificationsViewModel | (Timed) Refreshing recent updates notifications.
2026-08-18 05:28:42.0542  INFO 15 StartupUtility | (424ms) Startup step: LocalSyncDataMigration
2026-08-18 05:28:42.0547  INFO 4 StartupUtility | (Timed) Startup step: UpdateAiCreditLimit
2026-08-18 05:28:42.0551  INFO 33 SyncManager | Requesting sync on all sync clients
2026-08-18 05:28:42.0556  INFO 9 DiscoveryUpdateStage | Discovery completed.
2026-08-18 05:28:42.0557  INFO 9 DiscoveryUpdateStage | (Timed) Updating Library Catalog from Resource Manager.
2026-08-18 05:28:42.0562  INFO 4 StartupUtility | (2ms) Startup step: UpdateAiCreditLimit
2026-08-18 05:28:42.0567  INFO 1 CloudResourceManager | Processing 0 new resources as local.
2026-08-18 05:28:42.0576  INFO 9 UpdatePipelineManager | Job finished in DiscoveryUpdateStage queue: 'Discovery' (Finished).
2026-08-18 05:28:42.0577  INFO 9 UpdateProject | (465ms) Starting update project "Non-blocking updates for Startup"
2026-08-18 05:28:42.0578  INFO 9 UpdatePipelineManager | Update project finished.
2026-08-18 05:28:42.0581  INFO 9 UpdatePipelineManager | All update projects have finished.
2026-08-18 05:28:42.0581  INFO 9 DiscoveryUpdateStage | (2ms) Updating Library Catalog from Resource Manager.
2026-08-18 05:28:42.0581  INFO 9 DiscoveryUpdateStage | (Timed) Updating KeyLink Manager from Library Catalog.
2026-08-18 05:28:42.0595  INFO 9 DiscoveryUpdateStage | (1ms) Updating KeyLink Manager from Library Catalog.
2026-08-18 05:28:42.0595  INFO 9 DiscoveryUpdateStage | (Timed) Updating Reverse Interlinear Manager from Library Catalog.
2026-08-18 05:28:42.0600  INFO 9 DiscoveryUpdateStage | (0ms) Updating Reverse Interlinear Manager from Library Catalog.
2026-08-18 05:28:42.0648  INFO 23 NotificationsViewModel | (Timed) Refreshing recent updates notifications.
2026-08-18 05:28:42.1268  INFO 40 NotificationsViewModel | 488 resources were recently updated
2026-08-18 05:28:42.1269  INFO 23 NotificationsViewModel | 488 resources were recently updated
2026-08-18 05:28:42.1270  INFO 40 NotificationsViewModel | (78ms) Refreshing recent updates notifications.
2026-08-18 05:28:42.1548  INFO 23 NotificationsViewModel | 44 datasets were recently updated
2026-08-18 05:28:42.1641  INFO 40 ResourceCollectionManager | (Timed) Updating collection cache.
2026-08-18 05:28:42.1798  INFO 15 NotificationsViewModel | (Timed) Checking for release notes...
2026-08-18 05:28:42.1926  INFO 40 ResourceCollectionManager | Updating collection cache for 784 collections.
2026-08-18 05:28:42.2086 ERROR 6 ResourceCoverDownloadManager | Error downloading image from 'https://covers.logoscdn.com/pbb_e0b0ba5f40b8424787d4cf74ffd2202b/cover.jpg'; cover image will not be updated.
2026-08-18 05:28:42.2116 ERROR 4 ResourceCoverDownloadManager | Error downloading image from 'https://covers.logoscdn.com/pbb_7ed1dde71596497da3ca52497872a676/cover.jpg'; cover image will not be updated.
2026-08-18 05:28:42.2210  INFO 4 SearchFieldManager | (Timed) Loading search field aliases
2026-08-18 05:28:42.2227  INFO 4 SearchFieldManager | (2ms) Loading search field aliases
2026-08-18 05:28:42.2447  INFO 4 LibraryCatalog | Got all 9014 record IDs. (2ms)
2026-08-18 05:28:42.2890  INFO 1 NotificationsViewModel | (109ms) Checking for release notes...
2026-08-18 05:28:42.2893  INFO 1 NotificationsViewModel | Logos was recently updated to 52.2
2026-08-18 05:28:42.2922 ERROR 44 ResourceCoverDownloadManager | Error downloading image from 'https://covers.logoscdn.com/pbb_c55dd8b34eff4bf9a6a948b82e84e16e/cover.jpg'; cover image will not be updated.
2026-08-18 05:28:42.2923 ERROR 21 ResourceCoverDownloadManager | Error downloading image from 'https://covers.logoscdn.com/pbb_c898802559e1480bb36017d3441fc865/cover.jpg'; cover image will not be updated.
2026-08-18 05:28:42.2942 ERROR 38 ResourceCoverDownloadManager | Error downloading image from 'https://covers.logoscdn.com/db_entity-pronunciations/cover.jpg'; cover image will not be updated.
2026-08-18 05:28:42.2960 ERROR 42 ResourceCoverDownloadManager | Error downloading image from 'https://covers.logoscdn.com/pbb_1ba2009ae46e488fb17d334776121eb0/cover.jpg'; cover image will not be updated.
2026-08-18 05:28:42.2971  INFO 42 NotificationsViewModel | (232ms) Refreshing recent updates notifications.
2026-08-18 05:28:42.3008 ERROR 45 ResourceCoverDownloadManager | Error downloading image from 'https://covers.logoscdn.com/pbb_308a3185e8ce4853845134746222ef9a/cover.jpg'; cover image will not be updated.
2026-08-18 05:28:42.3030 ERROR 46 ResourceCoverDownloadManager | Error downloading image from 'https://covers.logoscdn.com/rvi_ncvot/cover.jpg'; cover image will not be updated.
2026-08-18 05:28:42.3053 ERROR 47 ResourceCoverDownloadManager | Error downloading image from 'https://covers.logoscdn.com/db_sd-bible-study-builder/cover.jpg'; cover image will not be updated.
2026-08-18 05:28:42.3053 ERROR 13 ResourceCoverDownloadManager | Error downloading image from 'https://covers.logoscdn.com/pbb_c7f6451059fb40228c628064b68819a7/cover.jpg'; cover image will not be updated.
2026-08-18 05:28:42.3054 ERROR 43 ResourceCoverDownloadManager | Error downloading image from 'https://covers.logoscdn.com/pbb_8074341c757c438ea85301b678166167/cover.jpg'; cover image will not be updated.
2026-08-18 05:28:42.3095 ERROR 49 ResourceCoverDownloadManager | Error downloading image from 'https://covers.logoscdn.com/rvi_ncvnt/cover.jpg'; cover image will not be updated.
2026-08-18 05:28:42.3095 ERROR 48 ResourceCoverDownloadManager | Error downloading image from 'https://covers.logoscdn.com/db_sd-bible-questions-dc/cover.jpg'; cover image will not be updated.
2026-08-18 05:28:42.3128 ERROR 51 ResourceCoverDownloadManager | Error downloading image from 'https://covers.logoscdn.com/db_sd-bible-commands-dc/cover.jpg'; cover image will not be updated.
2026-08-18 05:28:42.3128 ERROR 53 ResourceCoverDownloadManager | Error downloading image from 'https://covers.logoscdn.com/db_reported-speech/cover.jpg'; cover image will not be updated.
2026-08-18 05:28:42.3175 ERROR 50 ResourceCoverDownloadManager | Error downloading image from 'https://covers.logoscdn.com/db_sd-bible-promises-dc/cover.jpg'; cover image will not be updated.
2026-08-18 05:28:42.3175 ERROR 52 ResourceCoverDownloadManager | Error downloading image from 'https://covers.logoscdn.com/rvi_esvnt/cover.jpg'; cover image will not be updated.
2026-08-18 05:28:42.3196 ERROR 55 ResourceCoverDownloadManager | Error downloading image from 'https://covers.logoscdn.com/db_sd-bible-commands/cover.jpg'; cover image will not be updated.
2026-08-18 05:28:42.3196 ERROR 40 ResourceCoverDownloadManager | Error downloading image from 'https://covers.logoscdn.com/rvi_esvot/cover.jpg'; cover image will not be updated.
2026-08-18 05:28:42.3287  INFO 33 SyncClient | Found 7 items to submit for HistorySyncItem
2026-08-18 05:28:42.3367 ERROR 6 ResourceCoverDownloadManager | Error downloading image from 'https://covers.logoscdn.com/rvi_nkjvot/cover.jpg'; cover image will not be updated.
2026-08-18 05:28:42.3620 ERROR 47 ResourceCoverDownloadManager | Error downloading image from 'https://covers.logoscdn.com/pbb_cc54cd90d8e64730aada1dbd40391482/cover.jpg'; cover image will not be updated.
2026-08-18 05:28:42.3750 ERROR 60 ResourceCoverDownloadManager | Error downloading image from 'https://covers.logoscdn.com/pbb_0707bca7399b4fbe83180533703a95af/cover.jpg'; cover image will not be updated.
2026-08-18 05:28:42.3750 ERROR 41 ResourceCoverDownloadManager | Error downloading image from 'https://covers.logoscdn.com/rvi_nkjvnt/cover.jpg'; cover image will not be updated.
2026-08-18 05:28:42.3759 ERROR 46 ResourceCoverDownloadManager | Error downloading image from 'https://covers.logoscdn.com/pbb_2c39ad8ac7d740068cf482ee22b94763/cover.jpg'; cover image will not be updated.
2026-08-18 05:28:42.3759 ERROR 44 ResourceCoverDownloadManager | Error downloading image from 'https://covers.logoscdn.com/pbb_719865da3a064874b5273d519c8955ca/cover.jpg'; cover image will not be updated.
2026-08-18 05:28:42.3760 ERROR 21 ResourceCoverDownloadManager | Error downloading image from 'https://covers.logoscdn.com/pbb_cf3dd3b2ace546c3aaf1a5b635549c93/cover.jpg'; cover image will not be updated.
2026-08-18 05:28:42.3813 ERROR 38 ResourceCoverDownloadManager | Error downloading image from 'https://covers.logoscdn.com/pbb_318a6df594aa49c2b94f1cdfd18b949f/cover.jpg'; cover image will not be updated.
2026-08-18 05:28:42.3900 ERROR 45 ResourceCoverDownloadManager | Error downloading image from 'https://covers.logoscdn.com/pbb_bd791d45befc420c855fa615b715e4a8/cover.jpg'; cover image will not be updated.
2026-08-18 05:28:42.3901 ERROR 4 ResourceCoverDownloadManager | Error downloading image from 'https://covers.logoscdn.com/pbb_b6c0a0a7664e485eb5ea85cf56863e1c/cover.jpg'; cover image will not be updated.
2026-08-18 05:28:42.3933 ERROR 23 ResourceCoverDownloadManager | Error downloading image from 'https://covers.logoscdn.com/rvi_esvceot/cover.jpg'; cover image will not be updated.
2026-08-18 05:28:42.3934 ERROR 48 ResourceCoverDownloadManager | Error downloading image from 'https://covers.logoscdn.com/rvi_esvcedc/cover.jpg'; cover image will not be updated.
2026-08-18 05:28:42.3934 ERROR 42 ResourceCoverDownloadManager | Error downloading image from 'https://covers.logoscdn.com/pbb_e53553e29adf4b78a227dcfcb1ff81bd/cover.jpg'; cover image will not be updated.
2026-08-18 05:28:42.3979 ERROR 13 ResourceCoverDownloadManager | Error downloading image from 'https://covers.logoscdn.com/rvi_esvcent/cover.jpg'; cover image will not be updated.
2026-08-18 05:28:42.4062 ERROR 52 ResourceCoverDownloadManager | Error downloading image from 'https://covers.logoscdn.com/rvi_esvcedcvar/cover.jpg'; cover image will not be updated.
2026-08-18 05:28:42.4062 ERROR 53 ResourceCoverDownloadManager | Error downloading image from 'https://covers.logoscdn.com/pbb_769dcb712542405392b036021ecea8e4/cover.jpg'; cover image will not be updated.
2026-08-18 05:28:42.4092 ERROR 49 ResourceCoverDownloadManager | Error downloading image from 'https://covers.logoscdn.com/pbb_7845c9ccfaec40b782787afdc7075fdf/cover.jpg'; cover image will not be updated.
2026-08-18 05:28:42.4283 ERROR 43 ResourceCoverDownloadManager | Error downloading image from 'https://covers.logoscdn.com/pbb_81c5a310c52e4b71b0337ea7bf1b76bb/cover.jpg'; cover image will not be updated.
2026-08-18 05:28:42.4472 ERROR 41 ResourceCoverDownloadManager | Error downloading image from 'https://covers.logoscdn.com/rvi_nebapocvar/cover.jpg'; cover image will not be updated.
2026-08-18 05:28:42.4533 ERROR 6 ResourceCoverDownloadManager | Error downloading image from 'https://covers.logoscdn.com/rvi_nebnt/cover.jpg'; cover image will not be updated.
2026-08-18 05:28:42.4539 ERROR 60 ResourceCoverDownloadManager | Error downloading image from 'https://covers.logoscdn.com/db_sd-supernatural-beings/cover.jpg'; cover image will not be updated.
2026-08-18 05:28:42.4594 ERROR 51 ResourceCoverDownloadManager | Error downloading image from 'https://covers.logoscdn.com/rvi_nebhebot/cover.jpg'; cover image will not be updated.
2026-08-18 05:28:42.4606 ERROR 56 ResourceCoverDownloadManager | Error downloading image from 'https://covers.logoscdn.com/rvi_lxxsesbheb/cover.jpg'; cover image will not be updated.
2026-08-18 05:28:42.4606 ERROR 44 ResourceCoverDownloadManager | Error downloading image from 'https://covers.logoscdn.com/db_sd-theophanies/cover.jpg'; cover image will not be updated.
2026-08-18 05:28:42.4636 ERROR 47 ResourceCoverDownloadManager | Error downloading image from 'https://covers.logoscdn.com/rvi_nebapoc/cover.jpg'; cover image will not be updated.
2026-08-18 05:28:42.4717 ERROR 23 ResourceCoverDownloadManager | Error downloading image from 'https://covers.logoscdn.com/rvi_nrsvuehebot/cover.jpg'; cover image will not be updated.
2026-08-18 05:28:42.4738 ERROR 46 ResourceCoverDownloadManager | Error downloading image from 'https://covers.logoscdn.com/rvi_lxxsesbaltheb/cover.jpg'; cover image will not be updated.
2026-08-18 05:28:42.4760 ERROR 4 ResourceCoverDownloadManager | Error downloading image from 'https://covers.logoscdn.com/rvi_nrsvuedcapoc/cover.jpg'; cover image will not be updated.
2026-08-18 05:28:42.4783 ERROR 54 ResourceCoverDownloadManager | Error downloading image from 'https://covers.logoscdn.com/rvi_nrsvuedcapocvar/cover.jpg'; cover image will not be updated.
2026-08-18 05:28:42.4783 ERROR 45 ResourceCoverDownloadManager | Error downloading image from 'https://covers.logoscdn.com/rvi_nrsvuent/cover.jpg'; cover image will not be updated.
2026-08-18 05:28:42.4807 ERROR 40 ResourceCoverDownloadManager | Error downloading image from 'https://covers.logoscdn.com/db_lcv/cover.jpg'; cover image will not be updated.
2026-08-18 05:28:42.4808 ERROR 21 ResourceCoverDownloadManager | Error downloading image from 'https://covers.logoscdn.com/db_church-history-ontology/cover.jpg'; cover image will not be updated.
2026-08-18 05:28:42.4855 ERROR 13 ResourceCoverDownloadManager | Error downloading image from 'https://covers.logoscdn.com/db_lexham-st-ontology/cover.jpg'; cover image will not be updated.
2026-08-18 05:28:42.5009 ERROR 38 ResourceCoverDownloadManager | Error downloading image from 'https://covers.logoscdn.com/db_biblical-events/cover.jpg'; cover image will not be updated.
2026-08-18 05:28:42.5140 ERROR 52 ResourceCoverDownloadManager | Error downloading image from 'https://covers.logoscdn.com/db_preachingthemes/cover.jpg'; cover image will not be updated.
2026-08-18 05:28:42.5229 ERROR 50 ResourceCoverDownloadManager | Error downloading image from 'https://covers.logoscdn.com/pbb_3365b60ee8504e31b1115b9d73fcfea7/cover.jpg'; cover image will not be updated.
2026-08-18 05:28:42.5277 ERROR 53 ResourceCoverDownloadManager | Error downloading image from 'https://covers.logoscdn.com/db_named-texts/cover.jpg'; cover image will not be updated.
2026-08-18 05:28:42.5308 ERROR 55 ResourceCoverDownloadManager | Error downloading image from 'https://covers.logoscdn.com/db_biographies/cover.jpg'; cover image will not be updated.
2026-08-18 05:28:42.5342 ERROR 60 ResourceCoverDownloadManager | Error downloading image from 'https://covers.logoscdn.com/db_biblical-places/cover.jpg'; cover image will not be updated.
2026-08-18 05:28:42.5369 ERROR 41 ResourceCoverDownloadManager | Error downloading image from 'https://covers.logoscdn.com/db_counseling-themes/cover.jpg'; cover image will not be updated.
2026-08-18 05:28:42.5423 ERROR 51 ResourceCoverDownloadManager | Error downloading image from 'https://covers.logoscdn.com/db_biblical-things/cover.jpg'; cover image will not be updated.
2026-08-18 05:28:42.5453 ERROR 49 ResourceCoverDownloadManager | Error downloading image from 'https://covers.logoscdn.com/db_uav/cover.jpg'; cover image will not be updated.
2026-08-18 05:28:42.5489 ERROR 44 ResourceCoverDownloadManager | Error downloading image from 'https://covers.logoscdn.com/db_biblical-referents/cover.jpg'; cover image will not be updated.
2026-08-18 05:28:42.5490 ERROR 43 ResourceCoverDownloadManager | Error downloading image from 'https://covers.logoscdn.com/db_biblical-people/cover.jpg'; cover image will not be updated.
2026-08-18 05:28:42.5590 ERROR 23 ResourceCoverDownloadManager | Error downloading image from 'https://covers.logoscdn.com/db_universal-timeline/cover.jpg'; cover image will not be updated.
2026-08-18 05:28:42.5590 ERROR 42 ResourceCoverDownloadManager | Error downloading image from 'https://covers.logoscdn.com/db_sd-tich/cover.jpg'; cover image will not be updated.
2026-08-18 05:28:42.8155  INFO 33 SyncClient | (Timed) Submitting 7 of 7 items.
2026-08-18 05:28:43.0376  INFO 33 SyncClient | (222ms) Submitting 7 of 7 items.
2026-08-18 05:28:43.0384  INFO 33 SyncClient | Integrated 7 successes, 0 conflicts, and 0 errors.
2026-08-18 05:28:43.0386  INFO 33 SyncClient | Downloading items for HistorySyncItem
2026-08-18 05:28:43.1432  INFO 33 SyncClient | New last known milestones: {"itemMilestone":"182210"}
2026-08-18 05:28:43.1733  INFO 33 SyncManager | Finished requesting sync on all sync clients.
2026-08-18 05:28:43.1745  INFO 42 StartupUtility | (1353ms) Startup step: DoFirstSync
2026-08-18 05:28:43.2211 ERROR 49 ApplicationUtility | SQLite Error 284: automatic index on Records(IsDataset)
2026-08-18 05:28:43.6120  INFO 33 SyncManager | Requesting sync on all sync clients
2026-08-18 05:28:43.6600  INFO 33 SyncClient | Downloading items for PreferencesSyncItem
2026-08-18 05:28:43.7650  INFO 33 SyncClient | Unchanged last known milestones: {"itemMilestone":"422696"}
2026-08-18 05:28:44.3285  INFO 33 SyncClient | Downloading items for LayoutsSyncItem
2026-08-18 05:28:44.4446  INFO 33 SyncClient | Unchanged last known milestones: {"itemMilestone":"1016164192"}
2026-08-18 05:28:44.4472  INFO 33 SyncClient | Downloading items for HistorySyncItem
2026-08-18 05:28:44.5523  INFO 33 SyncClient | Unchanged last known milestones: {"itemMilestone":"182210"}
2026-08-18 05:28:44.5545  INFO 33 SyncManager | Finished requesting sync on all sync clients.
2026-08-18 05:28:46.2856  INFO 1 UpdatePipelineManager | Check for updates. Created Update job with ID: 1
2026-08-18 05:28:46.2870  INFO 44 UpdatePipelineManager | (Timed) Checking for updates. Callers: CreateMainWindow, Job Ids: 1.
2026-08-18 05:28:46.2871  INFO 44 UpdatePipelineManager | Starting update manager.
2026-08-18 05:28:46.2875  INFO 44 UpdateManager | Immediate check for updates requested.
2026-08-18 05:28:46.2876  INFO 44 UpdateManager | Starting Update Manager processing in 00:00:00.
2026-08-18 05:28:46.2894  INFO 49 UpdateManagerCallback | Checking for updates from 'https://clientservices.logos.com/update/v1/feed/logos10-mac/stable.xml'.
2026-08-18 05:28:46.4725  INFO 49 UpdateManagerCallback | Checking feed for application updates newer than version 52.2.0.19.
2026-08-18 05:28:46.4779  INFO 44 UpdateManager | Getting the next 50 resource manager revisions following #13702.
2026-08-18 05:28:46.4780  INFO 44 UpdateManager | All resource manager revisions processed.
2026-08-18 05:28:46.4787  INFO 44 UpdateManager | Requesting resource files (next = 'ec24d8ca50d34164afd862a572fe2f32,1173').
2026-08-18 05:28:46.4817  INFO 44 UpdateManager | 0 resource file info objects retrieved from service.
2026-08-18 05:28:46.4817  INFO 44 UpdateManager | Last page of resource file info retrieved; checking unknown resource status.
2026-08-18 05:28:46.4942  INFO 49 UpdatePipelineManager | (207ms) Checking for updates. Callers: CreateMainWindow, Job Ids: 1.
2026-08-18 05:28:46.4943  INFO 49 UpdatePipelineManager | Raising update check completed for Job Ids: 1
2026-08-18 05:28:46.4966  INFO 1 LDLS4.AppModel | No updates are available.
2026-08-18 05:28:47.8545  INFO 44 ResourceCollectionManager | (5690ms) Updating collection cache.
2026-08-18 05:28:51.0772  INFO 23 HomePageViewModel | (Timed) Initializing explore section feed providers.
2026-08-18 05:28:51.0777  INFO 49 HomePageViewModel | (Timed) Initializing explore section feed providers.
2026-08-18 05:28:51.1107  INFO 12 GuidedLearningManager | (Timed) Checking requirements
2026-08-18 05:28:51.3810  INFO 44 GuidedLearningManager | (270ms) Checking requirements
2026-08-18 05:28:51.6619  INFO 44 HomePageViewModel | (585ms) Initializing explore section feed providers.
2026-08-18 05:28:51.6619  INFO 12 HomePageViewModel | (584ms) Initializing explore section feed providers.
2026-08-18 05:28:51.6621  INFO 44 AppMessageProvider | (Timed) Getting app message feed.
2026-08-18 05:28:52.0178  INFO 12 AppMessageProvider | (356ms) Getting app message feed.
2026-08-18 05:28:52.0265  INFO 13 HomePageViewModel | (Timed) Finding explore section cards.
2026-08-18 05:28:52.0275  INFO 13 BlogPostCardProvider | (Timed) Getting cards.
2026-08-18 05:28:52.0275  INFO 13 BlogPostCardProvider | (0ms) Getting cards.
2026-08-18 05:28:52.0278  INFO 44 GetStartedProvider | ReadingPlansCard: calling web API.
2026-08-18 05:28:52.0281  INFO 13 PartnerBrandingBlogPostCardProvider | (Timed) Getting cards.
2026-08-18 05:28:52.0282  INFO 13 PartnerBrandingBlogPostCardProvider | (0ms) Getting cards.
2026-08-18 05:28:52.0287  INFO 13 ProductCardProvider | (Timed) Getting cards.
2026-08-18 05:28:52.0287  INFO 13 ProductCardProvider | (0ms) Getting cards.
2026-08-18 05:28:52.0291  INFO 13 AppMessageCardProvider | (Timed) Getting cards.
2026-08-18 05:28:52.0291  INFO 13 AppMessageCardProvider | (0ms) Getting cards.
2026-08-18 05:28:52.0296  INFO 13 AppSuggestionCardProvider | (Timed) Getting cards.
2026-08-18 05:28:52.0296  INFO 13 AppSuggestionCardProvider | (0ms) Getting cards.
2026-08-18 05:28:52.0297  INFO 13 ExcerptCardProvider | (Timed) Getting cards.
2026-08-18 05:28:52.0297  INFO 13 ExcerptCardProvider | (0ms) Getting cards.
2026-08-18 05:28:52.0300  INFO 13 FromYourLibraryCardProvider | (Timed) Getting cards.
2026-08-18 05:28:52.0300  INFO 13 FromYourLibraryCardProvider | (0ms) Getting cards.
2026-08-18 05:28:52.0301  INFO 13 TodayInChristianHistoryCardProvider | (Timed) Getting cards.
2026-08-18 05:28:52.0301  INFO 13 TodayInChristianHistoryCardProvider | (0ms) Getting cards.
2026-08-18 05:28:52.0308  INFO 13 TrainingVideoCardProvider | (Timed) Getting cards.
2026-08-18 05:28:52.0308  INFO 13 TrainingVideoCardProvider | (0ms) Getting cards.
2026-08-18 05:28:52.0314  INFO 13 VerseOfTheDayCardProvider | (Timed) Getting cards.
2026-08-18 05:28:52.0314  INFO 13 VerseOfTheDayCardProvider | (0ms) Getting cards.
2026-08-18 05:28:52.0317  INFO 13 WorkflowSuggestionCardProvider | (Timed) Getting cards.
2026-08-18 05:28:52.0317  INFO 13 WorkflowSuggestionCardProvider | (0ms) Getting cards.
2026-08-18 05:28:52.0355  INFO 13 HomePageViewModel | (9ms) Finding explore section cards.
2026-08-18 05:28:57.0617  INFO 9 UpdateStageBase | Stopping work thread for DiscoveryUpdateStage queue.
2026-08-18 05:28:59.0260  INFO 1 AppCommand | (Timed) Executing command: Resource|Id=LLS:WS_78D4ACD829E74392B4F75C5065979CA9|Reference=dayofyear.8.18
2026-08-18 05:28:59.0422  INFO 1 PanelViewModel | Applying Resource panel settings for Preferences: Locator=false|TextSize=14.666666666666666
2026-08-18 05:28:59.0428  INFO 1 PanelViewModel | Updated Resource panel text size to 14.666666666666666.
2026-08-18 05:28:59.0434  INFO 1 PanelViewModel | Navigating Resource panel to: Id=LLS:WS_78D4ACD829E74392B4F75C5065979CA9|Reference=dayofyear.8.18
2026-08-18 05:28:59.0434  INFO 1 PanelViewModel | Applying Resource panel settings for Bookmark: Id=LLS:WS_78D4ACD829E74392B4F75C5065979CA9|Reference=dayofyear.8.18
2026-08-18 05:28:59.0471  INFO 23 ResourcePanelMultiResourceConfigViewModel | Found 40 potential guest resources. (1ms)
2026-08-18 05:28:59.1248  INFO 1 ResourcePanelViewModel | Updating 1 ResourceViewModels for host: LLS:WS_78D4ACD829E74392B4F75C5065979CA9 with configuration: LLS:WS_78D4ACD829E74392B4F75C5065979CA9
2026-08-18 05:28:59.1666  INFO 1 DigitalLibraryServices | (Timed) Creating versified resource manager.
2026-08-18 05:28:59.1667  INFO 1 DigitalLibraryServices | (Timed) Creating visual markup manager.
2026-08-18 05:28:59.1676  INFO 1 LocalFileDatabase | Connection opened (0ms): /Users/mjwebster/Library/Application Support/Logos4/Documents/wq8ubj9r.32o/ReferenceWordCounts/ReferenceWordCountManager.db
2026-08-18 05:28:59.1677  INFO 1 DigitalLibraryServices | (1ms) Creating visual markup manager.
2026-08-18 05:28:59.1678  INFO 1 DigitalLibraryServices | (1ms) Creating versified resource manager.
2026-08-18 05:28:59.2365  INFO 1 PanelViewModel | Applying Resource panel settings for Preferences: Milestone=DataType%3ddayofyear%7cResource%3dLLS:WS_78D4ACD829E74392B4F75C5065979CA9%7cStartSegment%3d1829447%7cVersion%3d2025-09-04T22:30:08Z|MultiViewEnabled=false|MultiViewLayoutIsVertical=false|ParallelResourceSetName=allparallelresources|Position=res/LLS:WS_78D4ACD829E74392B4F75C5065979CA9/2025-
2026-08-18 05:28:59.2384  INFO 1 PanelViewModel | Updated Resource panel text size to 16.
2026-08-18 05:28:59.2916  INFO 43 LocalFileDatabase | Connection opened (0ms): /Users/mjwebster/Library/Application Support/Logos4/Documents/wq8ubj9r.32o/Documents/DocumentInfo.db
2026-08-18 05:28:59.2920  INFO 53 LocalFileDatabase | Connection opened (0ms): /Users/mjwebster/Library/Application Support/Logos4/Documents/wq8ubj9r.32o/Documents/DocumentInfo.db
2026-08-18 05:28:59.2920  INFO 41 LocalFileDatabase | Connection opened (0ms): /Users/mjwebster/Library/Application Support/Logos4/Documents/wq8ubj9r.32o/Documents/DocumentInfo.db
2026-08-18 05:28:59.2920  INFO 38 LocalFileDatabase | Connection opened (0ms): /Users/mjwebster/Library/Application Support/Logos4/Documents/wq8ubj9r.32o/Documents/DocumentInfo.db
2026-08-18 05:28:59.2921  INFO 60 LocalFileDatabase | Connection opened (0ms): /Users/mjwebster/Library/Application Support/Logos4/Documents/wq8ubj9r.32o/Documents/VisualFilter/VisualFilter.db
2026-08-18 05:28:59.2922  INFO 42 LocalFileDatabase | Connection opened (0ms): /Users/mjwebster/Library/Application Support/Logos4/Documents/wq8ubj9r.32o/Documents/VisualFilter/VisualFilter.db
2026-08-18 05:28:59.2921  INFO 51 LocalFileDatabase | Connection opened (0ms): /Users/mjwebster/Library/Application Support/Logos4/Documents/wq8ubj9r.32o/Documents/VisualFilter/VisualFilter.db
2026-08-18 05:28:59.2922  INFO 13 LocalFileDatabase | Connection opened (0ms): /Users/mjwebster/Library/Application Support/Logos4/Documents/wq8ubj9r.32o/Documents/VisualFilter/VisualFilter.db
2026-08-18 05:28:59.2922  INFO 43 LocalFileDatabase | Connection opened (0ms): /Users/mjwebster/Library/Application Support/Logos4/Documents/wq8ubj9r.32o/Documents/VisualFilter/VisualFilter.db
2026-08-18 05:28:59.2924  INFO 41 LocalFileDatabase | Connection opened (0ms): /Users/mjwebster/Library/Application Support/Logos4/Documents/wq8ubj9r.32o/Documents/VisualFilter/VisualFilter.db
2026-08-18 05:28:59.2924  INFO 23 LocalFileDatabase | Connection opened (0ms): /Users/mjwebster/Library/Application Support/Logos4/Documents/wq8ubj9r.32o/Documents/VisualFilter/VisualFilter.db
2026-08-18 05:28:59.2925  INFO 40 LocalFileDatabase | Connection opened (0ms): /Users/mjwebster/Library/Application Support/Logos4/Documents/wq8ubj9r.32o/Documents/VisualFilter/VisualFilter.db
2026-08-18 05:28:59.2925  INFO 53 LocalFileDatabase | Connection opened (0ms): /Users/mjwebster/Library/Application Support/Logos4/Documents/wq8ubj9r.32o/Documents/VisualFilter/VisualFilter.db
2026-08-18 05:28:59.2925  INFO 50 LocalFileDatabase | Connection opened (0ms): /Users/mjwebster/Library/Application Support/Logos4/Documents/wq8ubj9r.32o/Documents/VisualFilter/VisualFilter.db
2026-08-18 05:28:59.2926  INFO 12 LocalFileDatabase | Connection opened (0ms): /Users/mjwebster/Library/Application Support/Logos4/Documents/wq8ubj9r.32o/Documents/VisualFilter/VisualFilter.db
2026-08-18 05:28:59.2927  INFO 38 LocalFileDatabase | Connection opened (0ms): /Users/mjwebster/Library/Application Support/Logos4/Documents/wq8ubj9r.32o/Documents/VisualFilter/VisualFilter.db
2026-08-18 05:28:59.2927  INFO 54 LocalFileDatabase | Connection opened (0ms): /Users/mjwebster/Library/Application Support/Logos4/Documents/wq8ubj9r.32o/Documents/VisualFilter/VisualFilter.db
2026-08-18 05:28:59.2927  INFO 52 LocalFileDatabase | Connection opened (0ms): /Users/mjwebster/Library/Application Support/Logos4/Documents/wq8ubj9r.32o/Documents/VisualFilter/VisualFilter.db
2026-08-18 05:28:59.2927  INFO 46 LocalFileDatabase | Connection opened (0ms): /Users/mjwebster/Library/Application Support/Logos4/Documents/wq8ubj9r.32o/Documents/VisualFilter/VisualFilter.db
2026-08-18 05:28:59.2925  INFO 9 LocalFileDatabase | Connection opened (0ms): /Users/mjwebster/Library/Application Support/Logos4/Documents/wq8ubj9r.32o/Documents/VisualFilter/VisualFilter.db
2026-08-18 05:28:59.2926  INFO 55 LocalFileDatabase | Connection opened (0ms): /Users/mjwebster/Library/Application Support/Logos4/Documents/wq8ubj9r.32o/Documents/VisualFilter/VisualFilter.db
2026-08-18 05:28:59.3060  INFO 51 LocalFileDatabase | Connection opened (0ms): /Users/mjwebster/Library/Application Support/Logos4/Data/wq8ubj9r.32o/LibraryCatalog/catalog.db
2026-08-18 05:28:59.3060  INFO 53 LocalFileDatabase | Connection opened (0ms): /Users/mjwebster/Library/Application Support/Logos4/Data/wq8ubj9r.32o/LibraryCatalog/catalog.db
2026-08-18 05:28:59.3415  INFO 40 ContextInformationCache | (Timed) Initializing cache
2026-08-18 05:28:59.3430  INFO 40 ContextInformationCache | GetArticleInformation took 00:00:00.0008402
2026-08-18 05:28:59.3430  INFO 40 ContextInformationCache | (1ms) Initializing cache
2026-08-18 05:28:59.3966  INFO 1 PanelViewModel | Got Resource panel settings for History: Id=LLS:WS_78D4ACD829E74392B4F75C5065979CA9|Milestone=DataType%3ddayofyear%7cResource%3dLLS:WS_78D4ACD829E74392B4F75C5065979CA9%7cStartSegment%3d1836728%7cVersion%3d2025-09-04T22:30:08Z|Position=res/LLS:WS_78D4ACD829E74392B4F75C5065979CA9/2025-09-04T22:30:08Z/1836728|Reference=dayofyear.8.18
2026-08-18 05:28:59.398 Logos[96105:8726611] <VariableDividerWidthSplitView: 0x13406a5b040>: the delegate <ResourcePanelController: 0x13407ef0640> was sent -splitView:resizeSubviewsWithOldSize: and left the arranged view frames in an inconsistent state:
2026-08-18 05:28:59.398 Logos[96105:8726611] Split view bounds: {{0, 0}, {694.16666666666913, 792.08333333330324}}
2026-08-18 05:28:59.398 Logos[96105:8726611]     Arranged view frame: {{0, 0}, {0, 100}}
2026-08-18 05:28:59.398 Logos[96105:8726611]     Arranged view frame: {{0, 0}, {100, 100}}
2026-08-18 05:28:59.398 Logos[96105:8726611]     Arranged view frame: {{0, 0}, {0, 100}}
2026-08-18 05:28:59.398 Logos[96105:8726611] The outer edges of the arranged view frames are supposed to line up with the split view's bounds' edges. NSSplitView is working around the problem, perhaps at the cost of more redrawing. (This message is only logged once per NSSplitView.)
2026-08-18 05:28:59.398 Logos[96105:8726611] The arranged view frames are not in the same order as the arranged views array. NSSplitView requires that these orders be kept consistent, otherwise behavior is undefined.
2026-08-18 05:28:59.398 Logos[96105:8726611] <NSSplitView: 0x13406a5b380>: the delegate <ResourcePanelController: 0x13407ef0640> was sent -splitView:resizeSubviewsWithOldSize: and left the arranged view frames in an inconsistent state:
2026-08-18 05:28:59.399 Logos[96105:8726611] Split view bounds: {{0, 0}, {694.16666666666913, 792.08333333330324}}
2026-08-18 05:28:59.399 Logos[96105:8726611]     Arranged view frame: {{0, 0}, {695, 792.08333333330324}}
2026-08-18 05:28:59.399 Logos[96105:8726611] The outer edges of the arranged view frames are supposed to line up with the split view's bounds' edges. NSSplitView is working around the problem, perhaps at the cost of more redrawing. (This message is only logged once per NSSplitView.)
2026-08-18 05:28:59.7819  INFO 1 AppCommand | (756ms) Executing command: Resource|Id=LLS:WS_78D4ACD829E74392B4F75C5065979CA9|Reference=dayofyear.8.18
2026-08-18 05:28:59.8318  INFO 1 NotesToolUserVisualFilterProvider | Markup needed for LLS:WS_78D4ACD829E74392B4F75C5065979CA9 1836728:10408.
2026-08-18 05:28:59.8534  INFO 49 CorrespondingWordsUserVisualFilter | Calculated markup for LLS:WS_78D4ACD829E74392B4F75C5065979CA9 1836728:10408. (22ms)
2026-08-18 05:28:59.8693  INFO 1 ParallelResourceSetsViewModel | Found 37 parallel resources in 1 sets. (475ms)
2026-08-18 05:28:59.9236  INFO 42 FilteringResourceViewComponent | (Timed) Updating resource filter
2026-08-18 05:28:59.9518  INFO 21 NotesDigitalLibraryService | Cached all 379 milestones for LLS:WS_78D4ACD829E74392B4F75C5065979CA9 2025-09-04T22:30:08Z. (10ms)
2026-08-18 05:28:59.9578  INFO 42 FilteringResourceViewComponent | (34ms) Updating resource filter
2026-08-18 05:28:59.9579  INFO 55 NotesToolUserVisualFilterProvider | Got 0 notes markups for LLS:WS_78D4ACD829E74392B4F75C5065979CA9 1836728:10408. (1ms)
2026-08-18 05:28:59.9579  INFO 21 NotesToolUserVisualFilterProvider | Got 0 notes markups for LLS:WS_78D4ACD829E74392B4F75C5065979CA9 0:2147483647. (37ms)
2026-08-18 05:28:59.9632  INFO 1 PanelViewModel | Got Resource panel settings for History: Id=LLS:WS_78D4ACD829E74392B4F75C5065979CA9|Milestone=DataType%3ddayofyear%7cResource%3dLLS:WS_78D4ACD829E74392B4F75C5065979CA9%7cStartSegment%3d1836728%7cVersion%3d2025-09-04T22:30:08Z|Position=res/LLS:WS_78D4ACD829E74392B4F75C5065979CA9/2025-09-04T22:30:08Z/1836728|Reference=dayofyear.8.18
2026-08-18 05:29:00.1323  INFO 51 ResourceMetadataDownloadManager | Starting metadata update.
2026-08-18 05:29:00.1325  INFO 51 ResourceMetadataDownloadManager | (Timed) Initializing metadata service client.
2026-08-18 05:29:00.1381  INFO 51 ResourceMetadataDownloadManager | (6ms) Initializing metadata service client.
2026-08-18 05:29:00.1446  INFO 51 ResourceMetadataDownloadManager | Requesting all metadata for owned resources.
2026-08-18 05:29:00.5649  INFO 51 ResourceMetadataDownloadManager | Requesting all metadata newer than '2026-03-11T20:07:11Z' for unowned print library resources.
2026-08-18 05:29:00.5826  INFO 51 BkHighlightingVisualFilterBase | Calculated markup for LLS:WS_78D4ACD829E74392B4F75C5065979CA9 1836728:10408. (752ms)
2026-08-18 05:29:00.7763  INFO 52 ResourceMetadataDownloadManager | 0 metadata info objects retrieved from service for unowned print library resources.
2026-08-18 05:29:00.7775  INFO 52 LibraryCatalog | Got all 2 resource IDs. (1ms)
2026-08-18 05:29:00.8115  INFO 52 ResourceMetadataDownloadManager | Downloading metadata for 37 resources.
2026-08-18 05:29:01.1991  WARN 52 MetadataServiceUtility | Invalid Titles (Count=1), Languages (Count=1), or MilestoneIndexes (Count=1); rejecting metadata record for RVI:PASSIONNT.
2026-08-18 05:29:01.2038  INFO 52 ResourceMetadataDownloadManager | Requesting all community metadata with milestone greater than '7845376'.
2026-08-18 05:29:01.8213  INFO 21 ResourceMetadataDownloadManager | 66 community metadata records retrieved from service.
2026-08-18 05:29:01.8240  INFO 21 LibraryCatalog | (Timed) Updating community metadata for 66 resources.
2026-08-18 05:29:01.8385  INFO 21 LibraryCatalog | Updated 17 items in library catalog cache. (2ms)
2026-08-18 05:29:01.8386  INFO 21 LibraryCatalog | (15ms) Updating community metadata for 66 resources.
2026-08-18 05:29:01.8388  INFO 21 LibraryCatalog | Library catalog indexing required: updated community ratings/tags
2026-08-18 05:29:01.8391  INFO 21 LibraryCatalogIndex | Starting indexing in 00:01:00: system change
2026-08-18 05:29:01.8619  INFO 21 ResourceMetadataDownloadManager | Requesting all community metadata with milestone greater than '7845455'.
2026-08-18 05:29:01.9633  INFO 1 PanelViewModel | Got Resource panel settings for Preferences: MultiViewEnabled=false|MultiViewLayoutIsVertical=false|ParallelResourceSetName=allparallelresources
2026-08-18 05:29:02.1254  INFO 21 ResourceMetadataDownloadManager | 0 community metadata records retrieved from service.
2026-08-18 05:29:02.1255  INFO 21 ResourceMetadataDownloadManager | Finished metadata update.
2026-08-18 05:29:09.7830  INFO 33 SyncManager | Requesting sync on all sync clients
2026-08-18 05:29:09.8770  INFO 33 SyncClient | Found 2 items to submit for PreferencesSyncItem
2026-08-18 05:29:09.8770  INFO 33 SyncClient | (Timed) Submitting 2 of 2 items.
2026-08-18 05:29:10.0747  INFO 33 SyncClient | (198ms) Submitting 2 of 2 items.
2026-08-18 05:29:10.0750  INFO 33 SyncClient | Integrated 2 successes, 0 conflicts, and 0 errors.
2026-08-18 05:29:10.0751  INFO 33 SyncClient | Downloading items for PreferencesSyncItem
2026-08-18 05:29:10.1705  INFO 33 SyncClient | New last known milestones: {"itemMilestone":"422697"}
2026-08-18 05:29:10.2979  INFO 33 SyncClient | Found 1 items to submit for HistorySyncItem
2026-08-18 05:29:10.2979  INFO 33 SyncClient | (Timed) Submitting 1 of 1 items.
2026-08-18 05:29:10.5443  INFO 33 SyncClient | (246ms) Submitting 1 of 1 items.
2026-08-18 05:29:10.5447  INFO 33 SyncClient | Integrated 1 successes, 0 conflicts, and 0 errors.
2026-08-18 05:29:10.5452  INFO 33 SyncClient | Downloading items for HistorySyncItem
2026-08-18 05:29:10.6417  INFO 33 SyncClient | New last known milestones: {"itemMilestone":"182211"}
2026-08-18 05:29:10.6452  INFO 33 SyncManager | Finished requesting sync on all sync clients.
2026-08-18 05:29:20.8098  INFO 1 PanelViewModel | Got Resource panel settings for Preferences: MultiViewEnabled=false|MultiViewLayoutIsVertical=false|ParallelResourceSetName=allparallelresources
2026-08-18 05:29:38.5359  INFO 1 LDLS4.AppModel | Converting navigation request for reference Eph 4:27 to keylink.
2026-08-18 05:29:38.5481  INFO 1 PanelViewModel | Applying Resource panel settings for Preferences: Locator=false|TextSize=14.666666666666666
2026-08-18 05:29:38.5481  INFO 1 PanelViewModel | Updated Resource panel text size to 14.666666666666666.
2026-08-18 05:29:38.5482  INFO 1 PanelViewModel | Navigating Resource panel to: HeadwordLanguage=|Id=LLS:1.0.710|Milestone=DataType%3dbible+esv%7cResource%3dLLS:1.0.710%7cStartSegment%3d5138505%7cVersion%3d2026-02-17T13:55:29Z|Reference=bible.70.4.27|SourcePanelId=36775d8f-0288-468f-92dc-9ee8e5ea9d48
2026-08-18 05:29:38.5484  INFO 1 PanelViewModel | Applying Resource panel settings for Bookmark: HeadwordLanguage=|Id=LLS:1.0.710|Milestone=DataType%3dbible+esv%7cResource%3dLLS:1.0.710%7cStartSegment%3d5138505%7cVersion%3d2026-02-17T13:55:29Z|Reference=bible.70.4.27|SourcePanelId=36775d8f-0288-468f-92dc-9ee8e5ea9d48
2026-08-18 05:29:38.5527  INFO 13 ResourcePanelMultiResourceConfigViewModel | Found 3371 potential guest resources. (1ms)
2026-08-18 05:29:38.5944  INFO 1 ResourcePanelViewModel | Updating 1 ResourceViewModels for host: LLS:1.0.710 with configuration: LLS:1.0.710
2026-08-18 05:29:38.6251  INFO 1 PanelViewModel | Applying Resource panel settings for Preferences: ActiveLeftSidebarNavigationItem=Contents|ActiveRightSidebarNavigationItem=Translation|AreInterlinearsVisible=true|Locator=false|Milestone=DataType%3dbible+esv%7cResource%3dLLS:1.0.710%7cStartSegment%3d3059264%7cVersion%3d2026-02-17T13:55:29Z|MultiViewEnabled=true|MultiViewLayoutIsVertical=false|Para
2026-08-18 05:29:38.6269  INFO 1 PanelViewModel | Updated Resource panel text size to 16.
2026-08-18 05:29:38.6645  INFO 38 LocalFileDatabase | Connection opened (0ms): /Users/mjwebster/Library/Application Support/Logos4/Documents/wq8ubj9r.32o/VisualMarkup/visualmarkup.db
2026-08-18 05:29:38.6646  INFO 9 LocalFileDatabase | Connection opened (0ms): /Users/mjwebster/Library/Application Support/Logos4/Documents/wq8ubj9r.32o/VisualMarkup/visualmarkup.db
2026-08-18 05:29:38.6647  INFO 49 LocalFileDatabase | Connection opened (0ms): /Users/mjwebster/Library/Application Support/Logos4/Documents/wq8ubj9r.32o/VisualMarkup/visualmarkup.db
2026-08-18 05:29:38.6647  INFO 17 LocalFileDatabase | Connection opened (0ms): /Users/mjwebster/Library/Application Support/Logos4/Documents/wq8ubj9r.32o/VisualMarkup/visualmarkup.db
2026-08-18 05:29:38.6867  INFO 9 LibrarySearcher | (Timed) Searching SingleResource for: lemma.h:=יהוה
2026-08-18 05:29:38.6867  INFO 17 LibrarySearcher | (Timed) Searching SingleResource for: lemma.h:אֵיפָה
2026-08-18 05:29:38.6867  INFO 13 LibrarySearcher | (Timed) Searching SingleResource for: lemma.h:אֶ֫רֶץ
2026-08-18 05:29:38.6875  INFO 17 LocalFileDatabase | Connection opened (0ms): /Users/mjwebster/Library/Application Support/Logos4/Data/wq8ubj9r.32o/LibraryIndex/LibraryIndex.db
2026-08-18 05:29:38.6875  INFO 9 LocalFileDatabase | Connection opened (0ms): /Users/mjwebster/Library/Application Support/Logos4/Data/wq8ubj9r.32o/LibraryIndex/LibraryIndex.db
2026-08-18 05:29:38.7030  INFO 21 ContextInformationCache | (Timed) Initializing cache
2026-08-18 05:29:38.7262  INFO 1 PanelViewModel | Got Resource panel settings for History: Id=LLS:1.0.710|Milestone=DataType%3dbible+esv%7cResource%3dLLS:1.0.710%7cStartSegment%3d5138505%7cVersion%3d2026-02-17T13:55:29Z|Position=res/LLS:1.0.710/2026-02-17T13:55:29Z/5138505|Reference=bible+esv.70.4.27
2026-08-18 05:29:38.728 Logos[96105:8726611] <VariableDividerWidthSplitView: 0x1340afc8c80>: the delegate <ResourcePanelController: 0x13401dd1400> was sent -splitView:resizeSubviewsWithOldSize: and left the arranged view frames in an inconsistent state:
2026-08-18 05:29:38.728 Logos[96105:8726611] Split view bounds: {{0, 0}, {694.16666666664037, 754.99999999997135}}
2026-08-18 05:29:38.728 Logos[96105:8726611]     Arranged view frame: {{0, 0}, {0, 100}}
2026-08-18 05:29:38.728 Logos[96105:8726611]     Arranged view frame: {{0, 0}, {100, 100}}
2026-08-18 05:29:38.728 Logos[96105:8726611]     Arranged view frame: {{0, 0}, {0, 100}}
2026-08-18 05:29:38.728 Logos[96105:8726611] The outer edges of the arranged view frames are supposed to line up with the split view's bounds' edges. NSSplitView is working around the problem, perhaps at the cost of more redrawing. (This message is only logged once per NSSplitView.)
2026-08-18 05:29:38.728 Logos[96105:8726611] The arranged view frames are not in the same order as the arranged views array. NSSplitView requires that these orders be kept consistent, otherwise behavior is undefined.
2026-08-18 05:29:38.728 Logos[96105:8726611] <NSSplitView: 0x1340afc8fc0>: the delegate <ResourcePanelController: 0x13401dd1400> was sent -splitView:resizeSubviewsWithOldSize: and left the arranged view frames in an inconsistent state:
2026-08-18 05:29:38.728 Logos[96105:8726611] Split view bounds: {{0, 0}, {694.16666666670619, 754.99999999997146}}
2026-08-18 05:29:38.728 Logos[96105:8726611]     Arranged view frame: {{0, 0}, {695, 754.99999999997146}}
2026-08-18 05:29:38.728 Logos[96105:8726611] The outer edges of the arranged view frames are supposed to line up with the split view's bounds' edges. NSSplitView is working around the problem, perhaps at the cost of more redrawing. (This message is only logged once per NSSplitView.)
2026-08-18 05:29:38.7560  INFO 1 NotesToolUserVisualFilterProvider | Markup needed for LLS:1.0.710 5135626:3562.
2026-08-18 05:29:38.7621  INFO 40 ActiveWordNumbersVisualFilter | Calculated markup for LLS:1.0.710 5135626:3562. (6ms)
2026-08-18 05:29:38.7767  INFO 1 NotesToolUserVisualFilterProvider | Markup needed for LLS:1.0.710 5139188:3257.
2026-08-18 05:29:38.7856  INFO 70 ActiveWordNumbersVisualFilter | Calculated markup for LLS:1.0.710 5139188:3257. (8ms)
2026-08-18 05:29:38.7860  INFO 13 SimpleQueryUtility | (Timed) Performing section search
2026-08-18 05:29:38.7860  INFO 17 SimpleQueryUtility | (Timed) Performing section search
2026-08-18 05:29:38.7860  INFO 9 SimpleQueryUtility | (Timed) Performing section search
2026-08-18 05:29:38.7862  INFO 65 BkIndicatorVisualFilterBase | Calculated markup for LLS:1.0.710 5135626:3562. (32ms)
2026-08-18 05:29:38.7862  INFO 53 BkIndicatorVisualFilterBase | Calculated markup for LLS:1.0.710 5135626:3562. (32ms)
2026-08-18 05:29:38.7862  INFO 40 BkIndicatorVisualFilterBase | Calculated markup for LLS:1.0.710 5139188:3257. (9ms)
2026-08-18 05:29:38.7862  INFO 69 BkIndicatorVisualFilterBase | Calculated markup for LLS:1.0.710 5139188:3257. (9ms)
2026-08-18 05:29:38.7883  INFO 17 SimpleQueryUtility | (2ms) Performing section search
2026-08-18 05:29:38.7885  INFO 13 SimpleQueryUtility | (2ms) Performing section search
2026-08-18 05:29:38.7887  INFO 9 SimpleQueryUtility | (3ms) Performing section search
2026-08-18 05:29:38.7889  INFO 17 LibrarySearcher | (102ms) Searching SingleResource for: lemma.h:אֵיפָה
2026-08-18 05:29:38.7893  INFO 13 LibrarySearcher | (103ms) Searching SingleResource for: lemma.h:אֶ֫רֶץ
2026-08-18 05:29:38.7950  INFO 17 VisualFilterDocumentUserVisualFilterManager | Found 40 results in LLS:1.0.710 (109ms): lemma.h:אֵיפָה
2026-08-18 05:29:38.7950  INFO 13 VisualFilterDocumentUserVisualFilterManager | Found 2509 results in LLS:1.0.710 (109ms): lemma.h:אֶ֫רֶץ
2026-08-18 05:29:38.7967  INFO 9 LibrarySearcher | (110ms) Searching SingleResource for: lemma.h:=יהוה
2026-08-18 05:29:38.7980  INFO 9 VisualFilterDocumentUserVisualFilterManager | Found 6828 results in LLS:1.0.710 (112ms): lemma.h:=יהוה
2026-08-18 05:29:38.8042  INFO 17 LibrarySearcher | (Timed) Searching SingleResource for: lemma.h:הִין
2026-08-18 05:29:38.8055  INFO 13 LibrarySearcher | (Timed) Searching SingleResource for: lemma.g:αἰών
2026-08-18 05:29:38.8058  INFO 17 SimpleQueryUtility | (Timed) Performing section search
2026-08-18 05:29:38.8060  INFO 17 SimpleQueryUtility | (0ms) Performing section search
2026-08-18 05:29:38.8063  INFO 17 LibrarySearcher | (2ms) Searching SingleResource for: lemma.h:הִין
2026-08-18 05:29:38.8063  INFO 17 VisualFilterDocumentUserVisualFilterManager | Found 22 results in LLS:1.0.710 (2ms): lemma.h:הִין
2026-08-18 05:29:38.8065  INFO 17 LibrarySearcher | (Timed) Searching SingleResource for: lemma.h:לֹג
2026-08-18 05:29:38.8080  INFO 51 CorrespondingWordsUserVisualFilter | Calculated markup for LLS:1.0.710 5135626:3562. (52ms)
2026-08-18 05:29:38.8089  INFO 9 LibrarySearcher | (Timed) Searching SingleResource for: lemma.h:אֱלֹהִים
2026-08-18 05:29:38.8094  INFO 17 SimpleQueryUtility | (Timed) Performing section search
2026-08-18 05:29:38.8099  INFO 17 SimpleQueryUtility | (1ms) Performing section search
2026-08-18 05:29:38.8101  INFO 68 CorrespondingWordsUserVisualFilter | Calculated markup for LLS:1.0.710 5139188:3257. (33ms)
2026-08-18 05:29:38.8102  INFO 17 LibrarySearcher | (4ms) Searching SingleResource for: lemma.h:לֹג
2026-08-18 05:29:38.8102  INFO 17 VisualFilterDocumentUserVisualFilterManager | Found 5 results in LLS:1.0.710 (3ms): lemma.h:לֹג
2026-08-18 05:29:38.8104  INFO 9 SimpleQueryUtility | (Timed) Performing section search
2026-08-18 05:29:38.8108  INFO 9 SimpleQueryUtility | (0ms) Performing section search
2026-08-18 05:29:38.8113  INFO 17 LibrarySearcher | (Timed) Searching SingleResource for: lemma.h:עֹ֫מֶר.2
2026-08-18 05:29:38.8114  INFO 9 LibrarySearcher | (2ms) Searching SingleResource for: lemma.h:אֱלֹהִים
2026-08-18 05:29:38.8152  INFO 9 VisualFilterDocumentUserVisualFilterManager | Found 2604 results in LLS:1.0.710 (6ms): lemma.h:אֱלֹהִים
2026-08-18 05:29:38.8155  INFO 1 ParallelResourceSetsViewModel | Found 126 parallel resources in 1 sets. (90ms)
2026-08-18 05:29:38.8157  INFO 17 SimpleQueryUtility | (Timed) Performing section search
2026-08-18 05:29:38.8158  INFO 13 SimpleQueryUtility | (Timed) Performing section search
2026-08-18 05:29:38.8158  INFO 17 SimpleQueryUtility | (0ms) Performing section search
2026-08-18 05:29:38.8160  INFO 17 LibrarySearcher | (5ms) Searching SingleResource for: lemma.h:עֹ֫מֶר.2
2026-08-18 05:29:38.8160  INFO 17 VisualFilterDocumentUserVisualFilterManager | Found 6 results in LLS:1.0.710 (4ms): lemma.h:עֹ֫מֶר.2
2026-08-18 05:29:38.8163  INFO 17 LibrarySearcher | (Timed) Searching SingleResource for: lemma.h:סְאָה
2026-08-18 05:29:38.8164  INFO 13 SimpleQueryUtility | (1ms) Performing section search
2026-08-18 05:29:38.8167  INFO 13 LibrarySearcher | (11ms) Searching SingleResource for: lemma.g:αἰών
2026-08-18 05:29:38.8167  INFO 13 VisualFilterDocumentUserVisualFilterManager | Found 124 results in LLS:1.0.710 (11ms): lemma.g:αἰών
2026-08-18 05:29:38.8169  INFO 13 LibrarySearcher | (Timed) Searching SingleResource for: lemma.g:κόσμος
2026-08-18 05:29:38.8176  INFO 17 SimpleQueryUtility | (Timed) Performing section search
2026-08-18 05:29:38.8180  INFO 17 SimpleQueryUtility | (0ms) Performing section search
2026-08-18 05:29:38.8183  INFO 17 LibrarySearcher | (2ms) Searching SingleResource for: lemma.h:סְאָה
2026-08-18 05:29:38.8183  INFO 17 VisualFilterDocumentUserVisualFilterManager | Found 9 results in LLS:1.0.710 (2ms): lemma.h:סְאָה
2026-08-18 05:29:38.8187  INFO 13 SimpleQueryUtility | (Timed) Performing section search
2026-08-18 05:29:38.8190  INFO 17 LibrarySearcher | (Timed) Searching SingleResource for: lemma.h:בַּת.2
2026-08-18 05:29:38.8191  INFO 13 SimpleQueryUtility | (0ms) Performing section search
2026-08-18 05:29:38.8194  INFO 13 LibrarySearcher | (3ms) Searching SingleResource for: lemma.g:κόσμος
2026-08-18 05:29:38.8195  INFO 13 VisualFilterDocumentUserVisualFilterManager | Found 185 results in LLS:1.0.710 (2ms): lemma.g:κόσμος
2026-08-18 05:29:38.8197  INFO 13 LibrarySearcher | (Timed) Searching SingleResource for: lemma.h:מַלְאָךְ
2026-08-18 05:29:38.8197  INFO 9 LibrarySearcher | (Timed) Searching SingleResource for: lemma.h:=אָדוֹן
2026-08-18 05:29:38.8204  INFO 17 SimpleQueryUtility | (Timed) Performing section search
2026-08-18 05:29:38.8204  INFO 21 ContextInformationCache | GetVerseInformation took 00:00:00.1174197
2026-08-18 05:29:38.8207  INFO 13 SimpleQueryUtility | (Timed) Performing section search
2026-08-18 05:29:38.8210  INFO 13 SimpleQueryUtility | (0ms) Performing section search
2026-08-18 05:29:38.8210  INFO 17 SimpleQueryUtility | (1ms) Performing section search
2026-08-18 05:29:38.8211  INFO 9 SimpleQueryUtility | (Timed) Performing section search
2026-08-18 05:29:38.8212  INFO 17 LibrarySearcher | (2ms) Searching SingleResource for: lemma.h:בַּת.2
2026-08-18 05:29:38.8212  INFO 17 VisualFilterDocumentUserVisualFilterManager | Found 13 results in LLS:1.0.710 (2ms): lemma.h:בַּת.2
2026-08-18 05:29:38.8213  INFO 13 LibrarySearcher | (2ms) Searching SingleResource for: lemma.h:מַלְאָךְ
2026-08-18 05:29:38.8213  INFO 13 VisualFilterDocumentUserVisualFilterManager | Found 213 results in LLS:1.0.710 (1ms): lemma.h:מַלְאָךְ
2026-08-18 05:29:38.8213  INFO 9 SimpleQueryUtility | (0ms) Performing section search
2026-08-18 05:29:38.8215  INFO 17 LibrarySearcher | (Timed) Searching SingleResource for: lemma.h:קַב
2026-08-18 05:29:38.8216  INFO 13 LibrarySearcher | (Timed) Searching SingleResource for: lemma.g:φιλέω
2026-08-18 05:29:38.8217  INFO 9 LibrarySearcher | (2ms) Searching SingleResource for: lemma.h:=אָדוֹן
2026-08-18 05:29:38.8220  INFO 9 VisualFilterDocumentUserVisualFilterManager | Found 782 results in LLS:1.0.710 (2ms): lemma.h:=אָדוֹן
2026-08-18 05:29:38.8226  INFO 9 LibrarySearcher | (Timed) Searching SingleResource for: lemma.g:θεός
2026-08-18 05:29:38.8230  INFO 17 SimpleQueryUtility | (Timed) Performing section search
2026-08-18 05:29:38.8232  INFO 17 SimpleQueryUtility | (0ms) Performing section search
2026-08-18 05:29:38.8233  INFO 13 SimpleQueryUtility | (Timed) Performing section search
2026-08-18 05:29:38.8234  INFO 17 LibrarySearcher | (2ms) Searching SingleResource for: lemma.h:קַב
2026-08-18 05:29:38.8234  INFO 17 VisualFilterDocumentUserVisualFilterManager | Found 1 results in LLS:1.0.710 (1ms): lemma.h:קַב
2026-08-18 05:29:38.8235  INFO 13 SimpleQueryUtility | (0ms) Performing section search
2026-08-18 05:29:38.8236  INFO 9 SimpleQueryUtility | (Timed) Performing section search
2026-08-18 05:29:38.8236  INFO 17 LibrarySearcher | (Timed) Searching SingleResource for: lemma.h:כֹּר
2026-08-18 05:29:38.8237  INFO 13 LibrarySearcher | (2ms) Searching SingleResource for: lemma.g:φιλέω
2026-08-18 05:29:38.8237  INFO 13 VisualFilterDocumentUserVisualFilterManager | Found 25 results in LLS:1.0.710 (2ms): lemma.g:φιλέω
2026-08-18 05:29:38.8260  INFO 9 SimpleQueryUtility | (2ms) Performing section search
2026-08-18 05:29:38.8263  INFO 13 LibrarySearcher | (Timed) Searching SingleResource for: lemma.g:ὑπερβολή
2026-08-18 05:29:38.8266  INFO 9 LibrarySearcher | (4ms) Searching SingleResource for: lemma.g:θεός
2026-08-18 05:29:38.8273  INFO 17 SimpleQueryUtility | (Timed) Performing section search
2026-08-18 05:29:38.8274  INFO 17 SimpleQueryUtility | (0ms) Performing section search
2026-08-18 05:29:38.8275  INFO 13 SimpleQueryUtility | (Timed) Performing section search
2026-08-18 05:29:38.8276  INFO 17 LibrarySearcher | (4ms) Searching SingleResource for: lemma.h:כֹּר
2026-08-18 05:29:38.8276  INFO 17 VisualFilterDocumentUserVisualFilterManager | Found 8 results in LLS:1.0.710 (3ms): lemma.h:כֹּר
2026-08-18 05:29:38.8279  INFO 13 SimpleQueryUtility | (0ms) Performing section search
2026-08-18 05:29:38.8281  INFO 13 LibrarySearcher | (2ms) Searching SingleResource for: lemma.g:ὑπερβολή
2026-08-18 05:29:38.8282  INFO 13 VisualFilterDocumentUserVisualFilterManager | Found 8 results in LLS:1.0.710 (1ms): lemma.g:ὑπερβολή
2026-08-18 05:29:38.8283  INFO 13 LibrarySearcher | (Timed) Searching SingleResource for: lemma.g:ῥῆμα
2026-08-18 05:29:38.8292  INFO 13 SimpleQueryUtility | (Timed) Performing section search
2026-08-18 05:29:38.8295  INFO 13 SimpleQueryUtility | (0ms) Performing section search
2026-08-18 05:29:38.8297  INFO 13 LibrarySearcher | (1ms) Searching SingleResource for: lemma.g:ῥῆμα
2026-08-18 05:29:38.8297  INFO 13 VisualFilterDocumentUserVisualFilterManager | Found 67 results in LLS:1.0.710 (1ms): lemma.g:ῥῆμα
2026-08-18 05:29:38.8297  INFO 17 LibrarySearcher | (Timed) Searching SingleResource for: "sabbath day's"
2026-08-18 05:29:38.8298  INFO 9 VisualFilterDocumentUserVisualFilterManager | Found 1309 results in LLS:1.0.710 (7ms): lemma.g:θεός
2026-08-18 05:29:38.8305  INFO 9 LibrarySearcher | (Timed) Searching SingleResource for: lemma.g:κύριος
2026-08-18 05:29:38.8311  INFO 9 SimpleQueryUtility | (Timed) Performing section search
2026-08-18 05:29:38.8315  INFO 9 SimpleQueryUtility | (0ms) Performing section search
2026-08-18 05:29:38.8318  INFO 9 LibrarySearcher | (1ms) Searching SingleResource for: lemma.g:κύριος
2026-08-18 05:29:38.8321  INFO 17 SimpleQueryUtility | (Timed) Performing section search
2026-08-18 05:29:38.8321  INFO 9 VisualFilterDocumentUserVisualFilterManager | Found 713 results in LLS:1.0.710 (1ms): lemma.g:κύριος
2026-08-18 05:29:38.8388  INFO 17 SimpleQueryUtility | (7ms) Performing section search
2026-08-18 05:29:38.8392  INFO 9 LibrarySearcher | (Timed) Searching SingleResource for: lemma.g:ὕψιστος
2026-08-18 05:29:38.8393  INFO 17 LibrarySearcher | (10ms) Searching SingleResource for: "sabbath day's"
2026-08-18 05:29:38.8394  INFO 17 VisualFilterDocumentUserVisualFilterManager | Found 1 results in LLS:1.0.710 (9ms): "sabbath day's"
2026-08-18 05:29:38.8395  INFO 17 LibrarySearcher | (Timed) Searching SingleResource for: lemma.g:δίδραχμον
2026-08-18 05:29:38.8404  INFO 9 SimpleQueryUtility | (Timed) Performing section search
2026-08-18 05:29:38.8407  INFO 9 SimpleQueryUtility | (0ms) Performing section search
2026-08-18 05:29:38.8410  INFO 9 LibrarySearcher | (2ms) Searching SingleResource for: lemma.g:ὕψιστος
2026-08-18 05:29:38.8410  INFO 9 VisualFilterDocumentUserVisualFilterManager | Found 13 results in LLS:1.0.710 (1ms): lemma.g:ὕψιστος
2026-08-18 05:29:38.8411  INFO 17 SimpleQueryUtility | (Timed) Performing section search
2026-08-18 05:29:38.8412  INFO 9 LibrarySearcher | (Timed) Searching SingleResource for: lemma.g:Ἐμμανουήλ
2026-08-18 05:29:38.8414  INFO 17 SimpleQueryUtility | (0ms) Performing section search
2026-08-18 05:29:38.8417  INFO 17 LibrarySearcher | (2ms) Searching SingleResource for: lemma.g:δίδραχμον
2026-08-18 05:29:38.8418  INFO 17 VisualFilterDocumentUserVisualFilterManager | Found 2 results in LLS:1.0.710 (2ms): lemma.g:δίδραχμον
2026-08-18 05:29:38.8419  INFO 17 LibrarySearcher | (Timed) Searching SingleResource for: lemma.g:μνᾶ
2026-08-18 05:29:38.8429  INFO 9 SimpleQueryUtility | (Timed) Performing section search
2026-08-18 05:29:38.8430  INFO 17 SimpleQueryUtility | (Timed) Performing section search
2026-08-18 05:29:38.8432  INFO 9 SimpleQueryUtility | (0ms) Performing section search
2026-08-18 05:29:38.8434  INFO 17 SimpleQueryUtility | (0ms) Performing section search
2026-08-18 05:29:38.8434  INFO 9 LibrarySearcher | (2ms) Searching SingleResource for: lemma.g:Ἐμμανουήλ
2026-08-18 05:29:38.8435  INFO 9 VisualFilterDocumentUserVisualFilterManager | Found 1 results in LLS:1.0.710 (2ms): lemma.g:Ἐμμανουήλ
2026-08-18 05:29:38.8437  INFO 17 LibrarySearcher | (2ms) Searching SingleResource for: lemma.g:μνᾶ
2026-08-18 05:29:38.8437  INFO 17 VisualFilterDocumentUserVisualFilterManager | Found 9 results in LLS:1.0.710 (1ms): lemma.g:μνᾶ
2026-08-18 05:29:38.8439  INFO 17 LibrarySearcher | (Timed) Searching SingleResource for: lemma.g:κοδράντης
2026-08-18 05:29:38.8450  INFO 9 LibrarySearcher | (Timed) Searching SingleResource for: lemma.sesb.h:=יְהוָה
2026-08-18 05:29:38.8457  INFO 17 SimpleQueryUtility | (Timed) Performing section search
2026-08-18 05:29:38.8460  INFO 17 SimpleQueryUtility | (0ms) Performing section search
2026-08-18 05:29:38.8463  INFO 17 LibrarySearcher | (2ms) Searching SingleResource for: lemma.g:κοδράντης
2026-08-18 05:29:38.8464  INFO 17 VisualFilterDocumentUserVisualFilterManager | Found 2 results in LLS:1.0.710 (2ms): lemma.g:κοδράντης
2026-08-18 05:29:38.8467  INFO 17 LibrarySearcher | (Timed) Searching SingleResource for: lemma.h:קָנֶה
2026-08-18 05:29:38.8469  INFO 9 SimpleQueryUtility | (Timed) Performing section search
2026-08-18 05:29:38.8476  INFO 9 SimpleQueryUtility | (1ms) Performing section search
2026-08-18 05:29:38.8493  INFO 9 LibrarySearcher | (4ms) Searching SingleResource for: lemma.sesb.h:=יְהוָה
2026-08-18 05:29:38.8494  INFO 17 SimpleQueryUtility | (Timed) Performing section search
2026-08-18 05:29:38.8495  INFO 9 VisualFilterDocumentUserVisualFilterManager | Found 0 results in LLS:1.0.710 (4ms): lemma.sesb.h:=יְהוָה
2026-08-18 05:29:38.8498  INFO 17 SimpleQueryUtility | (0ms) Performing section search
2026-08-18 05:29:38.8498  INFO 9 LibrarySearcher | (Timed) Searching SingleResource for: lemma.sesb.h:=אָדֹון
2026-08-18 05:29:38.8501  INFO 17 LibrarySearcher | (3ms) Searching SingleResource for: lemma.h:קָנֶה
2026-08-18 05:29:38.8502  INFO 17 VisualFilterDocumentUserVisualFilterManager | Found 62 results in LLS:1.0.710 (3ms): lemma.h:קָנֶה
2026-08-18 05:29:38.8508  INFO 17 LibrarySearcher | (Timed) Searching SingleResource for: lemma.h:גֵּרָה.2
2026-08-18 05:29:38.8515  INFO 9 SimpleQueryUtility | (Timed) Performing section search
2026-08-18 05:29:38.8517  INFO 9 SimpleQueryUtility | (0ms) Performing section search
2026-08-18 05:29:38.8519  INFO 9 LibrarySearcher | (2ms) Searching SingleResource for: lemma.sesb.h:=אָדֹון
2026-08-18 05:29:38.8519  INFO 9 VisualFilterDocumentUserVisualFilterManager | Found 0 results in LLS:1.0.710 (2ms): lemma.sesb.h:=אָדֹון
2026-08-18 05:29:38.8521  INFO 17 SimpleQueryUtility | (Timed) Performing section search
2026-08-18 05:29:38.8521  INFO 9 LibrarySearcher | (Timed) Searching SingleResource for: lemma.sesb.h:=אֱלֹהִים
2026-08-18 05:29:38.8523  INFO 17 SimpleQueryUtility | (0ms) Performing section search
2026-08-18 05:29:38.8526  INFO 17 LibrarySearcher | (2ms) Searching SingleResource for: lemma.h:גֵּרָה.2
2026-08-18 05:29:38.8526  INFO 17 VisualFilterDocumentUserVisualFilterManager | Found 5 results in LLS:1.0.710 (1ms): lemma.h:גֵּרָה.2
2026-08-18 05:29:38.8528  INFO 17 LibrarySearcher | (Timed) Searching SingleResource for: lemma.h:בֶּ֫קַע
2026-08-18 05:29:38.8532  INFO 9 SimpleQueryUtility | (Timed) Performing section search
2026-08-18 05:29:38.8534  INFO 9 SimpleQueryUtility | (0ms) Performing section search
2026-08-18 05:29:38.8535  INFO 9 LibrarySearcher | (1ms) Searching SingleResource for: lemma.sesb.h:=אֱלֹהִים
2026-08-18 05:29:38.8535  INFO 9 VisualFilterDocumentUserVisualFilterManager | Found 0 results in LLS:1.0.710 (1ms): lemma.sesb.h:=אֱלֹהִים
2026-08-18 05:29:38.8536  INFO 17 SimpleQueryUtility | (Timed) Performing section search
2026-08-18 05:29:38.8537  INFO 9 LibrarySearcher | (Timed) Searching SingleResource for: lemma.h:=אֱלוֹהַּ
2026-08-18 05:29:38.8538  INFO 17 SimpleQueryUtility | (0ms) Performing section search
2026-08-18 05:29:38.8540  INFO 17 LibrarySearcher | (1ms) Searching SingleResource for: lemma.h:בֶּ֫קַע
2026-08-18 05:29:38.8540  INFO 17 VisualFilterDocumentUserVisualFilterManager | Found 2 results in LLS:1.0.710 (1ms): lemma.h:בֶּ֫קַע
2026-08-18 05:29:38.8541  INFO 17 LibrarySearcher | (Timed) Searching SingleResource for: lemma.h:פִּים
2026-08-18 05:29:38.8547  INFO 9 SimpleQueryUtility | (Timed) Performing section search
2026-08-18 05:29:38.8549  INFO 9 SimpleQueryUtility | (0ms) Performing section search
2026-08-18 05:29:38.8551  INFO 9 LibrarySearcher | (1ms) Searching SingleResource for: lemma.h:=אֱלוֹהַּ
2026-08-18 05:29:38.8551  INFO 9 VisualFilterDocumentUserVisualFilterManager | Found 58 results in LLS:1.0.710 (1ms): lemma.h:=אֱלוֹהַּ
2026-08-18 05:29:38.8552  INFO 17 SimpleQueryUtility | (Timed) Performing section search
2026-08-18 05:29:38.8553  INFO 9 LibrarySearcher | (Timed) Searching SingleResource for: lemma.a:אֱלָהּ
2026-08-18 05:29:38.8554  INFO 17 SimpleQueryUtility | (0ms) Performing section search
2026-08-18 05:29:38.8555  INFO 1 PanelViewModel | Got Resource panel settings for Preferences: MultiViewEnabled=false|MultiViewLayoutIsVertical=false|ParallelResourceSetName=allparallelresources
2026-08-18 05:29:38.8556  INFO 17 LibrarySearcher | (1ms) Searching SingleResource for: lemma.h:פִּים
2026-08-18 05:29:38.8556  INFO 17 VisualFilterDocumentUserVisualFilterManager | Found 1 results in LLS:1.0.710 (1ms): lemma.h:פִּים
2026-08-18 05:29:38.8557  INFO 17 LibrarySearcher | (Timed) Searching SingleResource for: lemma.h:שֶׁ֫קֶל
2026-08-18 05:29:38.8590  INFO 66 FilteringResourceViewComponent | (Timed) Updating resource filter
2026-08-18 05:29:38.8593  INFO 17 SimpleQueryUtility | (Timed) Performing section search
2026-08-18 05:29:38.8593  INFO 9 SimpleQueryUtility | (Timed) Performing section search
2026-08-18 05:29:38.8595  INFO 17 SimpleQueryUtility | (0ms) Performing section search
2026-08-18 05:29:38.8597  INFO 9 SimpleQueryUtility | (0ms) Performing section search
2026-08-18 05:29:38.8597  INFO 17 LibrarySearcher | (4ms) Searching SingleResource for: lemma.h:שֶׁ֫קֶל
2026-08-18 05:29:38.8598  INFO 17 VisualFilterDocumentUserVisualFilterManager | Found 88 results in LLS:1.0.710 (4ms): lemma.h:שֶׁ֫קֶל
2026-08-18 05:29:38.8600  INFO 9 LibrarySearcher | (5ms) Searching SingleResource for: lemma.a:אֱלָהּ
2026-08-18 05:29:38.8601  INFO 9 VisualFilterDocumentUserVisualFilterManager | Found 95 results in LLS:1.0.710 (4ms): lemma.a:אֱלָהּ
2026-08-18 05:29:38.8604  INFO 17 LibrarySearcher | (Timed) Searching SingleResource for: lemma.g:λίτρα
2026-08-18 05:29:38.8612  INFO 9 LibrarySearcher | (Timed) Searching SingleResource for: lemma.h:אֵל.5
2026-08-18 05:29:38.8618  INFO 17 SimpleQueryUtility | (Timed) Performing section search
2026-08-18 05:29:38.8620  INFO 17 SimpleQueryUtility | (0ms) Performing section search
2026-08-18 05:29:38.8622  INFO 9 SimpleQueryUtility | (Timed) Performing section search
2026-08-18 05:29:38.8623  INFO 17 LibrarySearcher | (2ms) Searching SingleResource for: lemma.g:λίτρα
2026-08-18 05:29:38.8623  INFO 17 VisualFilterDocumentUserVisualFilterManager | Found 2 results in LLS:1.0.710 (1ms): lemma.g:λίτρα
2026-08-18 05:29:38.8624  INFO 9 SimpleQueryUtility | (0ms) Performing section search
2026-08-18 05:29:38.8625  INFO 17 LibrarySearcher | (Timed) Searching SingleResource for: lemma.h:כִּכָּר
2026-08-18 05:29:38.8628  INFO 9 LibrarySearcher | (2ms) Searching SingleResource for: lemma.h:אֵל.5
2026-08-18 05:29:38.8629  INFO 66 FilteringResourceViewComponent | (4ms) Updating resource filter
2026-08-18 05:29:38.8629  INFO 9 VisualFilterDocumentUserVisualFilterManager | Found 235 results in LLS:1.0.710 (1ms): lemma.h:אֵל.5
2026-08-18 05:29:38.8631  INFO 1 PanelViewModel | Got Resource panel settings for History: Id=LLS:1.0.710|Milestone=DataType%3dbible+esv%7cResource%3dLLS:1.0.710%7cStartSegment%3d5138505%7cVersion%3d2026-02-17T13:55:29Z|Position=res/LLS:1.0.710/2026-02-17T13:55:29Z/5138505|Reference=bible+esv.70.4.27
2026-08-18 05:29:38.8638  INFO 17 SimpleQueryUtility | (Timed) Performing section search
2026-08-18 05:29:38.8641  INFO 17 SimpleQueryUtility | (0ms) Performing section search
2026-08-18 05:29:38.8645  INFO 17 LibrarySearcher | (2ms) Searching SingleResource for: lemma.h:כִּכָּר
2026-08-18 05:29:38.8645  INFO 17 VisualFilterDocumentUserVisualFilterManager | Found 68 results in LLS:1.0.710 (1ms): lemma.h:כִּכָּר
2026-08-18 05:29:38.8648  INFO 17 LibrarySearcher | (Timed) Searching SingleResource for: lemma.g:τάλαντον
2026-08-18 05:29:38.8686  INFO 17 SimpleQueryUtility | (Timed) Performing section search
2026-08-18 05:29:38.8689  INFO 17 SimpleQueryUtility | (0ms) Performing section search
2026-08-18 05:29:38.8692  INFO 17 LibrarySearcher | (4ms) Searching SingleResource for: lemma.g:τάλαντον
2026-08-18 05:29:38.8692  INFO 17 VisualFilterDocumentUserVisualFilterManager | Found 14 results in LLS:1.0.710 (4ms): lemma.g:τάλαντον
2026-08-18 05:29:38.8696  INFO 17 LibrarySearcher | (Timed) Searching SingleResource for: lemma.g:ταλαντιαῖος
2026-08-18 05:29:38.8707  INFO 17 SimpleQueryUtility | (Timed) Performing section search
2026-08-18 05:29:38.8709  INFO 17 SimpleQueryUtility | (0ms) Performing section search
2026-08-18 05:29:38.8712  INFO 17 LibrarySearcher | (2ms) Searching SingleResource for: lemma.g:ταλαντιαῖος
2026-08-18 05:29:38.8712  INFO 17 VisualFilterDocumentUserVisualFilterManager | Found 1 results in LLS:1.0.710 (1ms): lemma.g:ταλαντιαῖος
2026-08-18 05:29:38.8799  INFO 72 SqliteNotesClientRepository | Found 42 text range anchor resources. (23ms)
2026-08-18 05:29:38.8813  INFO 72 SqliteNotesClientRepository | Found 9 corpora sets for 42 resources. (1ms)
2026-08-18 05:29:38.9084  INFO 52 NotesToolManager | Creating connection to notes database.
2026-08-18 05:29:38.9102  INFO 72 SqliteNotesClientRepository | Found 295 text range anchors in 8 matching resources. (28ms)
2026-08-18 05:29:38.9166  INFO 21 ContextInformationCache | GetPericopeInformation took 00:00:00.0961883
2026-08-18 05:29:38.9171  INFO 21 ContextInformationCache | GetArticleInformation took 00:00:00.0004268
2026-08-18 05:29:38.9171  INFO 21 ContextInformationCache | (214ms) Initializing cache
2026-08-18 05:29:38.9275  INFO 72 SqliteNotesClientRepository | Got 5 word number sets from 5 of 295 text range anchors. (15ms)
2026-08-18 05:29:38.9428  INFO 72 SqliteNotesClientRepository | Got 295 text range sets from word numbers for LLS:1.0.710 2026-02-17T13:55:29Z. (15ms)
2026-08-18 05:29:38.9507  INFO 72 NotesToolUserVisualFilterProvider | Got 450 sympathetic notes markups for LLS:1.0.710 0:2147483647. (94ms)
2026-08-18 05:29:38.9533  INFO 38 AtlasMapsVisualFilter | Calculated markup for LLS:1.0.710 5135626:3562. (199ms)
2026-08-18 05:29:38.9553  INFO 67 AtlasMapsVisualFilter | Calculated markup for LLS:1.0.710 5139188:3257. (178ms)
2026-08-18 05:29:39.1098  INFO 69 NotesDigitalLibraryService | Cached all 62746 milestones for LLS:1.0.710 2026-02-17T13:55:29Z. (206ms)
2026-08-18 05:29:39.1108  INFO 69 ClientNotesApi | Got 471 notes markups. (254ms) {"resource":{"id":"LLS:1.0.710","version":"2026-02-17T13:55:29Z"},"ranges":[{"offset":0,"length":2147483647}],"noteFields":["id","placement","style"],"limit":2147483647,"sources":["textRange","headword"]}
2026-08-18 05:29:39.1579  INFO 52 ClientNotesApi | Got 41 notes markups. (241ms) {"resource":{"id":"LLS:1.0.710","version":"2026-02-17T13:55:29Z"},"ranges":[{"offset":5135626,"length":6819}],"noteFields":["id","placement","style"],"limit":2147483647,"sources":["reference"]}
2026-08-18 05:29:39.1581  INFO 52 NotesToolUserVisualFilterProvider | Got 42 notes markups for LLS:1.0.710 5135626:6819. (249ms)
2026-08-18 05:29:39.7098  INFO 71 VerseOfTheDayVisualFilter | Calculated markup for LLS:1.0.710 5139188:3257. (933ms)
2026-08-18 05:29:40.1375  INFO 17 VerseOfTheDayVisualFilter | Calculated markup for LLS:1.0.710 5135626:3562. (1383ms)
2026-08-18 05:29:40.6096  INFO 69 ClientNotesApi | Got 9230 notes markups. (1489ms) {"resource":{"id":"LLS:1.0.710","version":"2026-02-17T13:55:29Z"},"ranges":[{"offset":0,"length":2147483647}],"noteFields":["id","placement","style"],"limit":2147483647,"sources":["reference"]}
2026-08-18 05:29:40.6153  INFO 69 NotesToolUserVisualFilterProvider | Got 9701 notes markups for LLS:1.0.710 0:2147483647. (1759ms)
2026-08-18 05:29:40.8630  INFO 1 PanelViewModel | Got Resource panel settings for Preferences: ActiveLeftSidebarNavigationItem=Contents|ActiveRightSidebarNavigationItem=Translation|AreInterlinearsVisible=true|Locator=false|MultiViewEnabled=true|MultiViewLayoutIsVertical=false|ParallelResourceSetName=allparallelresources|ReverseInterlinear=true|ReverseInterlinearRows=Surface,MSS,Lemma,Morph,St
2026-08-18 05:29:43.6267  INFO 1 PanelViewModel | Got Resource panel settings for Preferences: MultiViewEnabled=false|MultiViewLayoutIsVertical=false|ParallelResourceSetName=allparallelresources
2026-08-18 05:29:43.9783  INFO 33 SyncManager | Requesting sync on all sync clients
2026-08-18 05:29:44.0683  INFO 33 SyncClient | Found 4 items to submit for PreferencesSyncItem
2026-08-18 05:29:44.0685  INFO 33 SyncClient | (Timed) Submitting 4 of 4 items.
2026-08-18 05:29:44.2173  INFO 33 SyncClient | (149ms) Submitting 4 of 4 items.
2026-08-18 05:29:44.2176  INFO 33 SyncClient | Integrated 4 successes, 0 conflicts, and 0 errors.
2026-08-18 05:29:44.2176  INFO 33 SyncClient | Downloading items for PreferencesSyncItem
2026-08-18 05:29:44.3217  INFO 33 SyncClient | New last known milestones: {"itemMilestone":"422698"}
2026-08-18 05:29:44.4286  INFO 33 SyncClient | Found 2 items to submit for HistorySyncItem
2026-08-18 05:29:44.4287  INFO 33 SyncClient | (Timed) Submitting 2 of 2 items.
2026-08-18 05:29:44.5659  INFO 33 SyncClient | (137ms) Submitting 2 of 2 items.
2026-08-18 05:29:44.5661  INFO 33 SyncClient | Integrated 2 successes, 0 conflicts, and 0 errors.
2026-08-18 05:29:44.5663  INFO 33 SyncClient | Downloading items for HistorySyncItem
2026-08-18 05:29:44.6586  INFO 33 SyncClient | New last known milestones: {"itemMilestone":"182212"}
2026-08-18 05:29:44.6604  INFO 33 SyncManager | Finished requesting sync on all sync clients.
2026-08-18 05:29:44.7579  INFO 67 OtherMediaVisualFilter | Calculated markup for LLS:1.0.710 5135626:3562. (6004ms)
2026-08-18 05:29:44.9190  INFO 67 OtherMediaVisualFilter | Calculated markup for LLS:1.0.710 5139188:3257. (6142ms)
2026-08-18 05:29:46.5019  INFO 67 WebServiceClient | Checking for new license compared to W/"73bc33c9-7b92-45b2-82a1-a9fa0dc2eced"
2026-08-18 05:29:47.2178  INFO 67 WebServiceClient | License check revealed no new license version.
2026-08-18 05:30:01.8474  INFO 54 LibraryCatalogIndex | (Timed) Rebuilding library catalog index.
2026-08-18 05:30:02.4922  INFO 49 ClientNotesApi | Found 5 notebooks. (0ms) {"sort":"modifiedDesc","notebookFields":["id","title"],"limit":5}
2026-08-18 05:30:02.5270  INFO 66 ClientNotesApi | Found 5 notebooks. (0ms) {"sort":"modifiedDesc","notebookFields":["id","title"],"limit":5}
2026-08-18 05:30:02.5818  INFO 49 ClientNotesApi | Found 5 notebooks. (0ms) {"sort":"modifiedDesc","notebookFields":["id","title"],"limit":5}
2026-08-18 05:30:02.5863  INFO 49 ClientNotesApi | Found 5 notebooks. (0ms) {"sort":"modifiedDesc","notebookFields":["id","title"],"limit":5}
2026-08-18 05:30:02.5880  INFO 17 ClientNotesApi | Found 5 notebooks. (0ms) {"sort":"modifiedDesc","notebookFields":["id","title"],"limit":5}
2026-08-18 05:30:02.6513  INFO 17 ClientNotesApi | Found 5 notebooks. (0ms) {"sort":"modifiedDesc","notebookFields":["id","title"],"limit":5}
2026-08-18 05:30:02.6664  INFO 17 ClientNotesApi | Found 5 notebooks. (0ms) {"sort":"modifiedDesc","notebookFields":["id","title"],"limit":5}
2026-08-18 05:30:02.7184  INFO 49 ClientNotesApi | Found 5 notebooks. (0ms) {"sort":"modifiedDesc","notebookFields":["id","title"],"limit":5}
2026-08-18 05:30:02.7199  INFO 49 ClientNotesApi | Found 5 notebooks. (0ms) {"sort":"modifiedDesc","notebookFields":["id","title"],"limit":5}
2026-08-18 05:30:02.7268  INFO 49 LocalFileDatabase | Connection opened (0ms): /Users/mjwebster/Library/Application Support/Logos4/Data/wq8ubj9r.32o/ResourceManager/ResourceManager.db
2026-08-18 05:30:02.8307  INFO 66 SupplementalDataResourceCore | Loaded 0 en localizations from DB:SD-TICH. (4ms)
2026-08-18 05:30:02.9972  INFO 66 ClientNotesApi | Found 5 notebooks. (1ms) {"sort":"modifiedDesc","notebookFields":["id","title"],"limit":5}
2026-08-18 05:30:03.0020  INFO 66 ClientNotesApi | Found 5 notebooks. (0ms) {"sort":"modifiedDesc","notebookFields":["id","title"],"limit":5}
2026-08-18 05:30:03.0466  INFO 17 ClientNotesApi | Found 5 notebooks. (0ms) {"sort":"modifiedDesc","notebookFields":["id","title"],"limit":5}
2026-08-18 05:30:03.0543  INFO 66 ClientNotesApi | Found 5 notebooks. (0ms) {"sort":"modifiedDesc","notebookFields":["id","title"],"limit":5}
2026-08-18 05:30:03.0634  INFO 66 ClientNotesApi | Found 5 notebooks. (0ms) {"sort":"modifiedDesc","notebookFields":["id","title"],"limit":5}
2026-08-18 05:30:03.0722  INFO 66 ClientNotesApi | Found 5 notebooks. (0ms) {"sort":"modifiedDesc","notebookFields":["id","title"],"limit":5}
2026-08-18 05:30:03.4909  INFO 66 MultipleFilesPostingFileWriter | Closing index streams
2026-08-18 05:30:03.8778  INFO 54 LibraryCatalogIndex | (Timed) Attempting to replace index '/Users/mjwebster/Library/Application Support/Logos4/Data/wq8ubj9r.32o/LibraryCatalog/catalog' with new index '/Users/mjwebster/Library/Application Support/Logos4/Data/wq8ubj9r.32o/LibraryCatalog/catalog-build'.
2026-08-18 05:30:03.8782  INFO 54 FileSystemIndexInfo | Replacing /Users/mjwebster/Library/Application Support/Logos4/Data/wq8ubj9r.32o/LibraryCatalog/catalog with /Users/mjwebster/Library/Application Support/Logos4/Data/wq8ubj9r.32o/LibraryCatalog/catalog-build
2026-08-18 05:30:04.3920  INFO 54 LibraryCatalogIndex | (514ms) Attempting to replace index '/Users/mjwebster/Library/Application Support/Logos4/Data/wq8ubj9r.32o/LibraryCatalog/catalog' with new index '/Users/mjwebster/Library/Application Support/Logos4/Data/wq8ubj9r.32o/LibraryCatalog/catalog-build'.
2026-08-18 05:30:04.4145  INFO 54 ResourceCollectionManager | Updating collection cache after 00:00:20: library catalog indexed
2026-08-18 05:30:04.4146  INFO 54 LibraryCatalogIndex | (2567ms) Rebuilding library catalog index.
2026-08-18 05:30:05.6405  INFO 1 AppCommand | (Timed) Executing command: NotesTool|AddNoteReference=bible+esv.70.4.27|SelectedNotebookId=3b3966aeb7bc46e7b3324523911bd52c
2026-08-18 05:30:05.6451  INFO 1 LDLS4.AppModel | (Timed) Creating document metadata manager.
2026-08-18 05:30:05.6485  INFO 1 LDLS4.AppModel | (3ms) Creating document metadata manager.
2026-08-18 05:30:05.6686  INFO 1 PanelViewModel | Applying NotesTool panel settings for Preferences: IsSidebarExpanded=false|ShowFullAnchorText=true|TextSize=18.666666666666668|ViewMode=full
2026-08-18 05:30:05.6688  INFO 1 PanelViewModel | Updated NotesTool panel text size to 18.666666666666668.
2026-08-18 05:30:05.6693  INFO 1 PanelViewModel | Navigating NotesTool panel to: AddNoteReference=bible+esv.70.4.27|SelectedNotebookId=3b3966aeb7bc46e7b3324523911bd52c
2026-08-18 05:30:05.6693  INFO 1 PanelViewModel | Applying NotesTool panel settings for Bookmark: AddNoteReference=bible+esv.70.4.27|SelectedNotebookId=3b3966aeb7bc46e7b3324523911bd52c
2026-08-18 05:30:05.7059  INFO 1 PanelViewModel | Got NotesTool panel settings for History: IsSidebarExpanded=false|IsTrashExpanded=false|SelectedNotebookId=3b3966aeb7bc46e7b3324523911bd52c|ShowFullAnchorText=true|ViewMode=full
2026-08-18 05:30:05.7192  INFO 66 LocalFileDatabase | Connection opened (0ms): /Users/mjwebster/Library/Application Support/Logos4/Data/wq8ubj9r.32o/HistoryManager/history.db
2026-08-18 05:30:05.7193  INFO 1 AppCommand | (79ms) Executing command: NotesTool|AddNoteReference=bible+esv.70.4.27|SelectedNotebookId=3b3966aeb7bc46e7b3324523911bd52c
2026-08-18 05:30:05.9420  INFO 66 ClientNotesApi | Found 44 notebooks. (3ms) {"sort":"title","notebookFields":["id","title","revision","created","modified","isTrashed","isDeleted","importId","noteCount","role"],"limit":10000,"userLanguage":"en-CA"}
2026-08-18 05:30:06.0133  INFO 66 ClientNotesApi | Created 1 notes. (48ms)
2026-08-18 05:30:06.0135  INFO 49 ClientNotesApi | Found 100 notes and 12 facets. (71ms) {"sort":"placement","filters":[{"field":"notebook","value":"3b3966aeb7bc46e7b3324523911bd52c"}],"query":"","noteFields":["id","revision","created","createdBy","modified","modifiedBy","isTrashed","isDeleted","noteKind","content","style","anchors","tags","placement","role","labels","clipping","anchorIndex"],"noteLimit":100,"previousNoteLimit":100,"noteTotalField":true,"facets":[{"field":"noteKind"},{"field":"anchorResource","termLimit":30},{"field":"anchorBibleBook","termLimit":120},{"field":"anchorDataType","termLimit":30},{"field":"tag","termLimit":120},{"field":"notebook","termLimit":30},{"field":"author"},{"field":"anchorKind"},{"field":"anchorLanguage","termLimit":30},{"field":"anchorGuideSection","termLimit":30},{"field":"modified"},{"field":"created"}],"userLanguage":"en-CA","tzoMinutes":-240,"anchorSettings":{"textRange":{"targetFields":true,"referenceField":true}}}
2026-08-18 05:30:06.0181  INFO 49 NotesToolViewModel | Found notes in 76ms: {"sort":"placement","filters":[{"field":"notebook","value":"3b3966aeb7bc46e7b3324523911bd52c"}],"query":"","noteFields":["id","revision","created","createdBy","modified","modifiedBy","isTrashed","isDeleted","noteKind","content","style","anchors","tags","placement","role","labels","clipping","anchorIndex"],"noteLimit":100,"previousNoteLimit":100,"noteTotalField":true,"facets":[{"field":"noteKind"},{"field":"anchorResource","termLimit":30},{"field":"anchorBibleBook","termLimit":120},{"field":"anchorDataType","termLimit":30},{"field":"tag","termLimit":120},{"field":"notebook","termLimit":30},{"field":"author"},{"field":"anchorKind"},{"field":"anchorLanguage","termLimit":30},{"field":"anchorGuideSection","termLimit":30},{"field":"modified"},{"field":"created"}],"userLanguage":"en-CA","tzoMinutes":-240,"anchorSettings":{"textRange":{"targetFields":true,"referenceField":true}}}
2026-08-18 05:30:06.0505  INFO 66 ClientNotesApi | Found 1 notes and 12 facets. (34ms) {"sort":"placement","filters":[{"field":"notebook","value":"3b3966aeb7bc46e7b3324523911bd52c"}],"query":"","noteFields":["id","revision","created","createdBy","modified","modifiedBy","isTrashed","isDeleted","noteKind","content","style","anchors","tags","placement","role","labels","clipping","anchorIndex"],"noteLimit":100,"previousNoteLimit":100,"start":{"noteId":"55fab38b12794a8282828bae5dc01709"},"noteTotalField":true,"facets":[{"field":"noteKind"},{"field":"anchorResource","termLimit":30},{"field":"anchorBibleBook","termLimit":120},{"field":"anchorDataType","termLimit":30},{"field":"tag","termLimit":120},{"field":"notebook","termLimit":30},{"field":"author"},{"field":"anchorKind"},{"field":"anchorLanguage","termLimit":30},{"field":"anchorGuideSection","termLimit":30},{"field":"modified"},{"field":"created"}],"userLanguage":"en-CA","tzoMinutes":-240,"anchorSettings":{"textRange":{"targetFields":true,"referenceField":true}}}
2026-08-18 05:30:06.0507  INFO 66 NotesToolViewModel | Found notes in 35ms: {"sort":"placement","filters":[{"field":"notebook","value":"3b3966aeb7bc46e7b3324523911bd52c"}],"query":"","noteFields":["id","revision","created","createdBy","modified","modifiedBy","isTrashed","isDeleted","noteKind","content","style","anchors","tags","placement","role","labels","clipping","anchorIndex"],"noteLimit":100,"previousNoteLimit":100,"start":{"noteId":"55fab38b12794a8282828bae5dc01709"},"noteTotalField":true,"facets":[{"field":"noteKind"},{"field":"anchorResource","termLimit":30},{"field":"anchorBibleBook","termLimit":120},{"field":"anchorDataType","termLimit":30},{"field":"tag","termLimit":120},{"field":"notebook","termLimit":30},{"field":"author"},{"field":"anchorKind"},{"field":"anchorLanguage","termLimit":30},{"field":"anchorGuideSection","termLimit":30},{"field":"modified"},{"field":"created"}],"userLanguage":"en-CA","tzoMinutes":-240,"anchorSettings":{"textRange":{"targetFields":true,"referenceField":true}}}
2026-08-18 05:30:06.0732  INFO 17 SqliteNotesClientRepository | Found 0 text range anchor resources. (0ms)
2026-08-18 05:30:06.0733  INFO 17 SqliteNotesClientRepository | Found 0 corpora sets for 0 resources. (0ms)
2026-08-18 05:30:06.0733  INFO 17 NotesToolUserVisualFilterProvider | Got 0 sympathetic notes markups (1 note subset) for LLS:1.0.710 0:2147483647. (0ms)
2026-08-18 05:30:06.0737  INFO 66 NotesToolUserVisualFilterProvider | Got 0 notes markups (1 note subset) for LLS:WS_78D4ACD829E74392B4F75C5065979CA9 0:2147483647. (0ms)
2026-08-18 05:30:06.0774  INFO 66 ClientNotesApi | Found 44 notebooks. (2ms) {"sort":"title","notebookFields":["id","title","revision","created","modified","isTrashed","isDeleted","importId","noteCount","role"],"limit":10000,"userLanguage":"en-CA"}
2026-08-18 05:30:06.0803  INFO 17 NotesToolUserVisualFilterProvider | Got 1 notes markups (1 note subset) for LLS:1.0.710 0:2147483647. (6ms)
2026-08-18 05:30:06.2923  INFO 17 ClientNotesApi | Got 1 notebooks, e.g. 3b3966aeb7bc46e7b3324523911bd52c. (3ms)
2026-08-18 05:30:06.5753  INFO 49 ClientNotesApi | Got 1 notebooks, e.g. 3b3966aeb7bc46e7b3324523911bd52c. (0ms)
2026-08-18 05:30:08.3258  INFO 1 PanelViewModel | Got NotesTool panel settings for Preferences: IsSidebarExpanded=false|ShowFullAnchorText=true|TextSize=18.666666666666668|ViewMode=full
2026-08-18 05:30:11.6490  INFO 66 CommonFeaturesSelectionMenuSectionViewModel | (Timed) Initializing
2026-08-18 05:30:11.6510  INFO 66 HighlightingSelectionMenuSectionViewModel | (Timed) Initializing
2026-08-18 05:30:11.6521  INFO 66 CopyVerseSectionViewModel | (Timed) Initializing
2026-08-18 05:30:11.6550  INFO 1 DigitalLibraryServices | (Timed) Creating copy Bible verses manager.
2026-08-18 05:30:11.6550  INFO 1 DigitalLibraryServices | (0ms) Creating copy Bible verses manager.
2026-08-18 05:30:11.6605  INFO 1 HighlightingSelectionMenuSectionViewModel | (10ms) Initializing
2026-08-18 05:30:11.6606  INFO 1 CommonFeaturesSelectionMenuSectionViewModel | (12ms) Initializing
2026-08-18 05:30:11.6609  INFO 1 CopyVerseSectionViewModel | (9ms) Initializing
2026-08-18 05:30:17.6544  INFO 17 ClientNotesApi | Got 1 notebooks, e.g. 3b3966aeb7bc46e7b3324523911bd52c. (0ms)
2026-08-18 05:30:18.4164  INFO 17 ClientNotesApi | Edited 1 notes. (9ms)
2026-08-18 05:30:18.4205  INFO 66 ClientNotesApi | Found 44 notebooks. (2ms) {"sort":"title","notebookFields":["id","title","revision","created","modified","isTrashed","isDeleted","importId","noteCount","role"],"limit":10000,"userLanguage":"en-CA"}
2026-08-18 05:30:18.4705  INFO 17 ClientNotesApi | Found 99 notes and 12 facets. (52ms) {"sort":"placement","filters":[{"field":"notebook","value":"3b3966aeb7bc46e7b3324523911bd52c"}],"query":"","noteFields":["id","revision","created","createdBy","modified","modifiedBy","isTrashed","isDeleted","noteKind","content","style","anchors","tags","placement","role","labels","clipping","anchorIndex"],"noteLimit":100,"previousNoteLimit":100,"start":{"noteId":"660adcfb64aa4b8eabd8d56162deef91"},"noteTotalField":true,"facets":[{"field":"noteKind"},{"field":"anchorResource","termLimit":30},{"field":"anchorBibleBook","termLimit":120},{"field":"anchorDataType","termLimit":30},{"field":"tag","termLimit":120},{"field":"notebook","termLimit":30},{"field":"author"},{"field":"anchorKind"},{"field":"anchorLanguage","termLimit":30},{"field":"anchorGuideSection","termLimit":30},{"field":"modified"},{"field":"created"}],"userLanguage":"en-CA","tzoMinutes":-240,"anchorSettings":{"textRange":{"targetFields":true,"referenceField":true}}}
2026-08-18 05:30:18.4706  INFO 17 NotesToolViewModel | Found notes in 52ms: {"sort":"placement","filters":[{"field":"notebook","value":"3b3966aeb7bc46e7b3324523911bd52c"}],"query":"","noteFields":["id","revision","created","createdBy","modified","modifiedBy","isTrashed","isDeleted","noteKind","content","style","anchors","tags","placement","role","labels","clipping","anchorIndex"],"noteLimit":100,"previousNoteLimit":100,"start":{"noteId":"660adcfb64aa4b8eabd8d56162deef91"},"noteTotalField":true,"facets":[{"field":"noteKind"},{"field":"anchorResource","termLimit":30},{"field":"anchorBibleBook","termLimit":120},{"field":"anchorDataType","termLimit":30},{"field":"tag","termLimit":120},{"field":"notebook","termLimit":30},{"field":"author"},{"field":"anchorKind"},{"field":"anchorLanguage","termLimit":30},{"field":"anchorGuideSection","termLimit":30},{"field":"modified"},{"field":"created"}],"userLanguage":"en-CA","tzoMinutes":-240,"anchorSettings":{"textRange":{"targetFields":true,"referenceField":true}}}
2026-08-18 05:30:18.7745  INFO 17 ClientNotesApi | Got 1 notebooks, e.g. 3b3966aeb7bc46e7b3324523911bd52c. (0ms)
2026-08-18 05:30:18.9222  INFO 17 ClientNotesApi | Found 44 notebooks. (1ms) {"sort":"title","notebookFields":["id","title","revision","created","modified","isTrashed","isDeleted","importId","noteCount","role"],"limit":10000,"userLanguage":"en-CA"}
2026-08-18 05:30:18.9441  INFO 17 ClientNotesApi | Got 1 notes, e.g. 55fab38b12794a8282828bae5dc01709. (0ms)
2026-08-18 05:30:18.9472  INFO 66 ClientNotesApi | Found 99 notes and 12 facets. (26ms) {"sort":"placement","filters":[{"field":"notebook","value":"3b3966aeb7bc46e7b3324523911bd52c"}],"query":"","noteFields":["id","revision","created","createdBy","modified","modifiedBy","isTrashed","isDeleted","noteKind","content","style","anchors","tags","placement","role","labels","clipping","anchorIndex"],"noteLimit":100,"previousNoteLimit":100,"start":{"noteId":"660adcfb64aa4b8eabd8d56162deef91"},"noteTotalField":true,"facets":[{"field":"noteKind"},{"field":"anchorResource","termLimit":30},{"field":"anchorBibleBook","termLimit":120},{"field":"anchorDataType","termLimit":30},{"field":"tag","termLimit":120},{"field":"notebook","termLimit":30},{"field":"author"},{"field":"anchorKind"},{"field":"anchorLanguage","termLimit":30},{"field":"anchorGuideSection","termLimit":30},{"field":"modified"},{"field":"created"}],"userLanguage":"en-CA","tzoMinutes":-240,"anchorSettings":{"textRange":{"targetFields":true,"referenceField":true}}}
2026-08-18 05:30:18.9473  INFO 66 NotesToolViewModel | Found notes in 26ms: {"sort":"placement","filters":[{"field":"notebook","value":"3b3966aeb7bc46e7b3324523911bd52c"}],"query":"","noteFields":["id","revision","created","createdBy","modified","modifiedBy","isTrashed","isDeleted","noteKind","content","style","anchors","tags","placement","role","labels","clipping","anchorIndex"],"noteLimit":100,"previousNoteLimit":100,"start":{"noteId":"660adcfb64aa4b8eabd8d56162deef91"},"noteTotalField":true,"facets":[{"field":"noteKind"},{"field":"anchorResource","termLimit":30},{"field":"anchorBibleBook","termLimit":120},{"field":"anchorDataType","termLimit":30},{"field":"tag","termLimit":120},{"field":"notebook","termLimit":30},{"field":"author"},{"field":"anchorKind"},{"field":"anchorLanguage","termLimit":30},{"field":"anchorGuideSection","termLimit":30},{"field":"modified"},{"field":"created"}],"userLanguage":"en-CA","tzoMinutes":-240,"anchorSettings":{"textRange":{"targetFields":true,"referenceField":true}}}
2026-08-18 05:30:20.5248  INFO 1 PanelViewModel | Got NotesTool panel settings for Preferences: IsSidebarExpanded=false|ShowFullAnchorText=true|TextSize=18.666666666666668|ViewMode=full
2026-08-18 05:30:22.9676  INFO 17 ClientNotesApi | Got 1 notebooks, e.g. 3b3966aeb7bc46e7b3324523911bd52c. (0ms)
2026-08-18 05:30:23.9246  INFO 17 ClientNotesApi | Edited 1 notes. (1ms)
2026-08-18 05:30:23.9466  INFO 17 ClientNotesApi | Found 44 notebooks. (0ms) {"sort":"title","notebookFields":["id","title","revision","created","modified","isTrashed","isDeleted","importId","noteCount","role"],"limit":10000,"userLanguage":"en-CA"}
2026-08-18 05:30:23.9698  INFO 49 ClientNotesApi | Found 99 notes and 12 facets. (24ms) {"sort":"placement","filters":[{"field":"notebook","value":"3b3966aeb7bc46e7b3324523911bd52c"}],"query":"","noteFields":["id","revision","created","createdBy","modified","modifiedBy","isTrashed","isDeleted","noteKind","content","style","anchors","tags","placement","role","labels","clipping","anchorIndex"],"noteLimit":100,"previousNoteLimit":100,"start":{"noteId":"660adcfb64aa4b8eabd8d56162deef91"},"noteTotalField":true,"facets":[{"field":"noteKind"},{"field":"anchorResource","termLimit":30},{"field":"anchorBibleBook","termLimit":120},{"field":"anchorDataType","termLimit":30},{"field":"tag","termLimit":120},{"field":"notebook","termLimit":30},{"field":"author"},{"field":"anchorKind"},{"field":"anchorLanguage","termLimit":30},{"field":"anchorGuideSection","termLimit":30},{"field":"modified"},{"field":"created"}],"userLanguage":"en-CA","tzoMinutes":-240,"anchorSettings":{"textRange":{"targetFields":true,"referenceField":true}}}
2026-08-18 05:30:23.9699  INFO 49 NotesToolViewModel | Found notes in 24ms: {"sort":"placement","filters":[{"field":"notebook","value":"3b3966aeb7bc46e7b3324523911bd52c"}],"query":"","noteFields":["id","revision","created","createdBy","modified","modifiedBy","isTrashed","isDeleted","noteKind","content","style","anchors","tags","placement","role","labels","clipping","anchorIndex"],"noteLimit":100,"previousNoteLimit":100,"start":{"noteId":"660adcfb64aa4b8eabd8d56162deef91"},"noteTotalField":true,"facets":[{"field":"noteKind"},{"field":"anchorResource","termLimit":30},{"field":"anchorBibleBook","termLimit":120},{"field":"anchorDataType","termLimit":30},{"field":"tag","termLimit":120},{"field":"notebook","termLimit":30},{"field":"author"},{"field":"anchorKind"},{"field":"anchorLanguage","termLimit":30},{"field":"anchorGuideSection","termLimit":30},{"field":"modified"},{"field":"created"}],"userLanguage":"en-CA","tzoMinutes":-240,"anchorSettings":{"textRange":{"targetFields":true,"referenceField":true}}}
2026-08-18 05:30:24.3959  INFO 17 ClientNotesApi | Got 1 notebooks, e.g. 3b3966aeb7bc46e7b3324523911bd52c. (0ms)
2026-08-18 05:30:24.4151  INFO 17 ResourceCollectionManager | (Timed) Updating collection cache.
2026-08-18 05:30:24.4286  INFO 66 ClientNotesApi | Found 44 notebooks. (1ms) {"sort":"title","notebookFields":["id","title","revision","created","modified","isTrashed","isDeleted","importId","noteCount","role"],"limit":10000,"userLanguage":"en-CA"}
2026-08-18 05:30:24.4316  INFO 17 ResourceCollectionManager | Updating collection cache for 784 collections.
2026-08-18 05:30:24.4486  INFO 17 ClientNotesApi | Got 1 notes, e.g. 55fab38b12794a8282828bae5dc01709. (0ms)
2026-08-18 05:30:24.4537  INFO 49 ClientNotesApi | Found 99 notes and 12 facets. (26ms) {"sort":"placement","filters":[{"field":"notebook","value":"3b3966aeb7bc46e7b3324523911bd52c"}],"query":"","noteFields":["id","revision","created","createdBy","modified","modifiedBy","isTrashed","isDeleted","noteKind","content","style","anchors","tags","placement","role","labels","clipping","anchorIndex"],"noteLimit":100,"previousNoteLimit":100,"start":{"noteId":"660adcfb64aa4b8eabd8d56162deef91"},"noteTotalField":true,"facets":[{"field":"noteKind"},{"field":"anchorResource","termLimit":30},{"field":"anchorBibleBook","termLimit":120},{"field":"anchorDataType","termLimit":30},{"field":"tag","termLimit":120},{"field":"notebook","termLimit":30},{"field":"author"},{"field":"anchorKind"},{"field":"anchorLanguage","termLimit":30},{"field":"anchorGuideSection","termLimit":30},{"field":"modified"},{"field":"created"}],"userLanguage":"en-CA","tzoMinutes":-240,"anchorSettings":{"textRange":{"targetFields":true,"referenceField":true}}}
2026-08-18 05:30:24.4538  INFO 49 NotesToolViewModel | Found notes in 26ms: {"sort":"placement","filters":[{"field":"notebook","value":"3b3966aeb7bc46e7b3324523911bd52c"}],"query":"","noteFields":["id","revision","created","createdBy","modified","modifiedBy","isTrashed","isDeleted","noteKind","content","style","anchors","tags","placement","role","labels","clipping","anchorIndex"],"noteLimit":100,"previousNoteLimit":100,"start":{"noteId":"660adcfb64aa4b8eabd8d56162deef91"},"noteTotalField":true,"facets":[{"field":"noteKind"},{"field":"anchorResource","termLimit":30},{"field":"anchorBibleBook","termLimit":120},{"field":"anchorDataType","termLimit":30},{"field":"tag","termLimit":120},{"field":"notebook","termLimit":30},{"field":"author"},{"field":"anchorKind"},{"field":"anchorLanguage","termLimit":30},{"field":"anchorGuideSection","termLimit":30},{"field":"modified"},{"field":"created"}],"userLanguage":"en-CA","tzoMinutes":-240,"anchorSettings":{"textRange":{"targetFields":true,"referenceField":true}}}
2026-08-18 05:30:24.4570  INFO 17 LibraryCatalog | Got all 9014 record IDs. (1ms)
2026-08-18 05:30:25.1000 ERROR 17 ApplicationUtility | SQLite Error 284: automatic index on Records(IsDataset)
2026-08-18 05:30:25.4245  INFO 49 ClientNotesApi | Edited 1 notes. (0ms)
2026-08-18 05:30:25.4455  INFO 17 ClientNotesApi | Found 44 notebooks. (0ms) {"sort":"title","notebookFields":["id","title","revision","created","modified","isTrashed","isDeleted","importId","noteCount","role"],"limit":10000,"userLanguage":"en-CA"}
2026-08-18 05:30:25.4700  INFO 66 ClientNotesApi | Found 99 notes and 12 facets. (25ms) {"sort":"placement","filters":[{"field":"notebook","value":"3b3966aeb7bc46e7b3324523911bd52c"}],"query":"","noteFields":["id","revision","created","createdBy","modified","modifiedBy","isTrashed","isDeleted","noteKind","content","style","anchors","tags","placement","role","labels","clipping","anchorIndex"],"noteLimit":100,"previousNoteLimit":100,"start":{"noteId":"660adcfb64aa4b8eabd8d56162deef91"},"noteTotalField":true,"facets":[{"field":"noteKind"},{"field":"anchorResource","termLimit":30},{"field":"anchorBibleBook","termLimit":120},{"field":"anchorDataType","termLimit":30},{"field":"tag","termLimit":120},{"field":"notebook","termLimit":30},{"field":"author"},{"field":"anchorKind"},{"field":"anchorLanguage","termLimit":30},{"field":"anchorGuideSection","termLimit":30},{"field":"modified"},{"field":"created"}],"userLanguage":"en-CA","tzoMinutes":-240,"anchorSettings":{"textRange":{"targetFields":true,"referenceField":true}}}
2026-08-18 05:30:25.4701  INFO 66 NotesToolViewModel | Found notes in 25ms: {"sort":"placement","filters":[{"field":"notebook","value":"3b3966aeb7bc46e7b3324523911bd52c"}],"query":"","noteFields":["id","revision","created","createdBy","modified","modifiedBy","isTrashed","isDeleted","noteKind","content","style","anchors","tags","placement","role","labels","clipping","anchorIndex"],"noteLimit":100,"previousNoteLimit":100,"start":{"noteId":"660adcfb64aa4b8eabd8d56162deef91"},"noteTotalField":true,"facets":[{"field":"noteKind"},{"field":"anchorResource","termLimit":30},{"field":"anchorBibleBook","termLimit":120},{"field":"anchorDataType","termLimit":30},{"field":"tag","termLimit":120},{"field":"notebook","termLimit":30},{"field":"author"},{"field":"anchorKind"},{"field":"anchorLanguage","termLimit":30},{"field":"anchorGuideSection","termLimit":30},{"field":"modified"},{"field":"created"}],"userLanguage":"en-CA","tzoMinutes":-240,"anchorSettings":{"textRange":{"targetFields":true,"referenceField":true}}}
2026-08-18 05:30:25.7671  INFO 49 ClientNotesApi | Got 1 notebooks, e.g. 3b3966aeb7bc46e7b3324523911bd52c. (0ms)
2026-08-18 05:30:25.9276  INFO 66 ClientNotesApi | Found 44 notebooks. (0ms) {"sort":"title","notebookFields":["id","title","revision","created","modified","isTrashed","isDeleted","importId","noteCount","role"],"limit":10000,"userLanguage":"en-CA"}
2026-08-18 05:30:25.9467  INFO 66 ClientNotesApi | Got 1 notes, e.g. 55fab38b12794a8282828bae5dc01709. (0ms)
2026-08-18 05:30:25.9508  INFO 49 ClientNotesApi | Found 99 notes and 12 facets. (24ms) {"sort":"placement","filters":[{"field":"notebook","value":"3b3966aeb7bc46e7b3324523911bd52c"}],"query":"","noteFields":["id","revision","created","createdBy","modified","modifiedBy","isTrashed","isDeleted","noteKind","content","style","anchors","tags","placement","role","labels","clipping","anchorIndex"],"noteLimit":100,"previousNoteLimit":100,"start":{"noteId":"660adcfb64aa4b8eabd8d56162deef91"},"noteTotalField":true,"facets":[{"field":"noteKind"},{"field":"anchorResource","termLimit":30},{"field":"anchorBibleBook","termLimit":120},{"field":"anchorDataType","termLimit":30},{"field":"tag","termLimit":120},{"field":"notebook","termLimit":30},{"field":"author"},{"field":"anchorKind"},{"field":"anchorLanguage","termLimit":30},{"field":"anchorGuideSection","termLimit":30},{"field":"modified"},{"field":"created"}],"userLanguage":"en-CA","tzoMinutes":-240,"anchorSettings":{"textRange":{"targetFields":true,"referenceField":true}}}
2026-08-18 05:30:25.9509  INFO 49 NotesToolViewModel | Found notes in 24ms: {"sort":"placement","filters":[{"field":"notebook","value":"3b3966aeb7bc46e7b3324523911bd52c"}],"query":"","noteFields":["id","revision","created","createdBy","modified","modifiedBy","isTrashed","isDeleted","noteKind","content","style","anchors","tags","placement","role","labels","clipping","anchorIndex"],"noteLimit":100,"previousNoteLimit":100,"start":{"noteId":"660adcfb64aa4b8eabd8d56162deef91"},"noteTotalField":true,"facets":[{"field":"noteKind"},{"field":"anchorResource","termLimit":30},{"field":"anchorBibleBook","termLimit":120},{"field":"anchorDataType","termLimit":30},{"field":"tag","termLimit":120},{"field":"notebook","termLimit":30},{"field":"author"},{"field":"anchorKind"},{"field":"anchorLanguage","termLimit":30},{"field":"anchorGuideSection","termLimit":30},{"field":"modified"},{"field":"created"}],"userLanguage":"en-CA","tzoMinutes":-240,"anchorSettings":{"textRange":{"targetFields":true,"referenceField":true}}}
2026-08-18 05:30:26.2340  INFO 49 ClientNotesApi | Got 1 notebooks, e.g. 3b3966aeb7bc46e7b3324523911bd52c. (0ms)
2026-08-18 05:30:27.1572  INFO 49 ClientNotesApi | Edited 1 notes. (1ms)
2026-08-18 05:30:27.1814  INFO 66 ClientNotesApi | Found 44 notebooks. (4ms) {"sort":"title","notebookFields":["id","title","revision","created","modified","isTrashed","isDeleted","importId","noteCount","role"],"limit":10000,"userLanguage":"en-CA"}
2026-08-18 05:30:27.2346  INFO 49 ClientNotesApi | Found 99 notes and 12 facets. (57ms) {"sort":"placement","filters":[{"field":"notebook","value":"3b3966aeb7bc46e7b3324523911bd52c"}],"query":"","noteFields":["id","revision","created","createdBy","modified","modifiedBy","isTrashed","isDeleted","noteKind","content","style","anchors","tags","placement","role","labels","clipping","anchorIndex"],"noteLimit":100,"previousNoteLimit":100,"start":{"noteId":"660adcfb64aa4b8eabd8d56162deef91"},"noteTotalField":true,"facets":[{"field":"noteKind"},{"field":"anchorResource","termLimit":30},{"field":"anchorBibleBook","termLimit":120},{"field":"anchorDataType","termLimit":30},{"field":"tag","termLimit":120},{"field":"notebook","termLimit":30},{"field":"author"},{"field":"anchorKind"},{"field":"anchorLanguage","termLimit":30},{"field":"anchorGuideSection","termLimit":30},{"field":"modified"},{"field":"created"}],"userLanguage":"en-CA","tzoMinutes":-240,"anchorSettings":{"textRange":{"targetFields":true,"referenceField":true}}}
2026-08-18 05:30:27.2346  INFO 49 NotesToolViewModel | Found notes in 57ms: {"sort":"placement","filters":[{"field":"notebook","value":"3b3966aeb7bc46e7b3324523911bd52c"}],"query":"","noteFields":["id","revision","created","createdBy","modified","modifiedBy","isTrashed","isDeleted","noteKind","content","style","anchors","tags","placement","role","labels","clipping","anchorIndex"],"noteLimit":100,"previousNoteLimit":100,"start":{"noteId":"660adcfb64aa4b8eabd8d56162deef91"},"noteTotalField":true,"facets":[{"field":"noteKind"},{"field":"anchorResource","termLimit":30},{"field":"anchorBibleBook","termLimit":120},{"field":"anchorDataType","termLimit":30},{"field":"tag","termLimit":120},{"field":"notebook","termLimit":30},{"field":"author"},{"field":"anchorKind"},{"field":"anchorLanguage","termLimit":30},{"field":"anchorGuideSection","termLimit":30},{"field":"modified"},{"field":"created"}],"userLanguage":"en-CA","tzoMinutes":-240,"anchorSettings":{"textRange":{"targetFields":true,"referenceField":true}}}
2026-08-18 05:30:27.5306  INFO 49 ClientNotesApi | Got 1 notebooks, e.g. 3b3966aeb7bc46e7b3324523911bd52c. (0ms)
2026-08-18 05:30:27.6602  INFO 66 ClientNotesApi | Found 44 notebooks. (0ms) {"sort":"title","notebookFields":["id","title","revision","created","modified","isTrashed","isDeleted","importId","noteCount","role"],"limit":10000,"userLanguage":"en-CA"}
2026-08-18 05:30:27.6795  INFO 66 ClientNotesApi | Got 1 notes, e.g. 55fab38b12794a8282828bae5dc01709. (0ms)
2026-08-18 05:30:27.6816  INFO 49 ClientNotesApi | Found 99 notes and 12 facets. (22ms) {"sort":"placement","filters":[{"field":"notebook","value":"3b3966aeb7bc46e7b3324523911bd52c"}],"query":"","noteFields":["id","revision","created","createdBy","modified","modifiedBy","isTrashed","isDeleted","noteKind","content","style","anchors","tags","placement","role","labels","clipping","anchorIndex"],"noteLimit":100,"previousNoteLimit":100,"start":{"noteId":"660adcfb64aa4b8eabd8d56162deef91"},"noteTotalField":true,"facets":[{"field":"noteKind"},{"field":"anchorResource","termLimit":30},{"field":"anchorBibleBook","termLimit":120},{"field":"anchorDataType","termLimit":30},{"field":"tag","termLimit":120},{"field":"notebook","termLimit":30},{"field":"author"},{"field":"anchorKind"},{"field":"anchorLanguage","termLimit":30},{"field":"anchorGuideSection","termLimit":30},{"field":"modified"},{"field":"created"}],"userLanguage":"en-CA","tzoMinutes":-240,"anchorSettings":{"textRange":{"targetFields":true,"referenceField":true}}}
2026-08-18 05:30:27.6816  INFO 49 NotesToolViewModel | Found notes in 22ms: {"sort":"placement","filters":[{"field":"notebook","value":"3b3966aeb7bc46e7b3324523911bd52c"}],"query":"","noteFields":["id","revision","created","createdBy","modified","modifiedBy","isTrashed","isDeleted","noteKind","content","style","anchors","tags","placement","role","labels","clipping","anchorIndex"],"noteLimit":100,"previousNoteLimit":100,"start":{"noteId":"660adcfb64aa4b8eabd8d56162deef91"},"noteTotalField":true,"facets":[{"field":"noteKind"},{"field":"anchorResource","termLimit":30},{"field":"anchorBibleBook","termLimit":120},{"field":"anchorDataType","termLimit":30},{"field":"tag","termLimit":120},{"field":"notebook","termLimit":30},{"field":"author"},{"field":"anchorKind"},{"field":"anchorLanguage","termLimit":30},{"field":"anchorGuideSection","termLimit":30},{"field":"modified"},{"field":"created"}],"userLanguage":"en-CA","tzoMinutes":-240,"anchorSettings":{"textRange":{"targetFields":true,"referenceField":true}}}
2026-08-18 05:30:29.2809  INFO 1 PanelViewModel | Got NotesTool panel settings for Preferences: IsSidebarExpanded=false|ShowFullAnchorText=true|TextSize=18.666666666666668|ViewMode=full
2026-08-18 05:30:29.4299  INFO 49 ResourceCollectionManager | (5015ms) Updating collection cache.
2026-08-18 05:30:32.9256  INFO 66 ClientNotesApi | Got 1 notebooks, e.g. 3b3966aeb7bc46e7b3324523911bd52c. (0ms)
2026-08-18 05:30:33.6422  INFO 17 ClientNotesApi | Edited 1 notes. (1ms)
2026-08-18 05:30:33.6666  INFO 17 ClientNotesApi | Found 44 notebooks. (2ms) {"sort":"title","notebookFields":["id","title","revision","created","modified","isTrashed","isDeleted","importId","noteCount","role"],"limit":10000,"userLanguage":"en-CA"}
2026-08-18 05:30:33.7197  INFO 66 ClientNotesApi | Found 99 notes and 12 facets. (55ms) {"sort":"placement","filters":[{"field":"notebook","value":"3b3966aeb7bc46e7b3324523911bd52c"}],"query":"","noteFields":["id","revision","created","createdBy","modified","modifiedBy","isTrashed","isDeleted","noteKind","content","style","anchors","tags","placement","role","labels","clipping","anchorIndex"],"noteLimit":100,"previousNoteLimit":100,"start":{"noteId":"660adcfb64aa4b8eabd8d56162deef91"},"noteTotalField":true,"facets":[{"field":"noteKind"},{"field":"anchorResource","termLimit":30},{"field":"anchorBibleBook","termLimit":120},{"field":"anchorDataType","termLimit":30},{"field":"tag","termLimit":120},{"field":"notebook","termLimit":30},{"field":"author"},{"field":"anchorKind"},{"field":"anchorLanguage","termLimit":30},{"field":"anchorGuideSection","termLimit":30},{"field":"modified"},{"field":"created"}],"userLanguage":"en-CA","tzoMinutes":-240,"anchorSettings":{"textRange":{"targetFields":true,"referenceField":true}}}
2026-08-18 05:30:33.7197  INFO 66 NotesToolViewModel | Found notes in 55ms: {"sort":"placement","filters":[{"field":"notebook","value":"3b3966aeb7bc46e7b3324523911bd52c"}],"query":"","noteFields":["id","revision","created","createdBy","modified","modifiedBy","isTrashed","isDeleted","noteKind","content","style","anchors","tags","placement","role","labels","clipping","anchorIndex"],"noteLimit":100,"previousNoteLimit":100,"start":{"noteId":"660adcfb64aa4b8eabd8d56162deef91"},"noteTotalField":true,"facets":[{"field":"noteKind"},{"field":"anchorResource","termLimit":30},{"field":"anchorBibleBook","termLimit":120},{"field":"anchorDataType","termLimit":30},{"field":"tag","termLimit":120},{"field":"notebook","termLimit":30},{"field":"author"},{"field":"anchorKind"},{"field":"anchorLanguage","termLimit":30},{"field":"anchorGuideSection","termLimit":30},{"field":"modified"},{"field":"created"}],"userLanguage":"en-CA","tzoMinutes":-240,"anchorSettings":{"textRange":{"targetFields":true,"referenceField":true}}}
2026-08-18 05:30:34.0135  INFO 17 ClientNotesApi | Got 1 notebooks, e.g. 3b3966aeb7bc46e7b3324523911bd52c. (0ms)
2026-08-18 05:30:35.7640  INFO 1 PanelViewModel | Got NotesTool panel settings for Preferences: IsSidebarExpanded=false|ShowFullAnchorText=true|TextSize=18.666666666666668|ViewMode=full
2026-08-18 05:30:41.8312  INFO 70 ClientNotesApi | Got 1 notebooks, e.g. 3b3966aeb7bc46e7b3324523911bd52c. (0ms)
2026-08-18 05:30:42.5687  INFO 17 ClientNotesApi | Edited 1 notes. (1ms)
2026-08-18 05:30:42.5916  INFO 17 ClientNotesApi | Found 44 notebooks. (2ms) {"sort":"title","notebookFields":["id","title","revision","created","modified","isTrashed","isDeleted","importId","noteCount","role"],"limit":10000,"userLanguage":"en-CA"}
2026-08-18 05:30:42.6625  INFO 49 ClientNotesApi | Found 99 notes and 12 facets. (73ms) {"sort":"placement","filters":[{"field":"notebook","value":"3b3966aeb7bc46e7b3324523911bd52c"}],"query":"","noteFields":["id","revision","created","createdBy","modified","modifiedBy","isTrashed","isDeleted","noteKind","content","style","anchors","tags","placement","role","labels","clipping","anchorIndex"],"noteLimit":100,"previousNoteLimit":100,"start":{"noteId":"660adcfb64aa4b8eabd8d56162deef91"},"noteTotalField":true,"facets":[{"field":"noteKind"},{"field":"anchorResource","termLimit":30},{"field":"anchorBibleBook","termLimit":120},{"field":"anchorDataType","termLimit":30},{"field":"tag","termLimit":120},{"field":"notebook","termLimit":30},{"field":"author"},{"field":"anchorKind"},{"field":"anchorLanguage","termLimit":30},{"field":"anchorGuideSection","termLimit":30},{"field":"modified"},{"field":"created"}],"userLanguage":"en-CA","tzoMinutes":-240,"anchorSettings":{"textRange":{"targetFields":true,"referenceField":true}}}
2026-08-18 05:30:42.6626  INFO 49 NotesToolViewModel | Found notes in 73ms: {"sort":"placement","filters":[{"field":"notebook","value":"3b3966aeb7bc46e7b3324523911bd52c"}],"query":"","noteFields":["id","revision","created","createdBy","modified","modifiedBy","isTrashed","isDeleted","noteKind","content","style","anchors","tags","placement","role","labels","clipping","anchorIndex"],"noteLimit":100,"previousNoteLimit":100,"start":{"noteId":"660adcfb64aa4b8eabd8d56162deef91"},"noteTotalField":true,"facets":[{"field":"noteKind"},{"field":"anchorResource","termLimit":30},{"field":"anchorBibleBook","termLimit":120},{"field":"anchorDataType","termLimit":30},{"field":"tag","termLimit":120},{"field":"notebook","termLimit":30},{"field":"author"},{"field":"anchorKind"},{"field":"anchorLanguage","termLimit":30},{"field":"anchorGuideSection","termLimit":30},{"field":"modified"},{"field":"created"}],"userLanguage":"en-CA","tzoMinutes":-240,"anchorSettings":{"textRange":{"targetFields":true,"referenceField":true}}}
2026-08-18 05:30:42.9555  INFO 49 ClientNotesApi | Got 1 notebooks, e.g. 3b3966aeb7bc46e7b3324523911bd52c. (0ms)
2026-08-18 05:30:43.0778  INFO 17 ClientNotesApi | Found 44 notebooks. (1ms) {"sort":"title","notebookFields":["id","title","revision","created","modified","isTrashed","isDeleted","importId","noteCount","role"],"limit":10000,"userLanguage":"en-CA"}
2026-08-18 05:30:43.0962  INFO 17 ClientNotesApi | Got 1 notes, e.g. 55fab38b12794a8282828bae5dc01709. (0ms)
2026-08-18 05:30:43.1046  INFO 49 ClientNotesApi | Found 99 notes and 12 facets. (27ms) {"sort":"placement","filters":[{"field":"notebook","value":"3b3966aeb7bc46e7b3324523911bd52c"}],"query":"","noteFields":["id","revision","created","createdBy","modified","modifiedBy","isTrashed","isDeleted","noteKind","content","style","anchors","tags","placement","role","labels","clipping","anchorIndex"],"noteLimit":100,"previousNoteLimit":100,"start":{"noteId":"660adcfb64aa4b8eabd8d56162deef91"},"noteTotalField":true,"facets":[{"field":"noteKind"},{"field":"anchorResource","termLimit":30},{"field":"anchorBibleBook","termLimit":120},{"field":"anchorDataType","termLimit":30},{"field":"tag","termLimit":120},{"field":"notebook","termLimit":30},{"field":"author"},{"field":"anchorKind"},{"field":"anchorLanguage","termLimit":30},{"field":"anchorGuideSection","termLimit":30},{"field":"modified"},{"field":"created"}],"userLanguage":"en-CA","tzoMinutes":-240,"anchorSettings":{"textRange":{"targetFields":true,"referenceField":true}}}
2026-08-18 05:30:43.1047  INFO 49 NotesToolViewModel | Found notes in 27ms: {"sort":"placement","filters":[{"field":"notebook","value":"3b3966aeb7bc46e7b3324523911bd52c"}],"query":"","noteFields":["id","revision","created","createdBy","modified","modifiedBy","isTrashed","isDeleted","noteKind","content","style","anchors","tags","placement","role","labels","clipping","anchorIndex"],"noteLimit":100,"previousNoteLimit":100,"start":{"noteId":"660adcfb64aa4b8eabd8d56162deef91"},"noteTotalField":true,"facets":[{"field":"noteKind"},{"field":"anchorResource","termLimit":30},{"field":"anchorBibleBook","termLimit":120},{"field":"anchorDataType","termLimit":30},{"field":"tag","termLimit":120},{"field":"notebook","termLimit":30},{"field":"author"},{"field":"anchorKind"},{"field":"anchorLanguage","termLimit":30},{"field":"anchorGuideSection","termLimit":30},{"field":"modified"},{"field":"created"}],"userLanguage":"en-CA","tzoMinutes":-240,"anchorSettings":{"textRange":{"targetFields":true,"referenceField":true}}}
2026-08-18 05:30:44.5449  INFO 33 SyncManager | Requesting sync on all sync clients
2026-08-18 05:30:44.6165  INFO 33 SyncClient | Found 1 items to submit for PreferencesSyncItem
2026-08-18 05:30:44.6167  INFO 33 SyncClient | (Timed) Submitting 1 of 1 items.
2026-08-18 05:30:44.7053  INFO 1 PanelViewModel | Got NotesTool panel settings for Preferences: IsSidebarExpanded=false|ShowFullAnchorText=true|TextSize=18.666666666666668|ViewMode=full
2026-08-18 05:30:45.1711  INFO 33 SyncClient | (554ms) Submitting 1 of 1 items.
2026-08-18 05:30:45.1712  INFO 33 SyncClient | Integrated 1 successes, 0 conflicts, and 0 errors.
2026-08-18 05:30:45.1713  INFO 33 SyncClient | Downloading items for PreferencesSyncItem
2026-08-18 05:30:45.2717  INFO 33 SyncClient | New last known milestones: {"itemMilestone":"422699"}
2026-08-18 05:30:45.3874  INFO 33 SyncClient | Found 1 items to submit for ReadingProgressSyncItem
2026-08-18 05:30:45.9694  INFO 33 SyncClient | (Timed) Submitting 1 of 1 items.
2026-08-18 05:30:46.1157  INFO 33 SyncClient | (146ms) Submitting 1 of 1 items.
2026-08-18 05:30:46.1161  INFO 33 SyncClient | Integrated 1 successes, 0 conflicts, and 0 errors.
2026-08-18 05:30:46.1164  INFO 33 SyncClient | Downloading items for ReadingProgressSyncItem
2026-08-18 05:30:46.3766  INFO 17 ClientNotesApi | Got 1 notebooks, e.g. 3b3966aeb7bc46e7b3324523911bd52c. (0ms)
2026-08-18 05:30:46.3860  INFO 33 SyncClient | New last known milestones: {"itemMilestone":"44744813"}
2026-08-18 05:30:46.3997  INFO 33 SyncClient | Found 3 items to submit for HistorySyncItem
2026-08-18 05:30:46.3997  INFO 33 SyncClient | (Timed) Submitting 3 of 3 items.
2026-08-18 05:30:46.8485  INFO 33 SyncClient | (449ms) Submitting 3 of 3 items.
2026-08-18 05:30:46.8486  INFO 33 SyncClient | Integrated 3 successes, 0 conflicts, and 0 errors.
2026-08-18 05:30:46.8488  INFO 33 SyncClient | Downloading items for HistorySyncItem
2026-08-18 05:30:47.0189  INFO 33 SyncClient | New last known milestones: {"itemMilestone":"182213"}
2026-08-18 05:30:47.0226  INFO 33 SyncV3Client | Creating 1 sync items: note/9934
2026-08-18 05:30:47.1286  INFO 17 ClientNotesApi | Edited 1 notes. (1ms)
2026-08-18 05:30:47.1498  INFO 17 ClientNotesApi | Found 44 notebooks. (0ms) {"sort":"title","notebookFields":["id","title","revision","created","modified","isTrashed","isDeleted","importId","noteCount","role"],"limit":10000,"userLanguage":"en-CA"}
2026-08-18 05:30:47.1754  INFO 66 ClientNotesApi | Found 99 notes and 12 facets. (26ms) {"sort":"placement","filters":[{"field":"notebook","value":"3b3966aeb7bc46e7b3324523911bd52c"}],"query":"","noteFields":["id","revision","created","createdBy","modified","modifiedBy","isTrashed","isDeleted","noteKind","content","style","anchors","tags","placement","role","labels","clipping","anchorIndex"],"noteLimit":100,"previousNoteLimit":100,"start":{"noteId":"660adcfb64aa4b8eabd8d56162deef91"},"noteTotalField":true,"facets":[{"field":"noteKind"},{"field":"anchorResource","termLimit":30},{"field":"anchorBibleBook","termLimit":120},{"field":"anchorDataType","termLimit":30},{"field":"tag","termLimit":120},{"field":"notebook","termLimit":30},{"field":"author"},{"field":"anchorKind"},{"field":"anchorLanguage","termLimit":30},{"field":"anchorGuideSection","termLimit":30},{"field":"modified"},{"field":"created"}],"userLanguage":"en-CA","tzoMinutes":-240,"anchorSettings":{"textRange":{"targetFields":true,"referenceField":true}}}
2026-08-18 05:30:47.1755  INFO 66 NotesToolViewModel | Found notes in 26ms: {"sort":"placement","filters":[{"field":"notebook","value":"3b3966aeb7bc46e7b3324523911bd52c"}],"query":"","noteFields":["id","revision","created","createdBy","modified","modifiedBy","isTrashed","isDeleted","noteKind","content","style","anchors","tags","placement","role","labels","clipping","anchorIndex"],"noteLimit":100,"previousNoteLimit":100,"start":{"noteId":"660adcfb64aa4b8eabd8d56162deef91"},"noteTotalField":true,"facets":[{"field":"noteKind"},{"field":"anchorResource","termLimit":30},{"field":"anchorBibleBook","termLimit":120},{"field":"anchorDataType","termLimit":30},{"field":"tag","termLimit":120},{"field":"notebook","termLimit":30},{"field":"author"},{"field":"anchorKind"},{"field":"anchorLanguage","termLimit":30},{"field":"anchorGuideSection","termLimit":30},{"field":"modified"},{"field":"created"}],"userLanguage":"en-CA","tzoMinutes":-240,"anchorSettings":{"textRange":{"targetFields":true,"referenceField":true}}}
2026-08-18 05:30:47.2233  INFO 66 WebServiceClient | Checking for new license compared to W/"73bc33c9-7b92-45b2-82a1-a9fa0dc2eced"
2026-08-18 05:30:47.4762  INFO 49 ClientNotesApi | Got 1 notebooks, e.g. 3b3966aeb7bc46e7b3324523911bd52c. (0ms)
2026-08-18 05:30:47.4864  INFO 49 SyncV3Client | Updating 1 sync items: note/4861039793/heading
2026-08-18 05:30:47.4932  INFO 49 SyncV3Client | Gathered 5 sync items to submit (not incl. errors): note/4861039793/content, note/4861039793/placement, note/4861039793/anchors, note/4861039793/style, note/4861039793/heading
2026-08-18 05:30:47.6306  INFO 49 ClientNotesApi | Found 44 notebooks. (0ms) {"sort":"title","notebookFields":["id","title","revision","created","modified","isTrashed","isDeleted","importId","noteCount","role"],"limit":10000,"userLanguage":"en-CA"}
2026-08-18 05:30:47.6331  INFO 49 WebServiceClient | License check revealed no new license version.
2026-08-18 05:30:47.6507  INFO 49 ClientNotesApi | Got 1 notes, e.g. 55fab38b12794a8282828bae5dc01709. (0ms)
2026-08-18 05:30:47.6535  INFO 66 ClientNotesApi | Found 99 notes and 12 facets. (23ms) {"sort":"placement","filters":[{"field":"notebook","value":"3b3966aeb7bc46e7b3324523911bd52c"}],"query":"","noteFields":["id","revision","created","createdBy","modified","modifiedBy","isTrashed","isDeleted","noteKind","content","style","anchors","tags","placement","role","labels","clipping","anchorIndex"],"noteLimit":100,"previousNoteLimit":100,"start":{"noteId":"660adcfb64aa4b8eabd8d56162deef91"},"noteTotalField":true,"facets":[{"field":"noteKind"},{"field":"anchorResource","termLimit":30},{"field":"anchorBibleBook","termLimit":120},{"field":"anchorDataType","termLimit":30},{"field":"tag","termLimit":120},{"field":"notebook","termLimit":30},{"field":"author"},{"field":"anchorKind"},{"field":"anchorLanguage","termLimit":30},{"field":"anchorGuideSection","termLimit":30},{"field":"modified"},{"field":"created"}],"userLanguage":"en-CA","tzoMinutes":-240,"anchorSettings":{"textRange":{"targetFields":true,"referenceField":true}}}
2026-08-18 05:30:47.6536  INFO 66 NotesToolViewModel | Found notes in 23ms: {"sort":"placement","filters":[{"field":"notebook","value":"3b3966aeb7bc46e7b3324523911bd52c"}],"query":"","noteFields":["id","revision","created","createdBy","modified","modifiedBy","isTrashed","isDeleted","noteKind","content","style","anchors","tags","placement","role","labels","clipping","anchorIndex"],"noteLimit":100,"previousNoteLimit":100,"start":{"noteId":"660adcfb64aa4b8eabd8d56162deef91"},"noteTotalField":true,"facets":[{"field":"noteKind"},{"field":"anchorResource","termLimit":30},{"field":"anchorBibleBook","termLimit":120},{"field":"anchorDataType","termLimit":30},{"field":"tag","termLimit":120},{"field":"notebook","termLimit":30},{"field":"author"},{"field":"anchorKind"},{"field":"anchorLanguage","termLimit":30},{"field":"anchorGuideSection","termLimit":30},{"field":"modified"},{"field":"created"}],"userLanguage":"en-CA","tzoMinutes":-240,"anchorSettings":{"textRange":{"targetFields":true,"referenceField":true}}}
2026-08-18 05:30:47.7816  INFO 33 SyncManager | Finished requesting sync on all sync clients.
2026-08-18 05:30:49.2246  INFO 1 PanelViewModel | Got NotesTool panel settings for Preferences: IsSidebarExpanded=false|ShowFullAnchorText=true|TextSize=18.666666666666668|ViewMode=full
2026-08-18 05:30:52.3820  INFO 49 ClientNotesApi | Got 1 notebooks, e.g. 3b3966aeb7bc46e7b3324523911bd52c. (0ms)
2026-08-18 05:30:53.4851  INFO 66 ClientNotesApi | Edited 1 notes. (2ms)
2026-08-18 05:30:53.5028  INFO 66 ClientNotesApi | Found 44 notebooks. (0ms) {"sort":"title","notebookFields":["id","title","revision","created","modified","isTrashed","isDeleted","importId","noteCount","role"],"limit":10000,"userLanguage":"en-CA"}
2026-08-18 05:30:53.5254  INFO 17 ClientNotesApi | Found 99 notes and 12 facets. (23ms) {"sort":"placement","filters":[{"field":"notebook","value":"3b3966aeb7bc46e7b3324523911bd52c"}],"query":"","noteFields":["id","revision","created","createdBy","modified","modifiedBy","isTrashed","isDeleted","noteKind","content","style","anchors","tags","placement","role","labels","clipping","anchorIndex"],"noteLimit":100,"previousNoteLimit":100,"start":{"noteId":"660adcfb64aa4b8eabd8d56162deef91"},"noteTotalField":true,"facets":[{"field":"noteKind"},{"field":"anchorResource","termLimit":30},{"field":"anchorBibleBook","termLimit":120},{"field":"anchorDataType","termLimit":30},{"field":"tag","termLimit":120},{"field":"notebook","termLimit":30},{"field":"author"},{"field":"anchorKind"},{"field":"anchorLanguage","termLimit":30},{"field":"anchorGuideSection","termLimit":30},{"field":"modified"},{"field":"created"}],"userLanguage":"en-CA","tzoMinutes":-240,"anchorSettings":{"textRange":{"targetFields":true,"referenceField":true}}}
2026-08-18 05:30:53.5255  INFO 17 NotesToolViewModel | Found notes in 23ms: {"sort":"placement","filters":[{"field":"notebook","value":"3b3966aeb7bc46e7b3324523911bd52c"}],"query":"","noteFields":["id","revision","created","createdBy","modified","modifiedBy","isTrashed","isDeleted","noteKind","content","style","anchors","tags","placement","role","labels","clipping","anchorIndex"],"noteLimit":100,"previousNoteLimit":100,"start":{"noteId":"660adcfb64aa4b8eabd8d56162deef91"},"noteTotalField":true,"facets":[{"field":"noteKind"},{"field":"anchorResource","termLimit":30},{"field":"anchorBibleBook","termLimit":120},{"field":"anchorDataType","termLimit":30},{"field":"tag","termLimit":120},{"field":"notebook","termLimit":30},{"field":"author"},{"field":"anchorKind"},{"field":"anchorLanguage","termLimit":30},{"field":"anchorGuideSection","termLimit":30},{"field":"modified"},{"field":"created"}],"userLanguage":"en-CA","tzoMinutes":-240,"anchorSettings":{"textRange":{"targetFields":true,"referenceField":true}}}
2026-08-18 05:30:53.8221  INFO 17 ClientNotesApi | Got 1 notebooks, e.g. 3b3966aeb7bc46e7b3324523911bd52c. (0ms)
2026-08-18 05:30:53.9881  INFO 17 ClientNotesApi | Found 44 notebooks. (0ms) {"sort":"title","notebookFields":["id","title","revision","created","modified","isTrashed","isDeleted","importId","noteCount","role"],"limit":10000,"userLanguage":"en-CA"}
2026-08-18 05:30:54.0087  INFO 17 ClientNotesApi | Got 1 notes, e.g. 55fab38b12794a8282828bae5dc01709. (0ms)
2026-08-18 05:30:54.0099  INFO 49 ClientNotesApi | Found 99 notes and 12 facets. (22ms) {"sort":"placement","filters":[{"field":"notebook","value":"3b3966aeb7bc46e7b3324523911bd52c"}],"query":"","noteFields":["id","revision","created","createdBy","modified","modifiedBy","isTrashed","isDeleted","noteKind","content","style","anchors","tags","placement","role","labels","clipping","anchorIndex"],"noteLimit":100,"previousNoteLimit":100,"start":{"noteId":"660adcfb64aa4b8eabd8d56162deef91"},"noteTotalField":true,"facets":[{"field":"noteKind"},{"field":"anchorResource","termLimit":30},{"field":"anchorBibleBook","termLimit":120},{"field":"anchorDataType","termLimit":30},{"field":"tag","termLimit":120},{"field":"notebook","termLimit":30},{"field":"author"},{"field":"anchorKind"},{"field":"anchorLanguage","termLimit":30},{"field":"anchorGuideSection","termLimit":30},{"field":"modified"},{"field":"created"}],"userLanguage":"en-CA","tzoMinutes":-240,"anchorSettings":{"textRange":{"targetFields":true,"referenceField":true}}}
2026-08-18 05:30:54.0099  INFO 49 NotesToolViewModel | Found notes in 22ms: {"sort":"placement","filters":[{"field":"notebook","value":"3b3966aeb7bc46e7b3324523911bd52c"}],"query":"","noteFields":["id","revision","created","createdBy","modified","modifiedBy","isTrashed","isDeleted","noteKind","content","style","anchors","tags","placement","role","labels","clipping","anchorIndex"],"noteLimit":100,"previousNoteLimit":100,"start":{"noteId":"660adcfb64aa4b8eabd8d56162deef91"},"noteTotalField":true,"facets":[{"field":"noteKind"},{"field":"anchorResource","termLimit":30},{"field":"anchorBibleBook","termLimit":120},{"field":"anchorDataType","termLimit":30},{"field":"tag","termLimit":120},{"field":"notebook","termLimit":30},{"field":"author"},{"field":"anchorKind"},{"field":"anchorLanguage","termLimit":30},{"field":"anchorGuideSection","termLimit":30},{"field":"modified"},{"field":"created"}],"userLanguage":"en-CA","tzoMinutes":-240,"anchorSettings":{"textRange":{"targetFields":true,"referenceField":true}}}
2026-08-18 05:30:55.5925  INFO 70 ClientNotesApi | Got 1 notebooks, e.g. 3b3966aeb7bc46e7b3324523911bd52c. (0ms)
2026-08-18 05:30:56.3433  INFO 70 ClientNotesApi | Edited 1 notes. (0ms)
2026-08-18 05:30:56.3642  INFO 70 ClientNotesApi | Found 44 notebooks. (0ms) {"sort":"title","notebookFields":["id","title","revision","created","modified","isTrashed","isDeleted","importId","noteCount","role"],"limit":10000,"userLanguage":"en-CA"}
2026-08-18 05:30:56.3872  INFO 49 ClientNotesApi | Found 99 notes and 12 facets. (23ms) {"sort":"placement","filters":[{"field":"notebook","value":"3b3966aeb7bc46e7b3324523911bd52c"}],"query":"","noteFields":["id","revision","created","createdBy","modified","modifiedBy","isTrashed","isDeleted","noteKind","content","style","anchors","tags","placement","role","labels","clipping","anchorIndex"],"noteLimit":100,"previousNoteLimit":100,"start":{"noteId":"660adcfb64aa4b8eabd8d56162deef91"},"noteTotalField":true,"facets":[{"field":"noteKind"},{"field":"anchorResource","termLimit":30},{"field":"anchorBibleBook","termLimit":120},{"field":"anchorDataType","termLimit":30},{"field":"tag","termLimit":120},{"field":"notebook","termLimit":30},{"field":"author"},{"field":"anchorKind"},{"field":"anchorLanguage","termLimit":30},{"field":"anchorGuideSection","termLimit":30},{"field":"modified"},{"field":"created"}],"userLanguage":"en-CA","tzoMinutes":-240,"anchorSettings":{"textRange":{"targetFields":true,"referenceField":true}}}
2026-08-18 05:30:56.3873  INFO 49 NotesToolViewModel | Found notes in 23ms: {"sort":"placement","filters":[{"field":"notebook","value":"3b3966aeb7bc46e7b3324523911bd52c"}],"query":"","noteFields":["id","revision","created","createdBy","modified","modifiedBy","isTrashed","isDeleted","noteKind","content","style","anchors","tags","placement","role","labels","clipping","anchorIndex"],"noteLimit":100,"previousNoteLimit":100,"start":{"noteId":"660adcfb64aa4b8eabd8d56162deef91"},"noteTotalField":true,"facets":[{"field":"noteKind"},{"field":"anchorResource","termLimit":30},{"field":"anchorBibleBook","termLimit":120},{"field":"anchorDataType","termLimit":30},{"field":"tag","termLimit":120},{"field":"notebook","termLimit":30},{"field":"author"},{"field":"anchorKind"},{"field":"anchorLanguage","termLimit":30},{"field":"anchorGuideSection","termLimit":30},{"field":"modified"},{"field":"created"}],"userLanguage":"en-CA","tzoMinutes":-240,"anchorSettings":{"textRange":{"targetFields":true,"referenceField":true}}}
2026-08-18 05:30:56.6882  INFO 70 ClientNotesApi | Got 1 notebooks, e.g. 3b3966aeb7bc46e7b3324523911bd52c. (0ms)
2026-08-18 05:30:56.8488  INFO 66 ClientNotesApi | Found 44 notebooks. (1ms) {"sort":"title","notebookFields":["id","title","revision","created","modified","isTrashed","isDeleted","importId","noteCount","role"],"limit":10000,"userLanguage":"en-CA"}
2026-08-18 05:30:56.8763  INFO 66 ClientNotesApi | Got 1 notes, e.g. 55fab38b12794a8282828bae5dc01709. (0ms)
2026-08-18 05:30:56.8810  INFO 70 ClientNotesApi | Found 99 notes and 12 facets. (33ms) {"sort":"placement","filters":[{"field":"notebook","value":"3b3966aeb7bc46e7b3324523911bd52c"}],"query":"","noteFields":["id","revision","created","createdBy","modified","modifiedBy","isTrashed","isDeleted","noteKind","content","style","anchors","tags","placement","role","labels","clipping","anchorIndex"],"noteLimit":100,"previousNoteLimit":100,"start":{"noteId":"660adcfb64aa4b8eabd8d56162deef91"},"noteTotalField":true,"facets":[{"field":"noteKind"},{"field":"anchorResource","termLimit":30},{"field":"anchorBibleBook","termLimit":120},{"field":"anchorDataType","termLimit":30},{"field":"tag","termLimit":120},{"field":"notebook","termLimit":30},{"field":"author"},{"field":"anchorKind"},{"field":"anchorLanguage","termLimit":30},{"field":"anchorGuideSection","termLimit":30},{"field":"modified"},{"field":"created"}],"userLanguage":"en-CA","tzoMinutes":-240,"anchorSettings":{"textRange":{"targetFields":true,"referenceField":true}}}
2026-08-18 05:30:56.8810  INFO 70 NotesToolViewModel | Found notes in 33ms: {"sort":"placement","filters":[{"field":"notebook","value":"3b3966aeb7bc46e7b3324523911bd52c"}],"query":"","noteFields":["id","revision","created","createdBy","modified","modifiedBy","isTrashed","isDeleted","noteKind","content","style","anchors","tags","placement","role","labels","clipping","anchorIndex"],"noteLimit":100,"previousNoteLimit":100,"start":{"noteId":"660adcfb64aa4b8eabd8d56162deef91"},"noteTotalField":true,"facets":[{"field":"noteKind"},{"field":"anchorResource","termLimit":30},{"field":"anchorBibleBook","termLimit":120},{"field":"anchorDataType","termLimit":30},{"field":"tag","termLimit":120},{"field":"notebook","termLimit":30},{"field":"author"},{"field":"anchorKind"},{"field":"anchorLanguage","termLimit":30},{"field":"anchorGuideSection","termLimit":30},{"field":"modified"},{"field":"created"}],"userLanguage":"en-CA","tzoMinutes":-240,"anchorSettings":{"textRange":{"targetFields":true,"referenceField":true}}}
2026-08-18 05:30:58.4379  INFO 1 PanelViewModel | Got NotesTool panel settings for Preferences: IsSidebarExpanded=false|ShowFullAnchorText=true|TextSize=18.666666666666668|ViewMode=full
2026-08-18 05:31:06.3437  INFO 33 SyncManager | Requesting sync on all sync clients
2026-08-18 05:31:06.5620  INFO 33 SyncV3Client | Gathered 1 sync items to submit (not incl. errors): note/4861039793/content
2026-08-18 05:31:06.7025  INFO 33 SyncManager | Finished requesting sync on all sync clients.
2026-08-18 05:31:44.9727  INFO 33 SyncManager | Requesting sync on all sync clients
2026-08-18 05:31:45.0269  INFO 33 SyncClient | Downloading items for PreferencesSyncItem
2026-08-18 05:31:45.1863  INFO 33 SyncClient | Unchanged last known milestones: {"itemMilestone":"422699"}
2026-08-18 05:31:45.2450  INFO 33 SyncClient | Downloading items for ReadingProgressSyncItem
2026-08-18 05:31:45.3553  INFO 33 SyncClient | Unchanged last known milestones: {"itemMilestone":"44744813"}
2026-08-18 05:31:45.3558  INFO 33 SyncClient | Downloading items for HistorySyncItem
2026-08-18 05:31:45.4537  INFO 33 SyncClient | Unchanged last known milestones: {"itemMilestone":"182213"}
2026-08-18 05:31:45.5813  WARN 66 SyncV3Client | 1 items from upload 583581993 must be downloaded.
2026-08-18 05:31:45.7982  INFO 66 NotesApiSyncClient | Downloaded 1 sync items: note/4861039793/content
2026-08-18 05:31:45.8064  INFO 33 SyncManager | Finished requesting sync on all sync clients.
2026-08-18 05:31:45.8065  INFO 33 SyncManager | Requesting sync on all sync clients
2026-08-18 05:31:45.9027  INFO 33 SyncManager | Finished requesting sync on all sync clients.
2026-08-18 05:31:47.6369  INFO 66 WebServiceClient | Checking for new license compared to W/"73bc33c9-7b92-45b2-82a1-a9fa0dc2eced"
2026-08-18 05:31:48.0593  INFO 66 WebServiceClient | License check revealed no new license version.
2026-08-18 05:32:33.3991  INFO 70 ClientNotesApi | Got 1 notebooks, e.g. 3b3966aeb7bc46e7b3324523911bd52c. (0ms)
2026-08-18 05:32:34.1502  INFO 70 ClientNotesApi | Edited 1 notes. (0ms)
2026-08-18 05:32:34.1792  INFO 70 ClientNotesApi | Found 44 notebooks. (7ms) {"sort":"title","notebookFields":["id","title","revision","created","modified","isTrashed","isDeleted","importId","noteCount","role"],"limit":10000,"userLanguage":"en-CA"}
2026-08-18 05:32:34.2311  INFO 66 ClientNotesApi | Found 99 notes and 12 facets. (59ms) {"sort":"placement","filters":[{"field":"notebook","value":"3b3966aeb7bc46e7b3324523911bd52c"}],"query":"","noteFields":["id","revision","created","createdBy","modified","modifiedBy","isTrashed","isDeleted","noteKind","content","style","anchors","tags","placement","role","labels","clipping","anchorIndex"],"noteLimit":100,"previousNoteLimit":100,"start":{"noteId":"660adcfb64aa4b8eabd8d56162deef91"},"noteTotalField":true,"facets":[{"field":"noteKind"},{"field":"anchorResource","termLimit":30},{"field":"anchorBibleBook","termLimit":120},{"field":"anchorDataType","termLimit":30},{"field":"tag","termLimit":120},{"field":"notebook","termLimit":30},{"field":"author"},{"field":"anchorKind"},{"field":"anchorLanguage","termLimit":30},{"field":"anchorGuideSection","termLimit":30},{"field":"modified"},{"field":"created"}],"userLanguage":"en-CA","tzoMinutes":-240,"anchorSettings":{"textRange":{"targetFields":true,"referenceField":true}}}
2026-08-18 05:32:34.2312  INFO 66 NotesToolViewModel | Found notes in 59ms: {"sort":"placement","filters":[{"field":"notebook","value":"3b3966aeb7bc46e7b3324523911bd52c"}],"query":"","noteFields":["id","revision","created","createdBy","modified","modifiedBy","isTrashed","isDeleted","noteKind","content","style","anchors","tags","placement","role","labels","clipping","anchorIndex"],"noteLimit":100,"previousNoteLimit":100,"start":{"noteId":"660adcfb64aa4b8eabd8d56162deef91"},"noteTotalField":true,"facets":[{"field":"noteKind"},{"field":"anchorResource","termLimit":30},{"field":"anchorBibleBook","termLimit":120},{"field":"anchorDataType","termLimit":30},{"field":"tag","termLimit":120},{"field":"notebook","termLimit":30},{"field":"author"},{"field":"anchorKind"},{"field":"anchorLanguage","termLimit":30},{"field":"anchorGuideSection","termLimit":30},{"field":"modified"},{"field":"created"}],"userLanguage":"en-CA","tzoMinutes":-240,"anchorSettings":{"textRange":{"targetFields":true,"referenceField":true}}}
2026-08-18 05:32:34.5272  INFO 70 ClientNotesApi | Got 1 notebooks, e.g. 3b3966aeb7bc46e7b3324523911bd52c. (0ms)
2026-08-18 05:32:36.2771  INFO 1 PanelViewModel | Got NotesTool panel settings for Preferences: IsSidebarExpanded=false|ShowFullAnchorText=true|TextSize=18.666666666666668|ViewMode=full
2026-08-18 05:32:38.4008  INFO 70 ClientNotesApi | Got 1 notebooks, e.g. 3b3966aeb7bc46e7b3324523911bd52c. (0ms)
2026-08-18 05:32:39.1508  INFO 66 ClientNotesApi | Edited 1 notes. (0ms)
2026-08-18 05:32:39.1739  INFO 66 ClientNotesApi | Found 44 notebooks. (0ms) {"sort":"title","notebookFields":["id","title","revision","created","modified","isTrashed","isDeleted","importId","noteCount","role"],"limit":10000,"userLanguage":"en-CA"}
2026-08-18 05:32:39.2019  INFO 44 ClientNotesApi | Found 99 notes and 12 facets. (28ms) {"sort":"placement","filters":[{"field":"notebook","value":"3b3966aeb7bc46e7b3324523911bd52c"}],"query":"","noteFields":["id","revision","created","createdBy","modified","modifiedBy","isTrashed","isDeleted","noteKind","content","style","anchors","tags","placement","role","labels","clipping","anchorIndex"],"noteLimit":100,"previousNoteLimit":100,"start":{"noteId":"660adcfb64aa4b8eabd8d56162deef91"},"noteTotalField":true,"facets":[{"field":"noteKind"},{"field":"anchorResource","termLimit":30},{"field":"anchorBibleBook","termLimit":120},{"field":"anchorDataType","termLimit":30},{"field":"tag","termLimit":120},{"field":"notebook","termLimit":30},{"field":"author"},{"field":"anchorKind"},{"field":"anchorLanguage","termLimit":30},{"field":"anchorGuideSection","termLimit":30},{"field":"modified"},{"field":"created"}],"userLanguage":"en-CA","tzoMinutes":-240,"anchorSettings":{"textRange":{"targetFields":true,"referenceField":true}}}
2026-08-18 05:32:39.2020  INFO 44 NotesToolViewModel | Found notes in 28ms: {"sort":"placement","filters":[{"field":"notebook","value":"3b3966aeb7bc46e7b3324523911bd52c"}],"query":"","noteFields":["id","revision","created","createdBy","modified","modifiedBy","isTrashed","isDeleted","noteKind","content","style","anchors","tags","placement","role","labels","clipping","anchorIndex"],"noteLimit":100,"previousNoteLimit":100,"start":{"noteId":"660adcfb64aa4b8eabd8d56162deef91"},"noteTotalField":true,"facets":[{"field":"noteKind"},{"field":"anchorResource","termLimit":30},{"field":"anchorBibleBook","termLimit":120},{"field":"anchorDataType","termLimit":30},{"field":"tag","termLimit":120},{"field":"notebook","termLimit":30},{"field":"author"},{"field":"anchorKind"},{"field":"anchorLanguage","termLimit":30},{"field":"anchorGuideSection","termLimit":30},{"field":"modified"},{"field":"created"}],"userLanguage":"en-CA","tzoMinutes":-240,"anchorSettings":{"textRange":{"targetFields":true,"referenceField":true}}}
2026-08-18 05:32:39.4993  INFO 44 ClientNotesApi | Got 1 notebooks, e.g. 3b3966aeb7bc46e7b3324523911bd52c. (0ms)
2026-08-18 05:32:41.2496  INFO 1 PanelViewModel | Got NotesTool panel settings for Preferences: IsSidebarExpanded=false|ShowFullAnchorText=true|TextSize=18.666666666666668|ViewMode=full
2026-08-18 05:32:44.8509  INFO 66 ClientNotesApi | Got 1 notebooks, e.g. 3b3966aeb7bc46e7b3324523911bd52c. (0ms)
2026-08-18 05:32:45.6027  INFO 66 ClientNotesApi | Edited 1 notes. (0ms)
2026-08-18 05:32:45.6253  INFO 66 ClientNotesApi | Found 44 notebooks. (0ms) {"sort":"title","notebookFields":["id","title","revision","created","modified","isTrashed","isDeleted","importId","noteCount","role"],"limit":10000,"userLanguage":"en-CA"}
2026-08-18 05:32:45.6511  INFO 44 ClientNotesApi | Found 99 notes and 12 facets. (26ms) {"sort":"placement","filters":[{"field":"notebook","value":"3b3966aeb7bc46e7b3324523911bd52c"}],"query":"","noteFields":["id","revision","created","createdBy","modified","modifiedBy","isTrashed","isDeleted","noteKind","content","style","anchors","tags","placement","role","labels","clipping","anchorIndex"],"noteLimit":100,"previousNoteLimit":100,"start":{"noteId":"660adcfb64aa4b8eabd8d56162deef91"},"noteTotalField":true,"facets":[{"field":"noteKind"},{"field":"anchorResource","termLimit":30},{"field":"anchorBibleBook","termLimit":120},{"field":"anchorDataType","termLimit":30},{"field":"tag","termLimit":120},{"field":"notebook","termLimit":30},{"field":"author"},{"field":"anchorKind"},{"field":"anchorLanguage","termLimit":30},{"field":"anchorGuideSection","termLimit":30},{"field":"modified"},{"field":"created"}],"userLanguage":"en-CA","tzoMinutes":-240,"anchorSettings":{"textRange":{"targetFields":true,"referenceField":true}}}
2026-08-18 05:32:45.6512  INFO 44 NotesToolViewModel | Found notes in 26ms: {"sort":"placement","filters":[{"field":"notebook","value":"3b3966aeb7bc46e7b3324523911bd52c"}],"query":"","noteFields":["id","revision","created","createdBy","modified","modifiedBy","isTrashed","isDeleted","noteKind","content","style","anchors","tags","placement","role","labels","clipping","anchorIndex"],"noteLimit":100,"previousNoteLimit":100,"start":{"noteId":"660adcfb64aa4b8eabd8d56162deef91"},"noteTotalField":true,"facets":[{"field":"noteKind"},{"field":"anchorResource","termLimit":30},{"field":"anchorBibleBook","termLimit":120},{"field":"anchorDataType","termLimit":30},{"field":"tag","termLimit":120},{"field":"notebook","termLimit":30},{"field":"author"},{"field":"anchorKind"},{"field":"anchorLanguage","termLimit":30},{"field":"anchorGuideSection","termLimit":30},{"field":"modified"},{"field":"created"}],"userLanguage":"en-CA","tzoMinutes":-240,"anchorSettings":{"textRange":{"targetFields":true,"referenceField":true}}}
2026-08-18 05:32:45.9466  INFO 44 ClientNotesApi | Got 1 notebooks, e.g. 3b3966aeb7bc46e7b3324523911bd52c. (0ms)
2026-08-18 05:32:46.1067  INFO 66 ClientNotesApi | Found 44 notebooks. (1ms) {"sort":"title","notebookFields":["id","title","revision","created","modified","isTrashed","isDeleted","importId","noteCount","role"],"limit":10000,"userLanguage":"en-CA"}
2026-08-18 05:32:46.1308  INFO 66 ClientNotesApi | Got 1 notes, e.g. 55fab38b12794a8282828bae5dc01709. (0ms)
2026-08-18 05:32:46.1336  INFO 44 ClientNotesApi | Found 99 notes and 12 facets. (28ms) {"sort":"placement","filters":[{"field":"notebook","value":"3b3966aeb7bc46e7b3324523911bd52c"}],"query":"","noteFields":["id","revision","created","createdBy","modified","modifiedBy","isTrashed","isDeleted","noteKind","content","style","anchors","tags","placement","role","labels","clipping","anchorIndex"],"noteLimit":100,"previousNoteLimit":100,"start":{"noteId":"660adcfb64aa4b8eabd8d56162deef91"},"noteTotalField":true,"facets":[{"field":"noteKind"},{"field":"anchorResource","termLimit":30},{"field":"anchorBibleBook","termLimit":120},{"field":"anchorDataType","termLimit":30},{"field":"tag","termLimit":120},{"field":"notebook","termLimit":30},{"field":"author"},{"field":"anchorKind"},{"field":"anchorLanguage","termLimit":30},{"field":"anchorGuideSection","termLimit":30},{"field":"modified"},{"field":"created"}],"userLanguage":"en-CA","tzoMinutes":-240,"anchorSettings":{"textRange":{"targetFields":true,"referenceField":true}}}
2026-08-18 05:32:46.1337  INFO 44 NotesToolViewModel | Found notes in 28ms: {"sort":"placement","filters":[{"field":"notebook","value":"3b3966aeb7bc46e7b3324523911bd52c"}],"query":"","noteFields":["id","revision","created","createdBy","modified","modifiedBy","isTrashed","isDeleted","noteKind","content","style","anchors","tags","placement","role","labels","clipping","anchorIndex"],"noteLimit":100,"previousNoteLimit":100,"start":{"noteId":"660adcfb64aa4b8eabd8d56162deef91"},"noteTotalField":true,"facets":[{"field":"noteKind"},{"field":"anchorResource","termLimit":30},{"field":"anchorBibleBook","termLimit":120},{"field":"anchorDataType","termLimit":30},{"field":"tag","termLimit":120},{"field":"notebook","termLimit":30},{"field":"author"},{"field":"anchorKind"},{"field":"anchorLanguage","termLimit":30},{"field":"anchorGuideSection","termLimit":30},{"field":"modified"},{"field":"created"}],"userLanguage":"en-CA","tzoMinutes":-240,"anchorSettings":{"textRange":{"targetFields":true,"referenceField":true}}}
2026-08-18 05:32:47.6964  INFO 1 PanelViewModel | Got NotesTool panel settings for Preferences: IsSidebarExpanded=false|ShowFullAnchorText=true|TextSize=18.666666666666668|ViewMode=full
2026-08-18 05:32:48.0596  INFO 66 WebServiceClient | Checking for new license compared to W/"73bc33c9-7b92-45b2-82a1-a9fa0dc2eced"
2026-08-18 05:32:48.1132  INFO 46 ClientNotesApi | Got 1 notebooks, e.g. 3b3966aeb7bc46e7b3324523911bd52c. (0ms)
2026-08-18 05:32:48.5577  INFO 70 WebServiceClient | License check revealed no new license version.
2026-08-18 05:32:48.8647  INFO 44 ClientNotesApi | Edited 1 notes. (0ms)
2026-08-18 05:32:48.8865  INFO 44 ClientNotesApi | Found 44 notebooks. (2ms) {"sort":"title","notebookFields":["id","title","revision","created","modified","isTrashed","isDeleted","importId","noteCount","role"],"limit":10000,"userLanguage":"en-CA"}
2026-08-18 05:32:48.9094  INFO 46 ClientNotesApi | Found 99 notes and 12 facets. (23ms) {"sort":"placement","filters":[{"field":"notebook","value":"3b3966aeb7bc46e7b3324523911bd52c"}],"query":"","noteFields":["id","revision","created","createdBy","modified","modifiedBy","isTrashed","isDeleted","noteKind","content","style","anchors","tags","placement","role","labels","clipping","anchorIndex"],"noteLimit":100,"previousNoteLimit":100,"start":{"noteId":"660adcfb64aa4b8eabd8d56162deef91"},"noteTotalField":true,"facets":[{"field":"noteKind"},{"field":"anchorResource","termLimit":30},{"field":"anchorBibleBook","termLimit":120},{"field":"anchorDataType","termLimit":30},{"field":"tag","termLimit":120},{"field":"notebook","termLimit":30},{"field":"author"},{"field":"anchorKind"},{"field":"anchorLanguage","termLimit":30},{"field":"anchorGuideSection","termLimit":30},{"field":"modified"},{"field":"created"}],"userLanguage":"en-CA","tzoMinutes":-240,"anchorSettings":{"textRange":{"targetFields":true,"referenceField":true}}}
2026-08-18 05:32:48.9094  INFO 46 NotesToolViewModel | Found notes in 23ms: {"sort":"placement","filters":[{"field":"notebook","value":"3b3966aeb7bc46e7b3324523911bd52c"}],"query":"","noteFields":["id","revision","created","createdBy","modified","modifiedBy","isTrashed","isDeleted","noteKind","content","style","anchors","tags","placement","role","labels","clipping","anchorIndex"],"noteLimit":100,"previousNoteLimit":100,"start":{"noteId":"660adcfb64aa4b8eabd8d56162deef91"},"noteTotalField":true,"facets":[{"field":"noteKind"},{"field":"anchorResource","termLimit":30},{"field":"anchorBibleBook","termLimit":120},{"field":"anchorDataType","termLimit":30},{"field":"tag","termLimit":120},{"field":"notebook","termLimit":30},{"field":"author"},{"field":"anchorKind"},{"field":"anchorLanguage","termLimit":30},{"field":"anchorGuideSection","termLimit":30},{"field":"modified"},{"field":"created"}],"userLanguage":"en-CA","tzoMinutes":-240,"anchorSettings":{"textRange":{"targetFields":true,"referenceField":true}}}
2026-08-18 05:32:49.2057  INFO 46 ClientNotesApi | Got 1 notebooks, e.g. 3b3966aeb7bc46e7b3324523911bd52c. (0ms)
2026-08-18 05:32:50.2876  INFO 44 ClientNotesApi | Got 1 notebooks, e.g. 3b3966aeb7bc46e7b3324523911bd52c. (0ms)
2026-08-18 05:32:51.0387  INFO 44 ClientNotesApi | Edited 1 notes. (0ms)
2026-08-18 05:32:51.0600  INFO 44 ClientNotesApi | Found 44 notebooks. (0ms) {"sort":"title","notebookFields":["id","title","revision","created","modified","isTrashed","isDeleted","importId","noteCount","role"],"limit":10000,"userLanguage":"en-CA"}
2026-08-18 05:32:51.0866  INFO 70 ClientNotesApi | Found 99 notes and 12 facets. (27ms) {"sort":"placement","filters":[{"field":"notebook","value":"3b3966aeb7bc46e7b3324523911bd52c"}],"query":"","noteFields":["id","revision","created","createdBy","modified","modifiedBy","isTrashed","isDeleted","noteKind","content","style","anchors","tags","placement","role","labels","clipping","anchorIndex"],"noteLimit":100,"previousNoteLimit":100,"start":{"noteId":"660adcfb64aa4b8eabd8d56162deef91"},"noteTotalField":true,"facets":[{"field":"noteKind"},{"field":"anchorResource","termLimit":30},{"field":"anchorBibleBook","termLimit":120},{"field":"anchorDataType","termLimit":30},{"field":"tag","termLimit":120},{"field":"notebook","termLimit":30},{"field":"author"},{"field":"anchorKind"},{"field":"anchorLanguage","termLimit":30},{"field":"anchorGuideSection","termLimit":30},{"field":"modified"},{"field":"created"}],"userLanguage":"en-CA","tzoMinutes":-240,"anchorSettings":{"textRange":{"targetFields":true,"referenceField":true}}}
2026-08-18 05:32:51.0867  INFO 70 NotesToolViewModel | Found notes in 27ms: {"sort":"placement","filters":[{"field":"notebook","value":"3b3966aeb7bc46e7b3324523911bd52c"}],"query":"","noteFields":["id","revision","created","createdBy","modified","modifiedBy","isTrashed","isDeleted","noteKind","content","style","anchors","tags","placement","role","labels","clipping","anchorIndex"],"noteLimit":100,"previousNoteLimit":100,"start":{"noteId":"660adcfb64aa4b8eabd8d56162deef91"},"noteTotalField":true,"facets":[{"field":"noteKind"},{"field":"anchorResource","termLimit":30},{"field":"anchorBibleBook","termLimit":120},{"field":"anchorDataType","termLimit":30},{"field":"tag","termLimit":120},{"field":"notebook","termLimit":30},{"field":"author"},{"field":"anchorKind"},{"field":"anchorLanguage","termLimit":30},{"field":"anchorGuideSection","termLimit":30},{"field":"modified"},{"field":"created"}],"userLanguage":"en-CA","tzoMinutes":-240,"anchorSettings":{"textRange":{"targetFields":true,"referenceField":true}}}
2026-08-18 05:32:51.3835  INFO 70 ClientNotesApi | Got 1 notebooks, e.g. 3b3966aeb7bc46e7b3324523911bd52c. (0ms)
2026-08-18 05:32:51.5430  INFO 70 ClientNotesApi | Found 44 notebooks. (2ms) {"sort":"title","notebookFields":["id","title","revision","created","modified","isTrashed","isDeleted","importId","noteCount","role"],"limit":10000,"userLanguage":"en-CA"}
2026-08-18 05:32:51.5609  INFO 70 ClientNotesApi | Got 1 notes, e.g. 55fab38b12794a8282828bae5dc01709. (0ms)
2026-08-18 05:32:51.5660  INFO 44 ClientNotesApi | Found 99 notes and 12 facets. (25ms) {"sort":"placement","filters":[{"field":"notebook","value":"3b3966aeb7bc46e7b3324523911bd52c"}],"query":"","noteFields":["id","revision","created","createdBy","modified","modifiedBy","isTrashed","isDeleted","noteKind","content","style","anchors","tags","placement","role","labels","clipping","anchorIndex"],"noteLimit":100,"previousNoteLimit":100,"start":{"noteId":"660adcfb64aa4b8eabd8d56162deef91"},"noteTotalField":true,"facets":[{"field":"noteKind"},{"field":"anchorResource","termLimit":30},{"field":"anchorBibleBook","termLimit":120},{"field":"anchorDataType","termLimit":30},{"field":"tag","termLimit":120},{"field":"notebook","termLimit":30},{"field":"author"},{"field":"anchorKind"},{"field":"anchorLanguage","termLimit":30},{"field":"anchorGuideSection","termLimit":30},{"field":"modified"},{"field":"created"}],"userLanguage":"en-CA","tzoMinutes":-240,"anchorSettings":{"textRange":{"targetFields":true,"referenceField":true}}}
2026-08-18 05:32:51.5661  INFO 44 NotesToolViewModel | Found notes in 25ms: {"sort":"placement","filters":[{"field":"notebook","value":"3b3966aeb7bc46e7b3324523911bd52c"}],"query":"","noteFields":["id","revision","created","createdBy","modified","modifiedBy","isTrashed","isDeleted","noteKind","content","style","anchors","tags","placement","role","labels","clipping","anchorIndex"],"noteLimit":100,"previousNoteLimit":100,"start":{"noteId":"660adcfb64aa4b8eabd8d56162deef91"},"noteTotalField":true,"facets":[{"field":"noteKind"},{"field":"anchorResource","termLimit":30},{"field":"anchorBibleBook","termLimit":120},{"field":"anchorDataType","termLimit":30},{"field":"tag","termLimit":120},{"field":"notebook","termLimit":30},{"field":"author"},{"field":"anchorKind"},{"field":"anchorLanguage","termLimit":30},{"field":"anchorGuideSection","termLimit":30},{"field":"modified"},{"field":"created"}],"userLanguage":"en-CA","tzoMinutes":-240,"anchorSettings":{"textRange":{"targetFields":true,"referenceField":true}}}
2026-08-18 05:32:53.1333  INFO 1 PanelViewModel | Got NotesTool panel settings for Preferences: IsSidebarExpanded=false|ShowFullAnchorText=true|TextSize=18.666666666666668|ViewMode=full
2026-08-18 05:32:55.0730  INFO 70 ClientNotesApi | Got 1 notebooks, e.g. 3b3966aeb7bc46e7b3324523911bd52c. (0ms)
2026-08-18 05:32:55.8232  INFO 70 ClientNotesApi | Edited 1 notes. (0ms)
2026-08-18 05:32:55.8426  INFO 70 ClientNotesApi | Found 44 notebooks. (0ms) {"sort":"title","notebookFields":["id","title","revision","created","modified","isTrashed","isDeleted","importId","noteCount","role"],"limit":10000,"userLanguage":"en-CA"}
2026-08-18 05:32:55.8658  INFO 46 ClientNotesApi | Found 99 notes and 12 facets. (23ms) {"sort":"placement","filters":[{"field":"notebook","value":"3b3966aeb7bc46e7b3324523911bd52c"}],"query":"","noteFields":["id","revision","created","createdBy","modified","modifiedBy","isTrashed","isDeleted","noteKind","content","style","anchors","tags","placement","role","labels","clipping","anchorIndex"],"noteLimit":100,"previousNoteLimit":100,"start":{"noteId":"660adcfb64aa4b8eabd8d56162deef91"},"noteTotalField":true,"facets":[{"field":"noteKind"},{"field":"anchorResource","termLimit":30},{"field":"anchorBibleBook","termLimit":120},{"field":"anchorDataType","termLimit":30},{"field":"tag","termLimit":120},{"field":"notebook","termLimit":30},{"field":"author"},{"field":"anchorKind"},{"field":"anchorLanguage","termLimit":30},{"field":"anchorGuideSection","termLimit":30},{"field":"modified"},{"field":"created"}],"userLanguage":"en-CA","tzoMinutes":-240,"anchorSettings":{"textRange":{"targetFields":true,"referenceField":true}}}
2026-08-18 05:32:55.8658  INFO 46 NotesToolViewModel | Found notes in 23ms: {"sort":"placement","filters":[{"field":"notebook","value":"3b3966aeb7bc46e7b3324523911bd52c"}],"query":"","noteFields":["id","revision","created","createdBy","modified","modifiedBy","isTrashed","isDeleted","noteKind","content","style","anchors","tags","placement","role","labels","clipping","anchorIndex"],"noteLimit":100,"previousNoteLimit":100,"start":{"noteId":"660adcfb64aa4b8eabd8d56162deef91"},"noteTotalField":true,"facets":[{"field":"noteKind"},{"field":"anchorResource","termLimit":30},{"field":"anchorBibleBook","termLimit":120},{"field":"anchorDataType","termLimit":30},{"field":"tag","termLimit":120},{"field":"notebook","termLimit":30},{"field":"author"},{"field":"anchorKind"},{"field":"anchorLanguage","termLimit":30},{"field":"anchorGuideSection","termLimit":30},{"field":"modified"},{"field":"created"}],"userLanguage":"en-CA","tzoMinutes":-240,"anchorSettings":{"textRange":{"targetFields":true,"referenceField":true}}}
2026-08-18 05:32:56.1612  INFO 46 ClientNotesApi | Got 1 notebooks, e.g. 3b3966aeb7bc46e7b3324523911bd52c. (0ms)
2026-08-18 05:32:56.3270  INFO 70 ClientNotesApi | Found 44 notebooks. (0ms) {"sort":"title","notebookFields":["id","title","revision","created","modified","isTrashed","isDeleted","importId","noteCount","role"],"limit":10000,"userLanguage":"en-CA"}
2026-08-18 05:32:56.3450  INFO 70 ClientNotesApi | Got 1 notes, e.g. 55fab38b12794a8282828bae5dc01709. (0ms)
2026-08-18 05:32:56.3499  INFO 46 ClientNotesApi | Found 99 notes and 12 facets. (23ms) {"sort":"placement","filters":[{"field":"notebook","value":"3b3966aeb7bc46e7b3324523911bd52c"}],"query":"","noteFields":["id","revision","created","createdBy","modified","modifiedBy","isTrashed","isDeleted","noteKind","content","style","anchors","tags","placement","role","labels","clipping","anchorIndex"],"noteLimit":100,"previousNoteLimit":100,"start":{"noteId":"660adcfb64aa4b8eabd8d56162deef91"},"noteTotalField":true,"facets":[{"field":"noteKind"},{"field":"anchorResource","termLimit":30},{"field":"anchorBibleBook","termLimit":120},{"field":"anchorDataType","termLimit":30},{"field":"tag","termLimit":120},{"field":"notebook","termLimit":30},{"field":"author"},{"field":"anchorKind"},{"field":"anchorLanguage","termLimit":30},{"field":"anchorGuideSection","termLimit":30},{"field":"modified"},{"field":"created"}],"userLanguage":"en-CA","tzoMinutes":-240,"anchorSettings":{"textRange":{"targetFields":true,"referenceField":true}}}
2026-08-18 05:32:56.3500  INFO 46 NotesToolViewModel | Found notes in 23ms: {"sort":"placement","filters":[{"field":"notebook","value":"3b3966aeb7bc46e7b3324523911bd52c"}],"query":"","noteFields":["id","revision","created","createdBy","modified","modifiedBy","isTrashed","isDeleted","noteKind","content","style","anchors","tags","placement","role","labels","clipping","anchorIndex"],"noteLimit":100,"previousNoteLimit":100,"start":{"noteId":"660adcfb64aa4b8eabd8d56162deef91"},"noteTotalField":true,"facets":[{"field":"noteKind"},{"field":"anchorResource","termLimit":30},{"field":"anchorBibleBook","termLimit":120},{"field":"anchorDataType","termLimit":30},{"field":"tag","termLimit":120},{"field":"notebook","termLimit":30},{"field":"author"},{"field":"anchorKind"},{"field":"anchorLanguage","termLimit":30},{"field":"anchorGuideSection","termLimit":30},{"field":"modified"},{"field":"created"}],"userLanguage":"en-CA","tzoMinutes":-240,"anchorSettings":{"textRange":{"targetFields":true,"referenceField":true}}}
2026-08-18 05:32:57.9117  INFO 1 PanelViewModel | Got NotesTool panel settings for Preferences: IsSidebarExpanded=false|ShowFullAnchorText=true|TextSize=18.666666666666668|ViewMode=full
2026-08-18 05:32:58.9716  INFO 46 ClientNotesApi | Got 1 notebooks, e.g. 3b3966aeb7bc46e7b3324523911bd52c. (0ms)
2026-08-18 05:32:59.7233  INFO 44 ClientNotesApi | Edited 1 notes. (0ms)
2026-08-18 05:32:59.7425  INFO 44 ClientNotesApi | Found 44 notebooks. (0ms) {"sort":"title","notebookFields":["id","title","revision","created","modified","isTrashed","isDeleted","importId","noteCount","role"],"limit":10000,"userLanguage":"en-CA"}
2026-08-18 05:32:59.7654  INFO 70 ClientNotesApi | Found 99 notes and 12 facets. (23ms) {"sort":"placement","filters":[{"field":"notebook","value":"3b3966aeb7bc46e7b3324523911bd52c"}],"query":"","noteFields":["id","revision","created","createdBy","modified","modifiedBy","isTrashed","isDeleted","noteKind","content","style","anchors","tags","placement","role","labels","clipping","anchorIndex"],"noteLimit":100,"previousNoteLimit":100,"start":{"noteId":"660adcfb64aa4b8eabd8d56162deef91"},"noteTotalField":true,"facets":[{"field":"noteKind"},{"field":"anchorResource","termLimit":30},{"field":"anchorBibleBook","termLimit":120},{"field":"anchorDataType","termLimit":30},{"field":"tag","termLimit":120},{"field":"notebook","termLimit":30},{"field":"author"},{"field":"anchorKind"},{"field":"anchorLanguage","termLimit":30},{"field":"anchorGuideSection","termLimit":30},{"field":"modified"},{"field":"created"}],"userLanguage":"en-CA","tzoMinutes":-240,"anchorSettings":{"textRange":{"targetFields":true,"referenceField":true}}}
2026-08-18 05:32:59.7655  INFO 70 NotesToolViewModel | Found notes in 23ms: {"sort":"placement","filters":[{"field":"notebook","value":"3b3966aeb7bc46e7b3324523911bd52c"}],"query":"","noteFields":["id","revision","created","createdBy","modified","modifiedBy","isTrashed","isDeleted","noteKind","content","style","anchors","tags","placement","role","labels","clipping","anchorIndex"],"noteLimit":100,"previousNoteLimit":100,"start":{"noteId":"660adcfb64aa4b8eabd8d56162deef91"},"noteTotalField":true,"facets":[{"field":"noteKind"},{"field":"anchorResource","termLimit":30},{"field":"anchorBibleBook","termLimit":120},{"field":"anchorDataType","termLimit":30},{"field":"tag","termLimit":120},{"field":"notebook","termLimit":30},{"field":"author"},{"field":"anchorKind"},{"field":"anchorLanguage","termLimit":30},{"field":"anchorGuideSection","termLimit":30},{"field":"modified"},{"field":"created"}],"userLanguage":"en-CA","tzoMinutes":-240,"anchorSettings":{"textRange":{"targetFields":true,"referenceField":true}}}
2026-08-18 05:33:00.0631  INFO 70 ClientNotesApi | Got 1 notebooks, e.g. 3b3966aeb7bc46e7b3324523911bd52c. (0ms)
2026-08-18 05:33:00.2255  INFO 44 ClientNotesApi | Found 44 notebooks. (0ms) {"sort":"title","notebookFields":["id","title","revision","created","modified","isTrashed","isDeleted","importId","noteCount","role"],"limit":10000,"userLanguage":"en-CA"}
2026-08-18 05:33:00.2440  INFO 44 ClientNotesApi | Got 1 notes, e.g. 55fab38b12794a8282828bae5dc01709. (0ms)
2026-08-18 05:33:00.2479  INFO 70 ClientNotesApi | Found 99 notes and 12 facets. (23ms) {"sort":"placement","filters":[{"field":"notebook","value":"3b3966aeb7bc46e7b3324523911bd52c"}],"query":"","noteFields":["id","revision","created","createdBy","modified","modifiedBy","isTrashed","isDeleted","noteKind","content","style","anchors","tags","placement","role","labels","clipping","anchorIndex"],"noteLimit":100,"previousNoteLimit":100,"start":{"noteId":"660adcfb64aa4b8eabd8d56162deef91"},"noteTotalField":true,"facets":[{"field":"noteKind"},{"field":"anchorResource","termLimit":30},{"field":"anchorBibleBook","termLimit":120},{"field":"anchorDataType","termLimit":30},{"field":"tag","termLimit":120},{"field":"notebook","termLimit":30},{"field":"author"},{"field":"anchorKind"},{"field":"anchorLanguage","termLimit":30},{"field":"anchorGuideSection","termLimit":30},{"field":"modified"},{"field":"created"}],"userLanguage":"en-CA","tzoMinutes":-240,"anchorSettings":{"textRange":{"targetFields":true,"referenceField":true}}}
2026-08-18 05:33:00.2480  INFO 70 NotesToolViewModel | Found notes in 23ms: {"sort":"placement","filters":[{"field":"notebook","value":"3b3966aeb7bc46e7b3324523911bd52c"}],"query":"","noteFields":["id","revision","created","createdBy","modified","modifiedBy","isTrashed","isDeleted","noteKind","content","style","anchors","tags","placement","role","labels","clipping","anchorIndex"],"noteLimit":100,"previousNoteLimit":100,"start":{"noteId":"660adcfb64aa4b8eabd8d56162deef91"},"noteTotalField":true,"facets":[{"field":"noteKind"},{"field":"anchorResource","termLimit":30},{"field":"anchorBibleBook","termLimit":120},{"field":"anchorDataType","termLimit":30},{"field":"tag","termLimit":120},{"field":"notebook","termLimit":30},{"field":"author"},{"field":"anchorKind"},{"field":"anchorLanguage","termLimit":30},{"field":"anchorGuideSection","termLimit":30},{"field":"modified"},{"field":"created"}],"userLanguage":"en-CA","tzoMinutes":-240,"anchorSettings":{"textRange":{"targetFields":true,"referenceField":true}}}
2026-08-18 05:33:01.8130  INFO 1 PanelViewModel | Got NotesTool panel settings for Preferences: IsSidebarExpanded=false|ShowFullAnchorText=true|TextSize=18.666666666666668|ViewMode=full
2026-08-18 05:33:06.1798  INFO 70 ClientNotesApi | Got 1 notebooks, e.g. 3b3966aeb7bc46e7b3324523911bd52c. (0ms)
2026-08-18 05:33:06.9310  INFO 70 ClientNotesApi | Edited 1 notes. (0ms)
2026-08-18 05:33:06.9497  INFO 70 ClientNotesApi | Found 44 notebooks. (0ms) {"sort":"title","notebookFields":["id","title","revision","created","modified","isTrashed","isDeleted","importId","noteCount","role"],"limit":10000,"userLanguage":"en-CA"}
2026-08-18 05:33:06.9760  INFO 44 ClientNotesApi | Found 99 notes and 12 facets. (27ms) {"sort":"placement","filters":[{"field":"notebook","value":"3b3966aeb7bc46e7b3324523911bd52c"}],"query":"","noteFields":["id","revision","created","createdBy","modified","modifiedBy","isTrashed","isDeleted","noteKind","content","style","anchors","tags","placement","role","labels","clipping","anchorIndex"],"noteLimit":100,"previousNoteLimit":100,"start":{"noteId":"660adcfb64aa4b8eabd8d56162deef91"},"noteTotalField":true,"facets":[{"field":"noteKind"},{"field":"anchorResource","termLimit":30},{"field":"anchorBibleBook","termLimit":120},{"field":"anchorDataType","termLimit":30},{"field":"tag","termLimit":120},{"field":"notebook","termLimit":30},{"field":"author"},{"field":"anchorKind"},{"field":"anchorLanguage","termLimit":30},{"field":"anchorGuideSection","termLimit":30},{"field":"modified"},{"field":"created"}],"userLanguage":"en-CA","tzoMinutes":-240,"anchorSettings":{"textRange":{"targetFields":true,"referenceField":true}}}
2026-08-18 05:33:06.9761  INFO 44 NotesToolViewModel | Found notes in 27ms: {"sort":"placement","filters":[{"field":"notebook","value":"3b3966aeb7bc46e7b3324523911bd52c"}],"query":"","noteFields":["id","revision","created","createdBy","modified","modifiedBy","isTrashed","isDeleted","noteKind","content","style","anchors","tags","placement","role","labels","clipping","anchorIndex"],"noteLimit":100,"previousNoteLimit":100,"start":{"noteId":"660adcfb64aa4b8eabd8d56162deef91"},"noteTotalField":true,"facets":[{"field":"noteKind"},{"field":"anchorResource","termLimit":30},{"field":"anchorBibleBook","termLimit":120},{"field":"anchorDataType","termLimit":30},{"field":"tag","termLimit":120},{"field":"notebook","termLimit":30},{"field":"author"},{"field":"anchorKind"},{"field":"anchorLanguage","termLimit":30},{"field":"anchorGuideSection","termLimit":30},{"field":"modified"},{"field":"created"}],"userLanguage":"en-CA","tzoMinutes":-240,"anchorSettings":{"textRange":{"targetFields":true,"referenceField":true}}}
2026-08-18 05:33:07.2750  INFO 70 ClientNotesApi | Got 1 notebooks, e.g. 3b3966aeb7bc46e7b3324523911bd52c. (0ms)
2026-08-18 05:33:08.7420  INFO 70 ClientNotesApi | Got 1 notebooks, e.g. 3b3966aeb7bc46e7b3324523911bd52c. (0ms)
2026-08-18 05:33:09.4927  INFO 48 ClientNotesApi | Edited 1 notes. (0ms)
2026-08-18 05:33:09.5148  INFO 48 ClientNotesApi | Found 44 notebooks. (2ms) {"sort":"title","notebookFields":["id","title","revision","created","modified","isTrashed","isDeleted","importId","noteCount","role"],"limit":10000,"userLanguage":"en-CA"}
2026-08-18 05:33:09.5393  INFO 70 ClientNotesApi | Found 99 notes and 12 facets. (27ms) {"sort":"placement","filters":[{"field":"notebook","value":"3b3966aeb7bc46e7b3324523911bd52c"}],"query":"","noteFields":["id","revision","created","createdBy","modified","modifiedBy","isTrashed","isDeleted","noteKind","content","style","anchors","tags","placement","role","labels","clipping","anchorIndex"],"noteLimit":100,"previousNoteLimit":100,"start":{"noteId":"660adcfb64aa4b8eabd8d56162deef91"},"noteTotalField":true,"facets":[{"field":"noteKind"},{"field":"anchorResource","termLimit":30},{"field":"anchorBibleBook","termLimit":120},{"field":"anchorDataType","termLimit":30},{"field":"tag","termLimit":120},{"field":"notebook","termLimit":30},{"field":"author"},{"field":"anchorKind"},{"field":"anchorLanguage","termLimit":30},{"field":"anchorGuideSection","termLimit":30},{"field":"modified"},{"field":"created"}],"userLanguage":"en-CA","tzoMinutes":-240,"anchorSettings":{"textRange":{"targetFields":true,"referenceField":true}}}
2026-08-18 05:33:09.5394  INFO 70 NotesToolViewModel | Found notes in 27ms: {"sort":"placement","filters":[{"field":"notebook","value":"3b3966aeb7bc46e7b3324523911bd52c"}],"query":"","noteFields":["id","revision","created","createdBy","modified","modifiedBy","isTrashed","isDeleted","noteKind","content","style","anchors","tags","placement","role","labels","clipping","anchorIndex"],"noteLimit":100,"previousNoteLimit":100,"start":{"noteId":"660adcfb64aa4b8eabd8d56162deef91"},"noteTotalField":true,"facets":[{"field":"noteKind"},{"field":"anchorResource","termLimit":30},{"field":"anchorBibleBook","termLimit":120},{"field":"anchorDataType","termLimit":30},{"field":"tag","termLimit":120},{"field":"notebook","termLimit":30},{"field":"author"},{"field":"anchorKind"},{"field":"anchorLanguage","termLimit":30},{"field":"anchorGuideSection","termLimit":30},{"field":"modified"},{"field":"created"}],"userLanguage":"en-CA","tzoMinutes":-240,"anchorSettings":{"textRange":{"targetFields":true,"referenceField":true}}}
2026-08-18 05:33:09.8366  INFO 70 ClientNotesApi | Got 1 notebooks, e.g. 3b3966aeb7bc46e7b3324523911bd52c. (0ms)
2026-08-18 05:33:09.9992  INFO 48 ClientNotesApi | Found 44 notebooks. (0ms) {"sort":"title","notebookFields":["id","title","revision","created","modified","isTrashed","isDeleted","importId","noteCount","role"],"limit":10000,"userLanguage":"en-CA"}
2026-08-18 05:33:10.0184  INFO 48 ClientNotesApi | Got 1 notes, e.g. 55fab38b12794a8282828bae5dc01709. (0ms)
2026-08-18 05:33:10.0227  INFO 70 ClientNotesApi | Found 99 notes and 12 facets. (24ms) {"sort":"placement","filters":[{"field":"notebook","value":"3b3966aeb7bc46e7b3324523911bd52c"}],"query":"","noteFields":["id","revision","created","createdBy","modified","modifiedBy","isTrashed","isDeleted","noteKind","content","style","anchors","tags","placement","role","labels","clipping","anchorIndex"],"noteLimit":100,"previousNoteLimit":100,"start":{"noteId":"660adcfb64aa4b8eabd8d56162deef91"},"noteTotalField":true,"facets":[{"field":"noteKind"},{"field":"anchorResource","termLimit":30},{"field":"anchorBibleBook","termLimit":120},{"field":"anchorDataType","termLimit":30},{"field":"tag","termLimit":120},{"field":"notebook","termLimit":30},{"field":"author"},{"field":"anchorKind"},{"field":"anchorLanguage","termLimit":30},{"field":"anchorGuideSection","termLimit":30},{"field":"modified"},{"field":"created"}],"userLanguage":"en-CA","tzoMinutes":-240,"anchorSettings":{"textRange":{"targetFields":true,"referenceField":true}}}
2026-08-18 05:33:10.0227  INFO 70 NotesToolViewModel | Found notes in 24ms: {"sort":"placement","filters":[{"field":"notebook","value":"3b3966aeb7bc46e7b3324523911bd52c"}],"query":"","noteFields":["id","revision","created","createdBy","modified","modifiedBy","isTrashed","isDeleted","noteKind","content","style","anchors","tags","placement","role","labels","clipping","anchorIndex"],"noteLimit":100,"previousNoteLimit":100,"start":{"noteId":"660adcfb64aa4b8eabd8d56162deef91"},"noteTotalField":true,"facets":[{"field":"noteKind"},{"field":"anchorResource","termLimit":30},{"field":"anchorBibleBook","termLimit":120},{"field":"anchorDataType","termLimit":30},{"field":"tag","termLimit":120},{"field":"notebook","termLimit":30},{"field":"author"},{"field":"anchorKind"},{"field":"anchorLanguage","termLimit":30},{"field":"anchorGuideSection","termLimit":30},{"field":"modified"},{"field":"created"}],"userLanguage":"en-CA","tzoMinutes":-240,"anchorSettings":{"textRange":{"targetFields":true,"referenceField":true}}}
2026-08-18 05:33:11.6839  INFO 48 ClientNotesApi | Got 1 notebooks, e.g. 3b3966aeb7bc46e7b3324523911bd52c. (0ms)
2026-08-18 05:33:12.4345  INFO 48 ClientNotesApi | Edited 1 notes. (0ms)
2026-08-18 05:33:12.4552  INFO 48 ClientNotesApi | Found 44 notebooks. (0ms) {"sort":"title","notebookFields":["id","title","revision","created","modified","isTrashed","isDeleted","importId","noteCount","role"],"limit":10000,"userLanguage":"en-CA"}
2026-08-18 05:33:12.4792  INFO 44 ClientNotesApi | Found 99 notes and 12 facets. (24ms) {"sort":"placement","filters":[{"field":"notebook","value":"3b3966aeb7bc46e7b3324523911bd52c"}],"query":"","noteFields":["id","revision","created","createdBy","modified","modifiedBy","isTrashed","isDeleted","noteKind","content","style","anchors","tags","placement","role","labels","clipping","anchorIndex"],"noteLimit":100,"previousNoteLimit":100,"start":{"noteId":"660adcfb64aa4b8eabd8d56162deef91"},"noteTotalField":true,"facets":[{"field":"noteKind"},{"field":"anchorResource","termLimit":30},{"field":"anchorBibleBook","termLimit":120},{"field":"anchorDataType","termLimit":30},{"field":"tag","termLimit":120},{"field":"notebook","termLimit":30},{"field":"author"},{"field":"anchorKind"},{"field":"anchorLanguage","termLimit":30},{"field":"anchorGuideSection","termLimit":30},{"field":"modified"},{"field":"created"}],"userLanguage":"en-CA","tzoMinutes":-240,"anchorSettings":{"textRange":{"targetFields":true,"referenceField":true}}}
2026-08-18 05:33:12.4793  INFO 44 NotesToolViewModel | Found notes in 24ms: {"sort":"placement","filters":[{"field":"notebook","value":"3b3966aeb7bc46e7b3324523911bd52c"}],"query":"","noteFields":["id","revision","created","createdBy","modified","modifiedBy","isTrashed","isDeleted","noteKind","content","style","anchors","tags","placement","role","labels","clipping","anchorIndex"],"noteLimit":100,"previousNoteLimit":100,"start":{"noteId":"660adcfb64aa4b8eabd8d56162deef91"},"noteTotalField":true,"facets":[{"field":"noteKind"},{"field":"anchorResource","termLimit":30},{"field":"anchorBibleBook","termLimit":120},{"field":"anchorDataType","termLimit":30},{"field":"tag","termLimit":120},{"field":"notebook","termLimit":30},{"field":"author"},{"field":"anchorKind"},{"field":"anchorLanguage","termLimit":30},{"field":"anchorGuideSection","termLimit":30},{"field":"modified"},{"field":"created"}],"userLanguage":"en-CA","tzoMinutes":-240,"anchorSettings":{"textRange":{"targetFields":true,"referenceField":true}}}
2026-08-18 05:33:12.7793  INFO 48 ClientNotesApi | Got 1 notebooks, e.g. 3b3966aeb7bc46e7b3324523911bd52c. (0ms)
2026-08-18 05:33:12.9388  INFO 48 ClientNotesApi | Found 44 notebooks. (1ms) {"sort":"title","notebookFields":["id","title","revision","created","modified","isTrashed","isDeleted","importId","noteCount","role"],"limit":10000,"userLanguage":"en-CA"}
2026-08-18 05:33:12.9629  INFO 48 ClientNotesApi | Got 1 notes, e.g. 55fab38b12794a8282828bae5dc01709. (0ms)
2026-08-18 05:33:12.9654  INFO 44 ClientNotesApi | Found 99 notes and 12 facets. (27ms) {"sort":"placement","filters":[{"field":"notebook","value":"3b3966aeb7bc46e7b3324523911bd52c"}],"query":"","noteFields":["id","revision","created","createdBy","modified","modifiedBy","isTrashed","isDeleted","noteKind","content","style","anchors","tags","placement","role","labels","clipping","anchorIndex"],"noteLimit":100,"previousNoteLimit":100,"start":{"noteId":"660adcfb64aa4b8eabd8d56162deef91"},"noteTotalField":true,"facets":[{"field":"noteKind"},{"field":"anchorResource","termLimit":30},{"field":"anchorBibleBook","termLimit":120},{"field":"anchorDataType","termLimit":30},{"field":"tag","termLimit":120},{"field":"notebook","termLimit":30},{"field":"author"},{"field":"anchorKind"},{"field":"anchorLanguage","termLimit":30},{"field":"anchorGuideSection","termLimit":30},{"field":"modified"},{"field":"created"}],"userLanguage":"en-CA","tzoMinutes":-240,"anchorSettings":{"textRange":{"targetFields":true,"referenceField":true}}}
2026-08-18 05:33:12.9655  INFO 44 NotesToolViewModel | Found notes in 27ms: {"sort":"placement","filters":[{"field":"notebook","value":"3b3966aeb7bc46e7b3324523911bd52c"}],"query":"","noteFields":["id","revision","created","createdBy","modified","modifiedBy","isTrashed","isDeleted","noteKind","content","style","anchors","tags","placement","role","labels","clipping","anchorIndex"],"noteLimit":100,"previousNoteLimit":100,"start":{"noteId":"660adcfb64aa4b8eabd8d56162deef91"},"noteTotalField":true,"facets":[{"field":"noteKind"},{"field":"anchorResource","termLimit":30},{"field":"anchorBibleBook","termLimit":120},{"field":"anchorDataType","termLimit":30},{"field":"tag","termLimit":120},{"field":"notebook","termLimit":30},{"field":"author"},{"field":"anchorKind"},{"field":"anchorLanguage","termLimit":30},{"field":"anchorGuideSection","termLimit":30},{"field":"modified"},{"field":"created"}],"userLanguage":"en-CA","tzoMinutes":-240,"anchorSettings":{"textRange":{"targetFields":true,"referenceField":true}}}
2026-08-18 05:33:14.4018  INFO 44 ClientNotesApi | Got 1 notebooks, e.g. 3b3966aeb7bc46e7b3324523911bd52c. (0ms)
2026-08-18 05:33:15.1531  INFO 44 ClientNotesApi | Edited 1 notes. (0ms)
2026-08-18 05:33:15.1738  INFO 44 ClientNotesApi | Found 44 notebooks. (0ms) {"sort":"title","notebookFields":["id","title","revision","created","modified","isTrashed","isDeleted","importId","noteCount","role"],"limit":10000,"userLanguage":"en-CA"}
2026-08-18 05:33:15.1963  INFO 70 ClientNotesApi | Found 99 notes and 12 facets. (23ms) {"sort":"placement","filters":[{"field":"notebook","value":"3b3966aeb7bc46e7b3324523911bd52c"}],"query":"","noteFields":["id","revision","created","createdBy","modified","modifiedBy","isTrashed","isDeleted","noteKind","content","style","anchors","tags","placement","role","labels","clipping","anchorIndex"],"noteLimit":100,"previousNoteLimit":100,"start":{"noteId":"660adcfb64aa4b8eabd8d56162deef91"},"noteTotalField":true,"facets":[{"field":"noteKind"},{"field":"anchorResource","termLimit":30},{"field":"anchorBibleBook","termLimit":120},{"field":"anchorDataType","termLimit":30},{"field":"tag","termLimit":120},{"field":"notebook","termLimit":30},{"field":"author"},{"field":"anchorKind"},{"field":"anchorLanguage","termLimit":30},{"field":"anchorGuideSection","termLimit":30},{"field":"modified"},{"field":"created"}],"userLanguage":"en-CA","tzoMinutes":-240,"anchorSettings":{"textRange":{"targetFields":true,"referenceField":true}}}
2026-08-18 05:33:15.1964  INFO 70 NotesToolViewModel | Found notes in 23ms: {"sort":"placement","filters":[{"field":"notebook","value":"3b3966aeb7bc46e7b3324523911bd52c"}],"query":"","noteFields":["id","revision","created","createdBy","modified","modifiedBy","isTrashed","isDeleted","noteKind","content","style","anchors","tags","placement","role","labels","clipping","anchorIndex"],"noteLimit":100,"previousNoteLimit":100,"start":{"noteId":"660adcfb64aa4b8eabd8d56162deef91"},"noteTotalField":true,"facets":[{"field":"noteKind"},{"field":"anchorResource","termLimit":30},{"field":"anchorBibleBook","termLimit":120},{"field":"anchorDataType","termLimit":30},{"field":"tag","termLimit":120},{"field":"notebook","termLimit":30},{"field":"author"},{"field":"anchorKind"},{"field":"anchorLanguage","termLimit":30},{"field":"anchorGuideSection","termLimit":30},{"field":"modified"},{"field":"created"}],"userLanguage":"en-CA","tzoMinutes":-240,"anchorSettings":{"textRange":{"targetFields":true,"referenceField":true}}}
2026-08-18 05:33:15.5414  INFO 48 ClientNotesApi | Got 1 notebooks, e.g. 3b3966aeb7bc46e7b3324523911bd52c. (0ms)
2026-08-18 05:33:15.6551  INFO 70 ClientNotesApi | Found 44 notebooks. (0ms) {"sort":"title","notebookFields":["id","title","revision","created","modified","isTrashed","isDeleted","importId","noteCount","role"],"limit":10000,"userLanguage":"en-CA"}
2026-08-18 05:33:15.6731  INFO 70 ClientNotesApi | Got 1 notes, e.g. 55fab38b12794a8282828bae5dc01709. (0ms)
2026-08-18 05:33:15.6783  INFO 48 ClientNotesApi | Found 99 notes and 12 facets. (23ms) {"sort":"placement","filters":[{"field":"notebook","value":"3b3966aeb7bc46e7b3324523911bd52c"}],"query":"","noteFields":["id","revision","created","createdBy","modified","modifiedBy","isTrashed","isDeleted","noteKind","content","style","anchors","tags","placement","role","labels","clipping","anchorIndex"],"noteLimit":100,"previousNoteLimit":100,"start":{"noteId":"660adcfb64aa4b8eabd8d56162deef91"},"noteTotalField":true,"facets":[{"field":"noteKind"},{"field":"anchorResource","termLimit":30},{"field":"anchorBibleBook","termLimit":120},{"field":"anchorDataType","termLimit":30},{"field":"tag","termLimit":120},{"field":"notebook","termLimit":30},{"field":"author"},{"field":"anchorKind"},{"field":"anchorLanguage","termLimit":30},{"field":"anchorGuideSection","termLimit":30},{"field":"modified"},{"field":"created"}],"userLanguage":"en-CA","tzoMinutes":-240,"anchorSettings":{"textRange":{"targetFields":true,"referenceField":true}}}
2026-08-18 05:33:15.6784  INFO 48 NotesToolViewModel | Found notes in 24ms: {"sort":"placement","filters":[{"field":"notebook","value":"3b3966aeb7bc46e7b3324523911bd52c"}],"query":"","noteFields":["id","revision","created","createdBy","modified","modifiedBy","isTrashed","isDeleted","noteKind","content","style","anchors","tags","placement","role","labels","clipping","anchorIndex"],"noteLimit":100,"previousNoteLimit":100,"start":{"noteId":"660adcfb64aa4b8eabd8d56162deef91"},"noteTotalField":true,"facets":[{"field":"noteKind"},{"field":"anchorResource","termLimit":30},{"field":"anchorBibleBook","termLimit":120},{"field":"anchorDataType","termLimit":30},{"field":"tag","termLimit":120},{"field":"notebook","termLimit":30},{"field":"author"},{"field":"anchorKind"},{"field":"anchorLanguage","termLimit":30},{"field":"anchorGuideSection","termLimit":30},{"field":"modified"},{"field":"created"}],"userLanguage":"en-CA","tzoMinutes":-240,"anchorSettings":{"textRange":{"targetFields":true,"referenceField":true}}}
2026-08-18 05:33:16.2928  INFO 70 ClientNotesApi | Edited 1 notes. (0ms)
2026-08-18 05:33:16.3160  INFO 70 ClientNotesApi | Found 44 notebooks. (0ms) {"sort":"title","notebookFields":["id","title","revision","created","modified","isTrashed","isDeleted","importId","noteCount","role"],"limit":10000,"userLanguage":"en-CA"}
2026-08-18 05:33:16.3380  INFO 48 ClientNotesApi | Found 99 notes and 12 facets. (22ms) {"sort":"placement","filters":[{"field":"notebook","value":"3b3966aeb7bc46e7b3324523911bd52c"}],"query":"","noteFields":["id","revision","created","createdBy","modified","modifiedBy","isTrashed","isDeleted","noteKind","content","style","anchors","tags","placement","role","labels","clipping","anchorIndex"],"noteLimit":100,"previousNoteLimit":100,"start":{"noteId":"660adcfb64aa4b8eabd8d56162deef91"},"noteTotalField":true,"facets":[{"field":"noteKind"},{"field":"anchorResource","termLimit":30},{"field":"anchorBibleBook","termLimit":120},{"field":"anchorDataType","termLimit":30},{"field":"tag","termLimit":120},{"field":"notebook","termLimit":30},{"field":"author"},{"field":"anchorKind"},{"field":"anchorLanguage","termLimit":30},{"field":"anchorGuideSection","termLimit":30},{"field":"modified"},{"field":"created"}],"userLanguage":"en-CA","tzoMinutes":-240,"anchorSettings":{"textRange":{"targetFields":true,"referenceField":true}}}
2026-08-18 05:33:16.3380  INFO 48 NotesToolViewModel | Found notes in 22ms: {"sort":"placement","filters":[{"field":"notebook","value":"3b3966aeb7bc46e7b3324523911bd52c"}],"query":"","noteFields":["id","revision","created","createdBy","modified","modifiedBy","isTrashed","isDeleted","noteKind","content","style","anchors","tags","placement","role","labels","clipping","anchorIndex"],"noteLimit":100,"previousNoteLimit":100,"start":{"noteId":"660adcfb64aa4b8eabd8d56162deef91"},"noteTotalField":true,"facets":[{"field":"noteKind"},{"field":"anchorResource","termLimit":30},{"field":"anchorBibleBook","termLimit":120},{"field":"anchorDataType","termLimit":30},{"field":"tag","termLimit":120},{"field":"notebook","termLimit":30},{"field":"author"},{"field":"anchorKind"},{"field":"anchorLanguage","termLimit":30},{"field":"anchorGuideSection","termLimit":30},{"field":"modified"},{"field":"created"}],"userLanguage":"en-CA","tzoMinutes":-240,"anchorSettings":{"textRange":{"targetFields":true,"referenceField":true}}}
2026-08-18 05:33:16.6295  INFO 70 ClientNotesApi | Got 1 notebooks, e.g. 3b3966aeb7bc46e7b3324523911bd52c. (0ms)
2026-08-18 05:33:16.7959  INFO 48 ClientNotesApi | Found 44 notebooks. (1ms) {"sort":"title","notebookFields":["id","title","revision","created","modified","isTrashed","isDeleted","importId","noteCount","role"],"limit":10000,"userLanguage":"en-CA"}
2026-08-18 05:33:16.8159  INFO 48 ClientNotesApi | Got 1 notes, e.g. 55fab38b12794a8282828bae5dc01709. (0ms)
2026-08-18 05:33:16.8212  INFO 70 ClientNotesApi | Found 99 notes and 12 facets. (26ms) {"sort":"placement","filters":[{"field":"notebook","value":"3b3966aeb7bc46e7b3324523911bd52c"}],"query":"","noteFields":["id","revision","created","createdBy","modified","modifiedBy","isTrashed","isDeleted","noteKind","content","style","anchors","tags","placement","role","labels","clipping","anchorIndex"],"noteLimit":100,"previousNoteLimit":100,"start":{"noteId":"660adcfb64aa4b8eabd8d56162deef91"},"noteTotalField":true,"facets":[{"field":"noteKind"},{"field":"anchorResource","termLimit":30},{"field":"anchorBibleBook","termLimit":120},{"field":"anchorDataType","termLimit":30},{"field":"tag","termLimit":120},{"field":"notebook","termLimit":30},{"field":"author"},{"field":"anchorKind"},{"field":"anchorLanguage","termLimit":30},{"field":"anchorGuideSection","termLimit":30},{"field":"modified"},{"field":"created"}],"userLanguage":"en-CA","tzoMinutes":-240,"anchorSettings":{"textRange":{"targetFields":true,"referenceField":true}}}
2026-08-18 05:33:16.8213  INFO 70 NotesToolViewModel | Found notes in 26ms: {"sort":"placement","filters":[{"field":"notebook","value":"3b3966aeb7bc46e7b3324523911bd52c"}],"query":"","noteFields":["id","revision","created","createdBy","modified","modifiedBy","isTrashed","isDeleted","noteKind","content","style","anchors","tags","placement","role","labels","clipping","anchorIndex"],"noteLimit":100,"previousNoteLimit":100,"start":{"noteId":"660adcfb64aa4b8eabd8d56162deef91"},"noteTotalField":true,"facets":[{"field":"noteKind"},{"field":"anchorResource","termLimit":30},{"field":"anchorBibleBook","termLimit":120},{"field":"anchorDataType","termLimit":30},{"field":"tag","termLimit":120},{"field":"notebook","termLimit":30},{"field":"author"},{"field":"anchorKind"},{"field":"anchorLanguage","termLimit":30},{"field":"anchorGuideSection","termLimit":30},{"field":"modified"},{"field":"created"}],"userLanguage":"en-CA","tzoMinutes":-240,"anchorSettings":{"textRange":{"targetFields":true,"referenceField":true}}}
2026-08-18 05:33:17.4579  INFO 70 ClientNotesApi | Got 1 notebooks, e.g. 3b3966aeb7bc46e7b3324523911bd52c. (0ms)
2026-08-18 05:33:18.2079  INFO 70 ClientNotesApi | Edited 1 notes. (0ms)
2026-08-18 05:33:18.2272  INFO 70 ClientNotesApi | Found 44 notebooks. (0ms) {"sort":"title","notebookFields":["id","title","revision","created","modified","isTrashed","isDeleted","importId","noteCount","role"],"limit":10000,"userLanguage":"en-CA"}
2026-08-18 05:33:18.2500  INFO 48 ClientNotesApi | Found 99 notes and 12 facets. (23ms) {"sort":"placement","filters":[{"field":"notebook","value":"3b3966aeb7bc46e7b3324523911bd52c"}],"query":"","noteFields":["id","revision","created","createdBy","modified","modifiedBy","isTrashed","isDeleted","noteKind","content","style","anchors","tags","placement","role","labels","clipping","anchorIndex"],"noteLimit":100,"previousNoteLimit":100,"start":{"noteId":"660adcfb64aa4b8eabd8d56162deef91"},"noteTotalField":true,"facets":[{"field":"noteKind"},{"field":"anchorResource","termLimit":30},{"field":"anchorBibleBook","termLimit":120},{"field":"anchorDataType","termLimit":30},{"field":"tag","termLimit":120},{"field":"notebook","termLimit":30},{"field":"author"},{"field":"anchorKind"},{"field":"anchorLanguage","termLimit":30},{"field":"anchorGuideSection","termLimit":30},{"field":"modified"},{"field":"created"}],"userLanguage":"en-CA","tzoMinutes":-240,"anchorSettings":{"textRange":{"targetFields":true,"referenceField":true}}}
2026-08-18 05:33:18.2500  INFO 48 NotesToolViewModel | Found notes in 23ms: {"sort":"placement","filters":[{"field":"notebook","value":"3b3966aeb7bc46e7b3324523911bd52c"}],"query":"","noteFields":["id","revision","created","createdBy","modified","modifiedBy","isTrashed","isDeleted","noteKind","content","style","anchors","tags","placement","role","labels","clipping","anchorIndex"],"noteLimit":100,"previousNoteLimit":100,"start":{"noteId":"660adcfb64aa4b8eabd8d56162deef91"},"noteTotalField":true,"facets":[{"field":"noteKind"},{"field":"anchorResource","termLimit":30},{"field":"anchorBibleBook","termLimit":120},{"field":"anchorDataType","termLimit":30},{"field":"tag","termLimit":120},{"field":"notebook","termLimit":30},{"field":"author"},{"field":"anchorKind"},{"field":"anchorLanguage","termLimit":30},{"field":"anchorGuideSection","termLimit":30},{"field":"modified"},{"field":"created"}],"userLanguage":"en-CA","tzoMinutes":-240,"anchorSettings":{"textRange":{"targetFields":true,"referenceField":true}}}
2026-08-18 05:33:18.5152  INFO 48 ClientNotesApi | Got 1 notebooks, e.g. 3b3966aeb7bc46e7b3324523911bd52c. (0ms)
2026-08-18 05:33:18.7106  INFO 48 ClientNotesApi | Found 44 notebooks. (0ms) {"sort":"title","notebookFields":["id","title","revision","created","modified","isTrashed","isDeleted","importId","noteCount","role"],"limit":10000,"userLanguage":"en-CA"}
2026-08-18 05:33:18.7293  INFO 48 ClientNotesApi | Got 1 notes, e.g. 55fab38b12794a8282828bae5dc01709. (0ms)
2026-08-18 05:33:18.7345  INFO 70 ClientNotesApi | Found 99 notes and 12 facets. (24ms) {"sort":"placement","filters":[{"field":"notebook","value":"3b3966aeb7bc46e7b3324523911bd52c"}],"query":"","noteFields":["id","revision","created","createdBy","modified","modifiedBy","isTrashed","isDeleted","noteKind","content","style","anchors","tags","placement","role","labels","clipping","anchorIndex"],"noteLimit":100,"previousNoteLimit":100,"start":{"noteId":"660adcfb64aa4b8eabd8d56162deef91"},"noteTotalField":true,"facets":[{"field":"noteKind"},{"field":"anchorResource","termLimit":30},{"field":"anchorBibleBook","termLimit":120},{"field":"anchorDataType","termLimit":30},{"field":"tag","termLimit":120},{"field":"notebook","termLimit":30},{"field":"author"},{"field":"anchorKind"},{"field":"anchorLanguage","termLimit":30},{"field":"anchorGuideSection","termLimit":30},{"field":"modified"},{"field":"created"}],"userLanguage":"en-CA","tzoMinutes":-240,"anchorSettings":{"textRange":{"targetFields":true,"referenceField":true}}}
2026-08-18 05:33:18.7346  INFO 70 NotesToolViewModel | Found notes in 24ms: {"sort":"placement","filters":[{"field":"notebook","value":"3b3966aeb7bc46e7b3324523911bd52c"}],"query":"","noteFields":["id","revision","created","createdBy","modified","modifiedBy","isTrashed","isDeleted","noteKind","content","style","anchors","tags","placement","role","labels","clipping","anchorIndex"],"noteLimit":100,"previousNoteLimit":100,"start":{"noteId":"660adcfb64aa4b8eabd8d56162deef91"},"noteTotalField":true,"facets":[{"field":"noteKind"},{"field":"anchorResource","termLimit":30},{"field":"anchorBibleBook","termLimit":120},{"field":"anchorDataType","termLimit":30},{"field":"tag","termLimit":120},{"field":"notebook","termLimit":30},{"field":"author"},{"field":"anchorKind"},{"field":"anchorLanguage","termLimit":30},{"field":"anchorGuideSection","termLimit":30},{"field":"modified"},{"field":"created"}],"userLanguage":"en-CA","tzoMinutes":-240,"anchorSettings":{"textRange":{"targetFields":true,"referenceField":true}}}
2026-08-18 05:33:19.2664  INFO 48 ClientNotesApi | Edited 1 notes. (0ms)
2026-08-18 05:33:19.2855  INFO 48 ClientNotesApi | Found 44 notebooks. (0ms) {"sort":"title","notebookFields":["id","title","revision","created","modified","isTrashed","isDeleted","importId","noteCount","role"],"limit":10000,"userLanguage":"en-CA"}
2026-08-18 05:33:19.3090  INFO 70 ClientNotesApi | Found 99 notes and 12 facets. (24ms) {"sort":"placement","filters":[{"field":"notebook","value":"3b3966aeb7bc46e7b3324523911bd52c"}],"query":"","noteFields":["id","revision","created","createdBy","modified","modifiedBy","isTrashed","isDeleted","noteKind","content","style","anchors","tags","placement","role","labels","clipping","anchorIndex"],"noteLimit":100,"previousNoteLimit":100,"start":{"noteId":"660adcfb64aa4b8eabd8d56162deef91"},"noteTotalField":true,"facets":[{"field":"noteKind"},{"field":"anchorResource","termLimit":30},{"field":"anchorBibleBook","termLimit":120},{"field":"anchorDataType","termLimit":30},{"field":"tag","termLimit":120},{"field":"notebook","termLimit":30},{"field":"author"},{"field":"anchorKind"},{"field":"anchorLanguage","termLimit":30},{"field":"anchorGuideSection","termLimit":30},{"field":"modified"},{"field":"created"}],"userLanguage":"en-CA","tzoMinutes":-240,"anchorSettings":{"textRange":{"targetFields":true,"referenceField":true}}}
2026-08-18 05:33:19.3091  INFO 70 NotesToolViewModel | Found notes in 24ms: {"sort":"placement","filters":[{"field":"notebook","value":"3b3966aeb7bc46e7b3324523911bd52c"}],"query":"","noteFields":["id","revision","created","createdBy","modified","modifiedBy","isTrashed","isDeleted","noteKind","content","style","anchors","tags","placement","role","labels","clipping","anchorIndex"],"noteLimit":100,"previousNoteLimit":100,"start":{"noteId":"660adcfb64aa4b8eabd8d56162deef91"},"noteTotalField":true,"facets":[{"field":"noteKind"},{"field":"anchorResource","termLimit":30},{"field":"anchorBibleBook","termLimit":120},{"field":"anchorDataType","termLimit":30},{"field":"tag","termLimit":120},{"field":"notebook","termLimit":30},{"field":"author"},{"field":"anchorKind"},{"field":"anchorLanguage","termLimit":30},{"field":"anchorGuideSection","termLimit":30},{"field":"modified"},{"field":"created"}],"userLanguage":"en-CA","tzoMinutes":-240,"anchorSettings":{"textRange":{"targetFields":true,"referenceField":true}}}
2026-08-18 05:33:19.6068  INFO 48 ClientNotesApi | Got 1 notebooks, e.g. 3b3966aeb7bc46e7b3324523911bd52c. (0ms)
2026-08-18 05:33:21.2318  INFO 66 ClientNotesApi | Got 1 notebooks, e.g. 3b3966aeb7bc46e7b3324523911bd52c. (0ms)
2026-08-18 05:33:21.9828  INFO 66 ClientNotesApi | Edited 1 notes. (0ms)
2026-08-18 05:33:22.0014  INFO 66 ClientNotesApi | Found 44 notebooks. (0ms) {"sort":"title","notebookFields":["id","title","revision","created","modified","isTrashed","isDeleted","importId","noteCount","role"],"limit":10000,"userLanguage":"en-CA"}
2026-08-18 05:33:22.0240  INFO 44 ClientNotesApi | Found 99 notes and 12 facets. (23ms) {"sort":"placement","filters":[{"field":"notebook","value":"3b3966aeb7bc46e7b3324523911bd52c"}],"query":"","noteFields":["id","revision","created","createdBy","modified","modifiedBy","isTrashed","isDeleted","noteKind","content","style","anchors","tags","placement","role","labels","clipping","anchorIndex"],"noteLimit":100,"previousNoteLimit":100,"start":{"noteId":"660adcfb64aa4b8eabd8d56162deef91"},"noteTotalField":true,"facets":[{"field":"noteKind"},{"field":"anchorResource","termLimit":30},{"field":"anchorBibleBook","termLimit":120},{"field":"anchorDataType","termLimit":30},{"field":"tag","termLimit":120},{"field":"notebook","termLimit":30},{"field":"author"},{"field":"anchorKind"},{"field":"anchorLanguage","termLimit":30},{"field":"anchorGuideSection","termLimit":30},{"field":"modified"},{"field":"created"}],"userLanguage":"en-CA","tzoMinutes":-240,"anchorSettings":{"textRange":{"targetFields":true,"referenceField":true}}}
2026-08-18 05:33:22.0241  INFO 44 NotesToolViewModel | Found notes in 23ms: {"sort":"placement","filters":[{"field":"notebook","value":"3b3966aeb7bc46e7b3324523911bd52c"}],"query":"","noteFields":["id","revision","created","createdBy","modified","modifiedBy","isTrashed","isDeleted","noteKind","content","style","anchors","tags","placement","role","labels","clipping","anchorIndex"],"noteLimit":100,"previousNoteLimit":100,"start":{"noteId":"660adcfb64aa4b8eabd8d56162deef91"},"noteTotalField":true,"facets":[{"field":"noteKind"},{"field":"anchorResource","termLimit":30},{"field":"anchorBibleBook","termLimit":120},{"field":"anchorDataType","termLimit":30},{"field":"tag","termLimit":120},{"field":"notebook","termLimit":30},{"field":"author"},{"field":"anchorKind"},{"field":"anchorLanguage","termLimit":30},{"field":"anchorGuideSection","termLimit":30},{"field":"modified"},{"field":"created"}],"userLanguage":"en-CA","tzoMinutes":-240,"anchorSettings":{"textRange":{"targetFields":true,"referenceField":true}}}
2026-08-18 05:33:22.4365  INFO 66 ClientNotesApi | Got 1 notebooks, e.g. 3b3966aeb7bc46e7b3324523911bd52c. (0ms)
2026-08-18 05:33:23.1809  INFO 66 ClientNotesApi | Edited 1 notes. (0ms)
2026-08-18 05:33:23.1992  INFO 66 ClientNotesApi | Found 44 notebooks. (0ms) {"sort":"title","notebookFields":["id","title","revision","created","modified","isTrashed","isDeleted","importId","noteCount","role"],"limit":10000,"userLanguage":"en-CA"}
2026-08-18 05:33:23.2248  INFO 44 ClientNotesApi | Found 99 notes and 12 facets. (26ms) {"sort":"placement","filters":[{"field":"notebook","value":"3b3966aeb7bc46e7b3324523911bd52c"}],"query":"","noteFields":["id","revision","created","createdBy","modified","modifiedBy","isTrashed","isDeleted","noteKind","content","style","anchors","tags","placement","role","labels","clipping","anchorIndex"],"noteLimit":100,"previousNoteLimit":100,"start":{"noteId":"660adcfb64aa4b8eabd8d56162deef91"},"noteTotalField":true,"facets":[{"field":"noteKind"},{"field":"anchorResource","termLimit":30},{"field":"anchorBibleBook","termLimit":120},{"field":"anchorDataType","termLimit":30},{"field":"tag","termLimit":120},{"field":"notebook","termLimit":30},{"field":"author"},{"field":"anchorKind"},{"field":"anchorLanguage","termLimit":30},{"field":"anchorGuideSection","termLimit":30},{"field":"modified"},{"field":"created"}],"userLanguage":"en-CA","tzoMinutes":-240,"anchorSettings":{"textRange":{"targetFields":true,"referenceField":true}}}
2026-08-18 05:33:23.2249  INFO 44 NotesToolViewModel | Found notes in 26ms: {"sort":"placement","filters":[{"field":"notebook","value":"3b3966aeb7bc46e7b3324523911bd52c"}],"query":"","noteFields":["id","revision","created","createdBy","modified","modifiedBy","isTrashed","isDeleted","noteKind","content","style","anchors","tags","placement","role","labels","clipping","anchorIndex"],"noteLimit":100,"previousNoteLimit":100,"start":{"noteId":"660adcfb64aa4b8eabd8d56162deef91"},"noteTotalField":true,"facets":[{"field":"noteKind"},{"field":"anchorResource","termLimit":30},{"field":"anchorBibleBook","termLimit":120},{"field":"anchorDataType","termLimit":30},{"field":"tag","termLimit":120},{"field":"notebook","termLimit":30},{"field":"author"},{"field":"anchorKind"},{"field":"anchorLanguage","termLimit":30},{"field":"anchorGuideSection","termLimit":30},{"field":"modified"},{"field":"created"}],"userLanguage":"en-CA","tzoMinutes":-240,"anchorSettings":{"textRange":{"targetFields":true,"referenceField":true}}}
2026-08-18 05:33:23.5190  INFO 44 ClientNotesApi | Got 1 notebooks, e.g. 3b3966aeb7bc46e7b3324523911bd52c. (0ms)
2026-08-18 05:33:23.6896  INFO 44 ClientNotesApi | Found 44 notebooks. (0ms) {"sort":"title","notebookFields":["id","title","revision","created","modified","isTrashed","isDeleted","importId","noteCount","role"],"limit":10000,"userLanguage":"en-CA"}
2026-08-18 05:33:23.7094  INFO 44 ClientNotesApi | Got 1 notes, e.g. 55fab38b12794a8282828bae5dc01709. (0ms)
2026-08-18 05:33:23.7122  INFO 66 ClientNotesApi | Found 99 notes and 12 facets. (23ms) {"sort":"placement","filters":[{"field":"notebook","value":"3b3966aeb7bc46e7b3324523911bd52c"}],"query":"","noteFields":["id","revision","created","createdBy","modified","modifiedBy","isTrashed","isDeleted","noteKind","content","style","anchors","tags","placement","role","labels","clipping","anchorIndex"],"noteLimit":100,"previousNoteLimit":100,"start":{"noteId":"660adcfb64aa4b8eabd8d56162deef91"},"noteTotalField":true,"facets":[{"field":"noteKind"},{"field":"anchorResource","termLimit":30},{"field":"anchorBibleBook","termLimit":120},{"field":"anchorDataType","termLimit":30},{"field":"tag","termLimit":120},{"field":"notebook","termLimit":30},{"field":"author"},{"field":"anchorKind"},{"field":"anchorLanguage","termLimit":30},{"field":"anchorGuideSection","termLimit":30},{"field":"modified"},{"field":"created"}],"userLanguage":"en-CA","tzoMinutes":-240,"anchorSettings":{"textRange":{"targetFields":true,"referenceField":true}}}
2026-08-18 05:33:23.7122  INFO 66 NotesToolViewModel | Found notes in 23ms: {"sort":"placement","filters":[{"field":"notebook","value":"3b3966aeb7bc46e7b3324523911bd52c"}],"query":"","noteFields":["id","revision","created","createdBy","modified","modifiedBy","isTrashed","isDeleted","noteKind","content","style","anchors","tags","placement","role","labels","clipping","anchorIndex"],"noteLimit":100,"previousNoteLimit":100,"start":{"noteId":"660adcfb64aa4b8eabd8d56162deef91"},"noteTotalField":true,"facets":[{"field":"noteKind"},{"field":"anchorResource","termLimit":30},{"field":"anchorBibleBook","termLimit":120},{"field":"anchorDataType","termLimit":30},{"field":"tag","termLimit":120},{"field":"notebook","termLimit":30},{"field":"author"},{"field":"anchorKind"},{"field":"anchorLanguage","termLimit":30},{"field":"anchorGuideSection","termLimit":30},{"field":"modified"},{"field":"created"}],"userLanguage":"en-CA","tzoMinutes":-240,"anchorSettings":{"textRange":{"targetFields":true,"referenceField":true}}}
2026-08-18 05:33:24.9754  INFO 66 ClientNotesApi | Got 1 notebooks, e.g. 3b3966aeb7bc46e7b3324523911bd52c. (0ms)
2026-08-18 05:33:25.7268  INFO 44 ClientNotesApi | Edited 1 notes. (0ms)
2026-08-18 05:33:25.7471  INFO 44 ClientNotesApi | Found 44 notebooks. (0ms) {"sort":"title","notebookFields":["id","title","revision","created","modified","isTrashed","isDeleted","importId","noteCount","role"],"limit":10000,"userLanguage":"en-CA"}
2026-08-18 05:33:25.7719  INFO 66 ClientNotesApi | Found 99 notes and 12 facets. (25ms) {"sort":"placement","filters":[{"field":"notebook","value":"3b3966aeb7bc46e7b3324523911bd52c"}],"query":"","noteFields":["id","revision","created","createdBy","modified","modifiedBy","isTrashed","isDeleted","noteKind","content","style","anchors","tags","placement","role","labels","clipping","anchorIndex"],"noteLimit":100,"previousNoteLimit":100,"start":{"noteId":"660adcfb64aa4b8eabd8d56162deef91"},"noteTotalField":true,"facets":[{"field":"noteKind"},{"field":"anchorResource","termLimit":30},{"field":"anchorBibleBook","termLimit":120},{"field":"anchorDataType","termLimit":30},{"field":"tag","termLimit":120},{"field":"notebook","termLimit":30},{"field":"author"},{"field":"anchorKind"},{"field":"anchorLanguage","termLimit":30},{"field":"anchorGuideSection","termLimit":30},{"field":"modified"},{"field":"created"}],"userLanguage":"en-CA","tzoMinutes":-240,"anchorSettings":{"textRange":{"targetFields":true,"referenceField":true}}}
2026-08-18 05:33:25.7720  INFO 66 NotesToolViewModel | Found notes in 25ms: {"sort":"placement","filters":[{"field":"notebook","value":"3b3966aeb7bc46e7b3324523911bd52c"}],"query":"","noteFields":["id","revision","created","createdBy","modified","modifiedBy","isTrashed","isDeleted","noteKind","content","style","anchors","tags","placement","role","labels","clipping","anchorIndex"],"noteLimit":100,"previousNoteLimit":100,"start":{"noteId":"660adcfb64aa4b8eabd8d56162deef91"},"noteTotalField":true,"facets":[{"field":"noteKind"},{"field":"anchorResource","termLimit":30},{"field":"anchorBibleBook","termLimit":120},{"field":"anchorDataType","termLimit":30},{"field":"tag","termLimit":120},{"field":"notebook","termLimit":30},{"field":"author"},{"field":"anchorKind"},{"field":"anchorLanguage","termLimit":30},{"field":"anchorGuideSection","termLimit":30},{"field":"modified"},{"field":"created"}],"userLanguage":"en-CA","tzoMinutes":-240,"anchorSettings":{"textRange":{"targetFields":true,"referenceField":true}}}
2026-08-18 05:33:26.0646  INFO 44 ClientNotesApi | Got 1 notebooks, e.g. 3b3966aeb7bc46e7b3324523911bd52c. (0ms)
2026-08-18 05:33:26.2295  INFO 66 ClientNotesApi | Found 44 notebooks. (0ms) {"sort":"title","notebookFields":["id","title","revision","created","modified","isTrashed","isDeleted","importId","noteCount","role"],"limit":10000,"userLanguage":"en-CA"}
2026-08-18 05:33:26.2477  INFO 66 ClientNotesApi | Got 1 notes, e.g. 55fab38b12794a8282828bae5dc01709. (0ms)
2026-08-18 05:33:26.2500  INFO 44 ClientNotesApi | Found 99 notes and 12 facets. (21ms) {"sort":"placement","filters":[{"field":"notebook","value":"3b3966aeb7bc46e7b3324523911bd52c"}],"query":"","noteFields":["id","revision","created","createdBy","modified","modifiedBy","isTrashed","isDeleted","noteKind","content","style","anchors","tags","placement","role","labels","clipping","anchorIndex"],"noteLimit":100,"previousNoteLimit":100,"start":{"noteId":"660adcfb64aa4b8eabd8d56162deef91"},"noteTotalField":true,"facets":[{"field":"noteKind"},{"field":"anchorResource","termLimit":30},{"field":"anchorBibleBook","termLimit":120},{"field":"anchorDataType","termLimit":30},{"field":"tag","termLimit":120},{"field":"notebook","termLimit":30},{"field":"author"},{"field":"anchorKind"},{"field":"anchorLanguage","termLimit":30},{"field":"anchorGuideSection","termLimit":30},{"field":"modified"},{"field":"created"}],"userLanguage":"en-CA","tzoMinutes":-240,"anchorSettings":{"textRange":{"targetFields":true,"referenceField":true}}}
2026-08-18 05:33:26.2500  INFO 44 NotesToolViewModel | Found notes in 21ms: {"sort":"placement","filters":[{"field":"notebook","value":"3b3966aeb7bc46e7b3324523911bd52c"}],"query":"","noteFields":["id","revision","created","createdBy","modified","modifiedBy","isTrashed","isDeleted","noteKind","content","style","anchors","tags","placement","role","labels","clipping","anchorIndex"],"noteLimit":100,"previousNoteLimit":100,"start":{"noteId":"660adcfb64aa4b8eabd8d56162deef91"},"noteTotalField":true,"facets":[{"field":"noteKind"},{"field":"anchorResource","termLimit":30},{"field":"anchorBibleBook","termLimit":120},{"field":"anchorDataType","termLimit":30},{"field":"tag","termLimit":120},{"field":"notebook","termLimit":30},{"field":"author"},{"field":"anchorKind"},{"field":"anchorLanguage","termLimit":30},{"field":"anchorGuideSection","termLimit":30},{"field":"modified"},{"field":"created"}],"userLanguage":"en-CA","tzoMinutes":-240,"anchorSettings":{"textRange":{"targetFields":true,"referenceField":true}}}
2026-08-18 05:33:27.8057  INFO 66 ClientNotesApi | Got 1 notebooks, e.g. 3b3966aeb7bc46e7b3324523911bd52c. (0ms)
2026-08-18 05:33:28.5579  INFO 66 ClientNotesApi | Edited 1 notes. (0ms)
2026-08-18 05:33:28.5795  INFO 66 ClientNotesApi | Found 44 notebooks. (0ms) {"sort":"title","notebookFields":["id","title","revision","created","modified","isTrashed","isDeleted","importId","noteCount","role"],"limit":10000,"userLanguage":"en-CA"}
2026-08-18 05:33:28.6046  INFO 44 ClientNotesApi | Found 99 notes and 12 facets. (25ms) {"sort":"placement","filters":[{"field":"notebook","value":"3b3966aeb7bc46e7b3324523911bd52c"}],"query":"","noteFields":["id","revision","created","createdBy","modified","modifiedBy","isTrashed","isDeleted","noteKind","content","style","anchors","tags","placement","role","labels","clipping","anchorIndex"],"noteLimit":100,"previousNoteLimit":100,"start":{"noteId":"660adcfb64aa4b8eabd8d56162deef91"},"noteTotalField":true,"facets":[{"field":"noteKind"},{"field":"anchorResource","termLimit":30},{"field":"anchorBibleBook","termLimit":120},{"field":"anchorDataType","termLimit":30},{"field":"tag","termLimit":120},{"field":"notebook","termLimit":30},{"field":"author"},{"field":"anchorKind"},{"field":"anchorLanguage","termLimit":30},{"field":"anchorGuideSection","termLimit":30},{"field":"modified"},{"field":"created"}],"userLanguage":"en-CA","tzoMinutes":-240,"anchorSettings":{"textRange":{"targetFields":true,"referenceField":true}}}
2026-08-18 05:33:28.6047  INFO 44 NotesToolViewModel | Found notes in 25ms: {"sort":"placement","filters":[{"field":"notebook","value":"3b3966aeb7bc46e7b3324523911bd52c"}],"query":"","noteFields":["id","revision","created","createdBy","modified","modifiedBy","isTrashed","isDeleted","noteKind","content","style","anchors","tags","placement","role","labels","clipping","anchorIndex"],"noteLimit":100,"previousNoteLimit":100,"start":{"noteId":"660adcfb64aa4b8eabd8d56162deef91"},"noteTotalField":true,"facets":[{"field":"noteKind"},{"field":"anchorResource","termLimit":30},{"field":"anchorBibleBook","termLimit":120},{"field":"anchorDataType","termLimit":30},{"field":"tag","termLimit":120},{"field":"notebook","termLimit":30},{"field":"author"},{"field":"anchorKind"},{"field":"anchorLanguage","termLimit":30},{"field":"anchorGuideSection","termLimit":30},{"field":"modified"},{"field":"created"}],"userLanguage":"en-CA","tzoMinutes":-240,"anchorSettings":{"textRange":{"targetFields":true,"referenceField":true}}}
2026-08-18 05:33:28.8958  INFO 66 ClientNotesApi | Got 1 notebooks, e.g. 3b3966aeb7bc46e7b3324523911bd52c. (0ms)
2026-08-18 05:33:30.6467  INFO 1 PanelViewModel | Got NotesTool panel settings for Preferences: IsSidebarExpanded=false|ShowFullAnchorText=true|TextSize=18.666666666666668|ViewMode=full
2026-08-18 05:33:38.5586  INFO 33 SyncManager | Requesting sync on all sync clients
2026-08-18 05:33:38.6572  INFO 33 SyncV3Client | Gathered 1 sync items to submit (not incl. errors): note/4861039793/content
2026-08-18 05:33:39.2941  INFO 33 SyncManager | Finished requesting sync on all sync clients.
2026-08-18 05:33:45.7173  INFO 33 SyncManager | Requesting sync on all sync clients
2026-08-18 05:33:46.0148  INFO 33 SyncManager | Finished requesting sync on all sync clients.
2026-08-18 05:33:48.6016  INFO 66 WebServiceClient | Checking for new license compared to W/"73bc33c9-7b92-45b2-82a1-a9fa0dc2eced"
2026-08-18 05:33:48.6017  INFO 44 ClientNotesApi | Got 1 notebooks, e.g. 3b3966aeb7bc46e7b3324523911bd52c. (0ms)
2026-08-18 05:33:49.0043  INFO 70 WebServiceClient | License check revealed no new license version.
2026-08-18 05:33:49.3217  INFO 70 ClientNotesApi | Edited 1 notes. (0ms)
2026-08-18 05:33:49.3446  INFO 70 ClientNotesApi | Found 44 notebooks. (0ms) {"sort":"title","notebookFields":["id","title","revision","created","modified","isTrashed","isDeleted","importId","noteCount","role"],"limit":10000,"userLanguage":"en-CA"}
2026-08-18 05:33:49.3688  INFO 66 ClientNotesApi | Found 99 notes and 12 facets. (24ms) {"sort":"placement","filters":[{"field":"notebook","value":"3b3966aeb7bc46e7b3324523911bd52c"}],"query":"","noteFields":["id","revision","created","createdBy","modified","modifiedBy","isTrashed","isDeleted","noteKind","content","style","anchors","tags","placement","role","labels","clipping","anchorIndex"],"noteLimit":100,"previousNoteLimit":100,"start":{"noteId":"660adcfb64aa4b8eabd8d56162deef91"},"noteTotalField":true,"facets":[{"field":"noteKind"},{"field":"anchorResource","termLimit":30},{"field":"anchorBibleBook","termLimit":120},{"field":"anchorDataType","termLimit":30},{"field":"tag","termLimit":120},{"field":"notebook","termLimit":30},{"field":"author"},{"field":"anchorKind"},{"field":"anchorLanguage","termLimit":30},{"field":"anchorGuideSection","termLimit":30},{"field":"modified"},{"field":"created"}],"userLanguage":"en-CA","tzoMinutes":-240,"anchorSettings":{"textRange":{"targetFields":true,"referenceField":true}}}
2026-08-18 05:33:49.3689  INFO 66 NotesToolViewModel | Found notes in 24ms: {"sort":"placement","filters":[{"field":"notebook","value":"3b3966aeb7bc46e7b3324523911bd52c"}],"query":"","noteFields":["id","revision","created","createdBy","modified","modifiedBy","isTrashed","isDeleted","noteKind","content","style","anchors","tags","placement","role","labels","clipping","anchorIndex"],"noteLimit":100,"previousNoteLimit":100,"start":{"noteId":"660adcfb64aa4b8eabd8d56162deef91"},"noteTotalField":true,"facets":[{"field":"noteKind"},{"field":"anchorResource","termLimit":30},{"field":"anchorBibleBook","termLimit":120},{"field":"anchorDataType","termLimit":30},{"field":"tag","termLimit":120},{"field":"notebook","termLimit":30},{"field":"author"},{"field":"anchorKind"},{"field":"anchorLanguage","termLimit":30},{"field":"anchorGuideSection","termLimit":30},{"field":"modified"},{"field":"created"}],"userLanguage":"en-CA","tzoMinutes":-240,"anchorSettings":{"textRange":{"targetFields":true,"referenceField":true}}}
2026-08-18 05:33:49.6705  INFO 66 ClientNotesApi | Got 1 notebooks, e.g. 3b3966aeb7bc46e7b3324523911bd52c. (0ms)
2026-08-18 05:33:49.8288  INFO 66 ClientNotesApi | Found 44 notebooks. (0ms) {"sort":"title","notebookFields":["id","title","revision","created","modified","isTrashed","isDeleted","importId","noteCount","role"],"limit":10000,"userLanguage":"en-CA"}
2026-08-18 05:33:49.8468  INFO 66 ClientNotesApi | Got 1 notes, e.g. 55fab38b12794a8282828bae5dc01709. (0ms)
2026-08-18 05:33:49.8494  INFO 70 ClientNotesApi | Found 99 notes and 12 facets. (21ms) {"sort":"placement","filters":[{"field":"notebook","value":"3b3966aeb7bc46e7b3324523911bd52c"}],"query":"","noteFields":["id","revision","created","createdBy","modified","modifiedBy","isTrashed","isDeleted","noteKind","content","style","anchors","tags","placement","role","labels","clipping","anchorIndex"],"noteLimit":100,"previousNoteLimit":100,"start":{"noteId":"660adcfb64aa4b8eabd8d56162deef91"},"noteTotalField":true,"facets":[{"field":"noteKind"},{"field":"anchorResource","termLimit":30},{"field":"anchorBibleBook","termLimit":120},{"field":"anchorDataType","termLimit":30},{"field":"tag","termLimit":120},{"field":"notebook","termLimit":30},{"field":"author"},{"field":"anchorKind"},{"field":"anchorLanguage","termLimit":30},{"field":"anchorGuideSection","termLimit":30},{"field":"modified"},{"field":"created"}],"userLanguage":"en-CA","tzoMinutes":-240,"anchorSettings":{"textRange":{"targetFields":true,"referenceField":true}}}
2026-08-18 05:33:49.8495  INFO 70 NotesToolViewModel | Found notes in 21ms: {"sort":"placement","filters":[{"field":"notebook","value":"3b3966aeb7bc46e7b3324523911bd52c"}],"query":"","noteFields":["id","revision","created","createdBy","modified","modifiedBy","isTrashed","isDeleted","noteKind","content","style","anchors","tags","placement","role","labels","clipping","anchorIndex"],"noteLimit":100,"previousNoteLimit":100,"start":{"noteId":"660adcfb64aa4b8eabd8d56162deef91"},"noteTotalField":true,"facets":[{"field":"noteKind"},{"field":"anchorResource","termLimit":30},{"field":"anchorBibleBook","termLimit":120},{"field":"anchorDataType","termLimit":30},{"field":"tag","termLimit":120},{"field":"notebook","termLimit":30},{"field":"author"},{"field":"anchorKind"},{"field":"anchorLanguage","termLimit":30},{"field":"anchorGuideSection","termLimit":30},{"field":"modified"},{"field":"created"}],"userLanguage":"en-CA","tzoMinutes":-240,"anchorSettings":{"textRange":{"targetFields":true,"referenceField":true}}}
2026-08-18 05:33:51.6570  INFO 70 ClientNotesApi | Got 1 notebooks, e.g. 3b3966aeb7bc46e7b3324523911bd52c. (0ms)
2026-08-18 05:33:52.3890  INFO 66 ClientNotesApi | Edited 1 notes. (1ms)
2026-08-18 05:33:52.4132  INFO 66 ClientNotesApi | Found 44 notebooks. (0ms) {"sort":"title","notebookFields":["id","title","revision","created","modified","isTrashed","isDeleted","importId","noteCount","role"],"limit":10000,"userLanguage":"en-CA"}
2026-08-18 05:33:52.4390  INFO 70 ClientNotesApi | Found 99 notes and 12 facets. (26ms) {"sort":"placement","filters":[{"field":"notebook","value":"3b3966aeb7bc46e7b3324523911bd52c"}],"query":"","noteFields":["id","revision","created","createdBy","modified","modifiedBy","isTrashed","isDeleted","noteKind","content","style","anchors","tags","placement","role","labels","clipping","anchorIndex"],"noteLimit":100,"previousNoteLimit":100,"start":{"noteId":"660adcfb64aa4b8eabd8d56162deef91"},"noteTotalField":true,"facets":[{"field":"noteKind"},{"field":"anchorResource","termLimit":30},{"field":"anchorBibleBook","termLimit":120},{"field":"anchorDataType","termLimit":30},{"field":"tag","termLimit":120},{"field":"notebook","termLimit":30},{"field":"author"},{"field":"anchorKind"},{"field":"anchorLanguage","termLimit":30},{"field":"anchorGuideSection","termLimit":30},{"field":"modified"},{"field":"created"}],"userLanguage":"en-CA","tzoMinutes":-240,"anchorSettings":{"textRange":{"targetFields":true,"referenceField":true}}}
2026-08-18 05:33:52.4391  INFO 70 NotesToolViewModel | Found notes in 26ms: {"sort":"placement","filters":[{"field":"notebook","value":"3b3966aeb7bc46e7b3324523911bd52c"}],"query":"","noteFields":["id","revision","created","createdBy","modified","modifiedBy","isTrashed","isDeleted","noteKind","content","style","anchors","tags","placement","role","labels","clipping","anchorIndex"],"noteLimit":100,"previousNoteLimit":100,"start":{"noteId":"660adcfb64aa4b8eabd8d56162deef91"},"noteTotalField":true,"facets":[{"field":"noteKind"},{"field":"anchorResource","termLimit":30},{"field":"anchorBibleBook","termLimit":120},{"field":"anchorDataType","termLimit":30},{"field":"tag","termLimit":120},{"field":"notebook","termLimit":30},{"field":"author"},{"field":"anchorKind"},{"field":"anchorLanguage","termLimit":30},{"field":"anchorGuideSection","termLimit":30},{"field":"modified"},{"field":"created"}],"userLanguage":"en-CA","tzoMinutes":-240,"anchorSettings":{"textRange":{"targetFields":true,"referenceField":true}}}
2026-08-18 05:33:52.7286  INFO 70 ClientNotesApi | Got 1 notebooks, e.g. 3b3966aeb7bc46e7b3324523911bd52c. (0ms)
2026-08-18 05:33:52.8921  INFO 70 ClientNotesApi | Found 44 notebooks. (0ms) {"sort":"title","notebookFields":["id","title","revision","created","modified","isTrashed","isDeleted","importId","noteCount","role"],"limit":10000,"userLanguage":"en-CA"}
2026-08-18 05:33:52.9099  INFO 70 ClientNotesApi | Got 1 notes, e.g. 55fab38b12794a8282828bae5dc01709. (0ms)
2026-08-18 05:33:52.9127  INFO 66 ClientNotesApi | Found 99 notes and 12 facets. (21ms) {"sort":"placement","filters":[{"field":"notebook","value":"3b3966aeb7bc46e7b3324523911bd52c"}],"query":"","noteFields":["id","revision","created","createdBy","modified","modifiedBy","isTrashed","isDeleted","noteKind","content","style","anchors","tags","placement","role","labels","clipping","anchorIndex"],"noteLimit":100,"previousNoteLimit":100,"start":{"noteId":"660adcfb64aa4b8eabd8d56162deef91"},"noteTotalField":true,"facets":[{"field":"noteKind"},{"field":"anchorResource","termLimit":30},{"field":"anchorBibleBook","termLimit":120},{"field":"anchorDataType","termLimit":30},{"field":"tag","termLimit":120},{"field":"notebook","termLimit":30},{"field":"author"},{"field":"anchorKind"},{"field":"anchorLanguage","termLimit":30},{"field":"anchorGuideSection","termLimit":30},{"field":"modified"},{"field":"created"}],"userLanguage":"en-CA","tzoMinutes":-240,"anchorSettings":{"textRange":{"targetFields":true,"referenceField":true}}}
2026-08-18 05:33:52.9128  INFO 66 NotesToolViewModel | Found notes in 21ms: {"sort":"placement","filters":[{"field":"notebook","value":"3b3966aeb7bc46e7b3324523911bd52c"}],"query":"","noteFields":["id","revision","created","createdBy","modified","modifiedBy","isTrashed","isDeleted","noteKind","content","style","anchors","tags","placement","role","labels","clipping","anchorIndex"],"noteLimit":100,"previousNoteLimit":100,"start":{"noteId":"660adcfb64aa4b8eabd8d56162deef91"},"noteTotalField":true,"facets":[{"field":"noteKind"},{"field":"anchorResource","termLimit":30},{"field":"anchorBibleBook","termLimit":120},{"field":"anchorDataType","termLimit":30},{"field":"tag","termLimit":120},{"field":"notebook","termLimit":30},{"field":"author"},{"field":"anchorKind"},{"field":"anchorLanguage","termLimit":30},{"field":"anchorGuideSection","termLimit":30},{"field":"modified"},{"field":"created"}],"userLanguage":"en-CA","tzoMinutes":-240,"anchorSettings":{"textRange":{"targetFields":true,"referenceField":true}}}
2026-08-18 05:33:54.4789  INFO 1 PanelViewModel | Got NotesTool panel settings for Preferences: IsSidebarExpanded=false|ShowFullAnchorText=true|TextSize=18.666666666666668|ViewMode=full
2026-08-18 05:33:58.6503  INFO 1 PanelViewModel | Got NotesTool panel settings for Snapshot: EditNoteId=55fab38b12794a8282828bae5dc01709|IsEditorFullSize=false|IsSidebarExpanded=false|IsTrashExpanded=false|SelectedNotebookId=3b3966aeb7bc46e7b3324523911bd52c|ShowFullAnchorText=true|Sort=placement|ViewMode=full
2026-08-18 05:33:58.6508  INFO 1 PanelViewModel | Got NotesTool panel settings for History: EditNoteId=55fab38b12794a8282828bae5dc01709|IsEditorFullSize=false|IsSidebarExpanded=false|IsTrashExpanded=false|SelectedNotebookId=3b3966aeb7bc46e7b3324523911bd52c|ShowFullAnchorText=true|Sort=placement|ViewMode=full
2026-08-18 05:34:04.4165  INFO 1 PanelViewModel | Got Resource panel settings for Preferences: MultiViewEnabled=false|MultiViewLayoutIsVertical=false|ParallelResourceSetName=allparallelresources
2026-08-18 05:34:16.1243  INFO 1 PanelViewModel | Got Resource panel settings for Preferences: MultiViewEnabled=false|MultiViewLayoutIsVertical=false|ParallelResourceSetName=allparallelresources
2026-08-18 05:34:19.4808  INFO 33 SyncManager | Requesting sync on all sync clients
2026-08-18 05:34:19.5472  INFO 33 SyncClient | Found 2 items to submit for PreferencesSyncItem
2026-08-18 05:34:19.5472  INFO 33 SyncClient | (Timed) Submitting 2 of 2 items.
2026-08-18 05:34:20.2444  INFO 33 SyncClient | (697ms) Submitting 2 of 2 items.
2026-08-18 05:34:20.2446  INFO 33 SyncClient | Integrated 2 successes, 0 conflicts, and 0 errors.
2026-08-18 05:34:20.2447  INFO 33 SyncClient | Downloading items for PreferencesSyncItem
2026-08-18 05:34:20.4212  INFO 33 SyncClient | New last known milestones: {"itemMilestone":"422700"}
2026-08-18 05:34:20.4938  INFO 33 SyncClient | Found 1 items to submit for HistorySyncItem
2026-08-18 05:34:20.4938  INFO 33 SyncClient | (Timed) Submitting 1 of 1 items.
2026-08-18 05:34:21.0428  INFO 33 SyncClient | (549ms) Submitting 1 of 1 items.
2026-08-18 05:34:21.0431  INFO 33 SyncClient | Integrated 1 successes, 0 conflicts, and 0 errors.
2026-08-18 05:34:21.0434  INFO 33 SyncClient | Downloading items for HistorySyncItem
2026-08-18 05:34:21.2416  INFO 33 SyncClient | New last known milestones: {"itemMilestone":"182214"}
2026-08-18 05:34:21.2426  INFO 33 SyncV3Client | Gathered 1 sync items to submit (not incl. errors): note/4861039793/content
2026-08-18 05:34:21.4121  INFO 33 SyncManager | Finished requesting sync on all sync clients.
2026-08-18 05:34:31.2028  INFO 1 PanelViewModel | Got Resource panel settings for Preferences: MultiViewEnabled=false|MultiViewLayoutIsVertical=false|ParallelResourceSetName=allparallelresources
2026-08-18 05:34:34.7083  INFO 1 PanelViewModel | Got Resource panel settings for Preferences: MultiViewEnabled=false|MultiViewLayoutIsVertical=false|ParallelResourceSetName=allparallelresources
2026-08-18 05:34:41.4586  INFO 1 PanelViewModel | Got Resource panel settings for Preferences: MultiViewEnabled=false|MultiViewLayoutIsVertical=false|ParallelResourceSetName=allparallelresources
2026-08-18 05:34:46.4309  INFO 33 SyncManager | Requesting sync on all sync clients
2026-08-18 05:34:46.5043  INFO 33 SyncClient | Found 2 items to submit for PreferencesSyncItem
2026-08-18 05:34:46.5044  INFO 33 SyncClient | (Timed) Submitting 2 of 2 items.
2026-08-18 05:34:47.0585  INFO 33 SyncClient | (554ms) Submitting 2 of 2 items.
2026-08-18 05:34:47.0587  INFO 33 SyncClient | Integrated 2 successes, 0 conflicts, and 0 errors.
2026-08-18 05:34:47.0587  INFO 33 SyncClient | Downloading items for PreferencesSyncItem
2026-08-18 05:34:47.2508  INFO 33 SyncClient | New last known milestones: {"itemMilestone":"422701"}
2026-08-18 05:34:47.3148  INFO 33 SyncClient | Downloading items for HistorySyncItem
2026-08-18 05:34:47.7438  INFO 33 SyncClient | Unchanged last known milestones: {"itemMilestone":"182214"}
2026-08-18 05:34:47.8671  INFO 33 SyncManager | Finished requesting sync on all sync clients.
2026-08-18 05:34:47.8672  INFO 33 SyncManager | Requesting sync on all sync clients
2026-08-18 05:34:47.9742  INFO 33 SyncManager | Finished requesting sync on all sync clients.
2026-08-18 05:34:48.8982  INFO 1 PanelViewModel | Got Resource panel settings for Preferences: MultiViewEnabled=false|MultiViewLayoutIsVertical=false|ParallelResourceSetName=allparallelresources
2026-08-18 05:34:49.0059  INFO 66 WebServiceClient | Checking for new license compared to W/"73bc33c9-7b92-45b2-82a1-a9fa0dc2eced"
2026-08-18 05:34:49.6036  INFO 44 WebServiceClient | License check revealed no new license version.
2026-08-18 05:34:57.2153  INFO 1 PanelViewModel | Got Resource panel settings for Preferences: MultiViewEnabled=false|MultiViewLayoutIsVertical=false|ParallelResourceSetName=allparallelresources
2026-08-18 05:35:01.7153  INFO 1 PanelViewModel | Got Resource panel settings for Preferences: MultiViewEnabled=false|MultiViewLayoutIsVertical=false|ParallelResourceSetName=allparallelresources
2026-08-18 05:35:08.5777  INFO 1 PanelViewModel | Got Resource panel settings for Preferences: MultiViewEnabled=false|MultiViewLayoutIsVertical=false|ParallelResourceSetName=allparallelresources
2026-08-18 05:35:13.9005  INFO 33 SyncManager | Requesting sync on all sync clients
2026-08-18 05:35:13.9514  INFO 33 SyncClient | Found 2 items to submit for PreferencesSyncItem
2026-08-18 05:35:13.9515  INFO 33 SyncClient | (Timed) Submitting 2 of 2 items.
2026-08-18 05:35:14.0813  INFO 33 SyncClient | (130ms) Submitting 2 of 2 items.
2026-08-18 05:35:14.0815  INFO 33 SyncClient | Integrated 2 successes, 0 conflicts, and 0 errors.
2026-08-18 05:35:14.0815  INFO 33 SyncClient | Downloading items for PreferencesSyncItem
2026-08-18 05:35:14.2839  INFO 33 SyncClient | New last known milestones: {"itemMilestone":"422702"}
2026-08-18 05:35:14.3449  INFO 33 SyncManager | Finished requesting sync on all sync clients.
2026-08-18 05:35:15.1576  INFO 1 PanelViewModel | Got Resource panel settings for Preferences: MultiViewEnabled=false|MultiViewLayoutIsVertical=false|ParallelResourceSetName=allparallelresources
2026-08-18 05:35:30.7939  INFO 44 CorrespondingWordsUserVisualFilter | Calculated markup for LLS:WS_78D4ACD829E74392B4F75C5065979CA9 1847136:7163. (2ms)
2026-08-18 05:35:31.4942  INFO 58 BkHighlightingVisualFilterBase | Calculated markup for LLS:WS_78D4ACD829E74392B4F75C5065979CA9 1847136:7163. (702ms)
2026-08-18 05:35:33.0329  INFO 1 PanelViewModel | Got Resource panel settings for Preferences: MultiViewEnabled=false|MultiViewLayoutIsVertical=false|ParallelResourceSetName=allparallelresources
2026-08-18 05:35:41.6639  INFO 1 PanelViewModel | Got Resource panel settings for Preferences: MultiViewEnabled=false|MultiViewLayoutIsVertical=false|ParallelResourceSetName=allparallelresources
2026-08-18 05:35:42.4998  INFO 33 SyncManager | Requesting sync on all sync clients
2026-08-18 05:35:42.5806  INFO 33 SyncClient | Found 2 items to submit for PreferencesSyncItem
2026-08-18 05:35:42.5807  INFO 33 SyncClient | (Timed) Submitting 2 of 2 items.
2026-08-18 05:35:42.7117  INFO 33 SyncClient | (131ms) Submitting 2 of 2 items.
2026-08-18 05:35:42.7119  INFO 33 SyncClient | Integrated 2 successes, 0 conflicts, and 0 errors.
2026-08-18 05:35:42.7120  INFO 33 SyncClient | Downloading items for PreferencesSyncItem
2026-08-18 05:35:42.8080  INFO 33 SyncClient | New last known milestones: {"itemMilestone":"422703"}
2026-08-18 05:35:42.8643  INFO 1 AppCommand | (Timed) Executing command: Close|Kind=AllPanels
2026-08-18 05:35:42.8869  INFO 33 SyncClient | Found 1 items to submit for ReadingProgressSyncItem
2026-08-18 05:35:42.8870  INFO 33 SyncClient | (Timed) Submitting 1 of 1 items.
2026-08-18 05:35:42.9735  INFO 1 PanelViewModel | Got Resource panel settings for Snapshot: Id=LLS:WS_78D4ACD829E74392B4F75C5065979CA9|Milestone=DataType%3ddayofyear%7cResource%3dLLS:WS_78D4ACD829E74392B4F75C5065979CA9%7cStartSegment%3d1836728%7cVersion%3d2025-09-04T22:30:08Z|MultiViewEnabled=false|MultiViewLayoutIsVertical=false|ParallelResourceSetName=allparallelresources|Position=res/LL
2026-08-18 05:35:42.9736  INFO 1 PanelViewModel | Got Resource panel settings for Snapshot: ActiveLeftSidebarNavigationItem=Contents|ActiveRightSidebarNavigationItem=Translation|AreInterlinearsVisible=true|Id=LLS:1.0.710|Locator=false|Milestone=DataType%3dbible+esv%7cResource%3dLLS:1.0.710%7cStartSegment%3d5138505%7cVersion%3d2026-02-17T13:55:29Z|MultiViewEnabled=true|MultiViewLayoutIsVert
2026-08-18 05:35:42.9859  INFO 1 PanelViewModel | Got Resource panel settings for Snapshot: Id=LLS:WS_78D4ACD829E74392B4F75C5065979CA9|Milestone=DataType%3ddayofyear%7cResource%3dLLS:WS_78D4ACD829E74392B4F75C5065979CA9%7cStartSegment%3d1836728%7cVersion%3d2025-09-04T22:30:08Z|MultiViewEnabled=false|MultiViewLayoutIsVertical=false|ParallelResourceSetName=allparallelresources|Position=res/LL
2026-08-18 05:35:42.9859  INFO 1 PanelViewModel | Got Resource panel settings for Snapshot: ActiveLeftSidebarNavigationItem=Contents|ActiveRightSidebarNavigationItem=Translation|AreInterlinearsVisible=true|Id=LLS:1.0.710|Locator=false|Milestone=DataType%3dbible+esv%7cResource%3dLLS:1.0.710%7cStartSegment%3d5138505%7cVersion%3d2026-02-17T13:55:29Z|MultiViewEnabled=true|MultiViewLayoutIsVert
2026-08-18 05:35:42.9862  INFO 1 PanelViewModel | Got Resource panel settings for History: Id=LLS:WS_78D4ACD829E74392B4F75C5065979CA9|Milestone=DataType%3ddayofyear%7cResource%3dLLS:WS_78D4ACD829E74392B4F75C5065979CA9%7cStartSegment%3d1836728%7cVersion%3d2025-09-04T22:30:08Z|Position=res/LLS:WS_78D4ACD829E74392B4F75C5065979CA9/2025-09-04T22:30:08Z/1846443|Reference=dayofyear.8.18
2026-08-18 05:35:42.9862  INFO 1 PanelViewModel | Got Resource panel settings for History: Id=LLS:1.0.710|Milestone=DataType%3dbible+esv%7cResource%3dLLS:1.0.710%7cStartSegment%3d5138505%7cVersion%3d2026-02-17T13:55:29Z|Position=res/LLS:1.0.710/2026-02-17T13:55:29Z/5138505|Reference=bible+esv.70.4.27
2026-08-18 05:35:42.9917  INFO 1 PanelViewModel | Got Resource panel settings for Preferences: MultiViewEnabled=false|MultiViewLayoutIsVertical=false|ParallelResourceSetName=allparallelresources
2026-08-18 05:35:43.0087  INFO 1 PanelViewModel | Got Resource panel settings for Preferences: ActiveLeftSidebarNavigationItem=Contents|ActiveRightSidebarNavigationItem=Translation|AreInterlinearsVisible=true|Locator=false|MultiViewEnabled=true|MultiViewLayoutIsVertical=false|ParallelResourceSetName=allparallelresources|ReverseInterlinear=true|ReverseInterlinearRows=Surface,MSS,Lemma,Morph,St
2026-08-18 05:35:43.0164  INFO 1 AppCommand | (152ms) Executing command: Close|Kind=AllPanels
2026-08-18 05:35:43.5953  INFO 33 SyncClient | (708ms) Submitting 1 of 1 items.
2026-08-18 05:35:43.5955  INFO 33 SyncClient | Integrated 1 successes, 0 conflicts, and 0 errors.
2026-08-18 05:35:43.5957  INFO 33 SyncClient | Downloading items for ReadingProgressSyncItem
2026-08-18 05:35:43.7755  INFO 33 SyncClient | New last known milestones: {"itemMilestone":"44744814"}
2026-08-18 05:35:43.7760  INFO 33 SyncClient | Found 1 items to submit for HistorySyncItem
2026-08-18 05:35:43.7762  INFO 33 SyncClient | (Timed) Submitting 1 of 1 items.
2026-08-18 05:35:43.9810  INFO 33 SyncClient | (205ms) Submitting 1 of 1 items.
2026-08-18 05:35:43.9813  INFO 33 SyncClient | Integrated 1 successes, 0 conflicts, and 0 errors.
2026-08-18 05:35:43.9818  INFO 33 SyncClient | Downloading items for HistorySyncItem
2026-08-18 05:35:44.1861  INFO 33 SyncClient | New last known milestones: {"itemMilestone":"182215"}
2026-08-18 05:35:44.1890  INFO 33 SyncManager | Finished requesting sync on all sync clients.
2026-08-18 05:35:44.9165  INFO 44 AppMessageProvider | (Timed) Getting app message feed.
2026-08-18 05:35:44.9169  INFO 55 AppMessageProvider | (Timed) Getting app message feed.
2026-08-18 05:35:45.6059  INFO 44 AppMessageProvider | (689ms) Getting app message feed.
2026-08-18 05:35:45.6064  INFO 44 GetStartedProvider | ReadingPlansCard: calling web API.
2026-08-18 05:35:45.6426  INFO 3 AppMessageProvider | (726ms) Getting app message feed.
2026-08-18 05:35:45.6490  INFO 60 HomePageViewModel | (Timed) Finding explore section cards.
2026-08-18 05:35:45.6490  INFO 60 BlogPostCardProvider | (Timed) Getting cards.
2026-08-18 05:35:45.6490  INFO 60 BlogPostCardProvider | (0ms) Getting cards.
2026-08-18 05:35:45.6490  INFO 60 PartnerBrandingBlogPostCardProvider | (Timed) Getting cards.
2026-08-18 05:35:45.6490  INFO 60 PartnerBrandingBlogPostCardProvider | (0ms) Getting cards.
2026-08-18 05:35:45.6490  INFO 60 ProductCardProvider | (Timed) Getting cards.
2026-08-18 05:35:45.6490  INFO 60 ProductCardProvider | (0ms) Getting cards.
2026-08-18 05:35:45.6491  INFO 60 AppMessageCardProvider | (Timed) Getting cards.
2026-08-18 05:35:45.6491  INFO 60 AppMessageCardProvider | (0ms) Getting cards.
2026-08-18 05:35:45.6491  INFO 60 AppSuggestionCardProvider | (Timed) Getting cards.
2026-08-18 05:35:45.6491  INFO 60 AppSuggestionCardProvider | (0ms) Getting cards.
2026-08-18 05:35:45.6491  INFO 60 ExcerptCardProvider | (Timed) Getting cards.
2026-08-18 05:35:45.6491  INFO 60 ExcerptCardProvider | (0ms) Getting cards.
2026-08-18 05:35:45.6491  INFO 60 FromYourLibraryCardProvider | (Timed) Getting cards.
2026-08-18 05:35:45.6491  INFO 60 FromYourLibraryCardProvider | (0ms) Getting cards.
2026-08-18 05:35:45.6491  INFO 60 TodayInChristianHistoryCardProvider | (Timed) Getting cards.
2026-08-18 05:35:45.6491  INFO 60 TodayInChristianHistoryCardProvider | (0ms) Getting cards.
2026-08-18 05:35:45.6491  INFO 60 TrainingVideoCardProvider | (Timed) Getting cards.
2026-08-18 05:35:45.6491  INFO 60 TrainingVideoCardProvider | (0ms) Getting cards.
2026-08-18 05:35:45.6491  INFO 60 VerseOfTheDayCardProvider | (Timed) Getting cards.
2026-08-18 05:35:45.6491  INFO 60 VerseOfTheDayCardProvider | (0ms) Getting cards.
2026-08-18 05:35:45.6492  INFO 60 WorkflowSuggestionCardProvider | (Timed) Getting cards.
2026-08-18 05:35:45.6492  INFO 60 WorkflowSuggestionCardProvider | (0ms) Getting cards.
2026-08-18 05:35:45.6492  INFO 60 HomePageViewModel | (0ms) Finding explore section cards.
2026-08-18 05:35:46.8304  INFO 33 SyncManager | Requesting sync on all sync clients
2026-08-18 05:35:46.8880  INFO 33 SyncClient | Found 1 items to submit for PreferencesSyncItem
2026-08-18 05:35:46.8881  INFO 33 SyncClient | (Timed) Submitting 1 of 1 items.
2026-08-18 05:35:47.0514  INFO 33 SyncClient | (163ms) Submitting 1 of 1 items.
2026-08-18 05:35:47.0515  INFO 33 SyncClient | Integrated 1 successes, 0 conflicts, and 0 errors.
2026-08-18 05:35:47.0515  INFO 33 SyncClient | Downloading items for PreferencesSyncItem
2026-08-18 05:35:47.1851  INFO 33 SyncClient | New last known milestones: {"itemMilestone":"422704"}
2026-08-18 05:35:47.2346  INFO 33 SyncClient | Downloading items for ReadingProgressSyncItem
2026-08-18 05:35:47.3306  INFO 33 SyncClient | Unchanged last known milestones: {"itemMilestone":"44744814"}
2026-08-18 05:35:47.3311  INFO 33 SyncClient | Downloading items for HistorySyncItem
2026-08-18 05:35:47.4327  INFO 33 SyncClient | Unchanged last known milestones: {"itemMilestone":"182215"}
2026-08-18 05:35:47.4341  INFO 33 SyncManager | Finished requesting sync on all sync clients.
2026-08-18 05:35:48.5791  INFO 1 AppCommand | (Timed) Executing command: Resource|Id=LLS:PROVPEARSON02|Reference=dayofyear.8.18
2026-08-18 05:35:48.5808  INFO 1 PanelViewModel | Applying Resource panel settings for Preferences: Locator=false|TextSize=14.666666666666666
2026-08-18 05:35:48.5809  INFO 1 PanelViewModel | Updated Resource panel text size to 14.666666666666666.
2026-08-18 05:35:48.5809  INFO 1 PanelViewModel | Navigating Resource panel to: Id=LLS:PROVPEARSON02|Reference=dayofyear.8.18
2026-08-18 05:35:48.5809  INFO 1 PanelViewModel | Applying Resource panel settings for Bookmark: Id=LLS:PROVPEARSON02|Reference=dayofyear.8.18
2026-08-18 05:35:48.5841  INFO 3 ResourcePanelMultiResourceConfigViewModel | Found 40 potential guest resources. (0ms)
2026-08-18 05:35:48.6106  INFO 1 ResourcePanelViewModel | Updating 1 ResourceViewModels for host: LLS:PROVPEARSON02 with configuration: LLS:PROVPEARSON02
2026-08-18 05:35:48.6163  INFO 1 PanelViewModel | Applying Resource panel settings for Preferences: Milestone=DataType%3ddayofyear%7cResource%3dLLS:PROVPEARSON02%7cStartSegment%3d129152%7cVersion%3d2012-12-20T20:54:11Z|MultiViewEnabled=false|MultiViewLayoutIsVertical=false|Position=res/LLS:PROVPEARSON02/2012-12-20T20:54:11Z/129152|Reference=dayofyear.8.18|RightContents=false
2026-08-18 05:35:48.6170  INFO 1 PanelViewModel | Updated Resource panel text size to 16.
2026-08-18 05:35:48.6225  INFO 58 SeriesResourceCache | Opened 2 SRA resources in series (with LLS:PROVPEARSON02): LLS:PROVPEARSON01 LLS:PROVPEARSON02
2026-08-18 05:35:48.6337  INFO 60 ContextInformationCache | (Timed) Initializing cache
2026-08-18 05:35:48.6342  INFO 60 ContextInformationCache | GetArticleInformation took 00:00:00.0004901
2026-08-18 05:35:48.6342  INFO 60 ContextInformationCache | (1ms) Initializing cache
2026-08-18 05:35:48.6451  INFO 1 PanelViewModel | Got Resource panel settings for History: Id=LLS:PROVPEARSON02|Milestone=DataType%3ddayofyear%7cResource%3dLLS:PROVPEARSON02%7cStartSegment%3d129152%7cVersion%3d2012-12-20T20:54:11Z|Position=res/LLS:PROVPEARSON02/2012-12-20T20:54:11Z/129152|Reference=dayofyear.8.18
2026-08-18 05:35:48.645 Logos[96105:8726611] <VariableDividerWidthSplitView: 0x1340f4efe40>: the delegate <ResourcePanelController: 0x13405568340> was sent -splitView:resizeSubviewsWithOldSize: and left the arranged view frames in an inconsistent state:
2026-08-18 05:35:48.645 Logos[96105:8726611] Split view bounds: {{0, 0}, {694.16666666666913, 792.08333333330324}}
2026-08-18 05:35:48.645 Logos[96105:8726611]     Arranged view frame: {{0, 0}, {0, 100}}
2026-08-18 05:35:48.645 Logos[96105:8726611]     Arranged view frame: {{0, 0}, {100, 100}}
2026-08-18 05:35:48.646 Logos[96105:8726611]     Arranged view frame: {{0, 0}, {0, 100}}
2026-08-18 05:35:48.646 Logos[96105:8726611] The outer edges of the arranged view frames are supposed to line up with the split view's bounds' edges. NSSplitView is working around the problem, perhaps at the cost of more redrawing. (This message is only logged once per NSSplitView.)
2026-08-18 05:35:48.646 Logos[96105:8726611] The arranged view frames are not in the same order as the arranged views array. NSSplitView requires that these orders be kept consistent, otherwise behavior is undefined.
2026-08-18 05:35:48.646 Logos[96105:8726611] <NSSplitView: 0x1340f4d57c0>: the delegate <ResourcePanelController: 0x13405568340> was sent -splitView:resizeSubviewsWithOldSize: and left the arranged view frames in an inconsistent state:
2026-08-18 05:35:48.646 Logos[96105:8726611] Split view bounds: {{0, 0}, {694.16666666666913, 792.08333333330324}}
2026-08-18 05:35:48.646 Logos[96105:8726611]     Arranged view frame: {{0, 0}, {695, 792.08333333330324}}
2026-08-18 05:35:48.646 Logos[96105:8726611] The outer edges of the arranged view frames are supposed to line up with the split view's bounds' edges. NSSplitView is working around the problem, perhaps at the cost of more redrawing. (This message is only logged once per NSSplitView.)
2026-08-18 05:35:48.6607  INFO 1 AppCommand | (82ms) Executing command: Resource|Id=LLS:PROVPEARSON02|Reference=dayofyear.8.18
2026-08-18 05:35:48.6779  INFO 1 NotesToolUserVisualFilterProvider | Markup needed for LLS:PROVPEARSON02 129152:135.
2026-08-18 05:35:48.6784  INFO 41 CorrespondingWordsUserVisualFilter | Calculated markup for LLS:PROVPEARSON02 129152:135. (0ms)
2026-08-18 05:35:48.6786  INFO 1 NotesToolUserVisualFilterProvider | Markup needed for LLS:PROVPEARSON02 129287:527.
2026-08-18 05:35:48.6787  INFO 3 CorrespondingWordsUserVisualFilter | Calculated markup for LLS:PROVPEARSON02 129287:527. (0ms)
2026-08-18 05:35:48.6790  INFO 1 NotesToolUserVisualFilterProvider | Markup needed for LLS:PROVPEARSON02 129814:629.
2026-08-18 05:35:48.6792  INFO 54 CorrespondingWordsUserVisualFilter | Calculated markup for LLS:PROVPEARSON02 129814:629. (0ms)
2026-08-18 05:35:48.6797  INFO 1 NotesToolUserVisualFilterProvider | Markup needed for LLS:PROVPEARSON02 130443:1277.
2026-08-18 05:35:48.6797  INFO 41 CorrespondingWordsUserVisualFilter | Calculated markup for LLS:PROVPEARSON02 130443:1277. (0ms)
2026-08-18 05:35:48.7683  INFO 41 FilteringResourceViewComponent | (Timed) Updating resource filter
2026-08-18 05:35:48.7686  INFO 47 FilteringResourceViewComponent | (0ms) Updating resource filter
2026-08-18 05:35:48.7688  INFO 1 PanelViewModel | Got Resource panel settings for History: Id=LLS:PROVPEARSON02|Milestone=DataType%3ddayofyear%7cResource%3dLLS:PROVPEARSON02%7cStartSegment%3d129152%7cVersion%3d2012-12-20T20:54:11Z|Position=res/LLS:PROVPEARSON02/2012-12-20T20:54:11Z/129152|Reference=dayofyear.8.18
2026-08-18 05:35:48.7716  INFO 3 NotesDigitalLibraryService | Cached all 190 milestones for LLS:PROVPEARSON02 2012-12-20T20:54:11Z. (0ms)
2026-08-18 05:35:48.7718  INFO 48 NotesToolUserVisualFilterProvider | Got 0 notes markups for LLS:PROVPEARSON02 129152:2568. (3ms)
2026-08-18 05:35:48.7718  INFO 3 NotesToolUserVisualFilterProvider | Got 0 notes markups for LLS:PROVPEARSON02 0:2147483647. (3ms)
2026-08-18 05:35:48.8861  INFO 47 BkHighlightingVisualFilterBase | Calculated markup for LLS:PROVPEARSON02 129152:135. (208ms)
2026-08-18 05:35:48.8864  INFO 3 BkHighlightingVisualFilterBase | Calculated markup for LLS:PROVPEARSON02 129814:629. (207ms)
2026-08-18 05:35:48.8866  INFO 54 BkHighlightingVisualFilterBase | Calculated markup for LLS:PROVPEARSON02 130443:1277. (207ms)
2026-08-18 05:35:48.8866  INFO 48 BkHighlightingVisualFilterBase | Calculated markup for LLS:PROVPEARSON02 129287:527. (208ms)
2026-08-18 05:35:49.6056  INFO 54 WebServiceClient | Checking for new license compared to W/"73bc33c9-7b92-45b2-82a1-a9fa0dc2eced"
2026-08-18 05:35:50.1021  INFO 48 WebServiceClient | License check revealed no new license version.
2026-08-18 05:35:50.7698  INFO 1 PanelViewModel | Got Resource panel settings for Preferences: MultiViewEnabled=false|MultiViewLayoutIsVertical=false|RightContents=false
2026-08-18 05:52:52.2698  INFO 33 SyncManager | Requesting sync on all sync clients
2026-08-18 05:52:52.3243  INFO 33 SyncClient | Found 1 items to submit for PreferencesSyncItem
2026-08-18 05:52:52.3244  INFO 33 SyncClient | (Timed) Submitting 1 of 1 items.
2026-08-18 05:52:57.7605  INFO 1 LDLS4.AppModel | Converting navigation request for reference Pr 22:5 to keylink.
2026-08-18 05:52:57.7635  INFO 1 PanelViewModel | Applying Resource panel settings for Preferences: Locator=false|TextSize=14.666666666666666
2026-08-18 05:52:57.7636  INFO 1 PanelViewModel | Updated Resource panel text size to 14.666666666666666.
2026-08-18 05:52:57.7636  INFO 1 PanelViewModel | Navigating Resource panel to: HeadwordLanguage=|Id=LLS:1.0.710|Milestone=DataType%3dbible+esv%7cResource%3dLLS:1.0.710%7cStartSegment%3d3396080%7cVersion%3d2026-02-17T13:55:29Z|Reference=bible.20.22.5|SourcePanelId=a2204198-5599-4e6d-9a5f-9cff6b4c6278
2026-08-18 05:52:57.7637  INFO 1 PanelViewModel | Applying Resource panel settings for Bookmark: HeadwordLanguage=|Id=LLS:1.0.710|Milestone=DataType%3dbible+esv%7cResource%3dLLS:1.0.710%7cStartSegment%3d3396080%7cVersion%3d2026-02-17T13:55:29Z|Reference=bible.20.22.5|SourcePanelId=a2204198-5599-4e6d-9a5f-9cff6b4c6278
2026-08-18 05:52:57.7653  INFO 3 ResourcePanelMultiResourceConfigViewModel | Found 3371 potential guest resources. (1ms)
2026-08-18 05:52:57.7836  INFO 1 ResourcePanelViewModel | Updating 1 ResourceViewModels for host: LLS:1.0.710 with configuration: LLS:1.0.710
2026-08-18 05:52:57.7895  INFO 1 PanelViewModel | Applying Resource panel settings for Preferences: ActiveLeftSidebarNavigationItem=Contents|ActiveRightSidebarNavigationItem=Translation|AreInterlinearsVisible=true|Locator=false|Milestone=DataType%3dbible+esv%7cResource%3dLLS:1.0.710%7cStartSegment%3d5138505%7cVersion%3d2026-02-17T13:55:29Z|MultiViewEnabled=true|MultiViewLayoutIsVertical=false|Para
2026-08-18 05:52:57.7903  INFO 1 PanelViewModel | Updated Resource panel text size to 16.
2026-08-18 05:52:57.8005  INFO 48 LocalFileDatabase | Connection opened (0ms): /Users/mjwebster/Library/Application Support/Logos4/Documents/wq8ubj9r.32o/Documents/DocumentInfo.db
2026-08-18 05:52:57.8005  INFO 58 LocalFileDatabase | Connection opened (0ms): /Users/mjwebster/Library/Application Support/Logos4/Documents/wq8ubj9r.32o/Documents/DocumentInfo.db
2026-08-18 05:52:57.8005  INFO 55 LocalFileDatabase | Connection opened (0ms): /Users/mjwebster/Library/Application Support/Logos4/Documents/wq8ubj9r.32o/Documents/DocumentInfo.db
2026-08-18 05:52:57.8008  INFO 66 LibrarySearcher | (Timed) Searching SingleResource for: lemma.h:אֵיפָה
2026-08-18 05:52:57.8008  INFO 41 LibrarySearcher | (Timed) Searching SingleResource for: lemma.h:=יהוה
2026-08-18 05:52:57.8008  INFO 47 LibrarySearcher | (Timed) Searching SingleResource for: lemma.h:אֶ֫רֶץ
2026-08-18 05:52:57.8088  INFO 66 SimpleQueryUtility | (Timed) Performing section search
2026-08-18 05:52:57.8088  INFO 47 SimpleQueryUtility | (Timed) Performing section search
2026-08-18 05:52:57.8088  INFO 41 SimpleQueryUtility | (Timed) Performing section search
2026-08-18 05:52:57.8101  INFO 66 SimpleQueryUtility | (1ms) Performing section search
2026-08-18 05:52:57.8102  INFO 47 SimpleQueryUtility | (1ms) Performing section search
2026-08-18 05:52:57.8103  INFO 66 LibrarySearcher | (9ms) Searching SingleResource for: lemma.h:אֵיפָה
2026-08-18 05:52:57.8103  INFO 66 VisualFilterDocumentUserVisualFilterManager | Found 40 results in LLS:1.0.710 (9ms): lemma.h:אֵיפָה
2026-08-18 05:52:57.8105  INFO 47 LibrarySearcher | (10ms) Searching SingleResource for: lemma.h:אֶ֫רֶץ
2026-08-18 05:52:57.8105  INFO 41 SimpleQueryUtility | (2ms) Performing section search
2026-08-18 05:52:57.8106  INFO 66 LibrarySearcher | (Timed) Searching SingleResource for: lemma.h:הִין
2026-08-18 05:52:57.8109  INFO 47 VisualFilterDocumentUserVisualFilterManager | Found 2509 results in LLS:1.0.710 (10ms): lemma.h:אֶ֫רֶץ
2026-08-18 05:52:57.8110  INFO 41 LibrarySearcher | (10ms) Searching SingleResource for: lemma.h:=יהוה
2026-08-18 05:52:57.8147  INFO 41 VisualFilterDocumentUserVisualFilterManager | Found 6828 results in LLS:1.0.710 (13ms): lemma.h:=יהוה
2026-08-18 05:52:57.8152  INFO 47 LibrarySearcher | (Timed) Searching SingleResource for: lemma.g:αἰών
2026-08-18 05:52:57.8152  INFO 66 SimpleQueryUtility | (Timed) Performing section search
2026-08-18 05:52:57.8154  INFO 66 SimpleQueryUtility | (0ms) Performing section search
2026-08-18 05:52:57.8156  INFO 66 LibrarySearcher | (5ms) Searching SingleResource for: lemma.h:הִין
2026-08-18 05:52:57.8156  INFO 66 VisualFilterDocumentUserVisualFilterManager | Found 22 results in LLS:1.0.710 (4ms): lemma.h:הִין
2026-08-18 05:52:57.8157  INFO 66 LibrarySearcher | (Timed) Searching SingleResource for: lemma.h:לֹג
2026-08-18 05:52:57.8165  INFO 47 SimpleQueryUtility | (Timed) Performing section search
2026-08-18 05:52:57.8165  INFO 66 SimpleQueryUtility | (Timed) Performing section search
2026-08-18 05:52:57.8167  INFO 58 ContextInformationCache | (Timed) Initializing cache
2026-08-18 05:52:57.8170  INFO 66 SimpleQueryUtility | (0ms) Performing section search
2026-08-18 05:52:57.8172  INFO 66 LibrarySearcher | (1ms) Searching SingleResource for: lemma.h:לֹג
2026-08-18 05:52:57.8172  INFO 66 VisualFilterDocumentUserVisualFilterManager | Found 5 results in LLS:1.0.710 (1ms): lemma.h:לֹג
2026-08-18 05:52:57.8172  INFO 47 SimpleQueryUtility | (1ms) Performing section search
2026-08-18 05:52:57.8175  INFO 47 LibrarySearcher | (2ms) Searching SingleResource for: lemma.g:αἰών
2026-08-18 05:52:57.8175  INFO 47 VisualFilterDocumentUserVisualFilterManager | Found 124 results in LLS:1.0.710 (2ms): lemma.g:αἰών
2026-08-18 05:52:57.8176  INFO 41 LibrarySearcher | (Timed) Searching SingleResource for: lemma.h:אֱלֹהִים
2026-08-18 05:52:57.8177  INFO 66 LibrarySearcher | (Timed) Searching SingleResource for: lemma.h:עֹ֫מֶר.2
2026-08-18 05:52:57.8178  INFO 47 LibrarySearcher | (Timed) Searching SingleResource for: lemma.g:κόσμος
2026-08-18 05:52:57.8227  INFO 41 SimpleQueryUtility | (Timed) Performing section search
2026-08-18 05:52:57.8228  INFO 66 SimpleQueryUtility | (Timed) Performing section search
2026-08-18 05:52:57.8229  INFO 47 SimpleQueryUtility | (Timed) Performing section search
2026-08-18 05:52:57.8229  INFO 66 SimpleQueryUtility | (0ms) Performing section search
2026-08-18 05:52:57.8230  INFO 66 LibrarySearcher | (5ms) Searching SingleResource for: lemma.h:עֹ֫מֶר.2
2026-08-18 05:52:57.8230  INFO 41 SimpleQueryUtility | (0ms) Performing section search
2026-08-18 05:52:57.8230  INFO 66 VisualFilterDocumentUserVisualFilterManager | Found 6 results in LLS:1.0.710 (5ms): lemma.h:עֹ֫מֶר.2
2026-08-18 05:52:57.8232  INFO 47 SimpleQueryUtility | (0ms) Performing section search
2026-08-18 05:52:57.8232  INFO 66 LibrarySearcher | (Timed) Searching SingleResource for: lemma.h:סְאָה
2026-08-18 05:52:57.8233  INFO 47 LibrarySearcher | (6ms) Searching SingleResource for: lemma.g:κόσμος
2026-08-18 05:52:57.8234  INFO 47 VisualFilterDocumentUserVisualFilterManager | Found 185 results in LLS:1.0.710 (5ms): lemma.g:κόσμος
2026-08-18 05:52:57.8236  INFO 41 LibrarySearcher | (6ms) Searching SingleResource for: lemma.h:אֱלֹהִים
2026-08-18 05:52:57.8236  INFO 47 LibrarySearcher | (Timed) Searching SingleResource for: lemma.h:מַלְאָךְ
2026-08-18 05:52:57.8239  INFO 41 VisualFilterDocumentUserVisualFilterManager | Found 2604 results in LLS:1.0.710 (6ms): lemma.h:אֱלֹהִים
2026-08-18 05:52:57.8241  INFO 47 SimpleQueryUtility | (Timed) Performing section search
2026-08-18 05:52:57.8241  INFO 66 SimpleQueryUtility | (Timed) Performing section search
2026-08-18 05:52:57.8244  INFO 66 SimpleQueryUtility | (0ms) Performing section search
2026-08-18 05:52:57.8245  INFO 47 SimpleQueryUtility | (0ms) Performing section search
2026-08-18 05:52:57.8246  INFO 66 LibrarySearcher | (1ms) Searching SingleResource for: lemma.h:סְאָה
2026-08-18 05:52:57.8246  INFO 66 VisualFilterDocumentUserVisualFilterManager | Found 9 results in LLS:1.0.710 (1ms): lemma.h:סְאָה
2026-08-18 05:52:57.8247  INFO 47 LibrarySearcher | (1ms) Searching SingleResource for: lemma.h:מַלְאָךְ
2026-08-18 05:52:57.8248  INFO 47 VisualFilterDocumentUserVisualFilterManager | Found 213 results in LLS:1.0.710 (1ms): lemma.h:מַלְאָךְ
2026-08-18 05:52:57.8250  INFO 66 LibrarySearcher | (Timed) Searching SingleResource for: lemma.h:בַּת.2
2026-08-18 05:52:57.8251  INFO 41 LibrarySearcher | (Timed) Searching SingleResource for: lemma.h:=אָדוֹן
2026-08-18 05:52:57.8252  INFO 47 LibrarySearcher | (Timed) Searching SingleResource for: lemma.g:φιλέω
2026-08-18 05:52:57.8297  INFO 41 SimpleQueryUtility | (Timed) Performing section search
2026-08-18 05:52:57.8298  INFO 66 SimpleQueryUtility | (Timed) Performing section search
2026-08-18 05:52:57.8298  INFO 47 SimpleQueryUtility | (Timed) Performing section search
2026-08-18 05:52:57.8300  INFO 41 SimpleQueryUtility | (0ms) Performing section search
2026-08-18 05:52:57.8300  INFO 47 SimpleQueryUtility | (0ms) Performing section search
2026-08-18 05:52:57.8302  INFO 47 LibrarySearcher | (5ms) Searching SingleResource for: lemma.g:φιλέω
2026-08-18 05:52:57.8302  INFO 47 VisualFilterDocumentUserVisualFilterManager | Found 25 results in LLS:1.0.710 (5ms): lemma.g:φιλέω
2026-08-18 05:52:57.8303  INFO 41 LibrarySearcher | (5ms) Searching SingleResource for: lemma.h:=אָדוֹן
2026-08-18 05:52:57.8303  INFO 66 SimpleQueryUtility | (0ms) Performing section search
2026-08-18 05:52:57.8304  INFO 41 VisualFilterDocumentUserVisualFilterManager | Found 782 results in LLS:1.0.710 (5ms): lemma.h:=אָדוֹן
2026-08-18 05:52:57.8305  INFO 47 LibrarySearcher | (Timed) Searching SingleResource for: lemma.g:ὑπερβολή
2026-08-18 05:52:57.8305  INFO 66 LibrarySearcher | (5ms) Searching SingleResource for: lemma.h:בַּת.2
2026-08-18 05:52:57.8305  INFO 66 VisualFilterDocumentUserVisualFilterManager | Found 13 results in LLS:1.0.710 (5ms): lemma.h:בַּת.2
2026-08-18 05:52:57.8306  INFO 66 LibrarySearcher | (Timed) Searching SingleResource for: lemma.h:קַב
2026-08-18 05:52:57.8308  INFO 41 LibrarySearcher | (Timed) Searching SingleResource for: lemma.g:θεός
2026-08-18 05:52:57.8313  INFO 41 SimpleQueryUtility | (Timed) Performing section search
2026-08-18 05:52:57.8315  INFO 66 SimpleQueryUtility | (Timed) Performing section search
2026-08-18 05:52:57.8316  INFO 47 SimpleQueryUtility | (Timed) Performing section search
2026-08-18 05:52:57.8316  INFO 41 SimpleQueryUtility | (0ms) Performing section search
2026-08-18 05:52:57.8316  INFO 66 SimpleQueryUtility | (0ms) Performing section search
2026-08-18 05:52:57.8317  INFO 66 LibrarySearcher | (1ms) Searching SingleResource for: lemma.h:קַב
2026-08-18 05:52:57.8318  INFO 66 VisualFilterDocumentUserVisualFilterManager | Found 1 results in LLS:1.0.710 (1ms): lemma.h:קַב
2026-08-18 05:52:57.8318  INFO 41 LibrarySearcher | (1ms) Searching SingleResource for: lemma.g:θεός
2026-08-18 05:52:57.8319  INFO 66 LibrarySearcher | (Timed) Searching SingleResource for: lemma.h:כֹּר
2026-08-18 05:52:57.8319  INFO 47 SimpleQueryUtility | (0ms) Performing section search
2026-08-18 05:52:57.8321  INFO 41 VisualFilterDocumentUserVisualFilterManager | Found 1309 results in LLS:1.0.710 (1ms): lemma.g:θεός
2026-08-18 05:52:57.8322  INFO 47 LibrarySearcher | (2ms) Searching SingleResource for: lemma.g:ὑπερβολή
2026-08-18 05:52:57.8322  INFO 47 VisualFilterDocumentUserVisualFilterManager | Found 8 results in LLS:1.0.710 (1ms): lemma.g:ὑπερβολή
2026-08-18 05:52:57.8322  INFO 47 LibrarySearcher | (Timed) Searching SingleResource for: lemma.g:ῥῆμα
2026-08-18 05:52:57.8326  INFO 41 LibrarySearcher | (Timed) Searching SingleResource for: lemma.g:κύριος
2026-08-18 05:52:57.8327  INFO 66 SimpleQueryUtility | (Timed) Performing section search
2026-08-18 05:52:57.8328  INFO 47 SimpleQueryUtility | (Timed) Performing section search
2026-08-18 05:52:57.8329  INFO 66 SimpleQueryUtility | (0ms) Performing section search
2026-08-18 05:52:57.8330  INFO 66 LibrarySearcher | (1ms) Searching SingleResource for: lemma.h:כֹּר
2026-08-18 05:52:57.8330  INFO 66 VisualFilterDocumentUserVisualFilterManager | Found 8 results in LLS:1.0.710 (1ms): lemma.h:כֹּר
2026-08-18 05:52:57.8330  INFO 41 SimpleQueryUtility | (Timed) Performing section search
2026-08-18 05:52:57.8330  INFO 47 SimpleQueryUtility | (0ms) Performing section search
2026-08-18 05:52:57.8331  INFO 66 LibrarySearcher | (Timed) Searching SingleResource for: "sabbath day's"
2026-08-18 05:52:57.8332  INFO 47 LibrarySearcher | (1ms) Searching SingleResource for: lemma.g:ῥῆμα
2026-08-18 05:52:57.8332  INFO 47 VisualFilterDocumentUserVisualFilterManager | Found 67 results in LLS:1.0.710 (0ms): lemma.g:ῥῆμα
2026-08-18 05:52:57.8390  INFO 41 SimpleQueryUtility | (6ms) Performing section search
2026-08-18 05:52:57.8395  INFO 41 LibrarySearcher | (7ms) Searching SingleResource for: lemma.g:κύριος
2026-08-18 05:52:57.8396  INFO 41 VisualFilterDocumentUserVisualFilterManager | Found 713 results in LLS:1.0.710 (7ms): lemma.g:κύριος
2026-08-18 05:52:57.8401  INFO 41 LibrarySearcher | (Timed) Searching SingleResource for: lemma.g:ὕψιστος
2026-08-18 05:52:57.8407  INFO 41 SimpleQueryUtility | (Timed) Performing section search
2026-08-18 05:52:57.8409  INFO 66 SimpleQueryUtility | (Timed) Performing section search
2026-08-18 05:52:57.8410  INFO 41 SimpleQueryUtility | (0ms) Performing section search
2026-08-18 05:52:57.8411  INFO 41 LibrarySearcher | (1ms) Searching SingleResource for: lemma.g:ὕψιστος
2026-08-18 05:52:57.8411  INFO 41 VisualFilterDocumentUserVisualFilterManager | Found 13 results in LLS:1.0.710 (1ms): lemma.g:ὕψιστος
2026-08-18 05:52:57.8412  INFO 41 LibrarySearcher | (Timed) Searching SingleResource for: lemma.g:Ἐμμανουήλ
2026-08-18 05:52:57.8414  INFO 66 SimpleQueryUtility | (1ms) Performing section search
2026-08-18 05:52:57.8417  INFO 66 LibrarySearcher | (9ms) Searching SingleResource for: "sabbath day's"
2026-08-18 05:52:57.8417  INFO 66 VisualFilterDocumentUserVisualFilterManager | Found 1 results in LLS:1.0.710 (8ms): "sabbath day's"
2026-08-18 05:52:57.8417  INFO 66 LibrarySearcher | (Timed) Searching SingleResource for: lemma.g:δίδραχμον
2026-08-18 05:52:57.8421  INFO 41 SimpleQueryUtility | (Timed) Performing section search
2026-08-18 05:52:57.8423  INFO 41 SimpleQueryUtility | (0ms) Performing section search
2026-08-18 05:52:57.8423  INFO 1 PanelViewModel | Got Resource panel settings for History: Id=LLS:1.0.710|Milestone=DataType%3dbible+esv%7cResource%3dLLS:1.0.710%7cStartSegment%3d3396080%7cVersion%3d2026-02-17T13:55:29Z|Position=res/LLS:1.0.710/2026-02-17T13:55:29Z/3396080|Reference=bible+esv.20.22.5
2026-08-18 05:52:57.8425  INFO 41 LibrarySearcher | (1ms) Searching SingleResource for: lemma.g:Ἐμμανουήλ
2026-08-18 05:52:57.8425  INFO 41 VisualFilterDocumentUserVisualFilterManager | Found 1 results in LLS:1.0.710 (1ms): lemma.g:Ἐμμανουήλ
2026-08-18 05:52:57.8425  INFO 66 SimpleQueryUtility | (Timed) Performing section search
2026-08-18 05:52:57.8426  INFO 41 LibrarySearcher | (Timed) Searching SingleResource for: lemma.sesb.h:=יְהוָה
2026-08-18 05:52:57.8427  INFO 66 SimpleQueryUtility | (0ms) Performing section search
2026-08-18 05:52:57.8428  INFO 66 LibrarySearcher | (1ms) Searching SingleResource for: lemma.g:δίδραχμον
2026-08-18 05:52:57.8429  INFO 66 VisualFilterDocumentUserVisualFilterManager | Found 2 results in LLS:1.0.710 (1ms): lemma.g:δίδραχμον
2026-08-18 05:52:57.8429  INFO 66 LibrarySearcher | (Timed) Searching SingleResource for: lemma.g:μνᾶ
2026-08-18 05:52:57.8436  INFO 41 SimpleQueryUtility | (Timed) Performing section search
2026-08-18 05:52:57.8437  INFO 66 SimpleQueryUtility | (Timed) Performing section search
2026-08-18 05:52:57.8440  INFO 66 SimpleQueryUtility | (0ms) Performing section search
2026-08-18 05:52:57.8441  INFO 66 LibrarySearcher | (1ms) Searching SingleResource for: lemma.g:μνᾶ
2026-08-18 05:52:57.8441  INFO 66 VisualFilterDocumentUserVisualFilterManager | Found 9 results in LLS:1.0.710 (1ms): lemma.g:μνᾶ
2026-08-18 05:52:57.8441  INFO 41 SimpleQueryUtility | (0ms) Performing section search
2026-08-18 05:52:57.8442  INFO 66 LibrarySearcher | (Timed) Searching SingleResource for: lemma.g:κοδράντης
2026-08-18 05:52:57.8443  INFO 41 LibrarySearcher | (2ms) Searching SingleResource for: lemma.sesb.h:=יְהוָה
2026-08-18 05:52:57.8443  INFO 41 VisualFilterDocumentUserVisualFilterManager | Found 0 results in LLS:1.0.710 (1ms): lemma.sesb.h:=יְהוָה
2026-08-18 05:52:57.8444  INFO 41 LibrarySearcher | (Timed) Searching SingleResource for: lemma.sesb.h:=אָדֹון
2026-08-18 05:52:57.8450  INFO 66 SimpleQueryUtility | (Timed) Performing section search
2026-08-18 05:52:57.8452  INFO 66 SimpleQueryUtility | (0ms) Performing section search
2026-08-18 05:52:57.8452  INFO 41 SimpleQueryUtility | (Timed) Performing section search
2026-08-18 05:52:57.8452  INFO 66 LibrarySearcher | (1ms) Searching SingleResource for: lemma.g:κοδράντης
2026-08-18 05:52:57.8453  INFO 66 VisualFilterDocumentUserVisualFilterManager | Found 2 results in LLS:1.0.710 (1ms): lemma.g:κοδράντης
2026-08-18 05:52:57.8453  INFO 66 LibrarySearcher | (Timed) Searching SingleResource for: lemma.h:קָנֶה
2026-08-18 05:52:57.8454  INFO 41 SimpleQueryUtility | (0ms) Performing section search
2026-08-18 05:52:57.8455  INFO 41 LibrarySearcher | (1ms) Searching SingleResource for: lemma.sesb.h:=אָדֹון
2026-08-18 05:52:57.8456  INFO 41 VisualFilterDocumentUserVisualFilterManager | Found 0 results in LLS:1.0.710 (1ms): lemma.sesb.h:=אָדֹון
2026-08-18 05:52:57.8456  INFO 41 LibrarySearcher | (Timed) Searching SingleResource for: lemma.sesb.h:=אֱלֹהִים
2026-08-18 05:52:57.8459  INFO 66 SimpleQueryUtility | (Timed) Performing section search
2026-08-18 05:52:57.8462  INFO 41 SimpleQueryUtility | (Timed) Performing section search
2026-08-18 05:52:57.8462  INFO 66 SimpleQueryUtility | (0ms) Performing section search
2026-08-18 05:52:57.8463  INFO 41 SimpleQueryUtility | (0ms) Performing section search
2026-08-18 05:52:57.8463  INFO 66 LibrarySearcher | (1ms) Searching SingleResource for: lemma.h:קָנֶה
2026-08-18 05:52:57.8463  INFO 66 VisualFilterDocumentUserVisualFilterManager | Found 62 results in LLS:1.0.710 (1ms): lemma.h:קָנֶה
2026-08-18 05:52:57.8465  INFO 41 LibrarySearcher | (1ms) Searching SingleResource for: lemma.sesb.h:=אֱלֹהִים
2026-08-18 05:52:57.8465  INFO 41 VisualFilterDocumentUserVisualFilterManager | Found 0 results in LLS:1.0.710 (0ms): lemma.sesb.h:=אֱלֹהִים
2026-08-18 05:52:57.8466  INFO 41 LibrarySearcher | (Timed) Searching SingleResource for: lemma.h:=אֱלוֹהַּ
2026-08-18 05:52:57.8467  INFO 66 LibrarySearcher | (Timed) Searching SingleResource for: lemma.h:גֵּרָה.2
2026-08-18 05:52:57.8506  INFO 41 SimpleQueryUtility | (Timed) Performing section search
2026-08-18 05:52:57.8507  INFO 66 SimpleQueryUtility | (Timed) Performing section search
2026-08-18 05:52:57.8508  INFO 41 SimpleQueryUtility | (0ms) Performing section search
2026-08-18 05:52:57.8508  INFO 66 SimpleQueryUtility | (0ms) Performing section search
2026-08-18 05:52:57.8509  INFO 41 LibrarySearcher | (4ms) Searching SingleResource for: lemma.h:=אֱלוֹהַּ
2026-08-18 05:52:57.8509  INFO 41 VisualFilterDocumentUserVisualFilterManager | Found 58 results in LLS:1.0.710 (4ms): lemma.h:=אֱלוֹהַּ
2026-08-18 05:52:57.8511  INFO 41 LibrarySearcher | (Timed) Searching SingleResource for: lemma.a:אֱלָהּ
2026-08-18 05:52:57.8511  INFO 66 LibrarySearcher | (4ms) Searching SingleResource for: lemma.h:גֵּרָה.2
2026-08-18 05:52:57.8511  INFO 66 VisualFilterDocumentUserVisualFilterManager | Found 5 results in LLS:1.0.710 (4ms): lemma.h:גֵּרָה.2
2026-08-18 05:52:57.8512  INFO 66 LibrarySearcher | (Timed) Searching SingleResource for: lemma.h:בֶּ֫קַע
2026-08-18 05:52:57.8518  INFO 66 SimpleQueryUtility | (Timed) Performing section search
2026-08-18 05:52:57.8519  INFO 66 SimpleQueryUtility | (0ms) Performing section search
2026-08-18 05:52:57.8521  INFO 66 LibrarySearcher | (1ms) Searching SingleResource for: lemma.h:בֶּ֫קַע
2026-08-18 05:52:57.8521  INFO 66 VisualFilterDocumentUserVisualFilterManager | Found 2 results in LLS:1.0.710 (0ms): lemma.h:בֶּ֫קַע
2026-08-18 05:52:57.8521  INFO 41 SimpleQueryUtility | (Timed) Performing section search
2026-08-18 05:52:57.8521  INFO 66 LibrarySearcher | (Timed) Searching SingleResource for: lemma.h:פִּים
2026-08-18 05:52:57.8523  INFO 41 SimpleQueryUtility | (0ms) Performing section search
2026-08-18 05:52:57.8525  INFO 41 LibrarySearcher | (1ms) Searching SingleResource for: lemma.a:אֱלָהּ
2026-08-18 05:52:57.8525  INFO 41 VisualFilterDocumentUserVisualFilterManager | Found 95 results in LLS:1.0.710 (1ms): lemma.a:אֱלָהּ
2026-08-18 05:52:57.8527  INFO 66 SimpleQueryUtility | (Timed) Performing section search
2026-08-18 05:52:57.8529  INFO 66 SimpleQueryUtility | (0ms) Performing section search
2026-08-18 05:52:57.8530  INFO 41 LibrarySearcher | (Timed) Searching SingleResource for: lemma.h:אֵל.5
2026-08-18 05:52:57.8531  INFO 66 LibrarySearcher | (1ms) Searching SingleResource for: lemma.h:פִּים
2026-08-18 05:52:57.8531  INFO 66 VisualFilterDocumentUserVisualFilterManager | Found 1 results in LLS:1.0.710 (0ms): lemma.h:פִּים
2026-08-18 05:52:57.8531  INFO 66 LibrarySearcher | (Timed) Searching SingleResource for: lemma.h:שֶׁ֫קֶל
2026-08-18 05:52:57.8534  INFO 41 SimpleQueryUtility | (Timed) Performing section search
2026-08-18 05:52:57.8536  INFO 41 SimpleQueryUtility | (0ms) Performing section search
2026-08-18 05:52:57.8538  INFO 41 LibrarySearcher | (1ms) Searching SingleResource for: lemma.h:אֵל.5
2026-08-18 05:52:57.8538  INFO 66 SimpleQueryUtility | (Timed) Performing section search
2026-08-18 05:52:57.8538  INFO 41 VisualFilterDocumentUserVisualFilterManager | Found 235 results in LLS:1.0.710 (0ms): lemma.h:אֵל.5
2026-08-18 05:52:57.8540  INFO 66 SimpleQueryUtility | (0ms) Performing section search
2026-08-18 05:52:57.8541  INFO 66 LibrarySearcher | (1ms) Searching SingleResource for: lemma.h:שֶׁ֫קֶל
2026-08-18 05:52:57.8541  INFO 66 VisualFilterDocumentUserVisualFilterManager | Found 88 results in LLS:1.0.710 (1ms): lemma.h:שֶׁ֫קֶל
2026-08-18 05:52:57.8543  INFO 66 LibrarySearcher | (Timed) Searching SingleResource for: lemma.g:λίτρα
2026-08-18 05:52:57.8550  INFO 66 SimpleQueryUtility | (Timed) Performing section search
2026-08-18 05:52:57.8551  INFO 66 SimpleQueryUtility | (0ms) Performing section search
2026-08-18 05:52:57.8553  INFO 66 LibrarySearcher | (1ms) Searching SingleResource for: lemma.g:λίτρα
2026-08-18 05:52:57.8553  INFO 66 VisualFilterDocumentUserVisualFilterManager | Found 2 results in LLS:1.0.710 (0ms): lemma.g:λίτρα
2026-08-18 05:52:57.8553  INFO 66 LibrarySearcher | (Timed) Searching SingleResource for: lemma.h:כִּכָּר
2026-08-18 05:52:57.855 Logos[96105:8726611] <VariableDividerWidthSplitView: 0x1340afca680>: the delegate <ResourcePanelController: 0x13401653c00> was sent -splitView:resizeSubviewsWithOldSize: and left the arranged view frames in an inconsistent state:
2026-08-18 05:52:57.855 Logos[96105:8726611] Split view bounds: {{0, 0}, {694.16666666664037, 754.99999999997135}}
2026-08-18 05:52:57.855 Logos[96105:8726611]     Arranged view frame: {{0, 0}, {0, 100}}
2026-08-18 05:52:57.855 Logos[96105:8726611]     Arranged view frame: {{0, 0}, {100, 100}}
2026-08-18 05:52:57.855 Logos[96105:8726611]     Arranged view frame: {{0, 0}, {0, 100}}
2026-08-18 05:52:57.855 Logos[96105:8726611] The outer edges of the arranged view frames are supposed to line up with the split view's bounds' edges. NSSplitView is working around the problem, perhaps at the cost of more redrawing. (This message is only logged once per NSSplitView.)
2026-08-18 05:52:57.855 Logos[96105:8726611] The arranged view frames are not in the same order as the arranged views array. NSSplitView requires that these orders be kept consistent, otherwise behavior is undefined.
2026-08-18 05:52:57.855 Logos[96105:8726611] <NSSplitView: 0x1340afcad00>: the delegate <ResourcePanelController: 0x13401653c00> was sent -splitView:resizeSubviewsWithOldSize: and left the arranged view frames in an inconsistent state:
2026-08-18 05:52:57.855 Logos[96105:8726611] Split view bounds: {{0, 0}, {694.16666666670619, 754.99999999997146}}
2026-08-18 05:52:57.855 Logos[96105:8726611]     Arranged view frame: {{0, 0}, {695, 754.99999999997146}}
2026-08-18 05:52:57.855 Logos[96105:8726611] The outer edges of the arranged view frames are supposed to line up with the split view's bounds' edges. NSSplitView is working around the problem, perhaps at the cost of more redrawing. (This message is only logged once per NSSplitView.)
2026-08-18 05:52:57.8559  INFO 66 SimpleQueryUtility | (Timed) Performing section search
2026-08-18 05:52:57.8560  INFO 66 SimpleQueryUtility | (0ms) Performing section search
2026-08-18 05:52:57.8562  INFO 66 LibrarySearcher | (1ms) Searching SingleResource for: lemma.h:כִּכָּר
2026-08-18 05:52:57.8562  INFO 66 VisualFilterDocumentUserVisualFilterManager | Found 68 results in LLS:1.0.710 (0ms): lemma.h:כִּכָּר
2026-08-18 05:52:57.8563  INFO 66 LibrarySearcher | (Timed) Searching SingleResource for: lemma.g:τάλαντον
2026-08-18 05:52:57.8570  INFO 66 SimpleQueryUtility | (Timed) Performing section search
2026-08-18 05:52:57.8572  INFO 66 SimpleQueryUtility | (0ms) Performing section search
2026-08-18 05:52:57.8574  INFO 66 LibrarySearcher | (1ms) Searching SingleResource for: lemma.g:τάλαντον
2026-08-18 05:52:57.8574  INFO 66 VisualFilterDocumentUserVisualFilterManager | Found 14 results in LLS:1.0.710 (1ms): lemma.g:τάλαντον
2026-08-18 05:52:57.8575  INFO 66 LibrarySearcher | (Timed) Searching SingleResource for: lemma.g:ταλαντιαῖος
2026-08-18 05:52:57.8582  INFO 66 SimpleQueryUtility | (Timed) Performing section search
2026-08-18 05:52:57.8583  INFO 66 SimpleQueryUtility | (0ms) Performing section search
2026-08-18 05:52:57.8585  INFO 66 LibrarySearcher | (1ms) Searching SingleResource for: lemma.g:ταλαντιαῖος
2026-08-18 05:52:57.8585  INFO 66 VisualFilterDocumentUserVisualFilterManager | Found 1 results in LLS:1.0.710 (1ms): lemma.g:ταλαντιαῖος
2026-08-18 05:52:57.8773  INFO 1 NotesToolUserVisualFilterProvider | Markup needed for LLS:1.0.710 3395720:2729.
2026-08-18 05:52:57.8809  INFO 55 ActiveWordNumbersVisualFilter | Calculated markup for LLS:1.0.710 3395720:2729. (3ms)
2026-08-18 05:52:57.8986  INFO 48 CorrespondingWordsUserVisualFilter | Calculated markup for LLS:1.0.710 3395720:2729. (21ms)
2026-08-18 05:52:57.8999  INFO 60 BkIndicatorVisualFilterBase | Calculated markup for LLS:1.0.710 3395720:2729. (22ms)
2026-08-18 05:52:57.9001  INFO 50 BkIndicatorVisualFilterBase | Calculated markup for LLS:1.0.710 3395720:2729. (22ms)
2026-08-18 05:52:57.9133  INFO 58 ContextInformationCache | GetVerseInformation took 00:00:00.0964623
2026-08-18 05:52:57.9142  INFO 1 ParallelResourceSetsViewModel | Found 91 parallel resources in 1 sets. (72ms)
2026-08-18 05:52:57.9467  INFO 60 FilteringResourceViewComponent | (Timed) Updating resource filter
2026-08-18 05:52:57.9472  INFO 60 FilteringResourceViewComponent | (0ms) Updating resource filter
2026-08-18 05:52:57.9475  INFO 1 PanelViewModel | Got Resource panel settings for History: Id=LLS:1.0.710|Milestone=DataType%3dbible+esv%7cResource%3dLLS:1.0.710%7cStartSegment%3d3396080%7cVersion%3d2026-02-17T13:55:29Z|Position=res/LLS:1.0.710/2026-02-17T13:55:29Z/3396080|Reference=bible+esv.20.22.5
2026-08-18 05:52:57.9553  INFO 48 SqliteNotesClientRepository | Found 42 text range anchor resources. (8ms)
2026-08-18 05:52:57.9556  INFO 48 SqliteNotesClientRepository | Found 9 corpora sets for 42 resources. (0ms)
2026-08-18 05:52:57.9677  INFO 48 SqliteNotesClientRepository | Found 295 text range anchors in 8 matching resources. (11ms)
2026-08-18 05:52:57.9841  INFO 47 AtlasMapsVisualFilter | Calculated markup for LLS:1.0.710 3395720:2729. (106ms)
2026-08-18 05:52:57.9843  INFO 48 SqliteNotesClientRepository | Got 5 word number sets from 5 of 295 text range anchors. (16ms)
2026-08-18 05:52:57.9865  INFO 48 SqliteNotesClientRepository | Got 295 text range sets from word numbers for LLS:1.0.710 2026-02-17T13:55:29Z. (2ms)
2026-08-18 05:52:57.9919  INFO 48 NotesToolUserVisualFilterProvider | Got 450 sympathetic notes markups for LLS:1.0.710 0:2147483647. (45ms)
2026-08-18 05:52:58.0049  INFO 58 ContextInformationCache | GetPericopeInformation took 00:00:00.0914102
2026-08-18 05:52:58.0053  INFO 58 ContextInformationCache | GetArticleInformation took 00:00:00.0003839
2026-08-18 05:52:58.0053  INFO 58 ContextInformationCache | (188ms) Initializing cache
2026-08-18 05:52:58.1430  INFO 54 ClientNotesApi | Got 13 notes markups. (195ms) {"resource":{"id":"LLS:1.0.710","version":"2026-02-17T13:55:29Z"},"ranges":[{"offset":3395720,"length":2729}],"noteFields":["id","placement","style"],"limit":2147483647,"sources":["reference"]}
2026-08-18 05:52:58.1434  INFO 54 NotesToolUserVisualFilterProvider | Got 13 notes markups for LLS:1.0.710 3395720:2729. (196ms)
2026-08-18 05:52:59.0364  INFO 44 VerseOfTheDayVisualFilter | Calculated markup for LLS:1.0.710 3395720:2729. (1157ms)
2026-08-18 05:52:59.5576  INFO 55 ClientNotesApi | Got 9231 notes markups. (1597ms) {"resource":{"id":"LLS:1.0.710","version":"2026-02-17T13:55:29Z"},"ranges":[{"offset":0,"length":2147483647}],"noteFields":["id","placement","style"],"limit":2147483647,"sources":["reference"]}
2026-08-18 05:52:59.5642  INFO 55 NotesToolUserVisualFilterProvider | Got 9702 notes markups for LLS:1.0.710 0:2147483647. (1615ms)
2026-08-18 05:52:59.9519  INFO 1 PanelViewModel | Got Resource panel settings for Preferences: ActiveLeftSidebarNavigationItem=Contents|ActiveRightSidebarNavigationItem=Translation|AreInterlinearsVisible=true|Locator=false|MultiViewEnabled=true|MultiViewLayoutIsVertical=false|ParallelResourceSetName=allparallelresources|ReverseInterlinear=true|ReverseInterlinearRows=Surface,MSS,Lemma,Morph,St
2026-08-18 05:53:04.4898  INFO 67 OtherMediaVisualFilter | Calculated markup for LLS:1.0.710 3395720:2729. (6604ms)
2026-08-18 05:53:25.7772  INFO 1 PanelViewModel | Applying AddNewTab panel settings for Preferences: TextSize=12
2026-08-18 05:53:25.7773  INFO 1 PanelViewModel | Updated AddNewTab panel text size to 12.
2026-08-18 05:53:25.7995  INFO 1 PanelViewModel | Got AddNewTab panel settings for History: 
2026-08-18 05:53:25.9971  INFO 38 LocalFileDatabase | Connection opened (1ms): /Users/mjwebster/Library/Application Support/Logos4/Data/wq8ubj9r.32o/LibraryCatalog/catalog.db
2026-08-18 05:53:25.9971  INFO 9 LocalFileDatabase | Connection opened (1ms): /Users/mjwebster/Library/Application Support/Logos4/Data/wq8ubj9r.32o/LibraryCatalog/catalog.db
2026-08-18 05:53:25.9971  INFO 21 LocalFileDatabase | Connection opened (1ms): /Users/mjwebster/Library/Application Support/Logos4/Data/wq8ubj9r.32o/LibraryCatalog/catalog.db
2026-08-18 05:53:25.9972  INFO 45 LocalFileDatabase | Connection opened (1ms): /Users/mjwebster/Library/Application Support/Logos4/Data/wq8ubj9r.32o/LibraryCatalog/catalog.db
2026-08-18 05:53:25.9971  INFO 22 LocalFileDatabase | Connection opened (1ms): /Users/mjwebster/Library/Application Support/Logos4/Data/wq8ubj9r.32o/LibraryCatalog/catalog.db
2026-08-18 05:53:25.9972  INFO 40 LocalFileDatabase | Connection opened (1ms): /Users/mjwebster/Library/Application Support/Logos4/Data/wq8ubj9r.32o/LibraryCatalog/catalog.db
2026-08-18 05:53:25.9971  INFO 52 LocalFileDatabase | Connection opened (1ms): /Users/mjwebster/Library/Application Support/Logos4/Data/wq8ubj9r.32o/LibraryCatalog/catalog.db
2026-08-18 05:53:25.9972  INFO 49 LocalFileDatabase | Connection opened (1ms): /Users/mjwebster/Library/Application Support/Logos4/Data/wq8ubj9r.32o/LibraryCatalog/catalog.db
2026-08-18 05:53:25.9971  INFO 57 LocalFileDatabase | Connection opened (1ms): /Users/mjwebster/Library/Application Support/Logos4/Data/wq8ubj9r.32o/LibraryCatalog/catalog.db
2026-08-18 05:53:26.2343 ERROR 12 ResourceCoverDownloadManager | Error downloading image from 'https://covers.logoscdn.com/pbb_24034e066ddc4932beba8d453d599173/cover.jpg'; cover image will not be updated.
2026-08-18 05:53:26.3168 ERROR 23 ResourceCoverDownloadManager | Error downloading image from 'https://covers.logoscdn.com/pbb_7de223606c57454a893c3b1ab9af820f/cover.jpg'; cover image will not be updated.
2026-08-18 05:53:26.3995 ERROR 12 ResourceCoverDownloadManager | Error downloading image from 'https://covers.logoscdn.com/pbb_8eb8543647744e8b8f5250b5e5580952/cover.jpg'; cover image will not be updated.
2026-08-18 05:53:28.4171  INFO 1 PanelViewModel | Applying Resource panel settings for Preferences: Locator=false|TextSize=14.666666666666666
2026-08-18 05:53:28.4172  INFO 1 PanelViewModel | Updated Resource panel text size to 14.666666666666666.
2026-08-18 05:53:28.4172  INFO 1 PanelViewModel | Navigating Resource panel to: Id=LLS:1.0.710|SourcePanelId=13b361b8-785f-46c3-9449-b190d3ac179d
2026-08-18 05:53:28.4172  INFO 1 PanelViewModel | Applying Resource panel settings for Bookmark: Id=LLS:1.0.710|SourcePanelId=13b361b8-785f-46c3-9449-b190d3ac179d
2026-08-18 05:53:28.4209  INFO 68 ResourcePanelMultiResourceConfigViewModel | Found 3371 potential guest resources. (3ms)
2026-08-18 05:53:28.4402  INFO 1 ResourcePanelViewModel | Updating 1 ResourceViewModels for host: LLS:1.0.710 with configuration: LLS:1.0.710
2026-08-18 05:53:28.4452  INFO 1 PanelViewModel | Applying Resource panel settings for Preferences: ActiveLeftSidebarNavigationItem=Contents|ActiveRightSidebarNavigationItem=Translation|AreInterlinearsVisible=true|Locator=false|Milestone=DataType%3dbible+esv%7cResource%3dLLS:1.0.710%7cStartSegment%3d3396080%7cVersion%3d2026-02-17T13:55:29Z|MultiViewEnabled=true|MultiViewLayoutIsVertical=false|Para
2026-08-18 05:53:28.4460  INFO 1 PanelViewModel | Updated Resource panel text size to 16.
2026-08-18 05:53:28.4650  INFO 23 ContextInformationCache | (Timed) Initializing cache
2026-08-18 05:53:28.4826  INFO 1 PanelViewModel | Got Resource panel settings for History: Id=LLS:1.0.710|Milestone=DataType%3dbible+esv%7cResource%3dLLS:1.0.710%7cStartSegment%3d3396080%7cVersion%3d2026-02-17T13:55:29Z|Position=res/LLS:1.0.710/2026-02-17T13:55:29Z/3396080|Reference=bible+esv.20.22.5
2026-08-18 05:53:28.484 Logos[96105:8726611] <VariableDividerWidthSplitView: 0x13411c857c0>: the delegate <ResourcePanelController: 0x1340e698ac0> was sent -splitView:resizeSubviewsWithOldSize: and left the arranged view frames in an inconsistent state:
2026-08-18 05:53:28.484 Logos[96105:8726611] Split view bounds: {{0, 0}, {694.16666666664037, 754.99999999997135}}
2026-08-18 05:53:28.484 Logos[96105:8726611]     Arranged view frame: {{0, 0}, {0, 100}}
2026-08-18 05:53:28.484 Logos[96105:8726611]     Arranged view frame: {{0, 0}, {100, 100}}
2026-08-18 05:53:28.484 Logos[96105:8726611]     Arranged view frame: {{0, 0}, {0, 100}}
2026-08-18 05:53:28.484 Logos[96105:8726611] The outer edges of the arranged view frames are supposed to line up with the split view's bounds' edges. NSSplitView is working around the problem, perhaps at the cost of more redrawing. (This message is only logged once per NSSplitView.)
2026-08-18 05:53:28.484 Logos[96105:8726611] The arranged view frames are not in the same order as the arranged views array. NSSplitView requires that these orders be kept consistent, otherwise behavior is undefined.
2026-08-18 05:53:28.485 Logos[96105:8726611] <NSSplitView: 0x13411c83dc0>: the delegate <ResourcePanelController: 0x1340e698ac0> was sent -splitView:resizeSubviewsWithOldSize: and left the arranged view frames in an inconsistent state:
2026-08-18 05:53:28.485 Logos[96105:8726611] Split view bounds: {{0, 0}, {694.16666666670619, 754.99999999997146}}
2026-08-18 05:53:28.485 Logos[96105:8726611]     Arranged view frame: {{0, 0}, {695, 754.99999999997146}}
2026-08-18 05:53:28.485 Logos[96105:8726611] The outer edges of the arranged view frames are supposed to line up with the split view's bounds' edges. NSSplitView is working around the problem, perhaps at the cost of more redrawing. (This message is only logged once per NSSplitView.)
2026-08-18 05:53:28.5275  INFO 81 ActiveWordNumbersVisualFilter | Calculated markup for LLS:1.0.710 3395720:2729. (8ms)
2026-08-18 05:53:28.5374  INFO 79 BkIndicatorVisualFilterBase | Calculated markup for LLS:1.0.710 3395720:2729. (18ms)
2026-08-18 05:53:28.5377  INFO 6 BkIndicatorVisualFilterBase | Calculated markup for LLS:1.0.710 3395720:2729. (18ms)
2026-08-18 05:53:28.5416  INFO 75 CorrespondingWordsUserVisualFilter | Calculated markup for LLS:1.0.710 3395720:2729. (22ms)
2026-08-18 05:53:28.5602  INFO 23 ContextInformationCache | GetVerseInformation took 00:00:00.0951567
2026-08-18 05:53:28.5609  INFO 1 ParallelResourceSetsViewModel | Found 91 parallel resources in 1 sets. (79ms)
2026-08-18 05:53:28.5921  INFO 82 AtlasMapsVisualFilter | Calculated markup for LLS:1.0.710 3395720:2729. (72ms)
2026-08-18 05:53:28.6085  INFO 6 FilteringResourceViewComponent | (Timed) Updating resource filter
2026-08-18 05:53:28.6091  INFO 6 FilteringResourceViewComponent | (1ms) Updating resource filter
2026-08-18 05:53:28.6094  INFO 1 PanelViewModel | Got Resource panel settings for History: Id=LLS:1.0.710|Milestone=DataType%3dbible+esv%7cResource%3dLLS:1.0.710%7cStartSegment%3d3396080%7cVersion%3d2026-02-17T13:55:29Z|Position=res/LLS:1.0.710/2026-02-17T13:55:29Z/3396080|Reference=bible+esv.20.22.5
2026-08-18 05:53:28.6187  INFO 23 ContextInformationCache | GetPericopeInformation took 00:00:00.0584468
2026-08-18 05:53:28.6191  INFO 23 ContextInformationCache | GetArticleInformation took 00:00:00.0003770
2026-08-18 05:53:28.6192  INFO 23 ContextInformationCache | (154ms) Initializing cache
2026-08-18 05:53:28.9167  INFO 23 VerseOfTheDayVisualFilter | Calculated markup for LLS:1.0.710 3395720:2729. (397ms)
2026-08-18 05:53:30.9045  INFO 1 PanelViewModel | Got Resource panel settings for Preferences: ActiveLeftSidebarNavigationItem=Contents|ActiveRightSidebarNavigationItem=Translation|AreInterlinearsVisible=true|Locator=false|MultiViewEnabled=true|MultiViewLayoutIsVertical=false|ParallelResourceSetName=allparallelresources|ReverseInterlinear=true|ReverseInterlinearRows=Surface,MSS,Lemma,Morph,St
2026-08-18 05:53:31.0533  INFO 1 PanelViewModel | Got Resource panel settings for Snapshot: ActiveLeftSidebarNavigationItem=Contents|ActiveRightSidebarNavigationItem=Translation|AreInterlinearsVisible=true|Id=LLS:1.0.710|Locator=false|Milestone=DataType%3dbible+esv%7cResource%3dLLS:1.0.710%7cStartSegment%3d3396374%7cVersion%3d2026-02-17T13:55:29Z|MultiViewEnabled=true|MultiViewLayoutIsVert
2026-08-18 05:53:31.0535  INFO 1 PanelViewModel | Got Resource panel settings for History: Id=LLS:1.0.710|Milestone=DataType%3dbible+esv%7cResource%3dLLS:1.0.710%7cStartSegment%3d3396374%7cVersion%3d2026-02-17T13:55:29Z|Position=res/LLS:1.0.710/2026-02-17T13:55:29Z/3396374|Reference=bible+esv.20.22.8
2026-08-18 05:53:31.0572  INFO 1 PanelViewModel | Got Resource panel settings for Preferences: ActiveLeftSidebarNavigationItem=Contents|ActiveRightSidebarNavigationItem=Translation|AreInterlinearsVisible=true|Locator=false|MultiViewEnabled=true|MultiViewLayoutIsVertical=false|ParallelResourceSetName=allparallelresources|ReverseInterlinear=true|ReverseInterlinearRows=Surface,MSS,Lemma,Morph,St
2026-08-18 05:53:32.5936  INFO 1 PanelViewModel | Applying AddNewTab panel settings for Preferences: TextSize=12
2026-08-18 05:53:32.5936  INFO 1 PanelViewModel | Updated AddNewTab panel text size to 12.
2026-08-18 05:53:32.6058  INFO 1 PanelViewModel | Got AddNewTab panel settings for History: 
2026-08-18 05:53:33.9516 ERROR 73 PersistedAmplitudeReporter | Error submitting to Amplitude - System.Net.Http.HttpRequestException: An error occurred while sending the request.
2026-08-18 05:53:39.4423  INFO 1 PanelViewModel | Applying Resource panel settings for Preferences: Locator=false|TextSize=14.666666666666666
2026-08-18 05:53:39.4425  INFO 1 PanelViewModel | Updated Resource panel text size to 14.666666666666666.
2026-08-18 05:53:39.4425  INFO 1 PanelViewModel | Navigating Resource panel to: Id=LLS:1.0.171|SourcePanelId=7f2cee60-5f48-44d8-bd9e-47693878b0ec
2026-08-18 05:53:39.4425  INFO 1 PanelViewModel | Applying Resource panel settings for Bookmark: Id=LLS:1.0.171|SourcePanelId=7f2cee60-5f48-44d8-bd9e-47693878b0ec
2026-08-18 05:53:39.4469  INFO 73 ResourcePanelMultiResourceConfigViewModel | Found 3629 potential guest resources. (4ms)
2026-08-18 05:53:39.4681  INFO 1 ResourcePanelViewModel | Updating 1 ResourceViewModels for host: LLS:1.0.171 with configuration: LLS:1.0.171
2026-08-18 05:53:39.4747  INFO 1 PanelViewModel | Applying Resource panel settings for Preferences: ActiveLeftSidebarNavigationItem=Favorites|ActiveRightSidebarNavigationItem=Summarization|AreInterlinearsVisible=false|Milestone=DataType%3dbible+nlt%7cResource%3dLLS:1.0.171%7cStartSegment%3d1632850%7cVersion%3d2021-09-17T15:11:23Z|MultiViewEnabled=true|MultiViewLayoutIsVertical=false|ParallelResour
2026-08-18 05:53:39.4755  INFO 1 PanelViewModel | Updated Resource panel text size to 16.
2026-08-18 05:53:39.5017  INFO 6 LibrarySearcher | (Timed) Searching SingleResource for: lemma.h:אֶ֫רֶץ
2026-08-18 05:53:39.5022  INFO 79 LibrarySearcher | (Timed) Searching SingleResource for: lemma.h:=יהוה
2026-08-18 05:53:39.5023  INFO 9 LibrarySearcher | (Timed) Searching SingleResource for: lemma.h:חֶ֫סֶד.2
2026-08-18 05:53:39.5025  INFO 21 LibrarySearcher | (Timed) Searching SingleResource for: lemma.h:אֵיפָה
2026-08-18 05:53:39.5029  INFO 6 SimpleQueryUtility | (Timed) Performing section search
2026-08-18 05:53:39.5030  INFO 79 SimpleQueryUtility | (Timed) Performing section search
2026-08-18 05:53:39.5032  INFO 21 SimpleQueryUtility | (Timed) Performing section search
2026-08-18 05:53:39.5032  INFO 9 SimpleQueryUtility | (Timed) Performing section search
2026-08-18 05:53:39.5036  INFO 21 SimpleQueryUtility | (0ms) Performing section search
2026-08-18 05:53:39.5036  INFO 9 SimpleQueryUtility | (0ms) Performing section search
2026-08-18 05:53:39.5038  INFO 9 LibrarySearcher | (2ms) Searching SingleResource for: lemma.h:חֶ֫סֶד.2
2026-08-18 05:53:39.5039  INFO 6 SimpleQueryUtility | (1ms) Performing section search
2026-08-18 05:53:39.5039  INFO 21 LibrarySearcher | (1ms) Searching SingleResource for: lemma.h:אֵיפָה
2026-08-18 05:53:39.5039  INFO 9 VisualFilterDocumentUserVisualFilterManager | Found 253 results in LLS:1.0.171 (1ms): lemma.h:חֶ֫סֶד.2
2026-08-18 05:53:39.5040  INFO 21 VisualFilterDocumentUserVisualFilterManager | Found 44 results in LLS:1.0.171 (1ms): lemma.h:אֵיפָה
2026-08-18 05:53:39.5041  INFO 21 LibrarySearcher | (Timed) Searching SingleResource for: lemma.h:הִין
2026-08-18 05:53:39.5041  INFO 9 LibrarySearcher | (Timed) Searching SingleResource for: lemma.h:רַחֲמִים
2026-08-18 05:53:39.5043  INFO 6 LibrarySearcher | (3ms) Searching SingleResource for: lemma.h:אֶ֫רֶץ
2026-08-18 05:53:39.5082  INFO 79 SimpleQueryUtility | (5ms) Performing section search
2026-08-18 05:53:39.5088  INFO 6 VisualFilterDocumentUserVisualFilterManager | Found 2573 results in LLS:1.0.171 (7ms): lemma.h:אֶ֫רֶץ
2026-08-18 05:53:39.5092  INFO 21 SimpleQueryUtility | (Timed) Performing section search
2026-08-18 05:53:39.5093  INFO 21 SimpleQueryUtility | (0ms) Performing section search
2026-08-18 05:53:39.5094  INFO 21 LibrarySearcher | (5ms) Searching SingleResource for: lemma.h:הִין
2026-08-18 05:53:39.5095  INFO 21 VisualFilterDocumentUserVisualFilterManager | Found 22 results in LLS:1.0.171 (5ms): lemma.h:הִין
2026-08-18 05:53:39.5095  INFO 9 SimpleQueryUtility | (Timed) Performing section search
2026-08-18 05:53:39.5097  INFO 21 LibrarySearcher | (Timed) Searching SingleResource for: lemma.h:לֹג
2026-08-18 05:53:39.5097  INFO 9 SimpleQueryUtility | (0ms) Performing section search
2026-08-18 05:53:39.5098  INFO 9 LibrarySearcher | (6ms) Searching SingleResource for: lemma.h:רַחֲמִים
2026-08-18 05:53:39.5099  INFO 9 VisualFilterDocumentUserVisualFilterManager | Found 41 results in LLS:1.0.171 (5ms): lemma.h:רַחֲמִים
2026-08-18 05:53:39.5099  INFO 22 LibrarySearcher | (Timed) Searching SingleResource for: lemma.g:δίκαιος OR lemma.g:δίκαιος OR lemma.g:νόμος
2026-08-18 05:53:39.5131  INFO 6 LibrarySearcher | (Timed) Searching SingleResource for: lemma.g:αἰών
2026-08-18 05:53:39.5133  INFO 21 SimpleQueryUtility | (Timed) Performing section search
2026-08-18 05:53:39.5133  INFO 21 SimpleQueryUtility | (0ms) Performing section search
2026-08-18 05:53:39.5134  INFO 21 LibrarySearcher | (4ms) Searching SingleResource for: lemma.h:לֹג
2026-08-18 05:53:39.5135  INFO 21 VisualFilterDocumentUserVisualFilterManager | Found 5 results in LLS:1.0.171 (3ms): lemma.h:לֹג
2026-08-18 05:53:39.5135  INFO 6 SimpleQueryUtility | (Timed) Performing section search
2026-08-18 05:53:39.5136  INFO 6 SimpleQueryUtility | (0ms) Performing section search
2026-08-18 05:53:39.5137  INFO 6 LibrarySearcher | (1ms) Searching SingleResource for: lemma.g:αἰών
2026-08-18 05:53:39.5137  INFO 6 VisualFilterDocumentUserVisualFilterManager | Found 126 results in LLS:1.0.171 (0ms): lemma.g:αἰών
2026-08-18 05:53:39.5138  INFO 21 LibrarySearcher | (Timed) Searching SingleResource for: lemma.h:עֹ֫מֶר.2
2026-08-18 05:53:39.5139  INFO 6 LibrarySearcher | (Timed) Searching SingleResource for: lemma.g:κόσμος
2026-08-18 05:53:39.5144  INFO 21 SimpleQueryUtility | (Timed) Performing section search
2026-08-18 05:53:39.5144  INFO 21 SimpleQueryUtility | (0ms) Performing section search
2026-08-18 05:53:39.5145  INFO 21 LibrarySearcher | (1ms) Searching SingleResource for: lemma.h:עֹ֫מֶר.2
2026-08-18 05:53:39.5145  INFO 21 VisualFilterDocumentUserVisualFilterManager | Found 6 results in LLS:1.0.171 (0ms): lemma.h:עֹ֫מֶר.2
2026-08-18 05:53:39.5147  INFO 21 LibrarySearcher | (Timed) Searching SingleResource for: lemma.h:סְאָה
2026-08-18 05:53:39.5148  INFO 6 SimpleQueryUtility | (Timed) Performing section search
2026-08-18 05:53:39.5148  INFO 6 SimpleQueryUtility | (0ms) Performing section search
2026-08-18 05:53:39.5149  INFO 6 LibrarySearcher | (1ms) Searching SingleResource for: lemma.g:κόσμος
2026-08-18 05:53:39.5150  INFO 6 VisualFilterDocumentUserVisualFilterManager | Found 187 results in LLS:1.0.171 (1ms): lemma.g:κόσμος
2026-08-18 05:53:39.5180  INFO 21 SimpleQueryUtility | (Timed) Performing section search
2026-08-18 05:53:39.5180  INFO 6 LibrarySearcher | (Timed) Searching SingleResource for: lemma.h:מַלְאָךְ
2026-08-18 05:53:39.5180  INFO 21 SimpleQueryUtility | (0ms) Performing section search
2026-08-18 05:53:39.5181  INFO 21 LibrarySearcher | (3ms) Searching SingleResource for: lemma.h:סְאָה
2026-08-18 05:53:39.5182  INFO 21 VisualFilterDocumentUserVisualFilterManager | Found 9 results in LLS:1.0.171 (3ms): lemma.h:סְאָה
2026-08-18 05:53:39.5185  INFO 6 SimpleQueryUtility | (Timed) Performing section search
2026-08-18 05:53:39.5186  INFO 21 LibrarySearcher | (Timed) Searching SingleResource for: lemma.h:בַּת.2
2026-08-18 05:53:39.5186  INFO 6 SimpleQueryUtility | (0ms) Performing section search
2026-08-18 05:53:39.5187  INFO 79 LibrarySearcher | (16ms) Searching SingleResource for: lemma.h:=יהוה
2026-08-18 05:53:39.5188  INFO 6 LibrarySearcher | (1ms) Searching SingleResource for: lemma.h:מַלְאָךְ
2026-08-18 05:53:39.5190  INFO 6 VisualFilterDocumentUserVisualFilterManager | Found 215 results in LLS:1.0.171 (0ms): lemma.h:מַלְאָךְ
2026-08-18 05:53:39.5190  INFO 21 SimpleQueryUtility | (Timed) Performing section search
2026-08-18 05:53:39.5190  INFO 21 SimpleQueryUtility | (0ms) Performing section search
2026-08-18 05:53:39.5192  INFO 21 LibrarySearcher | (1ms) Searching SingleResource for: lemma.h:בַּת.2
2026-08-18 05:53:39.5192  INFO 21 VisualFilterDocumentUserVisualFilterManager | Found 15 results in LLS:1.0.171 (0ms): lemma.h:בַּת.2
2026-08-18 05:53:39.5192  INFO 6 LibrarySearcher | (Timed) Searching SingleResource for: lemma.g:φιλέω
2026-08-18 05:53:39.5192  INFO 21 LibrarySearcher | (Timed) Searching SingleResource for: lemma.h:קַב
2026-08-18 05:53:39.5215  INFO 6 SimpleQueryUtility | (Timed) Performing section search
2026-08-18 05:53:39.5215  INFO 6 SimpleQueryUtility | (0ms) Performing section search
2026-08-18 05:53:39.5216  INFO 21 SimpleQueryUtility | (Timed) Performing section search
2026-08-18 05:53:39.5216  INFO 21 SimpleQueryUtility | (0ms) Performing section search
2026-08-18 05:53:39.5216  INFO 6 LibrarySearcher | (2ms) Searching SingleResource for: lemma.g:φιλέω
2026-08-18 05:53:39.5216  INFO 6 VisualFilterDocumentUserVisualFilterManager | Found 31 results in LLS:1.0.171 (2ms): lemma.g:φιλέω
2026-08-18 05:53:39.5218  INFO 21 LibrarySearcher | (3ms) Searching SingleResource for: lemma.h:קַב
2026-08-18 05:53:39.5218  INFO 21 VisualFilterDocumentUserVisualFilterManager | Found 1 results in LLS:1.0.171 (2ms): lemma.h:קַב
2026-08-18 05:53:39.5218  INFO 6 LibrarySearcher | (Timed) Searching SingleResource for: lemma.g:ὑπερβολή
2026-08-18 05:53:39.5219  INFO 21 LibrarySearcher | (Timed) Searching SingleResource for: lemma.h:כֹּר
2026-08-18 05:53:39.5221  INFO 79 VisualFilterDocumentUserVisualFilterManager | Found 6832 results in LLS:1.0.171 (19ms): lemma.h:=יהוה
2026-08-18 05:53:39.5223  INFO 6 SimpleQueryUtility | (Timed) Performing section search
2026-08-18 05:53:39.5223  INFO 21 SimpleQueryUtility | (Timed) Performing section search
2026-08-18 05:53:39.5223  INFO 9 ContextInformationCache | (Timed) Initializing cache
2026-08-18 05:53:39.5224  INFO 6 SimpleQueryUtility | (0ms) Performing section search
2026-08-18 05:53:39.5224  INFO 21 SimpleQueryUtility | (0ms) Performing section search
2026-08-18 05:53:39.5225  INFO 6 LibrarySearcher | (1ms) Searching SingleResource for: lemma.g:ὑπερβολή
2026-08-18 05:53:39.5226  INFO 6 VisualFilterDocumentUserVisualFilterManager | Found 9 results in LLS:1.0.171 (0ms): lemma.g:ὑπερβολή
2026-08-18 05:53:39.5227  INFO 21 LibrarySearcher | (1ms) Searching SingleResource for: lemma.h:כֹּר
2026-08-18 05:53:39.5227  INFO 6 LibrarySearcher | (Timed) Searching SingleResource for: lemma.g:ῥῆμα
2026-08-18 05:53:39.5227  INFO 21 VisualFilterDocumentUserVisualFilterManager | Found 8 results in LLS:1.0.171 (0ms): lemma.h:כֹּר
2026-08-18 05:53:39.5228  INFO 21 LibrarySearcher | (Timed) Searching SingleResource for: "sabbath day's"
2026-08-18 05:53:39.5252  INFO 6 SimpleQueryUtility | (Timed) Performing section search
2026-08-18 05:53:39.5252  INFO 6 SimpleQueryUtility | (0ms) Performing section search
2026-08-18 05:53:39.5254  INFO 6 LibrarySearcher | (3ms) Searching SingleResource for: lemma.g:ῥῆμα
2026-08-18 05:53:39.5255  INFO 6 VisualFilterDocumentUserVisualFilterManager | Found 75 results in LLS:1.0.171 (2ms): lemma.g:ῥῆμα
2026-08-18 05:53:39.5255  INFO 21 SimpleQueryUtility | (Timed) Performing section search
2026-08-18 05:53:39.5258  INFO 21 SimpleQueryUtility | (0ms) Performing section search
2026-08-18 05:53:39.5260  INFO 21 LibrarySearcher | (3ms) Searching SingleResource for: "sabbath day's"
2026-08-18 05:53:39.5260  INFO 21 VisualFilterDocumentUserVisualFilterManager | Found 0 results in LLS:1.0.171 (3ms): "sabbath day's"
2026-08-18 05:53:39.5262  INFO 21 LibrarySearcher | (Timed) Searching SingleResource for: lemma.g:δίδραχμον
2026-08-18 05:53:39.5298  INFO 21 SimpleQueryUtility | (Timed) Performing section search
2026-08-18 05:53:39.5298  INFO 21 SimpleQueryUtility | (0ms) Performing section search
2026-08-18 05:53:39.5300  INFO 21 LibrarySearcher | (4ms) Searching SingleResource for: lemma.g:δίδραχμον
2026-08-18 05:53:39.5300  INFO 21 VisualFilterDocumentUserVisualFilterManager | Found 2 results in LLS:1.0.171 (3ms): lemma.g:δίδραχμον
2026-08-18 05:53:39.5301  INFO 21 LibrarySearcher | (Timed) Searching SingleResource for: lemma.g:μνᾶ
2026-08-18 05:53:39.5306  INFO 21 SimpleQueryUtility | (Timed) Performing section search
2026-08-18 05:53:39.5306  INFO 21 SimpleQueryUtility | (0ms) Performing section search
2026-08-18 05:53:39.5308  INFO 21 LibrarySearcher | (1ms) Searching SingleResource for: lemma.g:μνᾶ
2026-08-18 05:53:39.5308  INFO 21 VisualFilterDocumentUserVisualFilterManager | Found 9 results in LLS:1.0.171 (0ms): lemma.g:μνᾶ
2026-08-18 05:53:39.5308  INFO 21 LibrarySearcher | (Timed) Searching SingleResource for: lemma.g:κοδράντης
2026-08-18 05:53:39.5312  INFO 21 SimpleQueryUtility | (Timed) Performing section search
2026-08-18 05:53:39.5312  INFO 79 LibrarySearcher | (Timed) Searching SingleResource for: lemma.h:אֱלֹהִים
2026-08-18 05:53:39.5312  INFO 21 SimpleQueryUtility | (0ms) Performing section search
2026-08-18 05:53:39.5314  INFO 21 LibrarySearcher | (1ms) Searching SingleResource for: lemma.g:κοδράντης
2026-08-18 05:53:39.5314  INFO 21 VisualFilterDocumentUserVisualFilterManager | Found 2 results in LLS:1.0.171 (0ms): lemma.g:κοδράντης
2026-08-18 05:53:39.5315  INFO 21 LibrarySearcher | (Timed) Searching SingleResource for: lemma.h:קָנֶה
2026-08-18 05:53:39.5347  INFO 79 SimpleQueryUtility | (Timed) Performing section search
2026-08-18 05:53:39.5348  INFO 21 SimpleQueryUtility | (Timed) Performing section search
2026-08-18 05:53:39.5349  INFO 21 SimpleQueryUtility | (0ms) Performing section search
2026-08-18 05:53:39.5350  INFO 21 LibrarySearcher | (4ms) Searching SingleResource for: lemma.h:קָנֶה
2026-08-18 05:53:39.5350  INFO 21 VisualFilterDocumentUserVisualFilterManager | Found 61 results in LLS:1.0.171 (3ms): lemma.h:קָנֶה
2026-08-18 05:53:39.5353  INFO 79 SimpleQueryUtility | (1ms) Performing section search
2026-08-18 05:53:39.5354  INFO 21 LibrarySearcher | (Timed) Searching SingleResource for: lemma.h:גֵּרָה.2
2026-08-18 05:53:39.5357  INFO 79 LibrarySearcher | (4ms) Searching SingleResource for: lemma.h:אֱלֹהִים
2026-08-18 05:53:39.5358  INFO 21 SimpleQueryUtility | (Timed) Performing section search
2026-08-18 05:53:39.5359  INFO 21 SimpleQueryUtility | (0ms) Performing section search
2026-08-18 05:53:39.5360  INFO 21 LibrarySearcher | (1ms) Searching SingleResource for: lemma.h:גֵּרָה.2
2026-08-18 05:53:39.5360  INFO 21 VisualFilterDocumentUserVisualFilterManager | Found 5 results in LLS:1.0.171 (0ms): lemma.h:גֵּרָה.2
2026-08-18 05:53:39.5361  INFO 21 LibrarySearcher | (Timed) Searching SingleResource for: lemma.h:בֶּ֫קַע
2026-08-18 05:53:39.5363  INFO 79 VisualFilterDocumentUserVisualFilterManager | Found 2608 results in LLS:1.0.171 (5ms): lemma.h:אֱלֹהִים
2026-08-18 05:53:39.5365  INFO 21 SimpleQueryUtility | (Timed) Performing section search
2026-08-18 05:53:39.5365  INFO 21 SimpleQueryUtility | (0ms) Performing section search
2026-08-18 05:53:39.5366  INFO 21 LibrarySearcher | (1ms) Searching SingleResource for: lemma.h:בֶּ֫קַע
2026-08-18 05:53:39.5366  INFO 21 VisualFilterDocumentUserVisualFilterManager | Found 2 results in LLS:1.0.171 (0ms): lemma.h:בֶּ֫קַע
2026-08-18 05:53:39.5367  INFO 21 LibrarySearcher | (Timed) Searching SingleResource for: lemma.h:פִּים
2026-08-18 05:53:39.5370  INFO 21 SimpleQueryUtility | (Timed) Performing section search
2026-08-18 05:53:39.5371  INFO 21 SimpleQueryUtility | (0ms) Performing section search
2026-08-18 05:53:39.5372  INFO 21 LibrarySearcher | (1ms) Searching SingleResource for: lemma.h:פִּים
2026-08-18 05:53:39.5372  INFO 21 VisualFilterDocumentUserVisualFilterManager | Found 1 results in LLS:1.0.171 (0ms): lemma.h:פִּים
2026-08-18 05:53:39.5373  INFO 21 LibrarySearcher | (Timed) Searching SingleResource for: lemma.h:שֶׁ֫קֶל
2026-08-18 05:53:39.5376  INFO 21 SimpleQueryUtility | (Timed) Performing section search
2026-08-18 05:53:39.5377  INFO 21 SimpleQueryUtility | (0ms) Performing section search
2026-08-18 05:53:39.5378  INFO 21 LibrarySearcher | (1ms) Searching SingleResource for: lemma.h:שֶׁ֫קֶל
2026-08-18 05:53:39.5378  INFO 21 VisualFilterDocumentUserVisualFilterManager | Found 90 results in LLS:1.0.171 (0ms): lemma.h:שֶׁ֫קֶל
2026-08-18 05:53:39.5379  INFO 21 LibrarySearcher | (Timed) Searching SingleResource for: lemma.g:λίτρα
2026-08-18 05:53:39.5383  INFO 21 SimpleQueryUtility | (Timed) Performing section search
2026-08-18 05:53:39.5383  INFO 21 SimpleQueryUtility | (0ms) Performing section search
2026-08-18 05:53:39.5384  INFO 21 LibrarySearcher | (1ms) Searching SingleResource for: lemma.g:λίτρα
2026-08-18 05:53:39.5385  INFO 21 VisualFilterDocumentUserVisualFilterManager | Found 2 results in LLS:1.0.171 (0ms): lemma.g:λίτρα
2026-08-18 05:53:39.5385  INFO 21 LibrarySearcher | (Timed) Searching SingleResource for: lemma.h:כִּכָּר
2026-08-18 05:53:39.5422  INFO 21 SimpleQueryUtility | (Timed) Performing section search
2026-08-18 05:53:39.5423  INFO 21 SimpleQueryUtility | (0ms) Performing section search
2026-08-18 05:53:39.5424  INFO 21 LibrarySearcher | (4ms) Searching SingleResource for: lemma.h:כִּכָּר
2026-08-18 05:53:39.5425  INFO 21 VisualFilterDocumentUserVisualFilterManager | Found 71 results in LLS:1.0.171 (3ms): lemma.h:כִּכָּר
2026-08-18 05:53:39.5426  INFO 21 LibrarySearcher | (Timed) Searching SingleResource for: lemma.g:τάλαντον
2026-08-18 05:53:39.5430  INFO 21 SimpleQueryUtility | (Timed) Performing section search
2026-08-18 05:53:39.5430  INFO 21 SimpleQueryUtility | (0ms) Performing section search
2026-08-18 05:53:39.5432  INFO 21 LibrarySearcher | (1ms) Searching SingleResource for: lemma.g:τάλαντον
2026-08-18 05:53:39.5432  INFO 21 VisualFilterDocumentUserVisualFilterManager | Found 14 results in LLS:1.0.171 (0ms): lemma.g:τάλαντον
2026-08-18 05:53:39.5433  INFO 21 LibrarySearcher | (Timed) Searching SingleResource for: lemma.g:ταλαντιαῖος
2026-08-18 05:53:39.5433  INFO 79 LibrarySearcher | (Timed) Searching SingleResource for: lemma.h:=אָדוֹן
2026-08-18 05:53:39.5437  INFO 21 SimpleQueryUtility | (Timed) Performing section search
2026-08-18 05:53:39.5437  INFO 21 SimpleQueryUtility | (0ms) Performing section search
2026-08-18 05:53:39.5438  INFO 79 SimpleQueryUtility | (Timed) Performing section search
2026-08-18 05:53:39.5438  INFO 21 LibrarySearcher | (1ms) Searching SingleResource for: lemma.g:ταλαντιαῖος
2026-08-18 05:53:39.5439  INFO 21 VisualFilterDocumentUserVisualFilterManager | Found 2 results in LLS:1.0.171 (0ms): lemma.g:ταλαντιαῖος
2026-08-18 05:53:39.5441  INFO 79 SimpleQueryUtility | (0ms) Performing section search
2026-08-18 05:53:39.5443  INFO 79 LibrarySearcher | (1ms) Searching SingleResource for: lemma.h:=אָדוֹן
2026-08-18 05:53:39.5445  INFO 79 VisualFilterDocumentUserVisualFilterManager | Found 773 results in LLS:1.0.171 (1ms): lemma.h:=אָדוֹן
2026-08-18 05:53:39.5449  INFO 79 LibrarySearcher | (Timed) Searching SingleResource for: lemma.g:θεός
2026-08-18 05:53:39.5452  INFO 22 LibrarySearcher | (35ms) Searching SingleResource for: lemma.g:δίκαιος OR lemma.g:δίκαιος OR lemma.g:νόμος
2026-08-18 05:53:39.5453  INFO 1 PanelViewModel | Got Resource panel settings for History: Id=LLS:1.0.171|Milestone=DataType%3dbible+nlt%7cResource%3dLLS:1.0.171%7cStartSegment%3d2609483%7cVersion%3d2021-09-17T15:11:23Z|Position=res/LLS:1.0.171/2021-09-17T15:11:23Z/2609483|Reference=bible+nlt.20.22.5
2026-08-18 05:53:39.5453  INFO 22 VisualFilterDocumentUserVisualFilterManager | Found 366 results in LLS:1.0.171 (35ms): lemma.g:δίκαιος OR lemma.g:δίκαιος OR lemma.g:νόμος
2026-08-18 05:53:39.5455  INFO 79 SimpleQueryUtility | (Timed) Performing section search
2026-08-18 05:53:39.5502  INFO 79 SimpleQueryUtility | (5ms) Performing section search
2026-08-18 05:53:39.5506  INFO 79 LibrarySearcher | (6ms) Searching SingleResource for: lemma.g:θεός
2026-08-18 05:53:39.552 Logos[96105:8726611] <VariableDividerWidthSplitView: 0x13411c8f080>: the delegate <ResourcePanelController: 0x13407ef7800> was sent -splitView:resizeSubviewsWithOldSize: and left the arranged view frames in an inconsistent state:
2026-08-18 05:53:39.552 Logos[96105:8726611] Split view bounds: {{0, 0}, {694.16666666664037, 754.99999999997135}}
2026-08-18 05:53:39.552 Logos[96105:8726611]     Arranged view frame: {{0, 0}, {0, 100}}
2026-08-18 05:53:39.552 Logos[96105:8726611]     Arranged view frame: {{0, 0}, {100, 100}}
2026-08-18 05:53:39.552 Logos[96105:8726611]     Arranged view frame: {{0, 0}, {0, 100}}
2026-08-18 05:53:39.552 Logos[96105:8726611] The outer edges of the arranged view frames are supposed to line up with the split view's bounds' edges. NSSplitView is working around the problem, perhaps at the cost of more redrawing. (This message is only logged once per NSSplitView.)
2026-08-18 05:53:39.552 Logos[96105:8726611] The arranged view frames are not in the same order as the arranged views array. NSSplitView requires that these orders be kept consistent, otherwise behavior is undefined.
2026-08-18 05:53:39.552 Logos[96105:8726611] <NSSplitView: 0x13411c82080>: the delegate <ResourcePanelController: 0x13407ef7800> was sent -splitView:resizeSubviewsWithOldSize: and left the arranged view frames in an inconsistent state:
2026-08-18 05:53:39.552 Logos[96105:8726611] Split view bounds: {{0, 0}, {694.16666666670619, 754.99999999997146}}
2026-08-18 05:53:39.552 Logos[96105:8726611]     Arranged view frame: {{0, 0}, {695, 754.99999999997146}}
2026-08-18 05:53:39.552 Logos[96105:8726611] The outer edges of the arranged view frames are supposed to line up with the split view's bounds' edges. NSSplitView is working around the problem, perhaps at the cost of more redrawing. (This message is only logged once per NSSplitView.)
2026-08-18 05:53:39.5584  INFO 79 VisualFilterDocumentUserVisualFilterManager | Found 1317 results in LLS:1.0.171 (13ms): lemma.g:θεός
2026-08-18 05:53:39.5592  INFO 79 LibrarySearcher | (Timed) Searching SingleResource for: lemma.g:κύριος
2026-08-18 05:53:39.5599  INFO 79 SimpleQueryUtility | (Timed) Performing section search
2026-08-18 05:53:39.5605  INFO 79 SimpleQueryUtility | (1ms) Performing section search
2026-08-18 05:53:39.5608  INFO 79 LibrarySearcher | (2ms) Searching SingleResource for: lemma.g:κύριος
2026-08-18 05:53:39.5610  INFO 79 VisualFilterDocumentUserVisualFilterManager | Found 716 results in LLS:1.0.171 (1ms): lemma.g:κύριος
2026-08-18 05:53:39.5614  INFO 79 LibrarySearcher | (Timed) Searching SingleResource for: lemma.g:ὕψιστος
2026-08-18 05:53:39.5618  INFO 79 SimpleQueryUtility | (Timed) Performing section search
2026-08-18 05:53:39.5618  INFO 79 SimpleQueryUtility | (0ms) Performing section search
2026-08-18 05:53:39.5660  INFO 79 LibrarySearcher | (5ms) Searching SingleResource for: lemma.g:ὕψιστος
2026-08-18 05:53:39.5660  INFO 79 VisualFilterDocumentUserVisualFilterManager | Found 16 results in LLS:1.0.171 (4ms): lemma.g:ὕψιστος
2026-08-18 05:53:39.5661  INFO 79 LibrarySearcher | (Timed) Searching SingleResource for: lemma.g:Ἐμμανουήλ
2026-08-18 05:53:39.5666  INFO 79 SimpleQueryUtility | (Timed) Performing section search
2026-08-18 05:53:39.5667  INFO 79 SimpleQueryUtility | (0ms) Performing section search
2026-08-18 05:53:39.5669  INFO 79 LibrarySearcher | (1ms) Searching SingleResource for: lemma.g:Ἐμμανουήλ
2026-08-18 05:53:39.5669  INFO 79 VisualFilterDocumentUserVisualFilterManager | Found 1 results in LLS:1.0.171 (0ms): lemma.g:Ἐμμανουήλ
2026-08-18 05:53:39.5669  INFO 79 LibrarySearcher | (Timed) Searching SingleResource for: lemma.sesb.h:=יְהוָה
2026-08-18 05:53:39.5673  INFO 79 SimpleQueryUtility | (Timed) Performing section search
2026-08-18 05:53:39.5673  INFO 79 SimpleQueryUtility | (0ms) Performing section search
2026-08-18 05:53:39.5675  INFO 79 LibrarySearcher | (1ms) Searching SingleResource for: lemma.sesb.h:=יְהוָה
2026-08-18 05:53:39.5675  INFO 79 VisualFilterDocumentUserVisualFilterManager | Found 0 results in LLS:1.0.171 (0ms): lemma.sesb.h:=יְהוָה
2026-08-18 05:53:39.5676  INFO 79 LibrarySearcher | (Timed) Searching SingleResource for: lemma.sesb.h:=אָדֹון
2026-08-18 05:53:39.5679  INFO 79 SimpleQueryUtility | (Timed) Performing section search
2026-08-18 05:53:39.5679  INFO 79 SimpleQueryUtility | (0ms) Performing section search
2026-08-18 05:53:39.5681  INFO 79 LibrarySearcher | (0ms) Searching SingleResource for: lemma.sesb.h:=אָדֹון
2026-08-18 05:53:39.5681  INFO 79 VisualFilterDocumentUserVisualFilterManager | Found 0 results in LLS:1.0.171 (0ms): lemma.sesb.h:=אָדֹון
2026-08-18 05:53:39.5681  INFO 79 LibrarySearcher | (Timed) Searching SingleResource for: lemma.sesb.h:=אֱלֹהִים
2026-08-18 05:53:39.5684  INFO 79 SimpleQueryUtility | (Timed) Performing section search
2026-08-18 05:53:39.5684  INFO 79 SimpleQueryUtility | (0ms) Performing section search
2026-08-18 05:53:39.5686  INFO 79 LibrarySearcher | (0ms) Searching SingleResource for: lemma.sesb.h:=אֱלֹהִים
2026-08-18 05:53:39.5686  INFO 79 VisualFilterDocumentUserVisualFilterManager | Found 0 results in LLS:1.0.171 (0ms): lemma.sesb.h:=אֱלֹהִים
2026-08-18 05:53:39.5686  INFO 79 LibrarySearcher | (Timed) Searching SingleResource for: lemma.h:=אֱלוֹהַּ
2026-08-18 05:53:39.5689  INFO 79 SimpleQueryUtility | (Timed) Performing section search
2026-08-18 05:53:39.5690  INFO 79 SimpleQueryUtility | (0ms) Performing section search
2026-08-18 05:53:39.5692  INFO 79 LibrarySearcher | (1ms) Searching SingleResource for: lemma.h:=אֱלוֹהַּ
2026-08-18 05:53:39.5692  INFO 79 VisualFilterDocumentUserVisualFilterManager | Found 58 results in LLS:1.0.171 (0ms): lemma.h:=אֱלוֹהַּ
2026-08-18 05:53:39.5692  INFO 79 LibrarySearcher | (Timed) Searching SingleResource for: lemma.a:אֱלָהּ
2026-08-18 05:53:39.5695  INFO 79 SimpleQueryUtility | (Timed) Performing section search
2026-08-18 05:53:39.5696  INFO 79 SimpleQueryUtility | (0ms) Performing section search
2026-08-18 05:53:39.5698  INFO 79 LibrarySearcher | (1ms) Searching SingleResource for: lemma.a:אֱלָהּ
2026-08-18 05:53:39.5698  INFO 79 VisualFilterDocumentUserVisualFilterManager | Found 96 results in LLS:1.0.171 (0ms): lemma.a:אֱלָהּ
2026-08-18 05:53:39.5701  INFO 79 LibrarySearcher | (Timed) Searching SingleResource for: lemma.h:אֵל.5
2026-08-18 05:53:39.5704  INFO 79 SimpleQueryUtility | (Timed) Performing section search
2026-08-18 05:53:39.5705  INFO 79 SimpleQueryUtility | (0ms) Performing section search
2026-08-18 05:53:39.5707  INFO 79 LibrarySearcher | (1ms) Searching SingleResource for: lemma.h:אֵל.5
2026-08-18 05:53:39.5707  INFO 79 VisualFilterDocumentUserVisualFilterManager | Found 235 results in LLS:1.0.171 (0ms): lemma.h:אֵל.5
2026-08-18 05:53:39.6011  INFO 9 ContextInformationCache | GetVerseInformation took 00:00:00.0787446
2026-08-18 05:53:39.6446  INFO 9 ContextInformationCache | GetPericopeInformation took 00:00:00.0434669
2026-08-18 05:53:39.6450  INFO 9 ContextInformationCache | GetArticleInformation took 00:00:00.0003766
2026-08-18 05:53:39.6450  INFO 9 ContextInformationCache | (123ms) Initializing cache
2026-08-18 05:53:39.8270  INFO 1 NotesToolUserVisualFilterProvider | Markup needed for LLS:1.0.171 2609099:2575.
2026-08-18 05:53:39.8279  INFO 22 SympatheticVisualFilter | Calculated markup for LLS:1.0.171 2609099:2575. (0ms)
2026-08-18 05:53:39.8339  INFO 73 UniversalTimelineVisualFilter | Calculated markup for LLS:1.0.171 2609099:2575. (7ms)
2026-08-18 05:53:39.8398  INFO 79 BkIndicatorVisualFilterBase | Calculated markup for LLS:1.0.171 2609099:2575. (13ms)
2026-08-18 05:53:39.8525  INFO 78 CorrespondingWordsUserVisualFilter | Calculated markup for LLS:1.0.171 2609099:2575. (25ms)
2026-08-18 05:53:39.8858  INFO 84 AtlasMapsVisualFilter | Calculated markup for LLS:1.0.171 2609099:2575. (58ms)
2026-08-18 05:53:39.8879  INFO 1 ParallelResourceSetsViewModel | Found 94 parallel resources in 2 sets. (343ms)
2026-08-18 05:53:39.8917  INFO 79 FilteringResourceViewComponent | (Timed) Updating resource filter
2026-08-18 05:53:39.8920  INFO 77 FilteringResourceViewComponent | (0ms) Updating resource filter
2026-08-18 05:53:39.8925  INFO 1 PanelViewModel | Got Resource panel settings for History: Id=LLS:1.0.171|Milestone=DataType%3dbible+nlt%7cResource%3dLLS:1.0.171%7cStartSegment%3d2609483%7cVersion%3d2021-09-17T15:11:23Z|Position=res/LLS:1.0.171/2021-09-17T15:11:23Z/2609483|Reference=bible+nlt.20.22.5
2026-08-18 05:53:39.8937  INFO 78 SqliteNotesClientRepository | Found 42 text range anchor resources. (2ms)
2026-08-18 05:53:39.8939  INFO 78 SqliteNotesClientRepository | Found 9 corpora sets for 42 resources. (0ms)
2026-08-18 05:53:39.9014  INFO 78 SqliteNotesClientRepository | Found 712 text range anchors in 8 matching resources. (7ms)
2026-08-18 05:53:39.9117  INFO 78 SqliteNotesClientRepository | Got 6 word number sets from 6 of 712 text range anchors. (9ms)
2026-08-18 05:53:39.9202  INFO 78 SqliteNotesClientRepository | Got 712 text range sets from word numbers for LLS:1.0.171 2021-09-17T15:11:23Z. (8ms)
2026-08-18 05:53:39.9211  INFO 78 NotesToolUserVisualFilterProvider | Got 1088 sympathetic notes markups for LLS:1.0.171 0:2147483647. (29ms)
2026-08-18 05:53:39.9817  INFO 73 NotesDigitalLibraryService | Cached all 65034 milestones for LLS:1.0.171 2021-09-17T15:11:23Z. (89ms)
2026-08-18 05:53:39.9838  INFO 22 NotesToolUserVisualFilterProvider | Got 13 notes markups for LLS:1.0.171 2609099:2575. (63ms)
2026-08-18 05:53:41.4112  INFO 73 ClientNotesApi | Got 9237 notes markups. (1427ms) {"resource":{"id":"LLS:1.0.171","version":"2021-09-17T15:11:23Z"},"ranges":[{"offset":0,"length":2147483647}],"noteFields":["id","placement","style"],"limit":2147483647,"sources":["reference"]}
2026-08-18 05:53:41.4134  INFO 73 NotesToolUserVisualFilterProvider | Got 9275 notes markups for LLS:1.0.171 0:2147483647. (1521ms)
2026-08-18 05:53:41.8930  INFO 1 PanelViewModel | Got Resource panel settings for Preferences: ActiveLeftSidebarNavigationItem=Favorites|ActiveRightSidebarNavigationItem=Summarization|AreInterlinearsVisible=false|MultiViewEnabled=true|MultiViewLayoutIsVertical=false|ParallelResourceSetName=allparallelresources|ReverseInterlinear=true|RightContents=false|SelectedNavigationUnits=Article,Chapter
2026-08-18 05:53:43.7435  INFO 21 WebServiceClient | Checking for new license compared to W/"73bc33c9-7b92-45b2-82a1-a9fa0dc2eced"
2026-08-18 05:53:44.3092  INFO 53 WebServiceClient | License check revealed no new license version.
2026-08-18 05:53:46.2318  INFO 53 OtherMediaVisualFilter | Calculated markup for LLS:1.0.171 2609099:2575. (6404ms)
2026-08-18 05:53:53.0653  INFO 53 BkHighlightingVisualFilterBase | Calculated markup for LLS:PROVPEARSON02 131720:118. (0ms)
2026-08-18 05:53:53.0653  INFO 21 CorrespondingWordsUserVisualFilter | Calculated markup for LLS:PROVPEARSON02 131720:118. (0ms)
2026-08-18 05:53:55.1856  INFO 1 PanelViewModel | Got Resource panel settings for Preferences: MultiViewEnabled=false|MultiViewLayoutIsVertical=false|RightContents=false
2026-08-18 05:54:03.6670  INFO 49 LocalFileDatabase | Connection opened (3ms): /Users/mjwebster/Library/Application Support/Logos4/Data/wq8ubj9r.32o/ReadingProgressManager/readingprogressmanager.db
2026-08-18 05:54:03.6670  INFO 51 LocalFileDatabase | Connection opened (3ms): /Users/mjwebster/Library/Application Support/Logos4/Data/wq8ubj9r.32o/ReadingProgressManager/readingprogressmanager.db
2026-08-18 05:54:20.9219 ERROR 33 ApplicationUtility | Error handling response (POST https://prefsapi.logos.com/v2/prefs/sync/up). ~HttpRequestException: An error occurred while sending the request.
2026-08-18 05:54:20.9266  INFO 33 SyncClient | (1m 28.6s) Submitting 1 of 1 items.
2026-08-18 05:54:20.9271  INFO 33 SyncManager | Sync failed for PreferencesSyncItem with connection error. Retry attempt number 1 will attempt to retry
2026-08-18 05:54:21.0690  INFO 33 SyncClient | Found 1 items to submit for ReadingProgressSyncItem
2026-08-18 05:54:21.0692  INFO 33 SyncClient | (Timed) Submitting 1 of 1 items.
2026-08-18 05:54:21.6465  INFO 33 SyncClient | (577ms) Submitting 1 of 1 items.
2026-08-18 05:54:21.6468  INFO 33 SyncClient | Integrated 1 successes, 0 conflicts, and 0 errors.
2026-08-18 05:54:21.6473  INFO 33 SyncClient | Downloading items for ReadingProgressSyncItem
2026-08-18 05:54:21.8258  INFO 33 SyncClient | New last known milestones: {"itemMilestone":"44744815"}
2026-08-18 05:54:21.8296  INFO 33 SyncClient | Found 4 items to submit for HistorySyncItem
2026-08-18 05:54:21.8318  INFO 33 SyncClient | (Timed) Submitting 4 of 4 items.
2026-08-18 05:54:22.5924  INFO 33 SyncClient | (761ms) Submitting 4 of 4 items.
2026-08-18 05:54:22.5927  INFO 33 SyncClient | Integrated 4 successes, 0 conflicts, and 0 errors.
2026-08-18 05:54:22.5930  INFO 33 SyncClient | Downloading items for HistorySyncItem
2026-08-18 05:54:22.8502  INFO 33 SyncClient | New last known milestones: {"itemMilestone":"182216"}
2026-08-18 05:54:22.8579  INFO 33 SyncManager | Finished requesting sync on all sync clients.
2026-08-18 05:54:22.8581  INFO 33 SyncManager | Requesting sync on all sync clients
2026-08-18 05:54:22.9454  INFO 33 SyncClient | Found 6 items to submit for PreferencesSyncItem
2026-08-18 05:54:22.9454  INFO 33 SyncClient | (Timed) Submitting 6 of 6 items.
2026-08-18 05:54:23.5324  INFO 49 CorrespondingWordsUserVisualFilter | Calculated markup for LLS:PROVPEARSON02 131838:478. (0ms)
2026-08-18 05:54:23.5742  INFO 33 SyncClient | (629ms) Submitting 6 of 6 items.
2026-08-18 05:54:23.5744  INFO 33 SyncClient | Integrated 6 successes, 0 conflicts, and 0 errors.
2026-08-18 05:54:23.5744  INFO 33 SyncClient | Downloading items for PreferencesSyncItem
2026-08-18 05:54:23.6825  INFO 33 SyncClient | New last known milestones: {"itemMilestone":"422705"}
2026-08-18 05:54:23.7330  INFO 33 SyncManager | Finished requesting sync on all sync clients.
2026-08-18 05:54:24.0783  INFO 51 BkHighlightingVisualFilterBase | Calculated markup for LLS:PROVPEARSON02 131838:478. (546ms)
2026-08-18 05:54:26.0274  INFO 1 PanelViewModel | Got Resource panel settings for Preferences: MultiViewEnabled=false|MultiViewLayoutIsVertical=false|RightContents=false
2026-08-18 05:54:40.2045 ERROR 49 PopularHighlightsClient | Failed to check if popular highlights exist: Error building request. Request: GET https://notesapi.logos.com/v3/popularhighlights/exist?resourceId=LLS%3A1.0.171&resourceVersion=2021-09-17T15%3A11%3A23Z
2026-08-18 05:54:41.3259  INFO 33 SyncManager | Requesting sync on all sync clients
2026-08-18 05:54:41.4014  INFO 33 SyncClient | Found 2 items to submit for PreferencesSyncItem
2026-08-18 05:54:41.4015  INFO 33 SyncClient | (Timed) Submitting 2 of 2 items.
2026-08-18 05:54:41.5697  INFO 33 SyncClient | (168ms) Submitting 2 of 2 items.
2026-08-18 05:54:41.5700  INFO 33 SyncClient | Integrated 2 successes, 0 conflicts, and 0 errors.
2026-08-18 05:54:41.5700  INFO 33 SyncClient | Downloading items for PreferencesSyncItem
2026-08-18 05:54:41.6689  INFO 33 SyncClient | New last known milestones: {"itemMilestone":"422706"}
2026-08-18 05:54:41.7455  INFO 33 SyncClient | Downloading items for ReadingProgressSyncItem
2026-08-18 05:54:41.8423  INFO 33 SyncClient | Unchanged last known milestones: {"itemMilestone":"44744815"}
2026-08-18 05:54:41.8429  INFO 33 SyncClient | Downloading items for HistorySyncItem
2026-08-18 05:54:42.0196  INFO 33 SyncClient | Unchanged last known milestones: {"itemMilestone":"182216"}
2026-08-18 05:54:42.0222  INFO 33 SyncManager | Finished requesting sync on all sync clients.
2026-08-18 05:54:44.3144  INFO 51 WebServiceClient | Checking for new license compared to W/"73bc33c9-7b92-45b2-82a1-a9fa0dc2eced"
2026-08-18 05:54:44.9427  INFO 79 WebServiceClient | License check revealed no new license version.
2026-08-18 05:54:45.5516  INFO 79 BkHighlightingVisualFilterBase | Calculated markup for LLS:PROVPEARSON02 132316:663. (0ms)
2026-08-18 05:54:45.5518  INFO 51 CorrespondingWordsUserVisualFilter | Calculated markup for LLS:PROVPEARSON02 132316:663. (0ms)
2026-08-18 05:54:47.9612  INFO 51 BkHighlightingVisualFilterBase | Calculated markup for LLS:PROVPEARSON02 132979:1397. (0ms)
2026-08-18 05:54:47.9614  INFO 79 CorrespondingWordsUserVisualFilter | Calculated markup for LLS:PROVPEARSON02 132979:1397. (0ms)
2026-08-18 05:54:49.7089  INFO 1 AppCommand | (Timed) Executing command: Close|Kind=AllPanels
2026-08-18 05:54:49.8324  INFO 1 PanelViewModel | Got Resource panel settings for Snapshot: Id=LLS:PROVPEARSON02|Milestone=DataType%3ddayofyear%7cResource%3dLLS:PROVPEARSON02%7cStartSegment%3d131720%7cVersion%3d2012-12-20T20:54:11Z|MultiViewEnabled=false|MultiViewLayoutIsVertical=false|Position=res/LLS:PROVPEARSON02/2012-12-20T20:54:11Z/131720|ProductPreviewTitle=Counsels%20of%20the%20Wise
2026-08-18 05:54:49.8326  INFO 1 PanelViewModel | Got Resource panel settings for Snapshot: ActiveLeftSidebarNavigationItem=Contents|ActiveRightSidebarNavigationItem=Translation|AreInterlinearsVisible=true|Id=LLS:1.0.710|Locator=false|Milestone=DataType%3dbible+esv%7cResource%3dLLS:1.0.710%7cStartSegment%3d3396080%7cVersion%3d2026-02-17T13:55:29Z|MultiViewEnabled=true|MultiViewLayoutIsVert
2026-08-18 05:54:49.8326  INFO 1 PanelViewModel | Got Resource panel settings for Snapshot: ActiveLeftSidebarNavigationItem=Favorites|ActiveRightSidebarNavigationItem=Summarization|AreInterlinearsVisible=false|Id=LLS:1.0.171|Milestone=DataType%3dbible+nlt%7cResource%3dLLS:1.0.171%7cStartSegment%3d2609483%7cVersion%3d2021-09-17T15:11:23Z|MultiViewEnabled=true|MultiViewLayoutIsVertical=false
2026-08-18 05:54:49.8435  INFO 1 PanelViewModel | Got Resource panel settings for Preferences: MultiViewEnabled=false|MultiViewLayoutIsVertical=false|RightContents=false
2026-08-18 05:54:49.8437  INFO 1 PanelViewModel | Got Resource panel settings for Snapshot: Id=LLS:PROVPEARSON02|Milestone=DataType%3ddayofyear%7cResource%3dLLS:PROVPEARSON02%7cStartSegment%3d131720%7cVersion%3d2012-12-20T20:54:11Z|MultiViewEnabled=false|MultiViewLayoutIsVertical=false|Position=res/LLS:PROVPEARSON02/2012-12-20T20:54:11Z/131720|ProductPreviewTitle=Counsels%20of%20the%20Wise
2026-08-18 05:54:49.8437  INFO 1 PanelViewModel | Got Resource panel settings for Snapshot: ActiveLeftSidebarNavigationItem=Contents|ActiveRightSidebarNavigationItem=Translation|AreInterlinearsVisible=true|Id=LLS:1.0.710|Locator=false|Milestone=DataType%3dbible+esv%7cResource%3dLLS:1.0.710%7cStartSegment%3d3396080%7cVersion%3d2026-02-17T13:55:29Z|MultiViewEnabled=true|MultiViewLayoutIsVert
2026-08-18 05:54:49.8438  INFO 1 PanelViewModel | Got Resource panel settings for Snapshot: ActiveLeftSidebarNavigationItem=Favorites|ActiveRightSidebarNavigationItem=Summarization|AreInterlinearsVisible=false|Id=LLS:1.0.171|Milestone=DataType%3dbible+nlt%7cResource%3dLLS:1.0.171%7cStartSegment%3d2609483%7cVersion%3d2021-09-17T15:11:23Z|MultiViewEnabled=true|MultiViewLayoutIsVertical=false
2026-08-18 05:54:49.8440  INFO 1 PanelViewModel | Got Resource panel settings for History: Id=LLS:PROVPEARSON02|Milestone=DataType%3ddayofyear%7cResource%3dLLS:PROVPEARSON02%7cStartSegment%3d131720%7cVersion%3d2012-12-20T20:54:11Z|Position=res/LLS:PROVPEARSON02/2012-12-20T20:54:11Z/131720|Reference=dayofyear.8.19
2026-08-18 05:54:49.8440  INFO 1 PanelViewModel | Got Resource panel settings for History: Id=LLS:1.0.710|Milestone=DataType%3dbible+esv%7cResource%3dLLS:1.0.710%7cStartSegment%3d3396080%7cVersion%3d2026-02-17T13:55:29Z|Position=res/LLS:1.0.710/2026-02-17T13:55:29Z/3396080|Reference=bible+esv.20.22.5
2026-08-18 05:54:49.8440  INFO 1 PanelViewModel | Got Resource panel settings for History: Id=LLS:1.0.171|Milestone=DataType%3dbible+nlt%7cResource%3dLLS:1.0.171%7cStartSegment%3d2609483%7cVersion%3d2021-09-17T15:11:23Z|Position=res/LLS:1.0.171/2021-09-17T15:11:23Z/2609483|Reference=bible+nlt.20.22.5
2026-08-18 05:54:49.8473  INFO 1 PanelViewModel | Got Resource panel settings for Preferences: ActiveLeftSidebarNavigationItem=Favorites|ActiveRightSidebarNavigationItem=Summarization|AreInterlinearsVisible=false|MultiViewEnabled=true|MultiViewLayoutIsVertical=false|ParallelResourceSetName=allparallelresources|ReverseInterlinear=true|RightContents=false|SelectedNavigationUnits=Article,Chapter
2026-08-18 05:54:59.8448  INFO 33 SyncManager | Requesting sync on all sync clients
2026-08-18 05:54:59.9116  INFO 33 SyncClient | Found 3 items to submit for PreferencesSyncItem
2026-08-18 05:54:59.9117  INFO 33 SyncClient | (Timed) Submitting 3 of 3 items.
2026-08-18 05:55:00.1243  INFO 33 SyncClient | (213ms) Submitting 3 of 3 items.
2026-08-18 05:55:00.1247  INFO 33 SyncClient | Integrated 3 successes, 0 conflicts, and 0 errors.
2026-08-18 05:55:00.1249  INFO 33 SyncClient | Downloading items for PreferencesSyncItem
2026-08-18 05:55:00.2192  INFO 33 SyncClient | New last known milestones: {"itemMilestone":"422707"}
2026-08-18 05:55:00.2897  INFO 33 SyncClient | Found 1 items to submit for HistorySyncItem
2026-08-18 05:55:00.2897  INFO 33 SyncClient | (Timed) Submitting 1 of 1 items.
2026-08-18 05:55:00.4179  INFO 33 SyncClient | (128ms) Submitting 1 of 1 items.
2026-08-18 05:55:00.4181  INFO 33 SyncClient | Integrated 1 successes, 0 conflicts, and 0 errors.
2026-08-18 05:55:00.4184  INFO 33 SyncClient | Downloading items for HistorySyncItem
2026-08-18 05:55:00.5336  INFO 33 SyncClient | New last known milestones: {"itemMilestone":"182217"}
2026-08-18 05:55:00.5368  INFO 33 SyncManager | Finished requesting sync on all sync clients.
