
2026-08-08 16:55:26 Martins-MacBook-Pro syslogd[574] <Notice>: ASL Sender Statistics
2026-08-08 17:05:55 Martins-MacBook-Pro syslogd[574] <Notice>: ASL Sender Statistics
2026-08-08 17:16:04 Martins-MacBook-Pro syslogd[574] <Notice>: ASL Sender Statistics
2026-08-08 17:26:42 Martins-MacBook-Pro syslogd[574] <Notice>: ASL Sender Statistics
2026-08-08 17:36:42 Martins-MacBook-Pro syslogd[574] <Notice>: ASL Sender Statistics
2026-08-08 17:46:48 Martins-MacBook-Pro syslogd[574] <Notice>: ASL Sender Statistics
2026-08-08 18:06:27 Martins-MacBook-Pro syslogd[574] <Notice>: ASL Sender Statistics
2026-08-08 18:23:07 Martins-MacBook-Pro syslogd[574] <Notice>: ASL Sender Statistics
2026-08-08 18:39:28 Martins-MacBook-Pro syslogd[574] <Notice>: ASL Sender Statistics
2026-08-08 18:57:25 Martins-MacBook-Pro syslogd[574] <Notice>: ASL Sender Statistics
2026-08-08 19:11:45 Martins-MacBook-Pro syslogd[574] <Notice>: ASL Sender Statistics
2026-08-08 19:34:20 Martins-MacBook-Pro syslogd[574] <Notice>: ASL Sender Statistics
2026-08-08 19:52:00 Martins-MacBook-Pro syslogd[574] <Notice>: ASL Sender Statistics
2026-08-08 20:09:54 Martins-MacBook-Pro syslogd[574] <Notice>: ASL Sender Statistics
2026-08-08 20:27:56 Martins-MacBook-Pro syslogd[574] <Notice>: ASL Sender Statistics
2026-08-08 20:45:30 Martins-MacBook-Pro syslogd[574] <Notice>: ASL Sender Statistics
2026-08-08 21:01:46 Martins-MacBook-Pro syslogd[574] <Notice>: ASL Sender Statistics
2026-08-08 21:13:56 Martins-MacBook-Pro syslogd[574] <Notice>: ASL Sender Statistics
2026-08-08 21:32:09 Martins-MacBook-Pro syslogd[574] <Notice>: ASL Sender Statistics
2026-08-08 21:32:09 Martins-MacBook-Pro syslogd[574] <Notice>: Configuration Notice:
ASL Module "com.apple.cdscheduler" claims selected messages.
Those messages may not appear in standard system log files or in the ASL database.
2026-08-08 21:32:09 Martins-MacBook-Pro syslogd[574] <Notice>: Configuration Notice:
ASL Module "com.apple.install" claims selected messages.
Those messages may not appear in standard system log files or in the ASL database.
2026-08-08 21:32:09 Martins-MacBook-Pro syslogd[574] <Notice>: Configuration Notice:
ASL Module "com.apple.authd" sharing output destination "/var/log/asl" with ASL Module "com.apple.asl".
Output parameters from ASL Module "com.apple.asl" override any specified in ASL Module "com.apple.authd".
2026-08-08 21:32:09 Martins-MacBook-Pro syslogd[574] <Notice>: Configuration Notice:
ASL Module "com.apple.authd" sharing output destination "/var/log/system.log" with ASL Module "com.apple.asl".
Output parameters from ASL Module "com.apple.asl" override any specified in ASL Module "com.apple.authd".
2026-08-08 21:32:09 Martins-MacBook-Pro syslogd[574] <Notice>: Configuration Notice:
ASL Module "com.apple.authd" claims selected messages.
Those messages may not appear in standard system log files or in the ASL database.
2026-08-08 21:32:09 Martins-MacBook-Pro syslogd[574] <Notice>: Configuration Notice:
ASL Module "com.apple.eventmonitor" claims selected messages.
Those messages may not appear in standard system log files or in the ASL database.
2026-08-08 21:32:09 Martins-MacBook-Pro syslogd[574] <Notice>: Configuration Notice:
ASL Module "com.apple.mail" claims selected messages.
Those messages may not appear in standard system log files or in the ASL database.
2026-08-08 21:32:09 Martins-MacBook-Pro syslogd[574] <Notice>: Configuration Notice:
ASL Module "com.apple.performance" claims selected messages.
Those messages may not appear in standard system log files or in the ASL database.
2026-08-08 21:32:09 Martins-MacBook-Pro syslogd[574] <Notice>: Configuration Notice:
ASL Module "com.apple.iokit.power" claims selected messages.
Those messages may not appear in standard system log files or in the ASL database.
2026-08-08 21:32:09 Martins-MacBook-Pro syslogd[574] <Notice>: Configuration Notice:
ASL Module "com.apple.contacts.ContactsAutocomplete" claims selected messages.
Those messages may not appear in standard system log files or in the ASL database.
2026-08-08 21:32:09 Martins-MacBook-Pro syslogd[574] <Notice>: Configuration Notice:
ASL Module "com.apple.mkb" sharing output destination "/private/var/log/keybagd.log" with ASL Module "com.apple.mkb.internal".
Output parameters from ASL Module "com.apple.mkb.internal" override any specified in ASL Module "com.apple.mkb".
2026-08-08 21:32:09 Martins-MacBook-Pro syslogd[574] <Notice>: Configuration Notice:
ASL Module "com.apple.mkb" claims selected messages.
Those messages may not appear in standard system log files or in the ASL database.
2026-08-08 21:32:09 Martins-MacBook-Pro syslogd[574] <Notice>: Configuration Notice:
ASL Module "com.apple.MessageTracer" claims selected messages.
Those messages may not appear in standard system log files or in the ASL database.
2026-08-08 21:47:53 Martins-MacBook-Pro syslogd[574] <Notice>: ASL Sender Statistics
2026-08-08 22:04:02 Martins-MacBook-Pro syslogd[574] <Notice>: ASL Sender Statistics
2026-08-08 22:18:24 Martins-MacBook-Pro syslogd[574] <Notice>: ASL Sender Statistics
2026-08-08 22:35:39 Martins-MacBook-Pro syslogd[574] <Notice>: ASL Sender Statistics
2026-08-08 22:47:38 Martins-MacBook-Pro syslogd[574] <Notice>: ASL Sender Statistics
2026-08-08 23:04:27 Martins-MacBook-Pro syslogd[574] <Notice>: ASL Sender Statistics
2026-08-08 23:19:24 Martins-MacBook-Pro syslogd[574] <Notice>: ASL Sender Statistics
2026-08-08 23:35:10 Martins-MacBook-Pro syslogd[574] <Notice>: ASL Sender Statistics
2026-08-08 23:51:56 Martins-MacBook-Pro syslogd[574] <Notice>: ASL Sender Statistics
2026-08-09 00:09:08 Martins-MacBook-Pro syslogd[574] <Notice>: ASL Sender Statistics
2026-08-09 00:20:24 Martins-MacBook-Pro syslogd[574] <Notice>: ASL Sender Statistics
2026-08-09 00:38:42 Martins-MacBook-Pro syslogd[574] <Notice>: ASL Sender Statistics
2026-08-09 00:54:52 Martins-MacBook-Pro syslogd[574] <Notice>: ASL Sender Statistics
2026-08-09 01:12:18 Martins-MacBook-Pro syslogd[574] <Notice>: ASL Sender Statistics
2026-08-09 01:39:57 Martins-MacBook-Pro syslogd[574] <Notice>: ASL Sender Statistics
2026-08-09 01:57:00 Martins-MacBook-Pro syslogd[574] <Notice>: ASL Sender Statistics
2026-08-09 02:07:12 Martins-MacBook-Pro syslogd[574] <Notice>: ASL Sender Statistics
2026-08-09 02:17:12 Martins-MacBook-Pro syslogd[574] <Notice>: ASL Sender Statistics
2026-08-09 02:27:19 Martins-MacBook-Pro syslogd[574] <Notice>: ASL Sender Statistics
2026-08-09 02:37:33 Martins-MacBook-Pro syslogd[574] <Notice>: ASL Sender Statistics
2026-08-09 02:48:23 Martins-MacBook-Pro syslogd[574] <Notice>: ASL Sender Statistics
2026-08-09 02:58:44 Martins-MacBook-Pro syslogd[574] <Notice>: ASL Sender Statistics
2026-08-09 03:16:37 Martins-MacBook-Pro syslogd[574] <Notice>: ASL Sender Statistics
2026-08-09 03:28:57 Martins-MacBook-Pro syslogd[574] <Notice>: ASL Sender Statistics
2026-08-09 03:39:19 Martins-MacBook-Pro syslogd[574] <Notice>: ASL Sender Statistics
2026-08-09 03:49:19 Martins-MacBook-Pro syslogd[574] <Notice>: ASL Sender Statistics
2026-08-09 04:10:03 Martins-MacBook-Pro syslogd[574] <Notice>: ASL Sender Statistics
2026-08-09 04:23:28 Martins-MacBook-Pro syslogd[574] <Notice>: ASL Sender Statistics
2026-08-09 04:49:07 Martins-MacBook-Pro syslogd[574] <Notice>: ASL Sender Statistics
2026-08-09 05:04:41 Martins-MacBook-Pro syslogd[574] <Notice>: ASL Sender Statistics
2026-08-09 05:21:33 Martins-MacBook-Pro syslogd[574] <Notice>: ASL Sender Statistics
2026-08-09 05:35:01 Martins-MacBook-Pro syslogd[574] <Notice>: ASL Sender Statistics
2026-08-09 05:45:09 Martins-MacBook-Pro syslogd[574] <Notice>: ASL Sender Statistics
2026-08-09 06:10:17 Martins-MacBook-Pro syslogd[574] <Notice>: ASL Sender Statistics
2026-08-09 06:25:17 Martins-MacBook-Pro syslogd[574] <Notice>: ASL Sender Statistics
2026-08-09 06:46:02 Martins-MacBook-Pro syslogd[574] <Notice>: ASL Sender Statistics
2026-08-09 07:05:38 Martins-MacBook-Pro syslogd[574] <Notice>: ASL Sender Statistics
2026-08-09 07:21:13 Martins-MacBook-Pro syslogd[574] <Notice>: ASL Sender Statistics
2026-08-09 07:37:40 Martins-MacBook-Pro syslogd[574] <Notice>: ASL Sender Statistics
2026-08-09 07:54:06 Martins-MacBook-Pro syslogd[574] <Notice>: ASL Sender Statistics
2026-08-09 08:11:55 Martins-MacBook-Pro syslogd[574] <Notice>: ASL Sender Statistics
2026-08-09 08:28:54 Martins-MacBook-Pro syslogd[574] <Notice>: ASL Sender Statistics
2026-08-09 08:46:07 Martins-MacBook-Pro syslogd[574] <Notice>: ASL Sender Statistics
2026-08-09 08:56:09 Martins-MacBook-Pro syslogd[574] <Notice>: ASL Sender Statistics
2026-08-09 09:11:59 Martins-MacBook-Pro syslogd[574] <Notice>: ASL Sender Statistics
2026-08-09 09:28:43 Martins-MacBook-Pro syslogd[574] <Notice>: ASL Sender Statistics
2026-08-09 09:44:25 Martins-MacBook-Pro syslogd[574] <Notice>: ASL Sender Statistics
2026-08-09 09:56:53 Martins-MacBook-Pro syslogd[574] <Notice>: ASL Sender Statistics
2026-08-09 10:12:23 Martins-MacBook-Pro syslogd[574] <Notice>: ASL Sender Statistics
2026-08-09 10:22:28 Martins-MacBook-Pro Books[1640] <Error>: 37273548048 11 AVE : Compiled 905.40.1 in prod on Jul 11 2026 17:45:35
2026-08-09 10:22:28 Martins-MacBook-Pro Books[1640] <Error>: 37273548109 11 AVE : Temporary Path: /Users/mjwebster/Library/Containers/com.apple.iBooksX/Data/tmp/
2026-08-09 10:22:28 Martins-MacBook-Pro Books[1640] <Error>: 37273548128 11 AVE INFO: AVE_Plugin_HEVC_CreateInstance Enter 1752589105 0x1eeeb13c8 0xc6fa196d0 0
2026-08-09 10:22:28 Martins-MacBook-Pro Books[1640] <Error>: 37273548151 12 AVE INFO: AVE_Session_HEVC_Create Enter 0xc74388020 0x0
2026-08-09 10:22:28 Martins-MacBook-Pro syslogd[574] <Notice>: ASL Sender Statistics
2026-08-09 10:22:28 Martins-MacBook-Pro Books[1640] <Error>: 37273548352 12 AVE INFO: AVE_Session_HEVC_CreatePropertyDict Enter 0xc74388020
2026-08-09 10:22:28 Martins-MacBook-Pro Books[1640] <Error>: 37273548424 12 AVE INFO: AVE_Session_HEVC_CreatePropertyDict Exit 0xc74388020 0
2026-08-09 10:22:28 Martins-MacBook-Pro Books[1640] <Error>: 37273548438 12 AVE INFO: AVE_Session_HEVC_Create Exit 0xc74388020 0x0 540 287 0
2026-08-09 10:22:28 Martins-MacBook-Pro Books[1640] <Error>: 37273548447 11 AVE INFO: AVE_Plugin_HEVC_CreateInstance Exit 1752589105 0x1eeeb13c8 0xc6fa196d0 540 0xc74388000 0xc74388020 876 0 0
2026-08-09 10:22:28 Martins-MacBook-Pro Books[1640] <Error>: 37273548460 11 AVE INFO: AVE_Plugin_HEVC_StartTileSession Enter 0xc74388000 0xc6fa196c0 0xc7e089d00 142 220 0x1eeeb13c8 0
2026-08-09 10:22:28 Martins-MacBook-Pro Books[1640] <Error>: 37273548837 12 AVE INFO: AVE_Session_HEVC_StartTileSession Enter 0xc74388020 0x16e3514d0
2026-08-09 10:22:28 Martins-MacBook-Pro Books[1640] <Error>: 37273548864 12 AVE INFO: AVE_Session_HEVC_StartTileSession Exit 0xc74388020 0x16e3514d0 0
2026-08-09 10:22:28 Martins-MacBook-Pro Books[1640] <Error>: 37273548876 11 AVE INFO: AVE_Plugin_HEVC_StartTileSession Exit 0xc74388000 0xc6fa196c0 0xc7e089d00 142 220 0x1eeeb13c8 540 416 0 0
2026-08-09 10:22:28 Martins-MacBook-Pro Books[1640] <Error>: 37273549626 11 AVE INFO: AVE_Plugin_HEVC_PrepareToEncodeTiles Enter 0xc74388000 0 0
2026-08-09 10:22:28 Martins-MacBook-Pro Books[1640] <Error>: 37273549644 12 AVE INFO: AVE_Session_HEVC_Prepare Enter 0xc74388020
2026-08-09 10:22:28 Martins-MacBook-Pro Books[1640] <Error>: 37273550446 12 AVE INFO: AVE_Session_HEVC_Prepare Exit 0xc74388020 0
2026-08-09 10:22:28 Martins-MacBook-Pro Books[1640] <Error>: 37273550478 11 AVE INFO: AVE_Plugin_HEVC_PrepareToEncodeTiles Exit 0xc74388000 0 540 852 0 0
2026-08-09 10:22:28 Martins-MacBook-Pro Books[1640] <Error>: 37273569103 11 AVE INFO: AVE_Plugin_HEVC_Invalidate Enter 0xc74388000 0
2026-08-09 10:22:28 Martins-MacBook-Pro Books[1640] <Error>: 37273569146 12 AVE INFO: AVE_Session_HEVC_Stop Enter 0xc74388020
2026-08-09 10:22:28 Martins-MacBook-Pro Books[1640] <Error>: 37273569252 12 AVE INFO: AVE_Session_HEVC_Stop Exit 0xc74388020 0
2026-08-09 10:22:28 Martins-MacBook-Pro Books[1640] <Error>: 37273569272 11 AVE INFO: AVE_Plugin_HEVC_Invalidate Exit 0xc74388000 540 169 0 0
2026-08-09 10:22:28 Martins-MacBook-Pro Books[1640] <Error>: 37273569285 11 AVE INFO: AVE_Plugin_HEVC_Finalize Enter 0xc74388000 0
2026-08-09 10:22:28 Martins-MacBook-Pro Books[1640] <Error>: 37273569295 12 AVE INFO: AVE_Session_HEVC_Destroy Enter 0xc74388020
2026-08-09 10:22:28 Martins-MacBook-Pro Books[1640] <Error>: 37273570724 2 AVE : ID: 540 Type: 1 Enc: 2 | Input: 1 Proc: 1 Drop: 0
2026-08-09 10:22:28 Martins-MacBook-Pro Books[1640] <Error>: 37273572470 12 AVE INFO: AVE_Session_HEVC_Destroy Exit 0xc74388020 0
2026-08-09 10:22:28 Martins-MacBook-Pro Books[1640] <Error>: 37273572502 11 AVE INFO: AVE_Plugin_HEVC_Finalize Exit 0xc74388000 540 3217 0 0
2026-08-09 10:22:28 Martins-MacBook-Pro Books[1640] <Error>: 37273578728 11 AVE : Compiled 905.40.1 in prod on Jul 11 2026 17:45:35
2026-08-09 10:22:28 Martins-MacBook-Pro Books[1640] <Error>: 37273578778 11 AVE : Temporary Path: /Users/mjwebster/Library/Containers/com.apple.iBooksX/Data/tmp/
2026-08-09 10:22:28 Martins-MacBook-Pro Books[1640] <Error>: 37273578789 11 AVE INFO: AVE_Plugin_HEVC_CreateInstance Enter 1752589105 0x1eeeb13c8 0xc745c7950 0
2026-08-09 10:22:28 Martins-MacBook-Pro Books[1640] <Error>: 37273578804 12 AVE INFO: AVE_Session_HEVC_Create Enter 0xc743dc020 0x0
2026-08-09 10:22:28 Martins-MacBook-Pro Books[1640] <Error>: 37273578969 12 AVE INFO: AVE_Session_HEVC_CreatePropertyDict Enter 0xc743dc020
2026-08-09 10:22:28 Martins-MacBook-Pro Books[1640] <Error>: 37273579017 12 AVE INFO: AVE_Session_HEVC_CreatePropertyDict Exit 0xc743dc020 0
2026-08-09 10:22:28 Martins-MacBook-Pro Books[1640] <Error>: 37273579029 12 AVE INFO: AVE_Session_HEVC_Create Exit 0xc743dc020 0x0 550 225 0
2026-08-09 10:22:28 Martins-MacBook-Pro Books[1640] <Error>: 37273579038 11 AVE INFO: AVE_Plugin_HEVC_CreateInstance Exit 1752589105 0x1eeeb13c8 0xc745c7950 550 0xc743dc000 0xc743dc020 487 0 0
2026-08-09 10:22:28 Martins-MacBook-Pro Books[1640] <Error>: 37273579048 11 AVE INFO: AVE_Plugin_HEVC_StartTileSession Enter 0xc743dc000 0xc745c7940 0xc7e7b4720 142 168 0x1eeeb13c8 0
2026-08-09 10:22:28 Martins-MacBook-Pro Books[1640] <Error>: 37273579058 12 AVE INFO: AVE_Session_HEVC_StartTileSession Enter 0xc743dc020 0x16e3514d0
2026-08-09 10:22:28 Martins-MacBook-Pro Books[1640] <Error>: 37273579076 12 AVE INFO: AVE_Session_HEVC_StartTileSession Exit 0xc743dc020 0x16e3514d0 0
2026-08-09 10:22:28 Martins-MacBook-Pro Books[1640] <Error>: 37273579088 11 AVE INFO: AVE_Plugin_HEVC_StartTileSession Exit 0xc743dc000 0xc745c7940 0xc7e7b4720 142 168 0x1eeeb13c8 550 40 0 0
2026-08-09 10:22:28 Martins-MacBook-Pro Books[1640] <Error>: 37273579119 11 AVE INFO: AVE_Plugin_HEVC_PrepareToEncodeTiles Enter 0xc743dc000 0 0
2026-08-09 10:22:28 Martins-MacBook-Pro Books[1640] <Error>: 37273579136 12 AVE INFO: AVE_Session_HEVC_Prepare Enter 0xc743dc020
2026-08-09 10:22:28 Martins-MacBook-Pro Books[1640] <Error>: 37273579480 12 AVE INFO: AVE_Session_HEVC_Prepare Exit 0xc743dc020 0
2026-08-09 10:22:28 Martins-MacBook-Pro Books[1640] <Error>: 37273579493 11 AVE INFO: AVE_Plugin_HEVC_PrepareToEncodeTiles Exit 0xc743dc000 0 550 374 0 0
2026-08-09 10:22:28 Martins-MacBook-Pro Books[1640] <Error>: 37273593306 11 AVE INFO: AVE_Plugin_HEVC_Invalidate Enter 0xc743dc000 0
2026-08-09 10:22:28 Martins-MacBook-Pro Books[1640] <Error>: 37273593347 12 AVE INFO: AVE_Session_HEVC_Stop Enter 0xc743dc020
2026-08-09 10:22:28 Martins-MacBook-Pro Books[1640] <Error>: 37273593480 12 AVE INFO: AVE_Session_HEVC_Stop Exit 0xc743dc020 0
2026-08-09 10:22:28 Martins-MacBook-Pro Books[1640] <Error>: 37273593496 11 AVE INFO: AVE_Plugin_HEVC_Invalidate Exit 0xc743dc000 550 190 0 0
2026-08-09 10:22:28 Martins-MacBook-Pro Books[1640] <Error>: 37273593519 11 AVE INFO: AVE_Plugin_HEVC_Finalize Enter 0xc743dc000 0
2026-08-09 10:22:28 Martins-MacBook-Pro Books[1640] <Error>: 37273593528 12 AVE INFO: AVE_Session_HEVC_Destroy Enter 0xc743dc020
2026-08-09 10:22:28 Martins-MacBook-Pro Books[1640] <Error>: 37273595057 2 AVE : ID: 550 Type: 1 Enc: 2 | Input: 1 Proc: 1 Drop: 0
2026-08-09 10:22:28 Martins-MacBook-Pro Books[1640] <Error>: 37273596922 12 AVE INFO: AVE_Session_HEVC_Destroy Exit 0xc743dc020 0
2026-08-09 10:22:28 Martins-MacBook-Pro Books[1640] <Error>: 37273596948 11 AVE INFO: AVE_Plugin_HEVC_Finalize Exit 0xc743dc000 550 3429 0 0
2026-08-09 10:22:28 Martins-MacBook-Pro Books[1640] <Error>: 37273598840 11 AVE : Compiled 905.40.1 in prod on Jul 11 2026 17:45:35
2026-08-09 10:22:28 Martins-MacBook-Pro Books[1640] <Error>: 37273598887 11 AVE : Temporary Path: /Users/mjwebster/Library/Containers/com.apple.iBooksX/Data/tmp/
2026-08-09 10:22:28 Martins-MacBook-Pro Books[1640] <Error>: 37273598899 11 AVE INFO: AVE_Plugin_HEVC_CreateInstance Enter 1752589105 0x1eeeb13c8 0xc745c7950 0
2026-08-09 10:22:28 Martins-MacBook-Pro Books[1640] <Error>: 37273598916 12 AVE INFO: AVE_Session_HEVC_Create Enter 0xc743dc020 0x0
2026-08-09 10:22:28 Martins-MacBook-Pro Books[1640] <Error>: 37273599187 12 AVE INFO: AVE_Session_HEVC_CreatePropertyDict Enter 0xc743dc020
2026-08-09 10:22:28 Martins-MacBook-Pro Books[1640] <Error>: 37273599262 12 AVE INFO: AVE_Session_HEVC_CreatePropertyDict Exit 0xc743dc020 0
2026-08-09 10:22:28 Martins-MacBook-Pro Books[1640] <Error>: 37273599277 12 AVE INFO: AVE_Session_HEVC_Create Exit 0xc743dc020 0x0 560 361 0
2026-08-09 10:22:28 Martins-MacBook-Pro Books[1640] <Error>: 37273599288 11 AVE INFO: AVE_Plugin_HEVC_CreateInstance Exit 1752589105 0x1eeeb13c8 0xc745c7950 560 0xc743dc000 0xc743dc020 631 0 0
2026-08-09 10:22:28 Martins-MacBook-Pro Books[1640] <Error>: 37273599303 11 AVE INFO: AVE_Plugin_HEVC_StartTileSession Enter 0xc743dc000 0xc745c7940 0xc7e7b45e0 142 168 0x1eeeb13c8 0
2026-08-09 10:22:28 Martins-MacBook-Pro Books[1640] <Error>: 37273599314 12 AVE INFO: AVE_Session_HEVC_StartTileSession Enter 0xc743dc020 0x16e3514d0
2026-08-09 10:22:28 Martins-MacBook-Pro Books[1640] <Error>: 37273599335 12 AVE INFO: AVE_Session_HEVC_StartTileSession Exit 0xc743dc020 0x16e3514d0 0
2026-08-09 10:22:28 Martins-MacBook-Pro Books[1640] <Error>: 37273599355 11 AVE INFO: AVE_Plugin_HEVC_StartTileSession Exit 0xc743dc000 0xc745c7940 0xc7e7b45e0 142 168 0x1eeeb13c8 560 52 0 0
2026-08-09 10:22:28 Martins-MacBook-Pro Books[1640] <Error>: 37273599390 11 AVE INFO: AVE_Plugin_HEVC_PrepareToEncodeTiles Enter 0xc743dc000 0 0
2026-08-09 10:22:28 Martins-MacBook-Pro Books[1640] <Error>: 37273599402 12 AVE INFO: AVE_Session_HEVC_Prepare Enter 0xc743dc020
2026-08-09 10:22:28 Martins-MacBook-Pro Books[1640] <Error>: 37273599988 12 AVE INFO: AVE_Session_HEVC_Prepare Exit 0xc743dc020 0
2026-08-09 10:22:28 Martins-MacBook-Pro Books[1640] <Error>: 37273600016 11 AVE INFO: AVE_Plugin_HEVC_PrepareToEncodeTiles Exit 0xc743dc000 0 560 626 0 0
2026-08-09 10:22:28 Martins-MacBook-Pro Books[1640] <Error>: 37273612124 11 AVE INFO: AVE_Plugin_HEVC_Invalidate Enter 0xc743dc000 0
2026-08-09 10:22:28 Martins-MacBook-Pro Books[1640] <Error>: 37273612177 12 AVE INFO: AVE_Session_HEVC_Stop Enter 0xc743dc020
2026-08-09 10:22:28 Martins-MacBook-Pro Books[1640] <Error>: 37273612296 12 AVE INFO: AVE_Session_HEVC_Stop Exit 0xc743dc020 0
2026-08-09 10:22:28 Martins-MacBook-Pro Books[1640] <Error>: 37273612313 11 AVE INFO: AVE_Plugin_HEVC_Invalidate Exit 0xc743dc000 560 189 0 0
2026-08-09 10:22:28 Martins-MacBook-Pro Books[1640] <Error>: 37273612323 11 AVE INFO: AVE_Plugin_HEVC_Finalize Enter 0xc743dc000 0
2026-08-09 10:22:28 Martins-MacBook-Pro Books[1640] <Error>: 37273612332 12 AVE INFO: AVE_Session_HEVC_Destroy Enter 0xc743dc020
2026-08-09 10:22:28 Martins-MacBook-Pro Books[1640] <Error>: 37273613805 2 AVE : ID: 560 Type: 1 Enc: 2 | Input: 1 Proc: 1 Drop: 0
2026-08-09 10:22:28 Martins-MacBook-Pro Books[1640] <Error>: 37273615576 12 AVE INFO: AVE_Session_HEVC_Destroy Exit 0xc743dc020 0
2026-08-09 10:22:28 Martins-MacBook-Pro Books[1640] <Error>: 37273615596 11 AVE INFO: AVE_Plugin_HEVC_Finalize Exit 0xc743dc000 560 3273 0 0
2026-08-09 10:22:28 Martins-MacBook-Pro Books[1640] <Error>: 37273616993 11 AVE : Compiled 905.40.1 in prod on Jul 11 2026 17:45:35
2026-08-09 10:22:28 Martins-MacBook-Pro Books[1640] <Error>: 37273617021 11 AVE : Temporary Path: /Users/mjwebster/Library/Containers/com.apple.iBooksX/Data/tmp/
2026-08-09 10:22:28 Martins-MacBook-Pro Books[1640] <Error>: 37273617033 11 AVE INFO: AVE_Plugin_HEVC_CreateInstance Enter 1752589105 0x1eeeb13c8 0xc745c7950 0
2026-08-09 10:22:28 Martins-MacBook-Pro Books[1640] <Error>: 37273617048 12 AVE INFO: AVE_Session_HEVC_Create Enter 0xc743dc020 0x0
2026-08-09 10:22:28 Martins-MacBook-Pro Books[1640] <Error>: 37273617227 12 AVE INFO: AVE_Session_HEVC_CreatePropertyDict Enter 0xc743dc020
2026-08-09 10:22:28 Martins-MacBook-Pro Books[1640] <Error>: 37273617282 12 AVE INFO: AVE_Session_HEVC_CreatePropertyDict Exit 0xc743dc020 0
2026-08-09 10:22:28 Martins-MacBook-Pro Books[1640] <Error>: 37273617297 12 AVE INFO: AVE_Session_HEVC_Create Exit 0xc743dc020 0x0 570 249 0
2026-08-09 10:22:28 Martins-MacBook-Pro Books[1640] <Error>: 37273617308 11 AVE INFO: AVE_Plugin_HEVC_CreateInstance Exit 1752589105 0x1eeeb13c8 0xc745c7950 570 0xc743dc000 0xc743dc020 477 0 0
2026-08-09 10:22:28 Martins-MacBook-Pro Books[1640] <Error>: 37273617318 11 AVE INFO: AVE_Plugin_HEVC_StartTileSession Enter 0xc743dc000 0xc745c7940 0xc7ba117c0 142 168 0x1eeeb13c8 0
2026-08-09 10:22:28 Martins-MacBook-Pro Books[1640] <Error>: 37273617328 12 AVE INFO: AVE_Session_HEVC_StartTileSession Enter 0xc743dc020 0x16e3514d0
2026-08-09 10:22:28 Martins-MacBook-Pro Books[1640] <Error>: 37273617346 12 AVE INFO: AVE_Session_HEVC_StartTileSession Exit 0xc743dc020 0x16e3514d0 0
2026-08-09 10:22:28 Martins-MacBook-Pro Books[1640] <Error>: 37273617355 11 AVE INFO: AVE_Plugin_HEVC_StartTileSession Exit 0xc743dc000 0xc745c7940 0xc7ba117c0 142 168 0x1eeeb13c8 570 37 0 0
2026-08-09 10:22:28 Martins-MacBook-Pro Books[1640] <Error>: 37273617391 11 AVE INFO: AVE_Plugin_HEVC_PrepareToEncodeTiles Enter 0xc743dc000 0 0
2026-08-09 10:22:28 Martins-MacBook-Pro Books[1640] <Error>: 37273617401 12 AVE INFO: AVE_Session_HEVC_Prepare Enter 0xc743dc020
2026-08-09 10:22:28 Martins-MacBook-Pro Books[1640] <Error>: 37273617721 12 AVE INFO: AVE_Session_HEVC_Prepare Exit 0xc743dc020 0
2026-08-09 10:22:28 Martins-MacBook-Pro Books[1640] <Error>: 37273617733 11 AVE INFO: AVE_Plugin_HEVC_PrepareToEncodeTiles Exit 0xc743dc000 0 570 342 0 0
2026-08-09 10:22:28 Martins-MacBook-Pro Books[1640] <Error>: 37273632920 11 AVE INFO: AVE_Plugin_HEVC_Invalidate Enter 0xc743dc000 0
2026-08-09 10:22:28 Martins-MacBook-Pro Books[1640] <Error>: 37273632954 12 AVE INFO: AVE_Session_HEVC_Stop Enter 0xc743dc020
2026-08-09 10:22:28 Martins-MacBook-Pro Books[1640] <Error>: 37273633067 12 AVE INFO: AVE_Session_HEVC_Stop Exit 0xc743dc020 0
2026-08-09 10:22:28 Martins-MacBook-Pro Books[1640] <Error>: 37273633083 11 AVE INFO: AVE_Plugin_HEVC_Invalidate Exit 0xc743dc000 570 163 0 0
2026-08-09 10:22:28 Martins-MacBook-Pro Books[1640] <Error>: 37273633094 11 AVE INFO: AVE_Plugin_HEVC_Finalize Enter 0xc743dc000 0
2026-08-09 10:22:28 Martins-MacBook-Pro Books[1640] <Error>: 37273633103 12 AVE INFO: AVE_Session_HEVC_Destroy Enter 0xc743dc020
2026-08-09 10:22:28 Martins-MacBook-Pro Books[1640] <Error>: 37273634572 2 AVE : ID: 570 Type: 1 Enc: 2 | Input: 1 Proc: 1 Drop: 0
2026-08-09 10:22:28 Martins-MacBook-Pro Books[1640] <Error>: 37273636362 12 AVE INFO: AVE_Session_HEVC_Destroy Exit 0xc743dc020 0
2026-08-09 10:22:28 Martins-MacBook-Pro Books[1640] <Error>: 37273636380 11 AVE INFO: AVE_Plugin_HEVC_Finalize Exit 0xc743dc000 570 3286 0 0
2026-08-09 10:22:28 Martins-MacBook-Pro Books[1640] <Error>: 37273641168 11 AVE : Compiled 905.40.1 in prod on Jul 11 2026 17:45:35
2026-08-09 10:22:28 Martins-MacBook-Pro Books[1640] <Error>: 37273641220 11 AVE : Temporary Path: /Users/mjwebster/Library/Containers/com.apple.iBooksX/Data/tmp/
2026-08-09 10:22:28 Martins-MacBook-Pro Books[1640] <Error>: 37273641232 11 AVE INFO: AVE_Plugin_HEVC_CreateInstance Enter 1752589105 0x1eeeb13c8 0xc745c7950 0
2026-08-09 10:22:28 Martins-MacBook-Pro Books[1640] <Error>: 37273641248 12 AVE INFO: AVE_Session_HEVC_Create Enter 0xc743dc020 0x0
2026-08-09 10:22:28 Martins-MacBook-Pro Books[1640] <Error>: 37273641426 12 AVE INFO: AVE_Session_HEVC_CreatePropertyDict Enter 0xc743dc020
2026-08-09 10:22:28 Martins-MacBook-Pro Books[1640] <Error>: 37273641481 12 AVE INFO: AVE_Session_HEVC_CreatePropertyDict Exit 0xc743dc020 0
2026-08-09 10:22:28 Martins-MacBook-Pro Books[1640] <Error>: 37273641493 12 AVE INFO: AVE_Session_HEVC_Create Exit 0xc743dc020 0x0 580 245 0
2026-08-09 10:22:28 Martins-MacBook-Pro Books[1640] <Error>: 37273641503 11 AVE INFO: AVE_Plugin_HEVC_CreateInstance Exit 1752589105 0x1eeeb13c8 0xc745c7950 580 0xc743dc000 0xc743dc020 493 0 0
2026-08-09 10:22:28 Martins-MacBook-Pro Books[1640] <Error>: 37273641513 11 AVE INFO: AVE_Plugin_HEVC_StartTileSession Enter 0xc743dc000 0xc745c7940 0xc7e7b4d00 142 190 0x1eeeb13c8 0
2026-08-09 10:22:28 Martins-MacBook-Pro Books[1640] <Error>: 37273641523 12 AVE INFO: AVE_Session_HEVC_StartTileSession Enter 0xc743dc020 0x16e3514d0
2026-08-09 10:22:28 Martins-MacBook-Pro Books[1640] <Error>: 37273641541 12 AVE INFO: AVE_Session_HEVC_StartTileSession Exit 0xc743dc020 0x16e3514d0 0
2026-08-09 10:22:28 Martins-MacBook-Pro Books[1640] <Error>: 37273641553 11 AVE INFO: AVE_Plugin_HEVC_StartTileSession Exit 0xc743dc000 0xc745c7940 0xc7e7b4d00 142 190 0x1eeeb13c8 580 40 0 0
2026-08-09 10:22:28 Martins-MacBook-Pro Books[1640] <Error>: 37273641578 11 AVE INFO: AVE_Plugin_HEVC_PrepareToEncodeTiles Enter 0xc743dc000 0 0
2026-08-09 10:22:28 Martins-MacBook-Pro Books[1640] <Error>: 37273641590 12 AVE INFO: AVE_Session_HEVC_Prepare Enter 0xc743dc020
2026-08-09 10:22:28 Martins-MacBook-Pro Books[1640] <Error>: 37273641931 12 AVE INFO: AVE_Session_HEVC_Prepare Exit 0xc743dc020 0
2026-08-09 10:22:28 Martins-MacBook-Pro Books[1640] <Error>: 37273641945 11 AVE INFO: AVE_Plugin_HEVC_PrepareToEncodeTiles Exit 0xc743dc000 0 580 367 0 0
2026-08-09 10:22:28 Martins-MacBook-Pro Books[1640] <Error>: 37273657297 11 AVE INFO: AVE_Plugin_HEVC_Invalidate Enter 0xc743dc000 0
2026-08-09 10:22:28 Martins-MacBook-Pro Books[1640] <Error>: 37273657325 12 AVE INFO: AVE_Session_HEVC_Stop Enter 0xc743dc020
2026-08-09 10:22:28 Martins-MacBook-Pro Books[1640] <Error>: 37273657472 12 AVE INFO: AVE_Session_HEVC_Stop Exit 0xc743dc020 0
2026-08-09 10:22:28 Martins-MacBook-Pro Books[1640] <Error>: 37273657489 11 AVE INFO: AVE_Plugin_HEVC_Invalidate Exit 0xc743dc000 580 192 0 0
2026-08-09 10:22:28 Martins-MacBook-Pro Books[1640] <Error>: 37273657499 11 AVE INFO: AVE_Plugin_HEVC_Finalize Enter 0xc743dc000 0
2026-08-09 10:22:28 Martins-MacBook-Pro Books[1640] <Error>: 37273657512 12 AVE INFO: AVE_Session_HEVC_Destroy Enter 0xc743dc020
2026-08-09 10:22:28 Martins-MacBook-Pro Books[1640] <Error>: 37273659043 2 AVE : ID: 580 Type: 1 Enc: 2 | Input: 1 Proc: 1 Drop: 0
2026-08-09 10:22:28 Martins-MacBook-Pro Books[1640] <Error>: 37273660987 12 AVE INFO: AVE_Session_HEVC_Destroy Exit 0xc743dc020 0
2026-08-09 10:22:28 Martins-MacBook-Pro Books[1640] <Error>: 37273661009 11 AVE INFO: AVE_Plugin_HEVC_Finalize Exit 0xc743dc000 580 3510 0 0
2026-08-09 10:22:28 Martins-MacBook-Pro Books[1640] <Error>: 37273662542 11 AVE : Compiled 905.40.1 in prod on Jul 11 2026 17:45:35
2026-08-09 10:22:28 Martins-MacBook-Pro Books[1640] <Error>: 37273662568 11 AVE : Temporary Path: /Users/mjwebster/Library/Containers/com.apple.iBooksX/Data/tmp/
2026-08-09 10:22:28 Martins-MacBook-Pro Books[1640] <Error>: 37273662579 11 AVE INFO: AVE_Plugin_HEVC_CreateInstance Enter 1752589105 0x1eeeb13c8 0xc745c7950 0
2026-08-09 10:22:28 Martins-MacBook-Pro Books[1640] <Error>: 37273662595 12 AVE INFO: AVE_Session_HEVC_Create Enter 0xc743dc020 0x0
2026-08-09 10:22:28 Martins-MacBook-Pro Books[1640] <Error>: 37273662760 12 AVE INFO: AVE_Session_HEVC_CreatePropertyDict Enter 0xc743dc020
2026-08-09 10:22:28 Martins-MacBook-Pro Books[1640] <Error>: 37273662807 12 AVE INFO: AVE_Session_HEVC_CreatePropertyDict Exit 0xc743dc020 0
2026-08-09 10:22:28 Martins-MacBook-Pro Books[1640] <Error>: 37273662824 12 AVE INFO: AVE_Session_HEVC_Create Exit 0xc743dc020 0x0 590 228 0
2026-08-09 10:22:28 Martins-MacBook-Pro Books[1640] <Error>: 37273662832 11 AVE INFO: AVE_Plugin_HEVC_CreateInstance Exit 1752589105 0x1eeeb13c8 0xc745c7950 590 0xc743dc000 0xc743dc020 448 0 0
2026-08-09 10:22:28 Martins-MacBook-Pro Books[1640] <Error>: 37273662844 11 AVE INFO: AVE_Plugin_HEVC_StartTileSession Enter 0xc743dc000 0xc745c7940 0xc7e7b5f40 142 190 0x1eeeb13c8 0
2026-08-09 10:22:28 Martins-MacBook-Pro Books[1640] <Error>: 37273662854 12 AVE INFO: AVE_Session_HEVC_StartTileSession Enter 0xc743dc020 0x16e3514d0
2026-08-09 10:22:28 Martins-MacBook-Pro Books[1640] <Error>: 37273662870 12 AVE INFO: AVE_Session_HEVC_StartTileSession Exit 0xc743dc020 0x16e3514d0 0
2026-08-09 10:22:28 Martins-MacBook-Pro Books[1640] <Error>: 37273662883 11 AVE INFO: AVE_Plugin_HEVC_StartTileSession Exit 0xc743dc000 0xc745c7940 0xc7e7b5f40 142 190 0x1eeeb13c8 590 38 0 0
2026-08-09 10:22:28 Martins-MacBook-Pro Books[1640] <Error>: 37273662908 11 AVE INFO: AVE_Plugin_HEVC_PrepareToEncodeTiles Enter 0xc743dc000 0 0
2026-08-09 10:22:28 Martins-MacBook-Pro Books[1640] <Error>: 37273662918 12 AVE INFO: AVE_Session_HEVC_Prepare Enter 0xc743dc020
2026-08-09 10:22:28 Martins-MacBook-Pro Books[1640] <Error>: 37273663239 12 AVE INFO: AVE_Session_HEVC_Prepare Exit 0xc743dc020 0
2026-08-09 10:22:28 Martins-MacBook-Pro Books[1640] <Error>: 37273663251 11 AVE INFO: AVE_Plugin_HEVC_PrepareToEncodeTiles Exit 0xc743dc000 0 590 343 0 0
2026-08-09 10:22:28 Martins-MacBook-Pro Books[1640] <Error>: 37273678758 11 AVE INFO: AVE_Plugin_HEVC_Invalidate Enter 0xc743dc000 0
2026-08-09 10:22:28 Martins-MacBook-Pro Books[1640] <Error>: 37273678794 12 AVE INFO: AVE_Session_HEVC_Stop Enter 0xc743dc020
2026-08-09 10:22:28 Martins-MacBook-Pro Books[1640] <Error>: 37273678919 12 AVE INFO: AVE_Session_HEVC_Stop Exit 0xc743dc020 0
2026-08-09 10:22:28 Martins-MacBook-Pro Books[1640] <Error>: 37273678936 11 AVE INFO: AVE_Plugin_HEVC_Invalidate Exit 0xc743dc000 590 178 0 0
2026-08-09 10:22:28 Martins-MacBook-Pro Books[1640] <Error>: 37273678948 11 AVE INFO: AVE_Plugin_HEVC_Finalize Enter 0xc743dc000 0
2026-08-09 10:22:28 Martins-MacBook-Pro Books[1640] <Error>: 37273678959 12 AVE INFO: AVE_Session_HEVC_Destroy Enter 0xc743dc020
2026-08-09 10:22:28 Martins-MacBook-Pro Books[1640] <Error>: 37273680454 2 AVE : ID: 590 Type: 1 Enc: 2 | Input: 1 Proc: 1 Drop: 0
2026-08-09 10:22:28 Martins-MacBook-Pro Books[1640] <Error>: 37273682454 12 AVE INFO: AVE_Session_HEVC_Destroy Exit 0xc743dc020 0
2026-08-09 10:22:28 Martins-MacBook-Pro Books[1640] <Error>: 37273682509 11 AVE INFO: AVE_Plugin_HEVC_Finalize Exit 0xc743dc000 590 3561 0 0
2026-08-09 10:22:28 Martins-MacBook-Pro Books[1640] <Error>: 37273684277 11 AVE : Compiled 905.40.1 in prod on Jul 11 2026 17:45:35
2026-08-09 10:22:28 Martins-MacBook-Pro Books[1640] <Error>: 37273684307 11 AVE : Temporary Path: /Users/mjwebster/Library/Containers/com.apple.iBooksX/Data/tmp/
2026-08-09 10:22:28 Martins-MacBook-Pro Books[1640] <Error>: 37273684319 11 AVE INFO: AVE_Plugin_HEVC_CreateInstance Enter 1752589105 0x1eeeb13c8 0xc745c7950 0
2026-08-09 10:22:28 Martins-MacBook-Pro Books[1640] <Error>: 37273684334 12 AVE INFO: AVE_Session_HEVC_Create Enter 0xc743dc020 0x0
2026-08-09 10:22:28 Martins-MacBook-Pro Books[1640] <Error>: 37273684500 12 AVE INFO: AVE_Session_HEVC_CreatePropertyDict Enter 0xc743dc020
2026-08-09 10:22:28 Martins-MacBook-Pro Books[1640] <Error>: 37273684554 12 AVE INFO: AVE_Session_HEVC_CreatePropertyDict Exit 0xc743dc020 0
2026-08-09 10:22:28 Martins-MacBook-Pro Books[1640] <Error>: 37273684568 12 AVE INFO: AVE_Session_HEVC_Create Exit 0xc743dc020 0x0 600 234 0
2026-08-09 10:22:28 Martins-MacBook-Pro Books[1640] <Error>: 37273684578 11 AVE INFO: AVE_Plugin_HEVC_CreateInstance Exit 1752589105 0x1eeeb13c8 0xc745c7950 600 0xc743dc000 0xc743dc020 467 0 0
2026-08-09 10:22:28 Martins-MacBook-Pro Books[1640] <Error>: 37273684590 11 AVE INFO: AVE_Plugin_HEVC_StartTileSession Enter 0xc743dc000 0xc745c7940 0xc7e4b2540 142 168 0x1eeeb13c8 0
2026-08-09 10:22:28 Martins-MacBook-Pro Books[1640] <Error>: 37273684600 12 AVE INFO: AVE_Session_HEVC_StartTileSession Enter 0xc743dc020 0x16e3514d0
2026-08-09 10:22:28 Martins-MacBook-Pro Books[1640] <Error>: 37273684616 12 AVE INFO: AVE_Session_HEVC_StartTileSession Exit 0xc743dc020 0x16e3514d0 0
2026-08-09 10:22:28 Martins-MacBook-Pro Books[1640] <Error>: 37273684627 11 AVE INFO: AVE_Plugin_HEVC_StartTileSession Exit 0xc743dc000 0xc745c7940 0xc7e4b2540 142 168 0x1eeeb13c8 600 37 0 0
2026-08-09 10:22:28 Martins-MacBook-Pro Books[1640] <Error>: 37273684652 11 AVE INFO: AVE_Plugin_HEVC_PrepareToEncodeTiles Enter 0xc743dc000 0 0
2026-08-09 10:22:28 Martins-MacBook-Pro Books[1640] <Error>: 37273684665 12 AVE INFO: AVE_Session_HEVC_Prepare Enter 0xc743dc020
2026-08-09 10:22:28 Martins-MacBook-Pro Books[1640] <Error>: 37273685016 12 AVE INFO: AVE_Session_HEVC_Prepare Exit 0xc743dc020 0
2026-08-09 10:22:28 Martins-MacBook-Pro Books[1640] <Error>: 37273685028 11 AVE INFO: AVE_Plugin_HEVC_PrepareToEncodeTiles Exit 0xc743dc000 0 600 376 0 0
2026-08-09 10:22:28 Martins-MacBook-Pro Books[1640] <Error>: 37273698650 11 AVE INFO: AVE_Plugin_HEVC_Invalidate Enter 0xc743dc000 0
2026-08-09 10:22:28 Martins-MacBook-Pro Books[1640] <Error>: 37273698680 12 AVE INFO: AVE_Session_HEVC_Stop Enter 0xc743dc020
2026-08-09 10:22:28 Martins-MacBook-Pro Books[1640] <Error>: 37273698810 12 AVE INFO: AVE_Session_HEVC_Stop Exit 0xc743dc020 0
2026-08-09 10:22:28 Martins-MacBook-Pro Books[1640] <Error>: 37273698834 11 AVE INFO: AVE_Plugin_HEVC_Invalidate Exit 0xc743dc000 600 184 0 0
2026-08-09 10:22:28 Martins-MacBook-Pro Books[1640] <Error>: 37273698846 11 AVE INFO: AVE_Plugin_HEVC_Finalize Enter 0xc743dc000 0
2026-08-09 10:22:28 Martins-MacBook-Pro Books[1640] <Error>: 37273698856 12 AVE INFO: AVE_Session_HEVC_Destroy Enter 0xc743dc020
2026-08-09 10:22:28 Martins-MacBook-Pro Books[1640] <Error>: 37273700404 2 AVE : ID: 600 Type: 1 Enc: 2 | Input: 1 Proc: 1 Drop: 0
2026-08-09 10:22:28 Martins-MacBook-Pro Books[1640] <Error>: 37273702361 12 AVE INFO: AVE_Session_HEVC_Destroy Exit 0xc743dc020 0
2026-08-09 10:22:28 Martins-MacBook-Pro Books[1640] <Error>: 37273702379 11 AVE INFO: AVE_Plugin_HEVC_Finalize Exit 0xc743dc000 600 3533 0 0
2026-08-09 10:22:28 Martins-MacBook-Pro Books[1640] <Error>: 37273703908 11 AVE : Compiled 905.40.1 in prod on Jul 11 2026 17:45:35
2026-08-09 10:22:28 Martins-MacBook-Pro Books[1640] <Error>: 37273703935 11 AVE : Temporary Path: /Users/mjwebster/Library/Containers/com.apple.iBooksX/Data/tmp/
2026-08-09 10:22:28 Martins-MacBook-Pro Books[1640] <Error>: 37273703951 11 AVE INFO: AVE_Plugin_HEVC_CreateInstance Enter 1752589105 0x1eeeb13c8 0xc745c7950 0
2026-08-09 10:22:28 Martins-MacBook-Pro Books[1640] <Error>: 37273703967 12 AVE INFO: AVE_Session_HEVC_Create Enter 0xc743dc020 0x0
2026-08-09 10:22:28 Martins-MacBook-Pro Books[1640] <Error>: 37273704115 12 AVE INFO: AVE_Session_HEVC_CreatePropertyDict Enter 0xc743dc020
2026-08-09 10:22:28 Martins-MacBook-Pro Books[1640] <Error>: 37273704163 12 AVE INFO: AVE_Session_HEVC_CreatePropertyDict Exit 0xc743dc020 0
2026-08-09 10:22:28 Martins-MacBook-Pro Books[1640] <Error>: 37273704175 12 AVE INFO: AVE_Session_HEVC_Create Exit 0xc743dc020 0x0 610 208 0
2026-08-09 10:22:28 Martins-MacBook-Pro Books[1640] <Error>: 37273704186 11 AVE INFO: AVE_Plugin_HEVC_CreateInstance Exit 1752589105 0x1eeeb13c8 0xc745c7950 610 0xc743dc000 0xc743dc020 439 0 0
2026-08-09 10:22:28 Martins-MacBook-Pro Books[1640] <Error>: 37273704197 11 AVE INFO: AVE_Plugin_HEVC_StartTileSession Enter 0xc743dc000 0xc745c7940 0xc7cc5de60 142 190 0x1eeeb13c8 0
2026-08-09 10:22:28 Martins-MacBook-Pro Books[1640] <Error>: 37273704206 12 AVE INFO: AVE_Session_HEVC_StartTileSession Enter 0xc743dc020 0x16e3514d0
2026-08-09 10:22:28 Martins-MacBook-Pro Books[1640] <Error>: 37273704224 12 AVE INFO: AVE_Session_HEVC_StartTileSession Exit 0xc743dc020 0x16e3514d0 0
2026-08-09 10:22:28 Martins-MacBook-Pro Books[1640] <Error>: 37273704235 11 AVE INFO: AVE_Plugin_HEVC_StartTileSession Exit 0xc743dc000 0xc745c7940 0xc7cc5de60 142 190 0x1eeeb13c8 610 38 0 0
2026-08-09 10:22:28 Martins-MacBook-Pro Books[1640] <Error>: 37273704261 11 AVE INFO: AVE_Plugin_HEVC_PrepareToEncodeTiles Enter 0xc743dc000 0 0
2026-08-09 10:22:28 Martins-MacBook-Pro Books[1640] <Error>: 37273704272 12 AVE INFO: AVE_Session_HEVC_Prepare Enter 0xc743dc020
2026-08-09 10:22:28 Martins-MacBook-Pro Books[1640] <Error>: 37273704570 12 AVE INFO: AVE_Session_HEVC_Prepare Exit 0xc743dc020 0
2026-08-09 10:22:28 Martins-MacBook-Pro Books[1640] <Error>: 37273704582 11 AVE INFO: AVE_Plugin_HEVC_PrepareToEncodeTiles Exit 0xc743dc000 0 610 321 0 0
2026-08-09 10:22:28 Martins-MacBook-Pro Books[1640] <Error>: 37273720951 11 AVE INFO: AVE_Plugin_HEVC_Invalidate Enter 0xc743dc000 0
2026-08-09 10:22:28 Martins-MacBook-Pro Books[1640] <Error>: 37273720992 12 AVE INFO: AVE_Session_HEVC_Stop Enter 0xc743dc020
2026-08-09 10:22:28 Martins-MacBook-Pro Books[1640] <Error>: 37273721129 12 AVE INFO: AVE_Session_HEVC_Stop Exit 0xc743dc020 0
2026-08-09 10:22:28 Martins-MacBook-Pro Books[1640] <Error>: 37273721148 11 AVE INFO: AVE_Plugin_HEVC_Invalidate Exit 0xc743dc000 610 197 0 0
2026-08-09 10:22:28 Martins-MacBook-Pro Books[1640] <Error>: 37273721161 11 AVE INFO: AVE_Plugin_HEVC_Finalize Enter 0xc743dc000 0
2026-08-09 10:22:28 Martins-MacBook-Pro Books[1640] <Error>: 37273721172 12 AVE INFO: AVE_Session_HEVC_Destroy Enter 0xc743dc020
2026-08-09 10:22:28 Martins-MacBook-Pro Books[1640] <Error>: 37273722696 2 AVE : ID: 610 Type: 1 Enc: 2 | Input: 1 Proc: 1 Drop: 0
2026-08-09 10:22:28 Martins-MacBook-Pro Books[1640] <Error>: 37273724720 12 AVE INFO: AVE_Session_HEVC_Destroy Exit 0xc743dc020 0
2026-08-09 10:22:28 Martins-MacBook-Pro Books[1640] <Error>: 37273724749 11 AVE INFO: AVE_Plugin_HEVC_Finalize Exit 0xc743dc000 610 3588 0 0
2026-08-09 10:22:28 Martins-MacBook-Pro Books[1640] <Error>: 37273726312 11 AVE : Compiled 905.40.1 in prod on Jul 11 2026 17:45:35
2026-08-09 10:22:28 Martins-MacBook-Pro Books[1640] <Error>: 37273726339 11 AVE : Temporary Path: /Users/mjwebster/Library/Containers/com.apple.iBooksX/Data/tmp/
2026-08-09 10:22:28 Martins-MacBook-Pro Books[1640] <Error>: 37273726352 11 AVE INFO: AVE_Plugin_HEVC_CreateInstance Enter 1752589105 0x1eeeb13c8 0xc745c7950 0
2026-08-09 10:22:28 Martins-MacBook-Pro Books[1640] <Error>: 37273726368 12 AVE INFO: AVE_Session_HEVC_Create Enter 0xc743dc020 0x0
2026-08-09 10:22:28 Martins-MacBook-Pro Books[1640] <Error>: 37273726541 12 AVE INFO: AVE_Session_HEVC_CreatePropertyDict Enter 0xc743dc020
2026-08-09 10:22:28 Martins-MacBook-Pro Books[1640] <Error>: 37273726594 12 AVE INFO: AVE_Session_HEVC_CreatePropertyDict Exit 0xc743dc020 0
2026-08-09 10:22:28 Martins-MacBook-Pro Books[1640] <Error>: 37273726607 12 AVE INFO: AVE_Session_HEVC_Create Exit 0xc743dc020 0x0 620 239 0
2026-08-09 10:22:28 Martins-MacBook-Pro Books[1640] <Error>: 37273726620 11 AVE INFO: AVE_Plugin_HEVC_CreateInstance Exit 1752589105 0x1eeeb13c8 0xc745c7950 620 0xc743dc000 0xc743dc020 483 0 0
2026-08-09 10:22:28 Martins-MacBook-Pro Books[1640] <Error>: 37273726633 11 AVE INFO: AVE_Plugin_HEVC_StartTileSession Enter 0xc743dc000 0xc745c7940 0xc7e4b2220 142 190 0x1eeeb13c8 0
2026-08-09 10:22:28 Martins-MacBook-Pro Books[1640] <Error>: 37273726643 12 AVE INFO: AVE_Session_HEVC_StartTileSession Enter 0xc743dc020 0x16e3514d0
2026-08-09 10:22:28 Martins-MacBook-Pro Books[1640] <Error>: 37273726664 12 AVE INFO: AVE_Session_HEVC_StartTileSession Exit 0xc743dc020 0x16e3514d0 0
2026-08-09 10:22:28 Martins-MacBook-Pro Books[1640] <Error>: 37273726676 11 AVE INFO: AVE_Plugin_HEVC_StartTileSession Exit 0xc743dc000 0xc745c7940 0xc7e4b2220 142 190 0x1eeeb13c8 620 43 0 0
2026-08-09 10:22:28 Martins-MacBook-Pro Books[1640] <Error>: 37273726703 11 AVE INFO: AVE_Plugin_HEVC_PrepareToEncodeTiles Enter 0xc743dc000 0 0
2026-08-09 10:22:28 Martins-MacBook-Pro Books[1640] <Error>: 37273726714 12 AVE INFO: AVE_Session_HEVC_Prepare Enter 0xc743dc020
2026-08-09 10:22:28 Martins-MacBook-Pro Books[1640] <Error>: 37273727040 12 AVE INFO: AVE_Session_HEVC_Prepare Exit 0xc743dc020 0
2026-08-09 10:22:28 Martins-MacBook-Pro Books[1640] <Error>: 37273727053 11 AVE INFO: AVE_Plugin_HEVC_PrepareToEncodeTiles Exit 0xc743dc000 0 620 350 0 0
2026-08-09 10:22:28 Martins-MacBook-Pro Books[1640] <Error>: 37273742394 11 AVE INFO: AVE_Plugin_HEVC_Invalidate Enter 0xc743dc000 0
2026-08-09 10:22:28 Martins-MacBook-Pro Books[1640] <Error>: 37273742428 12 AVE INFO: AVE_Session_HEVC_Stop Enter 0xc743dc020
2026-08-09 10:22:28 Martins-MacBook-Pro Books[1640] <Error>: 37273742561 12 AVE INFO: AVE_Session_HEVC_Stop Exit 0xc743dc020 0
2026-08-09 10:22:28 Martins-MacBook-Pro Books[1640] <Error>: 37273742580 11 AVE INFO: AVE_Plugin_HEVC_Invalidate Exit 0xc743dc000 620 186 0 0
2026-08-09 10:22:28 Martins-MacBook-Pro Books[1640] <Error>: 37273742591 11 AVE INFO: AVE_Plugin_HEVC_Finalize Enter 0xc743dc000 0
2026-08-09 10:22:28 Martins-MacBook-Pro Books[1640] <Error>: 37273742602 12 AVE INFO: AVE_Session_HEVC_Destroy Enter 0xc743dc020
2026-08-09 10:22:28 Martins-MacBook-Pro Books[1640] <Error>: 37273744205 2 AVE : ID: 620 Type: 1 Enc: 2 | Input: 1 Proc: 1 Drop: 0
2026-08-09 10:22:28 Martins-MacBook-Pro Books[1640] <Error>: 37273746078 12 AVE INFO: AVE_Session_HEVC_Destroy Exit 0xc743dc020 0
2026-08-09 10:22:28 Martins-MacBook-Pro Books[1640] <Error>: 37273746098 11 AVE INFO: AVE_Plugin_HEVC_Finalize Exit 0xc743dc000 620 3507 0 0
2026-08-09 10:22:28 Martins-MacBook-Pro Books[1640] <Error>: 37273747404 11 AVE : Compiled 905.40.1 in prod on Jul 11 2026 17:45:35
2026-08-09 10:22:28 Martins-MacBook-Pro Books[1640] <Error>: 37273747431 11 AVE : Temporary Path: /Users/mjwebster/Library/Containers/com.apple.iBooksX/Data/tmp/
2026-08-09 10:22:28 Martins-MacBook-Pro Books[1640] <Error>: 37273747441 11 AVE INFO: AVE_Plugin_HEVC_CreateInstance Enter 1752589105 0x1eeeb13c8 0xc745c7950 0
2026-08-09 10:22:28 Martins-MacBook-Pro Books[1640] <Error>: 37273747456 12 AVE INFO: AVE_Session_HEVC_Create Enter 0xc743dc020 0x0
2026-08-09 10:22:28 Martins-MacBook-Pro Books[1640] <Error>: 37273747605 12 AVE INFO: AVE_Session_HEVC_CreatePropertyDict Enter 0xc743dc020
2026-08-09 10:22:28 Martins-MacBook-Pro Books[1640] <Error>: 37273747654 12 AVE INFO: AVE_Session_HEVC_CreatePropertyDict Exit 0xc743dc020 0
2026-08-09 10:22:28 Martins-MacBook-Pro Books[1640] <Error>: 37273747668 12 AVE INFO: AVE_Session_HEVC_Create Exit 0xc743dc020 0x0 630 212 0
2026-08-09 10:22:28 Martins-MacBook-Pro Books[1640] <Error>: 37273747679 11 AVE INFO: AVE_Plugin_HEVC_CreateInstance Exit 1752589105 0x1eeeb13c8 0xc745c7950 630 0xc743dc000 0xc743dc020 440 0 0
2026-08-09 10:22:28 Martins-MacBook-Pro Books[1640] <Error>: 37273747689 11 AVE INFO: AVE_Plugin_HEVC_StartTileSession Enter 0xc743dc000 0xc745c7940 0xc7e446160 142 190 0x1eeeb13c8 0
2026-08-09 10:22:28 Martins-MacBook-Pro Books[1640] <Error>: 37273747701 12 AVE INFO: AVE_Session_HEVC_StartTileSession Enter 0xc743dc020 0x16e3514d0
2026-08-09 10:22:28 Martins-MacBook-Pro Books[1640] <Error>: 37273747718 12 AVE INFO: AVE_Session_HEVC_StartTileSession Exit 0xc743dc020 0x16e3514d0 0
2026-08-09 10:22:28 Martins-MacBook-Pro Books[1640] <Error>: 37273747729 11 AVE INFO: AVE_Plugin_HEVC_StartTileSession Exit 0xc743dc000 0xc745c7940 0xc7e446160 142 190 0x1eeeb13c8 630 40 0 0
2026-08-09 10:22:28 Martins-MacBook-Pro Books[1640] <Error>: 37273747757 11 AVE INFO: AVE_Plugin_HEVC_PrepareToEncodeTiles Enter 0xc743dc000 0 0
2026-08-09 10:22:28 Martins-MacBook-Pro Books[1640] <Error>: 37273747768 12 AVE INFO: AVE_Session_HEVC_Prepare Enter 0xc743dc020
2026-08-09 10:22:28 Martins-MacBook-Pro Books[1640] <Error>: 37273748075 12 AVE INFO: AVE_Session_HEVC_Prepare Exit 0xc743dc020 0
2026-08-09 10:22:28 Martins-MacBook-Pro Books[1640] <Error>: 37273748087 11 AVE INFO: AVE_Plugin_HEVC_PrepareToEncodeTiles Exit 0xc743dc000 0 630 330 0 0
2026-08-09 10:22:28 Martins-MacBook-Pro Books[1640] <Error>: 37273761082 11 AVE INFO: AVE_Plugin_HEVC_Invalidate Enter 0xc743dc000 0
2026-08-09 10:22:28 Martins-MacBook-Pro Books[1640] <Error>: 37273761108 12 AVE INFO: AVE_Session_HEVC_Stop Enter 0xc743dc020
2026-08-09 10:22:28 Martins-MacBook-Pro Books[1640] <Error>: 37273761251 12 AVE INFO: AVE_Session_HEVC_Stop Exit 0xc743dc020 0
2026-08-09 10:22:28 Martins-MacBook-Pro Books[1640] <Error>: 37273761271 11 AVE INFO: AVE_Plugin_HEVC_Invalidate Exit 0xc743dc000 630 189 0 0
2026-08-09 10:22:28 Martins-MacBook-Pro Books[1640] <Error>: 37273761284 11 AVE INFO: AVE_Plugin_HEVC_Finalize Enter 0xc743dc000 0
2026-08-09 10:22:28 Martins-MacBook-Pro Books[1640] <Error>: 37273761294 12 AVE INFO: AVE_Session_HEVC_Destroy Enter 0xc743dc020
2026-08-09 10:22:28 Martins-MacBook-Pro Books[1640] <Error>: 37273762782 2 AVE : ID: 630 Type: 1 Enc: 2 | Input: 1 Proc: 1 Drop: 0
2026-08-09 10:22:28 Martins-MacBook-Pro Books[1640] <Error>: 37273764573 12 AVE INFO: AVE_Session_HEVC_Destroy Exit 0xc743dc020 0
2026-08-09 10:22:28 Martins-MacBook-Pro Books[1640] <Error>: 37273764601 11 AVE INFO: AVE_Plugin_HEVC_Finalize Exit 0xc743dc000 630 3317 0 0
2026-08-09 10:46:04 Martins-MacBook-Pro syslogd[574] <Notice>: ASL Sender Statistics
2026-08-09 10:56:25 Martins-MacBook-Pro syslogd[574] <Notice>: ASL Sender Statistics
2026-08-09 11:06:40 Martins-MacBook-Pro syslogd[574] <Notice>: ASL Sender Statistics
2026-08-09 11:23:55 Martins-MacBook-Pro syslogd[574] <Notice>: ASL Sender Statistics
2026-08-09 11:39:37 Martins-MacBook-Pro syslogd[574] <Notice>: ASL Sender Statistics
2026-08-09 11:57:47 Martins-MacBook-Pro syslogd[574] <Notice>: ASL Sender Statistics
2026-08-09 12:15:20 Martins-MacBook-Pro syslogd[574] <Notice>: ASL Sender Statistics
2026-08-09 12:33:42 Martins-MacBook-Pro syslogd[574] <Notice>: ASL Sender Statistics
2026-08-09 12:49:18 Martins-MacBook-Pro syslogd[574] <Notice>: ASL Sender Statistics
2026-08-09 13:02:44 Martins-MacBook-Pro syslogd[574] <Notice>: ASL Sender Statistics
2026-08-09 13:25:18 Martins-MacBook-Pro syslogd[574] <Notice>: ASL Sender Statistics
2026-08-09 13:41:18 Martins-MacBook-Pro syslogd[574] <Notice>: ASL Sender Statistics
2026-08-09 13:57:59 Martins-MacBook-Pro syslogd[574] <Notice>: ASL Sender Statistics
2026-08-09 14:08:40 Martins-MacBook-Pro syslogd[574] <Notice>: ASL Sender Statistics
2026-08-09 14:26:15 Martins-MacBook-Pro syslogd[574] <Notice>: ASL Sender Statistics
2026-08-09 14:43:37 Martins-MacBook-Pro syslogd[574] <Notice>: ASL Sender Statistics
2026-08-09 14:55:42 Martins-MacBook-Pro syslogd[574] <Notice>: ASL Sender Statistics
2026-08-09 15:06:27 Martins-MacBook-Pro syslogd[574] <Notice>: ASL Sender Statistics
2026-08-09 15:29:33 Martins-MacBook-Pro syslogd[574] <Notice>: ASL Sender Statistics
2026-08-09 15:46:40 Martins-MacBook-Pro syslogd[574] <Notice>: ASL Sender Statistics
2026-08-09 16:10:00 Martins-MacBook-Pro syslogd[574] <Notice>: ASL Sender Statistics
2026-08-09 16:26:28 Martins-MacBook-Pro syslogd[574] <Notice>: ASL Sender Statistics
2026-08-09 16:42:57 Martins-MacBook-Pro syslogd[574] <Notice>: ASL Sender Statistics
2026-08-09 16:53:21 Martins-MacBook-Pro syslogd[574] <Notice>: ASL Sender Statistics
2026-08-09 17:04:34 Martins-MacBook-Pro syslogd[574] <Notice>: ASL Sender Statistics
2026-08-09 17:15:44 Martins-MacBook-Pro syslogd[574] <Notice>: ASL Sender Statistics
2026-08-09 17:25:44 Martins-MacBook-Pro syslogd[574] <Notice>: ASL Sender Statistics
2026-08-09 17:35:52 Martins-MacBook-Pro syslogd[574] <Notice>: ASL Sender Statistics
2026-08-09 17:46:27 Martins-MacBook-Pro syslogd[574] <Notice>: ASL Sender Statistics
2026-08-09 17:56:27 Martins-MacBook-Pro syslogd[574] <Notice>: ASL Sender Statistics
2026-08-09 18:07:19 Martins-MacBook-Pro syslogd[574] <Notice>: ASL Sender Statistics
2026-08-09 18:17:38 Martins-MacBook-Pro syslogd[574] <Notice>: ASL Sender Statistics
2026-08-09 18:30:04 Martins-MacBook-Pro syslogd[574] <Notice>: ASL Sender Statistics
2026-08-09 18:36:34 Martins-MacBook-Pro Messages[1643] <Error>: 46564380805 11 AVE : Compiled 905.40.1 in prod on Jul 11 2026 17:45:35
2026-08-09 18:36:34 Martins-MacBook-Pro Messages[1643] <Error>: 46564380948 11 AVE : Temporary Path: /Users/mjwebster/Library/Containers/com.apple.MobileSMS/Data/tmp/
2026-08-09 18:36:34 Martins-MacBook-Pro Messages[1643] <Error>: 46564380961 11 AVE INFO: AVE_Plugin_HEVC_CreateInstance Enter 1752589105 0x1eeeb13c8 0xe0000099057c7d0 0
2026-08-09 18:36:34 Martins-MacBook-Pro Messages[1643] <Error>: 46564381682 12 AVE INFO: AVE_Session_HEVC_Create Enter 0x98bc1c020 0x0
2026-08-09 18:36:34 Martins-MacBook-Pro Messages[1643] <Error>: 46564382936 12 AVE INFO: AVE_Session_HEVC_CreatePropertyDict Enter 0x98bc1c020
2026-08-09 18:36:34 Martins-MacBook-Pro Messages[1643] <Error>: 46564383954 12 AVE INFO: AVE_Session_HEVC_CreatePropertyDict Exit 0x98bc1c020 0
2026-08-09 18:36:34 Martins-MacBook-Pro Messages[1643] <Error>: 46564384372 12 AVE INFO: AVE_Session_HEVC_Create Exit 0x98bc1c020 0x0 640 2690 0
2026-08-09 18:36:34 Martins-MacBook-Pro Messages[1643] <Error>: 46564384395 11 AVE INFO: AVE_Plugin_HEVC_CreateInstance Exit 1752589105 0x1eeeb13c8 0xe0000099057c7d0 640 0x98bc1c000 0x98bc1c020 5412 0 0
2026-08-09 18:36:34 Martins-MacBook-Pro Messages[1643] <Error>: 46564384420 11 AVE INFO: AVE_Plugin_HEVC_StartTileSession Enter 0x98bc1c000 0xe0000099057c7c0 0xd00000990e3a520 256 256 0x1eeeb13c8 0
2026-08-09 18:36:34 Martins-MacBook-Pro Messages[1643] <Error>: 46564384455 12 AVE INFO: AVE_Session_HEVC_StartTileSession Enter 0x98bc1c020 0x10e085530
2026-08-09 18:36:34 Martins-MacBook-Pro Messages[1643] <Error>: 46564384599 12 AVE INFO: AVE_Session_HEVC_StartTileSession Exit 0x98bc1c020 0x10e085530 0
2026-08-09 18:36:34 Martins-MacBook-Pro Messages[1643] <Error>: 46564384619 11 AVE INFO: AVE_Plugin_HEVC_StartTileSession Exit 0x98bc1c000 0xe0000099057c7c0 0xd00000990e3a520 256 256 0x1eeeb13c8 640 199 0 0
2026-08-09 18:36:34 Martins-MacBook-Pro Messages[1643] <Error>: 46564384853 11 AVE INFO: AVE_Plugin_HEVC_PrepareToEncodeTiles Enter 0x98bc1c000 0 0
2026-08-09 18:36:34 Martins-MacBook-Pro Messages[1643] <Error>: 46564384866 12 AVE INFO: AVE_Session_HEVC_Prepare Enter 0x98bc1c020
2026-08-09 18:36:34 Martins-MacBook-Pro Messages[1643] <Error>: 46564385366 12 AVE INFO: AVE_Session_HEVC_Prepare Exit 0x98bc1c020 0
2026-08-09 18:36:34 Martins-MacBook-Pro Messages[1643] <Error>: 46564385383 11 AVE INFO: AVE_Plugin_HEVC_PrepareToEncodeTiles Exit 0x98bc1c000 0 640 530 0 0
2026-08-09 18:36:34 Martins-MacBook-Pro Messages[1643] <Error>: 46564398112 11 AVE INFO: AVE_Plugin_HEVC_Invalidate Enter 0x98bc1c000 0
2026-08-09 18:36:34 Martins-MacBook-Pro Messages[1643] <Error>: 46564398154 12 AVE INFO: AVE_Session_HEVC_Stop Enter 0x98bc1c020
2026-08-09 18:36:34 Martins-MacBook-Pro Messages[1643] <Error>: 46564398295 12 AVE INFO: AVE_Session_HEVC_Stop Exit 0x98bc1c020 0
2026-08-09 18:36:34 Martins-MacBook-Pro Messages[1643] <Error>: 46564398317 11 AVE INFO: AVE_Plugin_HEVC_Invalidate Exit 0x98bc1c000 640 205 0 0
2026-08-09 18:36:34 Martins-MacBook-Pro Messages[1643] <Error>: 46564398332 11 AVE INFO: AVE_Plugin_HEVC_Finalize Enter 0x98bc1c000 0
2026-08-09 18:36:34 Martins-MacBook-Pro Messages[1643] <Error>: 46564398345 12 AVE INFO: AVE_Session_HEVC_Destroy Enter 0x98bc1c020
2026-08-09 18:36:34 Martins-MacBook-Pro Messages[1643] <Error>: 46564399828 2 AVE : ID: 640 Type: 1 Enc: 2 | Input: 1 Proc: 1 Drop: 0
2026-08-09 18:36:34 Martins-MacBook-Pro Messages[1643] <Error>: 46564401751 12 AVE INFO: AVE_Session_HEVC_Destroy Exit 0x98bc1c020 0
2026-08-09 18:36:34 Martins-MacBook-Pro Messages[1643] <Error>: 46564401788 11 AVE INFO: AVE_Plugin_HEVC_Finalize Exit 0x98bc1c000 640 3456 0 0
2026-08-09 18:36:34 Martins-MacBook-Pro Messages[1643] <Error>: 46564402734 11 AVE : Compiled 905.40.1 in prod on Jul 11 2026 17:45:35
2026-08-09 18:36:34 Martins-MacBook-Pro Messages[1643] <Error>: 46564402770 11 AVE : Temporary Path: /Users/mjwebster/Library/Containers/com.apple.MobileSMS/Data/tmp/
2026-08-09 18:36:34 Martins-MacBook-Pro Messages[1643] <Error>: 46564402783 11 AVE INFO: AVE_Plugin_HEVC_CreateInstance Enter 1752589105 0x1eeeb13c8 0x40000099057c7d0 0
2026-08-09 18:36:34 Martins-MacBook-Pro Messages[1643] <Error>: 46564402800 12 AVE INFO: AVE_Session_HEVC_Create Enter 0x98bc1c020 0x0
2026-08-09 18:36:34 Martins-MacBook-Pro Messages[1643] <Error>: 46564402985 12 AVE INFO: AVE_Session_HEVC_CreatePropertyDict Enter 0x98bc1c020
2026-08-09 18:36:34 Martins-MacBook-Pro Messages[1643] <Error>: 46564403039 12 AVE INFO: AVE_Session_HEVC_CreatePropertyDict Exit 0x98bc1c020 0
2026-08-09 18:36:34 Martins-MacBook-Pro Messages[1643] <Error>: 46564403051 12 AVE INFO: AVE_Session_HEVC_Create Exit 0x98bc1c020 0x0 650 251 0
2026-08-09 18:36:34 Martins-MacBook-Pro Messages[1643] <Error>: 46564403061 11 AVE INFO: AVE_Plugin_HEVC_CreateInstance Exit 1752589105 0x1eeeb13c8 0x40000099057c7d0 650 0x98bc1c000 0x98bc1c020 503 0 0
2026-08-09 18:36:34 Martins-MacBook-Pro Messages[1643] <Error>: 46564403073 11 AVE INFO: AVE_Plugin_HEVC_StartTileSession Enter 0x98bc1c000 0x40000099057c7c0 0xd00000990c2caa0 256 256 0x1eeeb13c8 0
2026-08-09 18:36:34 Martins-MacBook-Pro Messages[1643] <Error>: 46564403085 12 AVE INFO: AVE_Session_HEVC_StartTileSession Enter 0x98bc1c020 0x10e0854b0
2026-08-09 18:36:34 Martins-MacBook-Pro Messages[1643] <Error>: 46564403104 12 AVE INFO: AVE_Session_HEVC_StartTileSession Exit 0x98bc1c020 0x10e0854b0 0
2026-08-09 18:36:34 Martins-MacBook-Pro Messages[1643] <Error>: 46564403114 11 AVE INFO: AVE_Plugin_HEVC_StartTileSession Exit 0x98bc1c000 0x40000099057c7c0 0xd00000990c2caa0 256 256 0x1eeeb13c8 650 41 0 0
2026-08-09 18:36:34 Martins-MacBook-Pro Messages[1643] <Error>: 46564403141 11 AVE INFO: AVE_Plugin_HEVC_PrepareToEncodeTiles Enter 0x98bc1c000 0 0
2026-08-09 18:36:34 Martins-MacBook-Pro Messages[1643] <Error>: 46564403150 12 AVE INFO: AVE_Session_HEVC_Prepare Enter 0x98bc1c020
2026-08-09 18:36:34 Martins-MacBook-Pro Messages[1643] <Error>: 46564403517 12 AVE INFO: AVE_Session_HEVC_Prepare Exit 0x98bc1c020 0
2026-08-09 18:36:34 Martins-MacBook-Pro Messages[1643] <Error>: 46564403534 11 AVE INFO: AVE_Plugin_HEVC_PrepareToEncodeTiles Exit 0x98bc1c000 0 650 393 0 0
2026-08-09 18:36:34 Martins-MacBook-Pro Messages[1643] <Error>: 46564414705 11 AVE INFO: AVE_Plugin_HEVC_Invalidate Enter 0x98bc1c000 0
2026-08-09 18:36:34 Martins-MacBook-Pro Messages[1643] <Error>: 46564414752 12 AVE INFO: AVE_Session_HEVC_Stop Enter 0x98bc1c020
2026-08-09 18:36:34 Martins-MacBook-Pro Messages[1643] <Error>: 46564414875 12 AVE INFO: AVE_Session_HEVC_Stop Exit 0x98bc1c020 0
2026-08-09 18:36:34 Martins-MacBook-Pro Messages[1643] <Error>: 46564414901 11 AVE INFO: AVE_Plugin_HEVC_Invalidate Exit 0x98bc1c000 650 196 0 0
2026-08-09 18:36:34 Martins-MacBook-Pro Messages[1643] <Error>: 46564414915 11 AVE INFO: AVE_Plugin_HEVC_Finalize Enter 0x98bc1c000 0
2026-08-09 18:36:34 Martins-MacBook-Pro Messages[1643] <Error>: 46564414927 12 AVE INFO: AVE_Session_HEVC_Destroy Enter 0x98bc1c020
2026-08-09 18:36:34 Martins-MacBook-Pro Messages[1643] <Error>: 46564416461 2 AVE : ID: 650 Type: 1 Enc: 2 | Input: 1 Proc: 1 Drop: 0
2026-08-09 18:36:34 Martins-MacBook-Pro Messages[1643] <Error>: 46564418366 12 AVE INFO: AVE_Session_HEVC_Destroy Exit 0x98bc1c020 0
2026-08-09 18:36:34 Martins-MacBook-Pro Messages[1643] <Error>: 46564418397 11 AVE INFO: AVE_Plugin_HEVC_Finalize Exit 0x98bc1c000 650 3482 0 0
2026-08-09 18:40:44 Martins-MacBook-Pro syslogd[574] <Notice>: ASL Sender Statistics
2026-08-09 18:55:09 Martins-MacBook-Pro syslogd[574] <Notice>: ASL Sender Statistics
2026-08-09 19:21:05 Martins-MacBook-Pro syslogd[574] <Notice>: ASL Sender Statistics
2026-08-09 19:38:39 Martins-MacBook-Pro syslogd[574] <Notice>: ASL Sender Statistics
2026-08-09 19:55:34 Martins-MacBook-Pro syslogd[574] <Notice>: ASL Sender Statistics
2026-08-09 20:13:13 Martins-MacBook-Pro syslogd[574] <Notice>: ASL Sender Statistics
2026-08-09 20:31:23 Martins-MacBook-Pro syslogd[574] <Notice>: ASL Sender Statistics
2026-08-09 20:47:12 Martins-MacBook-Pro syslogd[574] <Notice>: ASL Sender Statistics
2026-08-09 21:04:33 Martins-MacBook-Pro syslogd[574] <Notice>: ASL Sender Statistics
2026-08-09 21:21:22 Martins-MacBook-Pro syslogd[574] <Notice>: ASL Sender Statistics
2026-08-09 21:37:59 Martins-MacBook-Pro syslogd[574] <Notice>: ASL Sender Statistics
2026-08-09 21:37:59 Martins-MacBook-Pro syslogd[574] <Notice>: Configuration Notice:
ASL Module "com.apple.cdscheduler" claims selected messages.
Those messages may not appear in standard system log files or in the ASL database.
2026-08-09 21:37:59 Martins-MacBook-Pro syslogd[574] <Notice>: Configuration Notice:
ASL Module "com.apple.install" claims selected messages.
Those messages may not appear in standard system log files or in the ASL database.
2026-08-09 21:37:59 Martins-MacBook-Pro syslogd[574] <Notice>: Configuration Notice:
ASL Module "com.apple.authd" sharing output destination "/var/log/asl" with ASL Module "com.apple.asl".
Output parameters from ASL Module "com.apple.asl" override any specified in ASL Module "com.apple.authd".
2026-08-09 21:37:59 Martins-MacBook-Pro syslogd[574] <Notice>: Configuration Notice:
ASL Module "com.apple.authd" sharing output destination "/var/log/system.log" with ASL Module "com.apple.asl".
Output parameters from ASL Module "com.apple.asl" override any specified in ASL Module "com.apple.authd".
2026-08-09 21:37:59 Martins-MacBook-Pro syslogd[574] <Notice>: Configuration Notice:
ASL Module "com.apple.authd" claims selected messages.
Those messages may not appear in standard system log files or in the ASL database.
2026-08-09 21:37:59 Martins-MacBook-Pro syslogd[574] <Notice>: Configuration Notice:
ASL Module "com.apple.eventmonitor" claims selected messages.
Those messages may not appear in standard system log files or in the ASL database.
2026-08-09 21:37:59 Martins-MacBook-Pro syslogd[574] <Notice>: Configuration Notice:
ASL Module "com.apple.mail" claims selected messages.
Those messages may not appear in standard system log files or in the ASL database.
2026-08-09 21:37:59 Martins-MacBook-Pro syslogd[574] <Notice>: Configuration Notice:
ASL Module "com.apple.performance" claims selected messages.
Those messages may not appear in standard system log files or in the ASL database.
2026-08-09 21:37:59 Martins-MacBook-Pro syslogd[574] <Notice>: Configuration Notice:
ASL Module "com.apple.iokit.power" claims selected messages.
Those messages may not appear in standard system log files or in the ASL database.
2026-08-09 21:37:59 Martins-MacBook-Pro syslogd[574] <Notice>: Configuration Notice:
ASL Module "com.apple.contacts.ContactsAutocomplete" claims selected messages.
Those messages may not appear in standard system log files or in the ASL database.
2026-08-09 21:37:59 Martins-MacBook-Pro syslogd[574] <Notice>: Configuration Notice:
ASL Module "com.apple.mkb" sharing output destination "/private/var/log/keybagd.log" with ASL Module "com.apple.mkb.internal".
Output parameters from ASL Module "com.apple.mkb.internal" override any specified in ASL Module "com.apple.mkb".
2026-08-09 21:37:59 Martins-MacBook-Pro syslogd[574] <Notice>: Configuration Notice:
ASL Module "com.apple.mkb" claims selected messages.
Those messages may not appear in standard system log files or in the ASL database.
2026-08-09 21:37:59 Martins-MacBook-Pro syslogd[574] <Notice>: Configuration Notice:
ASL Module "com.apple.MessageTracer" claims selected messages.
Those messages may not appear in standard system log files or in the ASL database.
2026-08-09 21:54:53 Martins-MacBook-Pro syslogd[574] <Notice>: ASL Sender Statistics
2026-08-09 22:05:33 Martins-MacBook-Pro syslogd[574] <Notice>: ASL Sender Statistics
2026-08-09 22:28:50 Martins-MacBook-Pro syslogd[574] <Notice>: ASL Sender Statistics
2026-08-09 22:46:45 Martins-MacBook-Pro syslogd[574] <Notice>: ASL Sender Statistics
2026-08-09 23:03:19 Martins-MacBook-Pro syslogd[574] <Notice>: ASL Sender Statistics
2026-08-09 23:23:22 Martins-MacBook-Pro syslogd[574] <Notice>: ASL Sender Statistics
2026-08-09 23:40:10 Martins-MacBook-Pro syslogd[574] <Notice>: ASL Sender Statistics
2026-08-09 23:56:16 Martins-MacBook-Pro syslogd[574] <Notice>: ASL Sender Statistics
2026-08-10 00:07:33 Martins-MacBook-Pro syslogd[574] <Notice>: ASL Sender Statistics
2026-08-10 00:23:05 Martins-MacBook-Pro syslogd[574] <Notice>: ASL Sender Statistics
2026-08-10 00:39:29 Martins-MacBook-Pro syslogd[574] <Notice>: ASL Sender Statistics
2026-08-10 00:55:43 Martins-MacBook-Pro syslogd[574] <Notice>: ASL Sender Statistics
2026-08-10 01:08:33 Martins-MacBook-Pro syslogd[574] <Notice>: ASL Sender Statistics
2026-08-10 01:26:16 Martins-MacBook-Pro syslogd[574] <Notice>: ASL Sender Statistics
2026-08-10 01:43:46 Martins-MacBook-Pro syslogd[574] <Notice>: ASL Sender Statistics
2026-08-10 02:00:27 Martins-MacBook-Pro syslogd[574] <Notice>: ASL Sender Statistics
2026-08-10 02:25:53 Martins-MacBook-Pro syslogd[574] <Notice>: ASL Sender Statistics
2026-08-10 02:37:38 Martins-MacBook-Pro syslogd[574] <Notice>: ASL Sender Statistics
2026-08-10 02:48:31 Martins-MacBook-Pro syslogd[574] <Notice>: ASL Sender Statistics
2026-08-10 03:04:03 Martins-MacBook-Pro syslogd[574] <Notice>: ASL Sender Statistics
2026-08-10 03:28:39 Martins-MacBook-Pro syslogd[574] <Notice>: ASL Sender Statistics
2026-08-10 03:46:51 Martins-MacBook-Pro syslogd[574] <Notice>: ASL Sender Statistics
2026-08-10 04:03:10 Martins-MacBook-Pro syslogd[574] <Notice>: ASL Sender Statistics
2026-08-10 04:27:11 Martins-MacBook-Pro syslogd[574] <Notice>: ASL Sender Statistics
2026-08-10 04:37:11 Martins-MacBook-Pro syslogd[574] <Notice>: ASL Sender Statistics
2026-08-10 04:51:13 Martins-MacBook-Pro syslogd[574] <Notice>: ASL Sender Statistics
2026-08-10 05:07:50 Martins-MacBook-Pro syslogd[574] <Notice>: ASL Sender Statistics
2026-08-10 05:25:05 Martins-MacBook-Pro syslogd[574] <Notice>: ASL Sender Statistics
2026-08-10 05:35:19 Martins-MacBook-Pro syslogd[574] <Notice>: ASL Sender Statistics
2026-08-10 05:45:31 Martins-MacBook-Pro syslogd[574] <Notice>: ASL Sender Statistics
2026-08-10 05:57:05 Martins-MacBook-Pro syslogd[574] <Notice>: ASL Sender Statistics
2026-08-10 06:07:12 Martins-MacBook-Pro syslogd[574] <Notice>: ASL Sender Statistics
2026-08-10 06:17:46 Martins-MacBook-Pro syslogd[574] <Notice>: ASL Sender Statistics
2026-08-10 06:28:41 Martins-MacBook-Pro syslogd[574] <Notice>: ASL Sender Statistics
2026-08-10 06:38:48 Martins-MacBook-Pro syslogd[574] <Notice>: ASL Sender Statistics
2026-08-10 06:48:58 Martins-MacBook-Pro syslogd[574] <Notice>: ASL Sender Statistics
2026-08-10 06:59:09 Martins-MacBook-Pro syslogd[574] <Notice>: ASL Sender Statistics
2026-08-10 07:09:53 Martins-MacBook-Pro syslogd[574] <Notice>: ASL Sender Statistics
2026-08-10 07:20:20 Martins-MacBook-Pro syslogd[574] <Notice>: ASL Sender Statistics
2026-08-10 07:30:34 Martins-MacBook-Pro syslogd[574] <Notice>: ASL Sender Statistics
2026-08-10 07:40:54 Martins-MacBook-Pro syslogd[574] <Notice>: ASL Sender Statistics
2026-08-10 07:51:45 Martins-MacBook-Pro syslogd[574] <Notice>: ASL Sender Statistics
2026-08-10 08:02:33 Martins-MacBook-Pro syslogd[574] <Notice>: ASL Sender Statistics
2026-08-10 08:11:02 Martins-MacBook-Pro Books[1640] <Error>: 59846568351 11 AVE : Compiled 905.40.1 in prod on Jul 11 2026 17:45:35
2026-08-10 08:11:02 Martins-MacBook-Pro Books[1640] <Error>: 59846568954 11 AVE : Temporary Path: /Users/mjwebster/Library/Containers/com.apple.iBooksX/Data/tmp/
2026-08-10 08:11:02 Martins-MacBook-Pro Books[1640] <Error>: 59846568993 11 AVE INFO: AVE_Plugin_HEVC_CreateInstance Enter 1752589105 0x1eeeb13c8 0xc6d6d6690 0
2026-08-10 08:11:02 Martins-MacBook-Pro Books[1640] <Error>: 59846569022 12 AVE INFO: AVE_Session_HEVC_Create Enter 0xc73c94020 0x0
2026-08-10 08:11:02 Martins-MacBook-Pro Books[1640] <Error>: 59846569756 12 AVE INFO: AVE_Session_HEVC_CreatePropertyDict Enter 0xc73c94020
2026-08-10 08:11:02 Martins-MacBook-Pro Books[1640] <Error>: 59846570413 12 AVE INFO: AVE_Session_HEVC_CreatePropertyDict Exit 0xc73c94020 0
2026-08-10 08:11:02 Martins-MacBook-Pro Books[1640] <Error>: 59846570442 12 AVE INFO: AVE_Session_HEVC_Create Exit 0xc73c94020 0x0 720 1420 0
2026-08-10 08:11:02 Martins-MacBook-Pro Books[1640] <Error>: 59846570454 11 AVE INFO: AVE_Plugin_HEVC_CreateInstance Exit 1752589105 0x1eeeb13c8 0xc6d6d6690 720 0xc73c94000 0xc73c94020 2809 0 0
2026-08-10 08:11:02 Martins-MacBook-Pro Books[1640] <Error>: 59846570676 11 AVE INFO: AVE_Plugin_HEVC_StartTileSession Enter 0xc73c94000 0xc6d6d6680 0xc7e437720 142 214 0x1eeeb13c8 0
2026-08-10 08:11:02 Martins-MacBook-Pro Books[1640] <Error>: 59846570877 12 AVE INFO: AVE_Session_HEVC_StartTileSession Enter 0xc73c94020 0x16d8ed4d0
2026-08-10 08:11:02 Martins-MacBook-Pro Books[1640] <Error>: 59846570921 12 AVE INFO: AVE_Session_HEVC_StartTileSession Exit 0xc73c94020 0x16d8ed4d0 0
2026-08-10 08:11:02 Martins-MacBook-Pro Books[1640] <Error>: 59846570933 11 AVE INFO: AVE_Plugin_HEVC_StartTileSession Exit 0xc73c94000 0xc6d6d6680 0xc7e437720 142 214 0x1eeeb13c8 720 257 0 0
2026-08-10 08:11:02 Martins-MacBook-Pro Books[1640] <Error>: 59846571230 11 AVE INFO: AVE_Plugin_HEVC_PrepareToEncodeTiles Enter 0xc73c94000 0 0
2026-08-10 08:11:02 Martins-MacBook-Pro Books[1640] <Error>: 59846571244 12 AVE INFO: AVE_Session_HEVC_Prepare Enter 0xc73c94020
2026-08-10 08:11:02 Martins-MacBook-Pro Books[1640] <Error>: 59846572075 12 AVE INFO: AVE_Session_HEVC_Prepare Exit 0xc73c94020 0
2026-08-10 08:11:02 Martins-MacBook-Pro Books[1640] <Error>: 59846572097 11 AVE INFO: AVE_Plugin_HEVC_PrepareToEncodeTiles Exit 0xc73c94000 0 720 867 0 0
2026-08-10 08:11:02 Martins-MacBook-Pro Books[1640] <Error>: 59846586334 11 AVE INFO: AVE_Plugin_HEVC_Invalidate Enter 0xc73c94000 0
2026-08-10 08:11:02 Martins-MacBook-Pro Books[1640] <Error>: 59846586377 12 AVE INFO: AVE_Session_HEVC_Stop Enter 0xc73c94020
2026-08-10 08:11:02 Martins-MacBook-Pro Books[1640] <Error>: 59846586468 12 AVE INFO: AVE_Session_HEVC_Stop Exit 0xc73c94020 0
2026-08-10 08:11:02 Martins-MacBook-Pro Books[1640] <Error>: 59846586483 11 AVE INFO: AVE_Plugin_HEVC_Invalidate Exit 0xc73c94000 720 149 0 0
2026-08-10 08:11:02 Martins-MacBook-Pro Books[1640] <Error>: 59846586496 11 AVE INFO: AVE_Plugin_HEVC_Finalize Enter 0xc73c94000 0
2026-08-10 08:11:02 Martins-MacBook-Pro Books[1640] <Error>: 59846586505 12 AVE INFO: AVE_Session_HEVC_Destroy Enter 0xc73c94020
2026-08-10 08:11:02 Martins-MacBook-Pro Books[1640] <Error>: 59846587914 2 AVE : ID: 720 Type: 1 Enc: 2 | Input: 1 Proc: 1 Drop: 0
2026-08-10 08:11:02 Martins-MacBook-Pro Books[1640] <Error>: 59846589559 12 AVE INFO: AVE_Session_HEVC_Destroy Exit 0xc73c94020 0
2026-08-10 08:11:02 Martins-MacBook-Pro Books[1640] <Error>: 59846589588 11 AVE INFO: AVE_Plugin_HEVC_Finalize Exit 0xc73c94000 720 3092 0 0
2026-08-10 08:11:02 Martins-MacBook-Pro Books[1640] <Error>: 59846591273 11 AVE : Compiled 905.40.1 in prod on Jul 11 2026 17:45:35
2026-08-10 08:11:02 Martins-MacBook-Pro Books[1640] <Error>: 59846591306 11 AVE : Temporary Path: /Users/mjwebster/Library/Containers/com.apple.iBooksX/Data/tmp/
2026-08-10 08:11:02 Martins-MacBook-Pro Books[1640] <Error>: 59846591318 11 AVE INFO: AVE_Plugin_HEVC_CreateInstance Enter 1752589105 0x1eeeb13c8 0xc6d6d6690 0
2026-08-10 08:11:02 Martins-MacBook-Pro Books[1640] <Error>: 59846591335 12 AVE INFO: AVE_Session_HEVC_Create Enter 0xc73c94020 0x0
2026-08-10 08:11:02 Martins-MacBook-Pro Books[1640] <Error>: 59846591487 12 AVE INFO: AVE_Session_HEVC_CreatePropertyDict Enter 0xc73c94020
2026-08-10 08:11:02 Martins-MacBook-Pro Books[1640] <Error>: 59846591540 12 AVE INFO: AVE_Session_HEVC_CreatePropertyDict Exit 0xc73c94020 0
2026-08-10 08:11:02 Martins-MacBook-Pro Books[1640] <Error>: 59846591552 12 AVE INFO: AVE_Session_HEVC_Create Exit 0xc73c94020 0x0 730 217 0
2026-08-10 08:11:02 Martins-MacBook-Pro Books[1640] <Error>: 59846591561 11 AVE INFO: AVE_Plugin_HEVC_CreateInstance Exit 1752589105 0x1eeeb13c8 0xc6d6d6690 730 0xc73c94000 0xc73c94020 444 0 0
2026-08-10 08:11:02 Martins-MacBook-Pro Books[1640] <Error>: 59846591572 11 AVE INFO: AVE_Plugin_HEVC_StartTileSession Enter 0xc73c94000 0xc6d6d6680 0xc7d44a100 142 220 0x1eeeb13c8 0
2026-08-10 08:11:02 Martins-MacBook-Pro Books[1640] <Error>: 59846591581 12 AVE INFO: AVE_Session_HEVC_StartTileSession Enter 0xc73c94020 0x16d8ed4d0
2026-08-10 08:11:02 Martins-MacBook-Pro Books[1640] <Error>: 59846591598 12 AVE INFO: AVE_Session_HEVC_StartTileSession Exit 0xc73c94020 0x16d8ed4d0 0
2026-08-10 08:11:02 Martins-MacBook-Pro Books[1640] <Error>: 59846591612 11 AVE INFO: AVE_Plugin_HEVC_StartTileSession Exit 0xc73c94000 0xc6d6d6680 0xc7d44a100 142 220 0x1eeeb13c8 730 40 0 0
2026-08-10 08:11:02 Martins-MacBook-Pro Books[1640] <Error>: 59846591638 11 AVE INFO: AVE_Plugin_HEVC_PrepareToEncodeTiles Enter 0xc73c94000 0 0
2026-08-10 08:11:02 Martins-MacBook-Pro Books[1640] <Error>: 59846591650 12 AVE INFO: AVE_Session_HEVC_Prepare Enter 0xc73c94020
2026-08-10 08:11:02 Martins-MacBook-Pro Books[1640] <Error>: 59846591967 12 AVE INFO: AVE_Session_HEVC_Prepare Exit 0xc73c94020 0
2026-08-10 08:11:02 Martins-MacBook-Pro Books[1640] <Error>: 59846591979 11 AVE INFO: AVE_Plugin_HEVC_PrepareToEncodeTiles Exit 0xc73c94000 0 730 341 0 0
2026-08-10 08:11:02 Martins-MacBook-Pro Books[1640] <Error>: 59846607344 11 AVE INFO: AVE_Plugin_HEVC_Invalidate Enter 0xc73c94000 0
2026-08-10 08:11:02 Martins-MacBook-Pro Books[1640] <Error>: 59846607387 12 AVE INFO: AVE_Session_HEVC_Stop Enter 0xc73c94020
2026-08-10 08:11:02 Martins-MacBook-Pro Books[1640] <Error>: 59846607513 12 AVE INFO: AVE_Session_HEVC_Stop Exit 0xc73c94020 0
2026-08-10 08:11:02 Martins-MacBook-Pro Books[1640] <Error>: 59846607527 11 AVE INFO: AVE_Plugin_HEVC_Invalidate Exit 0xc73c94000 730 183 0 0
2026-08-10 08:11:02 Martins-MacBook-Pro Books[1640] <Error>: 59846607538 11 AVE INFO: AVE_Plugin_HEVC_Finalize Enter 0xc73c94000 0
2026-08-10 08:11:02 Martins-MacBook-Pro Books[1640] <Error>: 59846607547 12 AVE INFO: AVE_Session_HEVC_Destroy Enter 0xc73c94020
2026-08-10 08:11:02 Martins-MacBook-Pro Books[1640] <Error>: 59846609047 2 AVE : ID: 730 Type: 1 Enc: 2 | Input: 1 Proc: 1 Drop: 0
2026-08-10 08:11:02 Martins-MacBook-Pro Books[1640] <Error>: 59846610817 12 AVE INFO: AVE_Session_HEVC_Destroy Exit 0xc73c94020 0
2026-08-10 08:11:02 Martins-MacBook-Pro Books[1640] <Error>: 59846610839 11 AVE INFO: AVE_Plugin_HEVC_Finalize Exit 0xc73c94000 730 3301 0 0
2026-08-10 08:11:02 Martins-MacBook-Pro Books[1640] <Error>: 59846613674 11 AVE : Compiled 905.40.1 in prod on Jul 11 2026 17:45:35
2026-08-10 08:11:02 Martins-MacBook-Pro Books[1640] <Error>: 59846613700 11 AVE : Temporary Path: /Users/mjwebster/Library/Containers/com.apple.iBooksX/Data/tmp/
2026-08-10 08:11:02 Martins-MacBook-Pro Books[1640] <Error>: 59846613710 11 AVE INFO: AVE_Plugin_HEVC_CreateInstance Enter 1752589105 0x1eeeb13c8 0xc6d6d6690 0
2026-08-10 08:11:02 Martins-MacBook-Pro Books[1640] <Error>: 59846613725 12 AVE INFO: AVE_Session_HEVC_Create Enter 0xc73c94020 0x0
2026-08-10 08:11:02 Martins-MacBook-Pro Books[1640] <Error>: 59846613855 12 AVE INFO: AVE_Session_HEVC_CreatePropertyDict Enter 0xc73c94020
2026-08-10 08:11:02 Martins-MacBook-Pro Books[1640] <Error>: 59846613901 12 AVE INFO: AVE_Session_HEVC_CreatePropertyDict Exit 0xc73c94020 0
2026-08-10 08:11:02 Martins-MacBook-Pro Books[1640] <Error>: 59846613912 12 AVE INFO: AVE_Session_HEVC_Create Exit 0xc73c94020 0x0 740 187 0
2026-08-10 08:11:02 Martins-MacBook-Pro Books[1640] <Error>: 59846613922 11 AVE INFO: AVE_Plugin_HEVC_CreateInstance Exit 1752589105 0x1eeeb13c8 0xc6d6d6690 740 0xc73c94000 0xc73c94020 396 0 0
2026-08-10 08:11:02 Martins-MacBook-Pro Books[1640] <Error>: 59846613932 11 AVE INFO: AVE_Plugin_HEVC_StartTileSession Enter 0xc73c94000 0xc6d6d6680 0xc7d16a280 142 184 0x1eeeb13c8 0
2026-08-10 08:11:02 Martins-MacBook-Pro Books[1640] <Error>: 59846613941 12 AVE INFO: AVE_Session_HEVC_StartTileSession Enter 0xc73c94020 0x16d8ed4d0
2026-08-10 08:11:02 Martins-MacBook-Pro Books[1640] <Error>: 59846613957 12 AVE INFO: AVE_Session_HEVC_StartTileSession Exit 0xc73c94020 0x16d8ed4d0 0
2026-08-10 08:11:02 Martins-MacBook-Pro Books[1640] <Error>: 59846613967 11 AVE INFO: AVE_Plugin_HEVC_StartTileSession Exit 0xc73c94000 0xc6d6d6680 0xc7d16a280 142 184 0x1eeeb13c8 740 35 0 0
2026-08-10 08:11:02 Martins-MacBook-Pro Books[1640] <Error>: 59846613988 11 AVE INFO: AVE_Plugin_HEVC_PrepareToEncodeTiles Enter 0xc73c94000 0 0
2026-08-10 08:11:02 Martins-MacBook-Pro Books[1640] <Error>: 59846613998 12 AVE INFO: AVE_Session_HEVC_Prepare Enter 0xc73c94020
2026-08-10 08:11:02 Martins-MacBook-Pro Books[1640] <Error>: 59846614278 12 AVE INFO: AVE_Session_HEVC_Prepare Exit 0xc73c94020 0
2026-08-10 08:11:02 Martins-MacBook-Pro Books[1640] <Error>: 59846614291 11 AVE INFO: AVE_Plugin_HEVC_PrepareToEncodeTiles Exit 0xc73c94000 0 740 303 0 0
2026-08-10 08:11:02 Martins-MacBook-Pro Books[1640] <Error>: 59846629569 11 AVE INFO: AVE_Plugin_HEVC_Invalidate Enter 0xc73c94000 0
2026-08-10 08:11:02 Martins-MacBook-Pro Books[1640] <Error>: 59846629593 12 AVE INFO: AVE_Session_HEVC_Stop Enter 0xc73c94020
2026-08-10 08:11:02 Martins-MacBook-Pro Books[1640] <Error>: 59846629713 12 AVE INFO: AVE_Session_HEVC_Stop Exit 0xc73c94020 0
2026-08-10 08:11:02 Martins-MacBook-Pro Books[1640] <Error>: 59846629729 11 AVE INFO: AVE_Plugin_HEVC_Invalidate Exit 0xc73c94000 740 160 0 0
2026-08-10 08:11:02 Martins-MacBook-Pro Books[1640] <Error>: 59846629740 11 AVE INFO: AVE_Plugin_HEVC_Finalize Enter 0xc73c94000 0
2026-08-10 08:11:02 Martins-MacBook-Pro Books[1640] <Error>: 59846629749 12 AVE INFO: AVE_Session_HEVC_Destroy Enter 0xc73c94020
2026-08-10 08:11:02 Martins-MacBook-Pro Books[1640] <Error>: 59846631248 2 AVE : ID: 740 Type: 1 Enc: 2 | Input: 1 Proc: 1 Drop: 0
2026-08-10 08:11:02 Martins-MacBook-Pro Books[1640] <Error>: 59846632894 12 AVE INFO: AVE_Session_HEVC_Destroy Exit 0xc73c94020 0
2026-08-10 08:11:02 Martins-MacBook-Pro Books[1640] <Error>: 59846632917 11 AVE INFO: AVE_Plugin_HEVC_Finalize Exit 0xc73c94000 740 3177 0 0
2026-08-10 08:11:02 Martins-MacBook-Pro Books[1640] <Error>: 59846634469 11 AVE : Compiled 905.40.1 in prod on Jul 11 2026 17:45:35
2026-08-10 08:11:02 Martins-MacBook-Pro Books[1640] <Error>: 59846634494 11 AVE : Temporary Path: /Users/mjwebster/Library/Containers/com.apple.iBooksX/Data/tmp/
2026-08-10 08:11:02 Martins-MacBook-Pro Books[1640] <Error>: 59846634506 11 AVE INFO: AVE_Plugin_HEVC_CreateInstance Enter 1752589105 0x1eeeb13c8 0xc6d6d6690 0
2026-08-10 08:11:02 Martins-MacBook-Pro Books[1640] <Error>: 59846634520 12 AVE INFO: AVE_Session_HEVC_Create Enter 0xc73c94020 0x0
2026-08-10 08:11:02 Martins-MacBook-Pro Books[1640] <Error>: 59846634653 12 AVE INFO: AVE_Session_HEVC_CreatePropertyDict Enter 0xc73c94020
2026-08-10 08:11:02 Martins-MacBook-Pro Books[1640] <Error>: 59846634698 12 AVE INFO: AVE_Session_HEVC_CreatePropertyDict Exit 0xc73c94020 0
2026-08-10 08:11:02 Martins-MacBook-Pro Books[1640] <Error>: 59846634710 12 AVE INFO: AVE_Session_HEVC_Create Exit 0xc73c94020 0x0 750 190 0
2026-08-10 08:11:02 Martins-MacBook-Pro Books[1640] <Error>: 59846634721 11 AVE INFO: AVE_Plugin_HEVC_CreateInstance Exit 1752589105 0x1eeeb13c8 0xc6d6d6690 750 0xc73c94000 0xc73c94020 390 0 0
2026-08-10 08:11:02 Martins-MacBook-Pro Books[1640] <Error>: 59846634730 11 AVE INFO: AVE_Plugin_HEVC_StartTileSession Enter 0xc73c94000 0xc6d6d6680 0xc79bb9e00 142 220 0x1eeeb13c8 0
2026-08-10 08:11:02 Martins-MacBook-Pro Books[1640] <Error>: 59846634740 12 AVE INFO: AVE_Session_HEVC_StartTileSession Enter 0xc73c94020 0x16d8ed4d0
2026-08-10 08:11:02 Martins-MacBook-Pro Books[1640] <Error>: 59846634756 12 AVE INFO: AVE_Session_HEVC_StartTileSession Exit 0xc73c94020 0x16d8ed4d0 0
2026-08-10 08:11:02 Martins-MacBook-Pro Books[1640] <Error>: 59846634766 11 AVE INFO: AVE_Plugin_HEVC_StartTileSession Exit 0xc73c94000 0xc6d6d6680 0xc79bb9e00 142 220 0x1eeeb13c8 750 36 0 0
2026-08-10 08:11:02 Martins-MacBook-Pro Books[1640] <Error>: 59846634790 11 AVE INFO: AVE_Plugin_HEVC_PrepareToEncodeTiles Enter 0xc73c94000 0 0
2026-08-10 08:11:02 Martins-MacBook-Pro Books[1640] <Error>: 59846634802 12 AVE INFO: AVE_Session_HEVC_Prepare Enter 0xc73c94020
2026-08-10 08:11:02 Martins-MacBook-Pro Books[1640] <Error>: 59846635081 12 AVE INFO: AVE_Session_HEVC_Prepare Exit 0xc73c94020 0
2026-08-10 08:11:02 Martins-MacBook-Pro Books[1640] <Error>: 59846635095 11 AVE INFO: AVE_Plugin_HEVC_PrepareToEncodeTiles Exit 0xc73c94000 0 750 305 0 0
2026-08-10 08:11:02 Martins-MacBook-Pro Books[1640] <Error>: 59846650070 11 AVE INFO: AVE_Plugin_HEVC_Invalidate Enter 0xc73c94000 0
2026-08-10 08:11:02 Martins-MacBook-Pro Books[1640] <Error>: 59846650103 12 AVE INFO: AVE_Session_HEVC_Stop Enter 0xc73c94020
2026-08-10 08:11:02 Martins-MacBook-Pro Books[1640] <Error>: 59846650225 12 AVE INFO: AVE_Session_HEVC_Stop Exit 0xc73c94020 0
2026-08-10 08:11:02 Martins-MacBook-Pro Books[1640] <Error>: 59846650241 11 AVE INFO: AVE_Plugin_HEVC_Invalidate Exit 0xc73c94000 750 171 0 0
2026-08-10 08:11:02 Martins-MacBook-Pro Books[1640] <Error>: 59846650253 11 AVE INFO: AVE_Plugin_HEVC_Finalize Enter 0xc73c94000 0
2026-08-10 08:11:02 Martins-MacBook-Pro Books[1640] <Error>: 59846650262 12 AVE INFO: AVE_Session_HEVC_Destroy Enter 0xc73c94020
2026-08-10 08:11:02 Martins-MacBook-Pro Books[1640] <Error>: 59846651769 2 AVE : ID: 750 Type: 1 Enc: 2 | Input: 1 Proc: 1 Drop: 0
2026-08-10 08:11:02 Martins-MacBook-Pro Books[1640] <Error>: 59846653580 12 AVE INFO: AVE_Session_HEVC_Destroy Exit 0xc73c94020 0
2026-08-10 08:11:02 Martins-MacBook-Pro Books[1640] <Error>: 59846653612 11 AVE INFO: AVE_Plugin_HEVC_Finalize Exit 0xc73c94000 750 3359 0 0
2026-08-10 08:11:03 Martins-MacBook-Pro Books[1640] <Error>: 59847763437 11 AVE : Compiled 905.40.1 in prod on Jul 11 2026 17:45:35
2026-08-10 08:11:03 Martins-MacBook-Pro Books[1640] <Error>: 59847763632 11 AVE : Temporary Path: /Users/mjwebster/Library/Containers/com.apple.iBooksX/Data/tmp/
2026-08-10 08:11:03 Martins-MacBook-Pro Books[1640] <Error>: 59847763648 11 AVE INFO: AVE_Plugin_HEVC_CreateInstance Enter 1752589105 0x1eeeb13c8 0xc6d6d7710 0
2026-08-10 08:11:03 Martins-MacBook-Pro Books[1640] <Error>: 59847763669 12 AVE INFO: AVE_Session_HEVC_Create Enter 0xc73a78020 0x0
2026-08-10 08:11:03 Martins-MacBook-Pro Books[1640] <Error>: 59847763871 12 AVE INFO: AVE_Session_HEVC_CreatePropertyDict Enter 0xc73a78020
2026-08-10 08:11:03 Martins-MacBook-Pro Books[1640] <Error>: 59847763931 12 AVE INFO: AVE_Session_HEVC_CreatePropertyDict Exit 0xc73a78020 0
2026-08-10 08:11:03 Martins-MacBook-Pro Books[1640] <Error>: 59847763944 12 AVE INFO: AVE_Session_HEVC_Create Exit 0xc73a78020 0x0 760 275 0
2026-08-10 08:11:03 Martins-MacBook-Pro Books[1640] <Error>: 59847763953 11 AVE INFO: AVE_Plugin_HEVC_CreateInstance Exit 1752589105 0x1eeeb13c8 0xc6d6d7710 760 0xc73a78000 0xc73a78020 677 0 0
2026-08-10 08:11:03 Martins-MacBook-Pro Books[1640] <Error>: 59847763967 11 AVE INFO: AVE_Plugin_HEVC_StartTileSession Enter 0xc73a78000 0xc6d6d7700 0xc7e3e52e0 138 222 0x1eeeb13c8 0
2026-08-10 08:11:03 Martins-MacBook-Pro Books[1640] <Error>: 59847763978 12 AVE INFO: AVE_Session_HEVC_StartTileSession Enter 0xc73a78020 0x174f494d0
2026-08-10 08:11:03 Martins-MacBook-Pro Books[1640] <Error>: 59847763998 12 AVE INFO: AVE_Session_HEVC_StartTileSession Exit 0xc73a78020 0x174f494d0 0
2026-08-10 08:11:03 Martins-MacBook-Pro Books[1640] <Error>: 59847764009 11 AVE INFO: AVE_Plugin_HEVC_StartTileSession Exit 0xc73a78000 0xc6d6d7700 0xc7e3e52e0 138 222 0x1eeeb13c8 760 42 0 0
2026-08-10 08:11:03 Martins-MacBook-Pro Books[1640] <Error>: 59847764037 11 AVE INFO: AVE_Plugin_HEVC_PrepareToEncodeTiles Enter 0xc73a78000 0 0
2026-08-10 08:11:03 Martins-MacBook-Pro Books[1640] <Error>: 59847764049 12 AVE INFO: AVE_Session_HEVC_Prepare Enter 0xc73a78020
2026-08-10 08:11:03 Martins-MacBook-Pro Books[1640] <Error>: 59847764422 12 AVE INFO: AVE_Session_HEVC_Prepare Exit 0xc73a78020 0
2026-08-10 08:11:03 Martins-MacBook-Pro Books[1640] <Error>: 59847764440 11 AVE INFO: AVE_Plugin_HEVC_PrepareToEncodeTiles Exit 0xc73a78000 0 760 403 0 0
2026-08-10 08:11:04 Martins-MacBook-Pro Books[1640] <Error>: 59847780435 11 AVE INFO: AVE_Plugin_HEVC_Invalidate Enter 0xc73a78000 0
2026-08-10 08:11:04 Martins-MacBook-Pro Books[1640] <Error>: 59847780492 12 AVE INFO: AVE_Session_HEVC_Stop Enter 0xc73a78020
2026-08-10 08:11:04 Martins-MacBook-Pro Books[1640] <Error>: 59847780641 12 AVE INFO: AVE_Session_HEVC_Stop Exit 0xc73a78020 0
2026-08-10 08:11:04 Martins-MacBook-Pro Books[1640] <Error>: 59847780660 11 AVE INFO: AVE_Plugin_HEVC_Invalidate Exit 0xc73a78000 760 224 0 0
2026-08-10 08:11:04 Martins-MacBook-Pro Books[1640] <Error>: 59847780673 11 AVE INFO: AVE_Plugin_HEVC_Finalize Enter 0xc73a78000 0
2026-08-10 08:11:04 Martins-MacBook-Pro Books[1640] <Error>: 59847780682 12 AVE INFO: AVE_Session_HEVC_Destroy Enter 0xc73a78020
2026-08-10 08:11:04 Martins-MacBook-Pro Books[1640] <Error>: 59847782216 2 AVE : ID: 760 Type: 1 Enc: 2 | Input: 1 Proc: 1 Drop: 0
2026-08-10 08:11:04 Martins-MacBook-Pro Books[1640] <Error>: 59847783971 12 AVE INFO: AVE_Session_HEVC_Destroy Exit 0xc73a78020 0
2026-08-10 08:11:04 Martins-MacBook-Pro Books[1640] <Error>: 59847783999 11 AVE INFO: AVE_Plugin_HEVC_Finalize Exit 0xc73a78000 760 3327 0 0
2026-08-10 08:11:04 Martins-MacBook-Pro Books[1640] <Error>: 59847785440 11 AVE : Compiled 905.40.1 in prod on Jul 11 2026 17:45:35
2026-08-10 08:11:04 Martins-MacBook-Pro Books[1640] <Error>: 59847785472 11 AVE : Temporary Path: /Users/mjwebster/Library/Containers/com.apple.iBooksX/Data/tmp/
2026-08-10 08:11:04 Martins-MacBook-Pro Books[1640] <Error>: 59847785486 11 AVE INFO: AVE_Plugin_HEVC_CreateInstance Enter 1752589105 0x1eeeb13c8 0xc6d6d7710 0
2026-08-10 08:11:04 Martins-MacBook-Pro Books[1640] <Error>: 59847785502 12 AVE INFO: AVE_Session_HEVC_Create Enter 0xc73a78020 0x0
2026-08-10 08:11:04 Martins-MacBook-Pro Books[1640] <Error>: 59847785693 12 AVE INFO: AVE_Session_HEVC_CreatePropertyDict Enter 0xc73a78020
2026-08-10 08:11:04 Martins-MacBook-Pro Books[1640] <Error>: 59847785744 12 AVE INFO: AVE_Session_HEVC_CreatePropertyDict Exit 0xc73a78020 0
2026-08-10 08:11:04 Martins-MacBook-Pro Books[1640] <Error>: 59847785756 12 AVE INFO: AVE_Session_HEVC_Create Exit 0xc73a78020 0x0 770 254 0
2026-08-10 08:11:04 Martins-MacBook-Pro Books[1640] <Error>: 59847785767 11 AVE INFO: AVE_Plugin_HEVC_CreateInstance Exit 1752589105 0x1eeeb13c8 0xc6d6d7710 770 0xc73a78000 0xc73a78020 496 0 0
2026-08-10 08:11:04 Martins-MacBook-Pro Books[1640] <Error>: 59847785777 11 AVE INFO: AVE_Plugin_HEVC_StartTileSession Enter 0xc73a78000 0xc6d6d7700 0xc7e44e280 142 228 0x1eeeb13c8 0
2026-08-10 08:11:04 Martins-MacBook-Pro Books[1640] <Error>: 59847785789 12 AVE INFO: AVE_Session_HEVC_StartTileSession Enter 0xc73a78020 0x174f494d0
2026-08-10 08:11:04 Martins-MacBook-Pro Books[1640] <Error>: 59847785808 12 AVE INFO: AVE_Session_HEVC_StartTileSession Exit 0xc73a78020 0x174f494d0 0
2026-08-10 08:11:04 Martins-MacBook-Pro Books[1640] <Error>: 59847785820 11 AVE INFO: AVE_Plugin_HEVC_StartTileSession Exit 0xc73a78000 0xc6d6d7700 0xc7e44e280 142 228 0x1eeeb13c8 770 43 0 0
2026-08-10 08:11:04 Martins-MacBook-Pro Books[1640] <Error>: 59847785848 11 AVE INFO: AVE_Plugin_HEVC_PrepareToEncodeTiles Enter 0xc73a78000 0 0
2026-08-10 08:11:04 Martins-MacBook-Pro Books[1640] <Error>: 59847785861 12 AVE INFO: AVE_Session_HEVC_Prepare Enter 0xc73a78020
2026-08-10 08:11:04 Martins-MacBook-Pro Books[1640] <Error>: 59847786185 12 AVE INFO: AVE_Session_HEVC_Prepare Exit 0xc73a78020 0
2026-08-10 08:11:04 Martins-MacBook-Pro Books[1640] <Error>: 59847786198 11 AVE INFO: AVE_Plugin_HEVC_PrepareToEncodeTiles Exit 0xc73a78000 0 770 350 0 0
2026-08-10 08:11:04 Martins-MacBook-Pro Books[1640] <Error>: 59847802133 11 AVE INFO: AVE_Plugin_HEVC_Invalidate Enter 0xc73a78000 0
2026-08-10 08:11:04 Martins-MacBook-Pro Books[1640] <Error>: 59847802160 12 AVE INFO: AVE_Session_HEVC_Stop Enter 0xc73a78020
2026-08-10 08:11:04 Martins-MacBook-Pro Books[1640] <Error>: 59847802294 12 AVE INFO: AVE_Session_HEVC_Stop Exit 0xc73a78020 0
2026-08-10 08:11:04 Martins-MacBook-Pro Books[1640] <Error>: 59847802312 11 AVE INFO: AVE_Plugin_HEVC_Invalidate Exit 0xc73a78000 770 179 0 0
2026-08-10 08:11:04 Martins-MacBook-Pro Books[1640] <Error>: 59847802323 11 AVE INFO: AVE_Plugin_HEVC_Finalize Enter 0xc73a78000 0
2026-08-10 08:11:04 Martins-MacBook-Pro Books[1640] <Error>: 59847802334 12 AVE INFO: AVE_Session_HEVC_Destroy Enter 0xc73a78020
2026-08-10 08:11:04 Martins-MacBook-Pro Books[1640] <Error>: 59847803828 2 AVE : ID: 770 Type: 1 Enc: 2 | Input: 1 Proc: 1 Drop: 0
2026-08-10 08:11:04 Martins-MacBook-Pro Books[1640] <Error>: 59847805421 12 AVE INFO: AVE_Session_HEVC_Destroy Exit 0xc73a78020 0
2026-08-10 08:11:04 Martins-MacBook-Pro Books[1640] <Error>: 59847805439 11 AVE INFO: AVE_Plugin_HEVC_Finalize Exit 0xc73a78000 770 3116 0 0
2026-08-10 08:11:04 Martins-MacBook-Pro Books[1640] <Error>: 59847808876 11 AVE : Compiled 905.40.1 in prod on Jul 11 2026 17:45:35
2026-08-10 08:11:04 Martins-MacBook-Pro Books[1640] <Error>: 59847808905 11 AVE : Temporary Path: /Users/mjwebster/Library/Containers/com.apple.iBooksX/Data/tmp/
2026-08-10 08:11:04 Martins-MacBook-Pro Books[1640] <Error>: 59847808917 11 AVE INFO: AVE_Plugin_HEVC_CreateInstance Enter 1752589105 0x1eeeb13c8 0xc6d6d7710 0
2026-08-10 08:11:04 Martins-MacBook-Pro Books[1640] <Error>: 59847808931 12 AVE INFO: AVE_Session_HEVC_Create Enter 0xc73a78020 0x0
2026-08-10 08:11:04 Martins-MacBook-Pro Books[1640] <Error>: 59847809072 12 AVE INFO: AVE_Session_HEVC_CreatePropertyDict Enter 0xc73a78020
2026-08-10 08:11:04 Martins-MacBook-Pro Books[1640] <Error>: 59847809122 12 AVE INFO: AVE_Session_HEVC_CreatePropertyDict Exit 0xc73a78020 0
2026-08-10 08:11:04 Martins-MacBook-Pro Books[1640] <Error>: 59847809134 12 AVE INFO: AVE_Session_HEVC_Create Exit 0xc73a78020 0x0 780 203 0
2026-08-10 08:11:04 Martins-MacBook-Pro Books[1640] <Error>: 59847809144 11 AVE INFO: AVE_Plugin_HEVC_CreateInstance Exit 1752589105 0x1eeeb13c8 0xc6d6d7710 780 0xc73a78000 0xc73a78020 415 0 0
2026-08-10 08:11:04 Martins-MacBook-Pro Books[1640] <Error>: 59847809154 11 AVE INFO: AVE_Plugin_HEVC_StartTileSession Enter 0xc73a78000 0xc6d6d7700 0xc7e4077e0 142 226 0x1eeeb13c8 0
2026-08-10 08:11:04 Martins-MacBook-Pro Books[1640] <Error>: 59847809166 12 AVE INFO: AVE_Session_HEVC_StartTileSession Enter 0xc73a78020 0x174f494d0
2026-08-10 08:11:04 Martins-MacBook-Pro Books[1640] <Error>: 59847809185 12 AVE INFO: AVE_Session_HEVC_StartTileSession Exit 0xc73a78020 0x174f494d0 0
2026-08-10 08:11:04 Martins-MacBook-Pro Books[1640] <Error>: 59847809196 11 AVE INFO: AVE_Plugin_HEVC_StartTileSession Exit 0xc73a78000 0xc6d6d7700 0xc7e4077e0 142 226 0x1eeeb13c8 780 42 0 0
2026-08-10 08:11:04 Martins-MacBook-Pro Books[1640] <Error>: 59847809221 11 AVE INFO: AVE_Plugin_HEVC_PrepareToEncodeTiles Enter 0xc73a78000 0 0
2026-08-10 08:11:04 Martins-MacBook-Pro Books[1640] <Error>: 59847809232 12 AVE INFO: AVE_Session_HEVC_Prepare Enter 0xc73a78020
2026-08-10 08:11:04 Martins-MacBook-Pro Books[1640] <Error>: 59847809531 12 AVE INFO: AVE_Session_HEVC_Prepare Exit 0xc73a78020 0
2026-08-10 08:11:04 Martins-MacBook-Pro Books[1640] <Error>: 59847809546 11 AVE INFO: AVE_Plugin_HEVC_PrepareToEncodeTiles Exit 0xc73a78000 0 780 325 0 0
2026-08-10 08:11:04 Martins-MacBook-Pro Books[1640] <Error>: 59847825156 11 AVE INFO: AVE_Plugin_HEVC_Invalidate Enter 0xc73a78000 0
2026-08-10 08:11:04 Martins-MacBook-Pro Books[1640] <Error>: 59847825180 12 AVE INFO: AVE_Session_HEVC_Stop Enter 0xc73a78020
2026-08-10 08:11:04 Martins-MacBook-Pro Books[1640] <Error>: 59847825313 12 AVE INFO: AVE_Session_HEVC_Stop Exit 0xc73a78020 0
2026-08-10 08:11:04 Martins-MacBook-Pro Books[1640] <Error>: 59847825331 11 AVE INFO: AVE_Plugin_HEVC_Invalidate Exit 0xc73a78000 780 175 0 0
2026-08-10 08:11:04 Martins-MacBook-Pro Books[1640] <Error>: 59847825343 11 AVE INFO: AVE_Plugin_HEVC_Finalize Enter 0xc73a78000 0
2026-08-10 08:11:04 Martins-MacBook-Pro Books[1640] <Error>: 59847825353 12 AVE INFO: AVE_Session_HEVC_Destroy Enter 0xc73a78020
2026-08-10 08:11:04 Martins-MacBook-Pro Books[1640] <Error>: 59847826903 2 AVE : ID: 780 Type: 1 Enc: 2 | Input: 1 Proc: 1 Drop: 0
2026-08-10 08:11:04 Martins-MacBook-Pro Books[1640] <Error>: 59847828511 12 AVE INFO: AVE_Session_HEVC_Destroy Exit 0xc73a78020 0
2026-08-10 08:11:04 Martins-MacBook-Pro Books[1640] <Error>: 59847828529 11 AVE INFO: AVE_Plugin_HEVC_Finalize Exit 0xc73a78000 780 3186 0 0
2026-08-10 08:11:04 Martins-MacBook-Pro Books[1640] <Error>: 59847829648 11 AVE : Compiled 905.40.1 in prod on Jul 11 2026 17:45:35
2026-08-10 08:11:04 Martins-MacBook-Pro Books[1640] <Error>: 59847829674 11 AVE : Temporary Path: /Users/mjwebster/Library/Containers/com.apple.iBooksX/Data/tmp/
2026-08-10 08:11:04 Martins-MacBook-Pro Books[1640] <Error>: 59847829686 11 AVE INFO: AVE_Plugin_HEVC_CreateInstance Enter 1752589105 0x1eeeb13c8 0xc6d6d7710 0
2026-08-10 08:11:04 Martins-MacBook-Pro Books[1640] <Error>: 59847829699 12 AVE INFO: AVE_Session_HEVC_Create Enter 0xc73a78020 0x0
2026-08-10 08:11:04 Martins-MacBook-Pro Books[1640] <Error>: 59847829829 12 AVE INFO: AVE_Session_HEVC_CreatePropertyDict Enter 0xc73a78020
2026-08-10 08:11:04 Martins-MacBook-Pro Books[1640] <Error>: 59847829878 12 AVE INFO: AVE_Session_HEVC_CreatePropertyDict Exit 0xc73a78020 0
2026-08-10 08:11:04 Martins-MacBook-Pro Books[1640] <Error>: 59847829892 12 AVE INFO: AVE_Session_HEVC_Create Exit 0xc73a78020 0x0 790 193 0
2026-08-10 08:11:04 Martins-MacBook-Pro Books[1640] <Error>: 59847829902 11 AVE INFO: AVE_Plugin_HEVC_CreateInstance Exit 1752589105 0x1eeeb13c8 0xc6d6d7710 790 0xc73a78000 0xc73a78020 384 0 0
2026-08-10 08:11:04 Martins-MacBook-Pro Books[1640] <Error>: 59847829914 11 AVE INFO: AVE_Plugin_HEVC_StartTileSession Enter 0xc73a78000 0xc6d6d7700 0xc7e3e5880 138 220 0x1eeeb13c8 0
2026-08-10 08:11:04 Martins-MacBook-Pro Books[1640] <Error>: 59847829924 12 AVE INFO: AVE_Session_HEVC_StartTileSession Enter 0xc73a78020 0x174f494d0
2026-08-10 08:11:04 Martins-MacBook-Pro Books[1640] <Error>: 59847829940 12 AVE INFO: AVE_Session_HEVC_StartTileSession Exit 0xc73a78020 0x174f494d0 0
2026-08-10 08:11:04 Martins-MacBook-Pro Books[1640] <Error>: 59847829952 11 AVE INFO: AVE_Plugin_HEVC_StartTileSession Exit 0xc73a78000 0xc6d6d7700 0xc7e3e5880 138 220 0x1eeeb13c8 790 38 0 0
2026-08-10 08:11:04 Martins-MacBook-Pro Books[1640] <Error>: 59847829975 11 AVE INFO: AVE_Plugin_HEVC_PrepareToEncodeTiles Enter 0xc73a78000 0 0
2026-08-10 08:11:04 Martins-MacBook-Pro Books[1640] <Error>: 59847829990 12 AVE INFO: AVE_Session_HEVC_Prepare Enter 0xc73a78020
2026-08-10 08:11:04 Martins-MacBook-Pro Books[1640] <Error>: 59847830292 12 AVE INFO: AVE_Session_HEVC_Prepare Exit 0xc73a78020 0
2026-08-10 08:11:04 Martins-MacBook-Pro Books[1640] <Error>: 59847830305 11 AVE INFO: AVE_Plugin_HEVC_PrepareToEncodeTiles Exit 0xc73a78000 0 790 330 0 0
2026-08-10 08:11:04 Martins-MacBook-Pro Books[1640] <Error>: 59847845502 11 AVE INFO: AVE_Plugin_HEVC_Invalidate Enter 0xc73a78000 0
2026-08-10 08:11:04 Martins-MacBook-Pro Books[1640] <Error>: 59847845526 12 AVE INFO: AVE_Session_HEVC_Stop Enter 0xc73a78020
2026-08-10 08:11:04 Martins-MacBook-Pro Books[1640] <Error>: 59847845653 12 AVE INFO: AVE_Session_HEVC_Stop Exit 0xc73a78020 0
2026-08-10 08:11:04 Martins-MacBook-Pro Books[1640] <Error>: 59847845670 11 AVE INFO: AVE_Plugin_HEVC_Invalidate Exit 0xc73a78000 790 168 0 0
2026-08-10 08:11:04 Martins-MacBook-Pro Books[1640] <Error>: 59847845682 11 AVE INFO: AVE_Plugin_HEVC_Finalize Enter 0xc73a78000 0
2026-08-10 08:11:04 Martins-MacBook-Pro Books[1640] <Error>: 59847845693 12 AVE INFO: AVE_Session_HEVC_Destroy Enter 0xc73a78020
2026-08-10 08:11:04 Martins-MacBook-Pro Books[1640] <Error>: 59847847239 2 AVE : ID: 790 Type: 1 Enc: 2 | Input: 1 Proc: 1 Drop: 0
2026-08-10 08:11:04 Martins-MacBook-Pro Books[1640] <Error>: 59847848930 12 AVE INFO: AVE_Session_HEVC_Destroy Exit 0xc73a78020 0
2026-08-10 08:11:04 Martins-MacBook-Pro Books[1640] <Error>: 59847848955 11 AVE INFO: AVE_Plugin_HEVC_Finalize Exit 0xc73a78000 790 3273 0 0
2026-08-10 08:11:04 Martins-MacBook-Pro Books[1640] <Error>: 59848315365 11 AVE : Compiled 905.40.1 in prod on Jul 11 2026 17:45:35
2026-08-10 08:11:04 Martins-MacBook-Pro Books[1640] <Error>: 59848315452 11 AVE : Temporary Path: /Users/mjwebster/Library/Containers/com.apple.iBooksX/Data/tmp/
2026-08-10 08:11:04 Martins-MacBook-Pro Books[1640] <Error>: 59848315476 11 AVE INFO: AVE_Plugin_HEVC_CreateInstance Enter 1752589105 0x1eeeb13c8 0xc6d6d7590 0
2026-08-10 08:11:04 Martins-MacBook-Pro Books[1640] <Error>: 59848315513 12 AVE INFO: AVE_Session_HEVC_Create Enter 0xc73a78020 0x0
2026-08-10 08:11:04 Martins-MacBook-Pro Books[1640] <Error>: 59848315832 12 AVE INFO: AVE_Session_HEVC_CreatePropertyDict Enter 0xc73a78020
2026-08-10 08:11:04 Martins-MacBook-Pro Books[1640] <Error>: 59848315932 12 AVE INFO: AVE_Session_HEVC_CreatePropertyDict Exit 0xc73a78020 0
2026-08-10 08:11:04 Martins-MacBook-Pro Books[1640] <Error>: 59848315954 12 AVE INFO: AVE_Session_HEVC_Create Exit 0xc73a78020 0x0 800 441 0
2026-08-10 08:11:04 Martins-MacBook-Pro Books[1640] <Error>: 59848315972 11 AVE INFO: AVE_Plugin_HEVC_CreateInstance Exit 1752589105 0x1eeeb13c8 0xc6d6d7590 800 0xc73a78000 0xc73a78020 1092 0 0
2026-08-10 08:11:04 Martins-MacBook-Pro Books[1640] <Error>: 59848315993 11 AVE INFO: AVE_Plugin_HEVC_StartTileSession Enter 0xc73a78000 0xc6d6d7580 0xc7e45de40 376 598 0x1eeeb13c8 0
2026-08-10 08:11:04 Martins-MacBook-Pro Books[1640] <Error>: 59848316014 12 AVE INFO: AVE_Session_HEVC_StartTileSession Enter 0xc73a78020 0x16d48d4d0
2026-08-10 08:11:04 Martins-MacBook-Pro Books[1640] <Error>: 59848316045 12 AVE INFO: AVE_Session_HEVC_StartTileSession Exit 0xc73a78020 0x16d48d4d0 0
2026-08-10 08:11:04 Martins-MacBook-Pro Books[1640] <Error>: 59848316065 11 AVE INFO: AVE_Plugin_HEVC_StartTileSession Exit 0xc73a78000 0xc6d6d7580 0xc7e45de40 376 598 0x1eeeb13c8 800 72 0 0
2026-08-10 08:11:04 Martins-MacBook-Pro Books[1640] <Error>: 59848316111 11 AVE INFO: AVE_Plugin_HEVC_PrepareToEncodeTiles Enter 0xc73a78000 0 0
2026-08-10 08:11:04 Martins-MacBook-Pro Books[1640] <Error>: 59848316132 12 AVE INFO: AVE_Session_HEVC_Prepare Enter 0xc73a78020
2026-08-10 08:11:04 Martins-MacBook-Pro Books[1640] <Error>: 59848316943 12 AVE INFO: AVE_Session_HEVC_Prepare Exit 0xc73a78020 0
2026-08-10 08:11:04 Martins-MacBook-Pro Books[1640] <Error>: 59848316994 11 AVE INFO: AVE_Plugin_HEVC_PrepareToEncodeTiles Exit 0xc73a78000 0 800 883 0 0
2026-08-10 08:11:04 Martins-MacBook-Pro Books[1640] <Error>: 59848334277 11 AVE INFO: AVE_Plugin_HEVC_Invalidate Enter 0xc73a78000 0
2026-08-10 08:11:04 Martins-MacBook-Pro Books[1640] <Error>: 59848334381 12 AVE INFO: AVE_Session_HEVC_Stop Enter 0xc73a78020
2026-08-10 08:11:04 Martins-MacBook-Pro Books[1640] <Error>: 59848334551 12 AVE INFO: AVE_Session_HEVC_Stop Exit 0xc73a78020 0
2026-08-10 08:11:04 Martins-MacBook-Pro Books[1640] <Error>: 59848334712 11 AVE INFO: AVE_Plugin_HEVC_Invalidate Exit 0xc73a78000 800 435 0 0
2026-08-10 08:11:04 Martins-MacBook-Pro Books[1640] <Error>: 59848334747 11 AVE INFO: AVE_Plugin_HEVC_Finalize Enter 0xc73a78000 0
2026-08-10 08:11:04 Martins-MacBook-Pro Books[1640] <Error>: 59848334768 12 AVE INFO: AVE_Session_HEVC_Destroy Enter 0xc73a78020
2026-08-10 08:11:04 Martins-MacBook-Pro Books[1640] <Error>: 59848336334 2 AVE : ID: 800 Type: 1 Enc: 2 | Input: 1 Proc: 1 Drop: 0
2026-08-10 08:11:04 Martins-MacBook-Pro Books[1640] <Error>: 59848338790 12 AVE INFO: AVE_Session_HEVC_Destroy Exit 0xc73a78020 0
2026-08-10 08:11:04 Martins-MacBook-Pro Books[1640] <Error>: 59848338840 11 AVE INFO: AVE_Plugin_HEVC_Finalize Exit 0xc73a78000 800 4093 0 0
2026-08-10 08:11:04 Martins-MacBook-Pro Books[1640] <Error>: 59848341053 11 AVE : Compiled 905.40.1 in prod on Jul 11 2026 17:45:35
2026-08-10 08:11:04 Martins-MacBook-Pro Books[1640] <Error>: 59848341104 11 AVE : Temporary Path: /Users/mjwebster/Library/Containers/com.apple.iBooksX/Data/tmp/
2026-08-10 08:11:04 Martins-MacBook-Pro Books[1640] <Error>: 59848341123 11 AVE INFO: AVE_Plugin_HEVC_CreateInstance Enter 1752589105 0x1eeeb13c8 0xc6d6d7a10 0
2026-08-10 08:11:04 Martins-MacBook-Pro Books[1640] <Error>: 59848341146 12 AVE INFO: AVE_Session_HEVC_Create Enter 0xc73a78020 0x0
2026-08-10 08:11:04 Martins-MacBook-Pro Books[1640] <Error>: 59848341367 12 AVE INFO: AVE_Session_HEVC_CreatePropertyDict Enter 0xc73a78020
2026-08-10 08:11:04 Martins-MacBook-Pro Books[1640] <Error>: 59848341449 12 AVE INFO: AVE_Session_HEVC_CreatePropertyDict Exit 0xc73a78020 0
2026-08-10 08:11:04 Martins-MacBook-Pro Books[1640] <Error>: 59848341466 12 AVE INFO: AVE_Session_HEVC_Create Exit 0xc73a78020 0x0 810 319 0
2026-08-10 08:11:04 Martins-MacBook-Pro Books[1640] <Error>: 59848341480 11 AVE INFO: AVE_Plugin_HEVC_CreateInstance Exit 1752589105 0x1eeeb13c8 0xc6d6d7a10 810 0xc73a78000 0xc73a78020 657 0 0
2026-08-10 08:11:04 Martins-MacBook-Pro Books[1640] <Error>: 59848341496 11 AVE INFO: AVE_Plugin_HEVC_StartTileSession Enter 0xc73a78000 0xc6d6d7a00 0xc7d44a120 138 220 0x1eeeb13c8 0
2026-08-10 08:11:04 Martins-MacBook-Pro Books[1640] <Error>: 59848341514 12 AVE INFO: AVE_Session_HEVC_StartTileSession Enter 0xc73a78020 0x16d48d4d0
2026-08-10 08:11:04 Martins-MacBook-Pro Books[1640] <Error>: 59848341538 12 AVE INFO: AVE_Session_HEVC_StartTileSession Exit 0xc73a78020 0x16d48d4d0 0
2026-08-10 08:11:04 Martins-MacBook-Pro Books[1640] <Error>: 59848341552 11 AVE INFO: AVE_Plugin_HEVC_StartTileSession Exit 0xc73a78000 0xc6d6d7a00 0xc7d44a120 138 220 0x1eeeb13c8 810 56 0 0
2026-08-10 08:11:04 Martins-MacBook-Pro Books[1640] <Error>: 59848341590 11 AVE INFO: AVE_Plugin_HEVC_PrepareToEncodeTiles Enter 0xc73a78000 0 0
2026-08-10 08:11:04 Martins-MacBook-Pro Books[1640] <Error>: 59848341606 12 AVE INFO: AVE_Session_HEVC_Prepare Enter 0xc73a78020
2026-08-10 08:11:04 Martins-MacBook-Pro Books[1640] <Error>: 59848342106 12 AVE INFO: AVE_Session_HEVC_Prepare Exit 0xc73a78020 0
2026-08-10 08:11:04 Martins-MacBook-Pro Books[1640] <Error>: 59848342127 11 AVE INFO: AVE_Plugin_HEVC_PrepareToEncodeTiles Exit 0xc73a78000 0 810 537 0 0
2026-08-10 08:11:04 Martins-MacBook-Pro Books[1640] <Error>: 59848357633 11 AVE INFO: AVE_Plugin_HEVC_Invalidate Enter 0xc73a78000 0
2026-08-10 08:11:04 Martins-MacBook-Pro Books[1640] <Error>: 59848357673 12 AVE INFO: AVE_Session_HEVC_Stop Enter 0xc73a78020
2026-08-10 08:11:04 Martins-MacBook-Pro Books[1640] <Error>: 59848357839 12 AVE INFO: AVE_Session_HEVC_Stop Exit 0xc73a78020 0
2026-08-10 08:11:04 Martins-MacBook-Pro Books[1640] <Error>: 59848357861 11 AVE INFO: AVE_Plugin_HEVC_Invalidate Exit 0xc73a78000 810 228 0 0
2026-08-10 08:11:04 Martins-MacBook-Pro Books[1640] <Error>: 59848357879 11 AVE INFO: AVE_Plugin_HEVC_Finalize Enter 0xc73a78000 0
2026-08-10 08:11:04 Martins-MacBook-Pro Books[1640] <Error>: 59848357893 12 AVE INFO: AVE_Session_HEVC_Destroy Enter 0xc73a78020
2026-08-10 08:11:04 Martins-MacBook-Pro Books[1640] <Error>: 59848359446 2 AVE : ID: 810 Type: 1 Enc: 2 | Input: 1 Proc: 1 Drop: 0
2026-08-10 08:11:04 Martins-MacBook-Pro Books[1640] <Error>: 59848361509 12 AVE INFO: AVE_Session_HEVC_Destroy Exit 0xc73a78020 0
2026-08-10 08:11:04 Martins-MacBook-Pro Books[1640] <Error>: 59848361539 11 AVE INFO: AVE_Plugin_HEVC_Finalize Exit 0xc73a78000 810 3660 0 0
2026-08-10 08:11:04 Martins-MacBook-Pro Books[1640] <Error>: 59848365611 11 AVE : Compiled 905.40.1 in prod on Jul 11 2026 17:45:35
2026-08-10 08:11:04 Martins-MacBook-Pro Books[1640] <Error>: 59848365655 11 AVE : Temporary Path: /Users/mjwebster/Library/Containers/com.apple.iBooksX/Data/tmp/
2026-08-10 08:11:04 Martins-MacBook-Pro Books[1640] <Error>: 59848365670 11 AVE INFO: AVE_Plugin_HEVC_CreateInstance Enter 1752589105 0x1eeeb13c8 0xc6e0e6d50 0
2026-08-10 08:11:04 Martins-MacBook-Pro Books[1640] <Error>: 59848365690 12 AVE INFO: AVE_Session_HEVC_Create Enter 0xc76e48020 0x0
2026-08-10 08:11:04 Martins-MacBook-Pro Books[1640] <Error>: 59848365877 12 AVE INFO: AVE_Session_HEVC_CreatePropertyDict Enter 0xc76e48020
2026-08-10 08:11:04 Martins-MacBook-Pro Books[1640] <Error>: 59848365948 12 AVE INFO: AVE_Session_HEVC_CreatePropertyDict Exit 0xc76e48020 0
2026-08-10 08:11:04 Martins-MacBook-Pro Books[1640] <Error>: 59848365963 12 AVE INFO: AVE_Session_HEVC_Create Exit 0xc76e48020 0x0 820 273 0
2026-08-10 08:11:04 Martins-MacBook-Pro Books[1640] <Error>: 59848365976 11 AVE INFO: AVE_Plugin_HEVC_CreateInstance Exit 1752589105 0x1eeeb13c8 0xc6e0e6d50 820 0xc76e48000 0xc76e48020 566 0 0
2026-08-10 08:11:04 Martins-MacBook-Pro Books[1640] <Error>: 59848365991 11 AVE INFO: AVE_Plugin_HEVC_StartTileSession Enter 0xc76e48000 0xc6e0e6d40 0xc7e45cbe0 142 226 0x1eeeb13c8 0
2026-08-10 08:11:04 Martins-MacBook-Pro Books[1640] <Error>: 59848366005 12 AVE INFO: AVE_Session_HEVC_StartTileSession Enter 0xc76e48020 0x16d48d4d0
2026-08-10 08:11:04 Martins-MacBook-Pro Books[1640] <Error>: 59848366027 12 AVE INFO: AVE_Session_HEVC_StartTileSession Exit 0xc76e48020 0x16d48d4d0 0
2026-08-10 08:11:04 Martins-MacBook-Pro Books[1640] <Error>: 59848366042 11 AVE INFO: AVE_Plugin_HEVC_StartTileSession Exit 0xc76e48000 0xc6e0e6d40 0xc7e45cbe0 142 226 0x1eeeb13c8 820 51 0 0
2026-08-10 08:11:04 Martins-MacBook-Pro Books[1640] <Error>: 59848366075 11 AVE INFO: AVE_Plugin_HEVC_PrepareToEncodeTiles Enter 0xc76e48000 0 0
2026-08-10 08:11:04 Martins-MacBook-Pro Books[1640] <Error>: 59848366090 12 AVE INFO: AVE_Session_HEVC_Prepare Enter 0xc76e48020
2026-08-10 08:11:04 Martins-MacBook-Pro Books[1640] <Error>: 59848366504 12 AVE INFO: AVE_Session_HEVC_Prepare Exit 0xc76e48020 0
2026-08-10 08:11:04 Martins-MacBook-Pro Books[1640] <Error>: 59848366524 11 AVE INFO: AVE_Plugin_HEVC_PrepareToEncodeTiles Exit 0xc76e48000 0 820 449 0 0
2026-08-10 08:11:04 Martins-MacBook-Pro Books[1640] <Error>: 59848381876 11 AVE INFO: AVE_Plugin_HEVC_Invalidate Enter 0xc76e48000 0
2026-08-10 08:11:04 Martins-MacBook-Pro Books[1640] <Error>: 59848381923 12 AVE INFO: AVE_Session_HEVC_Stop Enter 0xc76e48020
2026-08-10 08:11:04 Martins-MacBook-Pro Books[1640] <Error>: 59848382062 12 AVE INFO: AVE_Session_HEVC_Stop Exit 0xc76e48020 0
2026-08-10 08:11:04 Martins-MacBook-Pro Books[1640] <Error>: 59848382083 11 AVE INFO: AVE_Plugin_HEVC_Invalidate Exit 0xc76e48000 820 207 0 0
2026-08-10 08:11:04 Martins-MacBook-Pro Books[1640] <Error>: 59848382098 11 AVE INFO: AVE_Plugin_HEVC_Finalize Enter 0xc76e48000 0
2026-08-10 08:11:04 Martins-MacBook-Pro Books[1640] <Error>: 59848382112 12 AVE INFO: AVE_Session_HEVC_Destroy Enter 0xc76e48020
2026-08-10 08:11:04 Martins-MacBook-Pro Books[1640] <Error>: 59848383679 2 AVE : ID: 820 Type: 1 Enc: 2 | Input: 1 Proc: 1 Drop: 0
2026-08-10 08:11:04 Martins-MacBook-Pro Books[1640] <Error>: 59848385721 12 AVE INFO: AVE_Session_HEVC_Destroy Exit 0xc76e48020 0
2026-08-10 08:11:04 Martins-MacBook-Pro Books[1640] <Error>: 59848385746 11 AVE INFO: AVE_Plugin_HEVC_Finalize Exit 0xc76e48000 820 3648 0 0
2026-08-10 08:11:04 Martins-MacBook-Pro Books[1640] <Error>: 59848387988 11 AVE : Compiled 905.40.1 in prod on Jul 11 2026 17:45:35
2026-08-10 08:11:04 Martins-MacBook-Pro Books[1640] <Error>: 59848388026 11 AVE : Temporary Path: /Users/mjwebster/Library/Containers/com.apple.iBooksX/Data/tmp/
2026-08-10 08:11:04 Martins-MacBook-Pro Books[1640] <Error>: 59848388040 11 AVE INFO: AVE_Plugin_HEVC_CreateInstance Enter 1752589105 0x1eeeb13c8 0xc6e0e6d50 0
2026-08-10 08:11:04 Martins-MacBook-Pro Books[1640] <Error>: 59848388059 12 AVE INFO: AVE_Session_HEVC_Create Enter 0xc73ba0020 0x0
2026-08-10 08:11:04 Martins-MacBook-Pro Books[1640] <Error>: 59848388365 12 AVE INFO: AVE_Session_HEVC_CreatePropertyDict Enter 0xc73ba0020
2026-08-10 08:11:04 Martins-MacBook-Pro Books[1640] <Error>: 59848388443 12 AVE INFO: AVE_Session_HEVC_CreatePropertyDict Exit 0xc73ba0020 0
2026-08-10 08:11:04 Martins-MacBook-Pro Books[1640] <Error>: 59848388457 12 AVE INFO: AVE_Session_HEVC_Create Exit 0xc73ba0020 0x0 830 398 0
2026-08-10 08:11:04 Martins-MacBook-Pro Books[1640] <Error>: 59848388469 11 AVE INFO: AVE_Plugin_HEVC_CreateInstance Exit 1752589105 0x1eeeb13c8 0xc6e0e6d50 830 0xc73ba0000 0xc73ba0020 677 0 0
2026-08-10 08:11:04 Martins-MacBook-Pro Books[1640] <Error>: 59848388484 11 AVE INFO: AVE_Plugin_HEVC_StartTileSession Enter 0xc73ba0000 0xc6e0e6d40 0xc79e1ce40 376 598 0x1eeeb13c8 0
2026-08-10 08:11:04 Martins-MacBook-Pro Books[1640] <Error>: 59848388496 12 AVE INFO: AVE_Session_HEVC_StartTileSession Enter 0xc73ba0020 0x16d48d4d0
2026-08-10 08:11:04 Martins-MacBook-Pro Books[1640] <Error>: 59848388517 12 AVE INFO: AVE_Session_HEVC_StartTileSession Exit 0xc73ba0020 0x16d48d4d0 0
2026-08-10 08:11:04 Martins-MacBook-Pro Books[1640] <Error>: 59848388530 11 AVE INFO: AVE_Plugin_HEVC_StartTileSession Exit 0xc73ba0000 0xc6e0e6d40 0xc79e1ce40 376 598 0x1eeeb13c8 830 46 0 0
2026-08-10 08:11:04 Martins-MacBook-Pro Books[1640] <Error>: 59848388570 11 AVE INFO: AVE_Plugin_HEVC_PrepareToEncodeTiles Enter 0xc73ba0000 0 0
2026-08-10 08:11:04 Martins-MacBook-Pro Books[1640] <Error>: 59848388584 12 AVE INFO: AVE_Session_HEVC_Prepare Enter 0xc73ba0020
2026-08-10 08:11:04 Martins-MacBook-Pro Books[1640] <Error>: 59848389125 12 AVE INFO: AVE_Session_HEVC_Prepare Exit 0xc73ba0020 0
2026-08-10 08:11:04 Martins-MacBook-Pro Books[1640] <Error>: 59848389152 11 AVE INFO: AVE_Plugin_HEVC_PrepareToEncodeTiles Exit 0xc73ba0000 0 830 582 0 0
2026-08-10 08:11:04 Martins-MacBook-Pro Books[1640] <Error>: 59848402828 11 AVE INFO: AVE_Plugin_HEVC_Invalidate Enter 0xc73ba0000 0
2026-08-10 08:11:04 Martins-MacBook-Pro Books[1640] <Error>: 59848402872 12 AVE INFO: AVE_Session_HEVC_Stop Enter 0xc73ba0020
2026-08-10 08:11:04 Martins-MacBook-Pro Books[1640] <Error>: 59848402999 12 AVE INFO: AVE_Session_HEVC_Stop Exit 0xc73ba0020 0
2026-08-10 08:11:04 Martins-MacBook-Pro Books[1640] <Error>: 59848403021 11 AVE INFO: AVE_Plugin_HEVC_Invalidate Exit 0xc73ba0000 830 193 0 0
2026-08-10 08:11:04 Martins-MacBook-Pro Books[1640] <Error>: 59848403032 11 AVE INFO: AVE_Plugin_HEVC_Finalize Enter 0xc73ba0000 0
2026-08-10 08:11:04 Martins-MacBook-Pro Books[1640] <Error>: 59848403043 12 AVE INFO: AVE_Session_HEVC_Destroy Enter 0xc73ba0020
2026-08-10 08:11:04 Martins-MacBook-Pro Books[1640] <Error>: 59848404640 2 AVE : ID: 830 Type: 1 Enc: 2 | Input: 1 Proc: 1 Drop: 0
2026-08-10 08:11:04 Martins-MacBook-Pro Books[1640] <Error>: 59848407041 12 AVE INFO: AVE_Session_HEVC_Destroy Exit 0xc73ba0020 0
2026-08-10 08:11:04 Martins-MacBook-Pro Books[1640] <Error>: 59848407070 11 AVE INFO: AVE_Plugin_HEVC_Finalize Exit 0xc73ba0000 830 4038 0 0
2026-08-10 08:11:04 Martins-MacBook-Pro Books[1640] <Error>: 59848409230 11 AVE : Compiled 905.40.1 in prod on Jul 11 2026 17:45:35
2026-08-10 08:11:04 Martins-MacBook-Pro Books[1640] <Error>: 59848409264 11 AVE : Temporary Path: /Users/mjwebster/Library/Containers/com.apple.iBooksX/Data/tmp/
2026-08-10 08:11:04 Martins-MacBook-Pro Books[1640] <Error>: 59848409277 11 AVE INFO: AVE_Plugin_HEVC_CreateInstance Enter 1752589105 0x1eeeb13c8 0xc6e0e6d50 0
2026-08-10 08:11:04 Martins-MacBook-Pro Books[1640] <Error>: 59848409293 12 AVE INFO: AVE_Session_HEVC_Create Enter 0xc73ba0020 0x0
2026-08-10 08:11:04 Martins-MacBook-Pro Books[1640] <Error>: 59848409461 12 AVE INFO: AVE_Session_HEVC_CreatePropertyDict Enter 0xc73ba0020
2026-08-10 08:11:04 Martins-MacBook-Pro Books[1640] <Error>: 59848409518 12 AVE INFO: AVE_Session_HEVC_CreatePropertyDict Exit 0xc73ba0020 0
2026-08-10 08:11:04 Martins-MacBook-Pro Books[1640] <Error>: 59848409532 12 AVE INFO: AVE_Session_HEVC_Create Exit 0xc73ba0020 0x0 840 239 0
2026-08-10 08:11:04 Martins-MacBook-Pro Books[1640] <Error>: 59848409544 11 AVE INFO: AVE_Plugin_HEVC_CreateInstance Exit 1752589105 0x1eeeb13c8 0xc6e0e6d50 840 0xc73ba0000 0xc73ba0020 497 0 0
2026-08-10 08:11:04 Martins-MacBook-Pro Books[1640] <Error>: 59848409556 11 AVE INFO: AVE_Plugin_HEVC_StartTileSession Enter 0xc73ba0000 0xc6e0e6d40 0xc7d36e460 138 220 0x1eeeb13c8 0
2026-08-10 08:11:04 Martins-MacBook-Pro Books[1640] <Error>: 59848409574 12 AVE INFO: AVE_Session_HEVC_StartTileSession Enter 0xc73ba0020 0x16d48d4d0
2026-08-10 08:11:04 Martins-MacBook-Pro Books[1640] <Error>: 59848409594 12 AVE INFO: AVE_Session_HEVC_StartTileSession Exit 0xc73ba0020 0x16d48d4d0 0
2026-08-10 08:11:04 Martins-MacBook-Pro Books[1640] <Error>: 59848409606 11 AVE INFO: AVE_Plugin_HEVC_StartTileSession Exit 0xc73ba0000 0xc6e0e6d40 0xc7d36e460 138 220 0x1eeeb13c8 840 50 0 0
2026-08-10 08:11:04 Martins-MacBook-Pro Books[1640] <Error>: 59848409638 11 AVE INFO: AVE_Plugin_HEVC_PrepareToEncodeTiles Enter 0xc73ba0000 0 0
2026-08-10 08:11:04 Martins-MacBook-Pro Books[1640] <Error>: 59848409651 12 AVE INFO: AVE_Session_HEVC_Prepare Enter 0xc73ba0020
2026-08-10 08:11:04 Martins-MacBook-Pro Books[1640] <Error>: 59848410011 12 AVE INFO: AVE_Session_HEVC_Prepare Exit 0xc73ba0020 0
2026-08-10 08:11:04 Martins-MacBook-Pro Books[1640] <Error>: 59848410024 11 AVE INFO: AVE_Plugin_HEVC_PrepareToEncodeTiles Exit 0xc73ba0000 0 840 386 0 0
2026-08-10 08:11:04 Martins-MacBook-Pro Books[1640] <Error>: 59848425784 11 AVE INFO: AVE_Plugin_HEVC_Invalidate Enter 0xc73ba0000 0
2026-08-10 08:11:04 Martins-MacBook-Pro Books[1640] <Error>: 59848425829 12 AVE INFO: AVE_Session_HEVC_Stop Enter 0xc73ba0020
2026-08-10 08:11:04 Martins-MacBook-Pro Books[1640] <Error>: 59848425954 12 AVE INFO: AVE_Session_HEVC_Stop Exit 0xc73ba0020 0
2026-08-10 08:11:04 Martins-MacBook-Pro Books[1640] <Error>: 59848425974 11 AVE INFO: AVE_Plugin_HEVC_Invalidate Exit 0xc73ba0000 840 190 0 0
2026-08-10 08:11:04 Martins-MacBook-Pro Books[1640] <Error>: 59848425988 11 AVE INFO: AVE_Plugin_HEVC_Finalize Enter 0xc73ba0000 0
2026-08-10 08:11:04 Martins-MacBook-Pro Books[1640] <Error>: 59848425998 12 AVE INFO: AVE_Session_HEVC_Destroy Enter 0xc73ba0020
2026-08-10 08:11:04 Martins-MacBook-Pro Books[1640] <Error>: 59848427540 2 AVE : ID: 840 Type: 1 Enc: 2 | Input: 1 Proc: 1 Drop: 0
2026-08-10 08:11:04 Martins-MacBook-Pro Books[1640] <Error>: 59848429475 12 AVE INFO: AVE_Session_HEVC_Destroy Exit 0xc73ba0020 0
2026-08-10 08:11:04 Martins-MacBook-Pro Books[1640] <Error>: 59848429499 11 AVE INFO: AVE_Plugin_HEVC_Finalize Exit 0xc73ba0000 840 3511 0 0
2026-08-10 08:11:04 Martins-MacBook-Pro Books[1640] <Error>: 59848430999 11 AVE : Compiled 905.40.1 in prod on Jul 11 2026 17:45:35
2026-08-10 08:11:04 Martins-MacBook-Pro Books[1640] <Error>: 59848431034 11 AVE : Temporary Path: /Users/mjwebster/Library/Containers/com.apple.iBooksX/Data/tmp/
2026-08-10 08:11:04 Martins-MacBook-Pro Books[1640] <Error>: 59848431172 11 AVE INFO: AVE_Plugin_HEVC_CreateInstance Enter 1752589105 0x1eeeb13c8 0xc6e0e6d50 0
2026-08-10 08:11:04 Martins-MacBook-Pro Books[1640] <Error>: 59848431190 12 AVE INFO: AVE_Session_HEVC_Create Enter 0xc73ba0020 0x0
2026-08-10 08:11:04 Martins-MacBook-Pro Books[1640] <Error>: 59848431368 12 AVE INFO: AVE_Session_HEVC_CreatePropertyDict Enter 0xc73ba0020
2026-08-10 08:11:04 Martins-MacBook-Pro Books[1640] <Error>: 59848431424 12 AVE INFO: AVE_Session_HEVC_CreatePropertyDict Exit 0xc73ba0020 0
2026-08-10 08:11:04 Martins-MacBook-Pro Books[1640] <Error>: 59848431438 12 AVE INFO: AVE_Session_HEVC_Create Exit 0xc73ba0020 0x0 850 248 0
2026-08-10 08:11:04 Martins-MacBook-Pro Books[1640] <Error>: 59848431450 11 AVE INFO: AVE_Plugin_HEVC_CreateInstance Exit 1752589105 0x1eeeb13c8 0xc6e0e6d50 850 0xc73ba0000 0xc73ba0020 640 0 0
2026-08-10 08:11:04 Martins-MacBook-Pro Books[1640] <Error>: 59848431464 11 AVE INFO: AVE_Plugin_HEVC_StartTileSession Enter 0xc73ba0000 0xc6e0e6d40 0xc7e3bb740 138 220 0x1eeeb13c8 0
2026-08-10 08:11:04 Martins-MacBook-Pro Books[1640] <Error>: 59848431478 12 AVE INFO: AVE_Session_HEVC_StartTileSession Enter 0xc73ba0020 0x16d48d4d0
2026-08-10 08:11:04 Martins-MacBook-Pro Books[1640] <Error>: 59848431497 12 AVE INFO: AVE_Session_HEVC_StartTileSession Exit 0xc73ba0020 0x16d48d4d0 0
2026-08-10 08:11:04 Martins-MacBook-Pro Books[1640] <Error>: 59848431510 11 AVE INFO: AVE_Plugin_HEVC_StartTileSession Exit 0xc73ba0000 0xc6e0e6d40 0xc7e3bb740 138 220 0x1eeeb13c8 850 45 0 0
2026-08-10 08:11:04 Martins-MacBook-Pro Books[1640] <Error>: 59848431540 11 AVE INFO: AVE_Plugin_HEVC_PrepareToEncodeTiles Enter 0xc73ba0000 0 0
2026-08-10 08:11:04 Martins-MacBook-Pro Books[1640] <Error>: 59848431553 12 AVE INFO: AVE_Session_HEVC_Prepare Enter 0xc73ba0020
2026-08-10 08:11:04 Martins-MacBook-Pro Books[1640] <Error>: 59848431906 12 AVE INFO: AVE_Session_HEVC_Prepare Exit 0xc73ba0020 0
2026-08-10 08:11:04 Martins-MacBook-Pro Books[1640] <Error>: 59848431921 11 AVE INFO: AVE_Plugin_HEVC_PrepareToEncodeTiles Exit 0xc73ba0000 0 850 380 0 0
2026-08-10 08:11:04 Martins-MacBook-Pro Books[1640] <Error>: 59848447833 11 AVE INFO: AVE_Plugin_HEVC_Invalidate Enter 0xc73ba0000 0
2026-08-10 08:11:04 Martins-MacBook-Pro Books[1640] <Error>: 59848447873 12 AVE INFO: AVE_Session_HEVC_Stop Enter 0xc73ba0020
2026-08-10 08:11:04 Martins-MacBook-Pro Books[1640] <Error>: 59848448026 12 AVE INFO: AVE_Session_HEVC_Stop Exit 0xc73ba0020 0
2026-08-10 08:11:04 Martins-MacBook-Pro Books[1640] <Error>: 59848448044 11 AVE INFO: AVE_Plugin_HEVC_Invalidate Exit 0xc73ba0000 850 210 0 0
2026-08-10 08:11:04 Martins-MacBook-Pro Books[1640] <Error>: 59848448056 11 AVE INFO: AVE_Plugin_HEVC_Finalize Enter 0xc73ba0000 0
2026-08-10 08:11:04 Martins-MacBook-Pro Books[1640] <Error>: 59848448067 12 AVE INFO: AVE_Session_HEVC_Destroy Enter 0xc73ba0020
2026-08-10 08:11:04 Martins-MacBook-Pro Books[1640] <Error>: 59848449559 2 AVE : ID: 850 Type: 1 Enc: 2 | Input: 1 Proc: 1 Drop: 0
2026-08-10 08:11:04 Martins-MacBook-Pro Books[1640] <Error>: 59848451405 12 AVE INFO: AVE_Session_HEVC_Destroy Exit 0xc73ba0020 0
2026-08-10 08:11:04 Martins-MacBook-Pro Books[1640] <Error>: 59848451425 11 AVE INFO: AVE_Plugin_HEVC_Finalize Exit 0xc73ba0000 850 3369 0 0
2026-08-10 08:11:04 Martins-MacBook-Pro Books[1640] <Error>: 59848452882 11 AVE : Compiled 905.40.1 in prod on Jul 11 2026 17:45:35
2026-08-10 08:11:04 Martins-MacBook-Pro Books[1640] <Error>: 59848452907 11 AVE : Temporary Path: /Users/mjwebster/Library/Containers/com.apple.iBooksX/Data/tmp/
2026-08-10 08:11:04 Martins-MacBook-Pro Books[1640] <Error>: 59848452919 11 AVE INFO: AVE_Plugin_HEVC_CreateInstance Enter 1752589105 0x1eeeb13c8 0xc6e0e6d50 0
2026-08-10 08:11:04 Martins-MacBook-Pro Books[1640] <Error>: 59848452933 12 AVE INFO: AVE_Session_HEVC_Create Enter 0xc73ba0020 0x0
2026-08-10 08:11:04 Martins-MacBook-Pro Books[1640] <Error>: 59848453095 12 AVE INFO: AVE_Session_HEVC_CreatePropertyDict Enter 0xc73ba0020
2026-08-10 08:11:04 Martins-MacBook-Pro Books[1640] <Error>: 59848453152 12 AVE INFO: AVE_Session_HEVC_CreatePropertyDict Exit 0xc73ba0020 0
2026-08-10 08:11:04 Martins-MacBook-Pro Books[1640] <Error>: 59848453166 12 AVE INFO: AVE_Session_HEVC_Create Exit 0xc73ba0020 0x0 860 233 0
2026-08-10 08:11:04 Martins-MacBook-Pro Books[1640] <Error>: 59848453177 11 AVE INFO: AVE_Plugin_HEVC_CreateInstance Exit 1752589105 0x1eeeb13c8 0xc6e0e6d50 860 0xc73ba0000 0xc73ba0020 467 0 0
2026-08-10 08:11:04 Martins-MacBook-Pro Books[1640] <Error>: 59848453190 11 AVE INFO: AVE_Plugin_HEVC_StartTileSession Enter 0xc73ba0000 0xc6e0e6d40 0xc7e45cbe0 142 226 0x1eeeb13c8 0
2026-08-10 08:11:04 Martins-MacBook-Pro Books[1640] <Error>: 59848453201 12 AVE INFO: AVE_Session_HEVC_StartTileSession Enter 0xc73ba0020 0x16d48d4d0
2026-08-10 08:11:04 Martins-MacBook-Pro Books[1640] <Error>: 59848453221 12 AVE INFO: AVE_Session_HEVC_StartTileSession Exit 0xc73ba0020 0x16d48d4d0 0
2026-08-10 08:11:04 Martins-MacBook-Pro Books[1640] <Error>: 59848453232 11 AVE INFO: AVE_Plugin_HEVC_StartTileSession Exit 0xc73ba0000 0xc6e0e6d40 0xc7e45cbe0 142 226 0x1eeeb13c8 860 42 0 0
2026-08-10 08:11:04 Martins-MacBook-Pro Books[1640] <Error>: 59848453260 11 AVE INFO: AVE_Plugin_HEVC_PrepareToEncodeTiles Enter 0xc73ba0000 0 0
2026-08-10 08:11:04 Martins-MacBook-Pro Books[1640] <Error>: 59848453273 12 AVE INFO: AVE_Session_HEVC_Prepare Enter 0xc73ba0020
2026-08-10 08:11:04 Martins-MacBook-Pro Books[1640] <Error>: 59848453607 12 AVE INFO: AVE_Session_HEVC_Prepare Exit 0xc73ba0020 0
2026-08-10 08:11:04 Martins-MacBook-Pro Books[1640] <Error>: 59848453623 11 AVE INFO: AVE_Plugin_HEVC_PrepareToEncodeTiles Exit 0xc73ba0000 0 860 363 0 0
2026-08-10 08:11:04 Martins-MacBook-Pro Books[1640] <Error>: 59848465873 11 AVE INFO: AVE_Plugin_HEVC_Invalidate Enter 0xc73ba0000 0
2026-08-10 08:11:04 Martins-MacBook-Pro Books[1640] <Error>: 59848465895 12 AVE INFO: AVE_Session_HEVC_Stop Enter 0xc73ba0020
2026-08-10 08:11:04 Martins-MacBook-Pro Books[1640] <Error>: 59848466013 12 AVE INFO: AVE_Session_HEVC_Stop Exit 0xc73ba0020 0
2026-08-10 08:11:04 Martins-MacBook-Pro Books[1640] <Error>: 59848466030 11 AVE INFO: AVE_Plugin_HEVC_Invalidate Exit 0xc73ba0000 860 157 0 0
2026-08-10 08:11:04 Martins-MacBook-Pro Books[1640] <Error>: 59848466042 11 AVE INFO: AVE_Plugin_HEVC_Finalize Enter 0xc73ba0000 0
2026-08-10 08:11:04 Martins-MacBook-Pro Books[1640] <Error>: 59848466054 12 AVE INFO: AVE_Session_HEVC_Destroy Enter 0xc73ba0020
2026-08-10 08:11:04 Martins-MacBook-Pro Books[1640] <Error>: 59848467520 2 AVE : ID: 860 Type: 1 Enc: 2 | Input: 1 Proc: 1 Drop: 0
2026-08-10 08:11:04 Martins-MacBook-Pro Books[1640] <Error>: 59848469250 12 AVE INFO: AVE_Session_HEVC_Destroy Exit 0xc73ba0020 0
2026-08-10 08:11:04 Martins-MacBook-Pro Books[1640] <Error>: 59848469270 11 AVE INFO: AVE_Plugin_HEVC_Finalize Exit 0xc73ba0000 860 3227 0 0
2026-08-10 08:11:04 Martins-MacBook-Pro Books[1640] <Error>: 59848471301 11 AVE : Compiled 905.40.1 in prod on Jul 11 2026 17:45:35
2026-08-10 08:11:04 Martins-MacBook-Pro Books[1640] <Error>: 59848471339 11 AVE : Temporary Path: /Users/mjwebster/Library/Containers/com.apple.iBooksX/Data/tmp/
2026-08-10 08:11:04 Martins-MacBook-Pro Books[1640] <Error>: 59848471354 11 AVE INFO: AVE_Plugin_HEVC_CreateInstance Enter 1752589105 0x1eeeb13c8 0xc6e0e6d50 0
2026-08-10 08:11:04 Martins-MacBook-Pro Books[1640] <Error>: 59848471371 12 AVE INFO: AVE_Session_HEVC_Create Enter 0xc73ba0020 0x0
2026-08-10 08:11:04 Martins-MacBook-Pro Books[1640] <Error>: 59848471584 12 AVE INFO: AVE_Session_HEVC_CreatePropertyDict Enter 0xc73ba0020
2026-08-10 08:11:04 Martins-MacBook-Pro Books[1640] <Error>: 59848471645 12 AVE INFO: AVE_Session_HEVC_CreatePropertyDict Exit 0xc73ba0020 0
2026-08-10 08:11:04 Martins-MacBook-Pro Books[1640] <Error>: 59848471661 12 AVE INFO: AVE_Session_HEVC_Create Exit 0xc73ba0020 0x0 870 290 0
2026-08-10 08:11:04 Martins-MacBook-Pro Books[1640] <Error>: 59848471673 11 AVE INFO: AVE_Plugin_HEVC_CreateInstance Exit 1752589105 0x1eeeb13c8 0xc6e0e6d50 870 0xc73ba0000 0xc73ba0020 544 0 0
2026-08-10 08:11:04 Martins-MacBook-Pro Books[1640] <Error>: 59848471686 11 AVE INFO: AVE_Plugin_HEVC_StartTileSession Enter 0xc73ba0000 0xc6e0e6d40 0xc7d4daea0 376 598 0x1eeeb13c8 0
2026-08-10 08:11:04 Martins-MacBook-Pro Books[1640] <Error>: 59848471697 12 AVE INFO: AVE_Session_HEVC_StartTileSession Enter 0xc73ba0020 0x16d48d4d0
2026-08-10 08:11:04 Martins-MacBook-Pro Books[1640] <Error>: 59848471718 12 AVE INFO: AVE_Session_HEVC_StartTileSession Exit 0xc73ba0020 0x16d48d4d0 0
2026-08-10 08:11:04 Martins-MacBook-Pro Books[1640] <Error>: 59848471731 11 AVE INFO: AVE_Plugin_HEVC_StartTileSession Exit 0xc73ba0000 0xc6e0e6d40 0xc7d4daea0 376 598 0x1eeeb13c8 870 45 0 0
2026-08-10 08:11:04 Martins-MacBook-Pro Books[1640] <Error>: 59848471760 11 AVE INFO: AVE_Plugin_HEVC_PrepareToEncodeTiles Enter 0xc73ba0000 0 0
2026-08-10 08:11:04 Martins-MacBook-Pro Books[1640] <Error>: 59848471772 12 AVE INFO: AVE_Session_HEVC_Prepare Enter 0xc73ba0020
2026-08-10 08:11:04 Martins-MacBook-Pro Books[1640] <Error>: 59848472158 12 AVE INFO: AVE_Session_HEVC_Prepare Exit 0xc73ba0020 0
2026-08-10 08:11:04 Martins-MacBook-Pro Books[1640] <Error>: 59848472173 11 AVE INFO: AVE_Plugin_HEVC_PrepareToEncodeTiles Exit 0xc73ba0000 0 870 413 0 0
2026-08-10 08:11:04 Martins-MacBook-Pro Books[1640] <Error>: 59848487528 11 AVE INFO: AVE_Plugin_HEVC_Invalidate Enter 0xc73ba0000 0
2026-08-10 08:11:04 Martins-MacBook-Pro Books[1640] <Error>: 59848487550 12 AVE INFO: AVE_Session_HEVC_Stop Enter 0xc73ba0020
2026-08-10 08:11:04 Martins-MacBook-Pro Books[1640] <Error>: 59848487663 12 AVE INFO: AVE_Session_HEVC_Stop Exit 0xc73ba0020 0
2026-08-10 08:11:04 Martins-MacBook-Pro Books[1640] <Error>: 59848487681 11 AVE INFO: AVE_Plugin_HEVC_Invalidate Exit 0xc73ba0000 870 152 0 0
2026-08-10 08:11:04 Martins-MacBook-Pro Books[1640] <Error>: 59848487694 11 AVE INFO: AVE_Plugin_HEVC_Finalize Enter 0xc73ba0000 0
2026-08-10 08:11:04 Martins-MacBook-Pro Books[1640] <Error>: 59848487705 12 AVE INFO: AVE_Session_HEVC_Destroy Enter 0xc73ba0020
2026-08-10 08:11:04 Martins-MacBook-Pro Books[1640] <Error>: 59848489201 2 AVE : ID: 870 Type: 1 Enc: 2 | Input: 1 Proc: 1 Drop: 0
2026-08-10 08:11:04 Martins-MacBook-Pro Books[1640] <Error>: 59848490913 12 AVE INFO: AVE_Session_HEVC_Destroy Exit 0xc73ba0020 0
2026-08-10 08:11:04 Martins-MacBook-Pro Books[1640] <Error>: 59848490932 11 AVE INFO: AVE_Plugin_HEVC_Finalize Exit 0xc73ba0000 870 3238 0 0
2026-08-10 08:12:44 Martins-MacBook-Pro syslogd[574] <Notice>: ASL Sender Statistics
2026-08-10 08:23:44 Martins-MacBook-Pro syslogd[574] <Notice>: ASL Sender Statistics
2026-08-10 08:35:24 Martins-MacBook-Pro syslogd[574] <Notice>: ASL Sender Statistics
2026-08-10 08:45:29 Martins-MacBook-Pro syslogd[574] <Notice>: ASL Sender Statistics
2026-08-10 08:56:25 Martins-MacBook-Pro syslogd[574] <Notice>: ASL Sender Statistics
2026-08-10 09:06:59 Martins-MacBook-Pro syslogd[574] <Notice>: ASL Sender Statistics
2026-08-10 09:17:39 Martins-MacBook-Pro syslogd[574] <Notice>: ASL Sender Statistics
2026-08-10 09:30:21 Martins-MacBook-Pro syslogd[574] <Notice>: ASL Sender Statistics
2026-08-10 09:45:21 Martins-MacBook-Pro syslogd[574] <Notice>: ASL Sender Statistics
2026-08-10 10:00:00 Martins-MacBook-Pro syslogd[574] <Notice>: ASL Sender Statistics
2026-08-10 10:14:52 Martins-MacBook-Pro syslogd[574] <Notice>: ASL Sender Statistics
2026-08-10 10:26:03 Martins-MacBook-Pro syslogd[574] <Notice>: ASL Sender Statistics
2026-08-10 10:38:55 Martins-MacBook-Pro syslogd[574] <Notice>: ASL Sender Statistics
2026-08-10 10:51:04 Martins-MacBook-Pro syslogd[574] <Notice>: ASL Sender Statistics
2026-08-10 11:01:28 Martins-MacBook-Pro syslogd[574] <Notice>: ASL Sender Statistics
2026-08-10 11:11:39 Martins-MacBook-Pro syslogd[574] <Notice>: ASL Sender Statistics
2026-08-10 11:21:44 Martins-MacBook-Pro syslogd[574] <Notice>: ASL Sender Statistics
2026-08-10 11:31:48 Martins-MacBook-Pro syslogd[574] <Notice>: ASL Sender Statistics
2026-08-10 11:44:55 Martins-MacBook-Pro syslogd[574] <Notice>: ASL Sender Statistics
2026-08-10 11:57:05 Martins-MacBook-Pro syslogd[574] <Notice>: ASL Sender Statistics
2026-08-10 12:07:25 Martins-MacBook-Pro syslogd[574] <Notice>: ASL Sender Statistics
2026-08-10 12:17:25 Martins-MacBook-Pro syslogd[574] <Notice>: ASL Sender Statistics
2026-08-10 12:27:34 Martins-MacBook-Pro syslogd[574] <Notice>: ASL Sender Statistics
2026-08-10 12:40:13 Martins-MacBook-Pro syslogd[574] <Notice>: ASL Sender Statistics
2026-08-10 12:50:55 Martins-MacBook-Pro syslogd[574] <Notice>: ASL Sender Statistics
2026-08-10 13:02:26 Martins-MacBook-Pro syslogd[574] <Notice>: ASL Sender Statistics
2026-08-10 13:16:11 Martins-MacBook-Pro syslogd[574] <Notice>: ASL Sender Statistics
2026-08-10 13:26:11 Martins-MacBook-Pro syslogd[574] <Notice>: ASL Sender Statistics
2026-08-10 13:35:57 Martins-MacBook-Pro login[17755] <Notice>: USER_PROCESS: 17755 ttys000
2026-08-10 13:36:43 Martins-MacBook-Pro login[17755] <Notice>: DEAD_PROCESS: 17755 ttys000
2026-08-10 13:36:43 Martins-MacBook-Pro syslogd[574] <Notice>: ASL Sender Statistics
2026-08-10 13:50:33 Martins-MacBook-Pro syslogd[574] <Notice>: ASL Sender Statistics
2026-08-10 14:00:35 Martins-MacBook-Pro syslogd[574] <Notice>: ASL Sender Statistics
2026-08-10 14:10:52 Martins-MacBook-Pro syslogd[574] <Notice>: ASL Sender Statistics
2026-08-10 14:21:15 Martins-MacBook-Pro syslogd[574] <Notice>: ASL Sender Statistics
2026-08-10 14:33:42 Martins-MacBook-Pro syslogd[574] <Notice>: ASL Sender Statistics
2026-08-10 14:43:48 Martins-MacBook-Pro syslogd[574] <Notice>: ASL Sender Statistics
2026-08-10 14:57:20 Martins-MacBook-Pro syslogd[574] <Notice>: ASL Sender Statistics
2026-08-10 15:08:44 Martins-MacBook-Pro syslogd[574] <Notice>: ASL Sender Statistics
2026-08-10 15:18:46 Martins-MacBook-Pro syslogd[574] <Notice>: ASL Sender Statistics
2026-08-10 15:34:07 Martins-MacBook-Pro syslogd[574] <Notice>: ASL Sender Statistics
2026-08-10 15:41:10 Martins-MacBook-Pro Kindle[18532] <Critical>: IOS: Using PageGenerator path for new BookSession (document/settings pair)
2026-08-10 15:41:10 Martins-MacBook-Pro Kindle[18532] <Critical>: IOS: Using PageGenerator path for new BookSession (document/settings pair)
2026-08-10 15:44:29 Martins-MacBook-Pro syslogd[574] <Notice>: ASL Sender Statistics
2026-08-10 15:55:08 Martins-MacBook-Pro syslogd[574] <Notice>: ASL Sender Statistics
2026-08-10 15:56:33 Martins-MacBook-Pro sessionlogoutd[18826] <Notice>: DEAD_PROCESS: 614 console
2026-08-10 15:56:33 Martins-MacBook-Pro shutdown[18828] <Notice>: SHUTDOWN_TIME: 1786402593 141193
2026-08-10 15:56:50 Martins-MacBook-Pro bootlog[0] <Notice>: BOOT_TIME 1786402610 401672
2026-08-10 15:57:09 Martins-MacBook-Pro syslogd[382] <Notice>: Configuration Notice:
ASL Module "com.apple.cdscheduler" claims selected messages.
Those messages may not appear in standard system log files or in the ASL database.
2026-08-10 15:57:09 Martins-MacBook-Pro syslogd[382] <Notice>: Configuration Notice:
ASL Module "com.apple.install" claims selected messages.
Those messages may not appear in standard system log files or in the ASL database.
2026-08-10 15:57:09 Martins-MacBook-Pro syslogd[382] <Notice>: Configuration Notice:
ASL Module "com.apple.authd" sharing output destination "/var/log/asl" with ASL Module "com.apple.asl".
Output parameters from ASL Module "com.apple.asl" override any specified in ASL Module "com.apple.authd".
2026-08-10 15:57:09 Martins-MacBook-Pro syslogd[382] <Notice>: Configuration Notice:
ASL Module "com.apple.authd" sharing output destination "/var/log/system.log" with ASL Module "com.apple.asl".
Output parameters from ASL Module "com.apple.asl" override any specified in ASL Module "com.apple.authd".
2026-08-10 15:57:09 Martins-MacBook-Pro syslogd[382] <Notice>: Configuration Notice:
ASL Module "com.apple.authd" claims selected messages.
Those messages may not appear in standard system log files or in the ASL database.
2026-08-10 15:57:09 Martins-MacBook-Pro syslogd[382] <Notice>: Configuration Notice:
ASL Module "com.apple.eventmonitor" claims selected messages.
Those messages may not appear in standard system log files or in the ASL database.
2026-08-10 15:57:09 Martins-MacBook-Pro syslogd[382] <Notice>: Configuration Notice:
ASL Module "com.apple.mail" claims selected messages.
Those messages may not appear in standard system log files or in the ASL database.
2026-08-10 15:57:09 Martins-MacBook-Pro syslogd[382] <Notice>: Configuration Notice:
ASL Module "com.apple.performance" claims selected messages.
Those messages may not appear in standard system log files or in the ASL database.
2026-08-10 15:57:09 Martins-MacBook-Pro syslogd[382] <Notice>: Configuration Notice:
ASL Module "com.apple.iokit.power" claims selected messages.
Those messages may not appear in standard system log files or in the ASL database.
2026-08-10 15:57:09 Martins-MacBook-Pro syslogd[382] <Notice>: Configuration Notice:
ASL Module "com.apple.contacts.ContactsAutocomplete" claims selected messages.
Those messages may not appear in standard system log files or in the ASL database.
2026-08-10 15:57:09 Martins-MacBook-Pro syslogd[382] <Notice>: Configuration Notice:
ASL Module "com.apple.mkb" sharing output destination "/private/var/log/keybagd.log" with ASL Module "com.apple.mkb.internal".
Output parameters from ASL Module "com.apple.mkb.internal" override any specified in ASL Module "com.apple.mkb".
2026-08-10 15:57:09 Martins-MacBook-Pro syslogd[382] <Notice>: Configuration Notice:
ASL Module "com.apple.mkb" claims selected messages.
Those messages may not appear in standard system log files or in the ASL database.
2026-08-10 15:57:09 Martins-MacBook-Pro syslogd[382] <Notice>: Configuration Notice:
ASL Module "com.apple.MessageTracer" claims selected messages.
Those messages may not appear in standard system log files or in the ASL database.
2026-08-10 15:57:09 Martins-MacBook-Pro syslogd[382] <Notice>: ASL Sender Statistics
2026-08-10 15:57:11 Martins-MacBook-Pro loginwindow[421] <Notice>: USER_PROCESS: 421 console
2026-08-10 16:12:13 Martins-MacBook-Pro syslogd[382] <Notice>: ASL Sender Statistics
2026-08-10 16:30:51 Martins-MacBook-Pro syslogd[382] <Notice>: ASL Sender Statistics
2026-08-10 16:46:30 Martins-MacBook-Pro syslogd[382] <Notice>: ASL Sender Statistics
2026-08-10 16:58:52 Martins-MacBook-Pro syslogd[382] <Notice>: ASL Sender Statistics
2026-08-10 17:09:07 Martins-MacBook-Pro syslogd[382] <Notice>: ASL Sender Statistics
2026-08-10 17:19:10 Martins-MacBook-Pro syslogd[382] <Notice>: ASL Sender Statistics
2026-08-10 17:30:54 Martins-MacBook-Pro syslogd[382] <Notice>: ASL Sender Statistics
2026-08-10 17:40:55 Martins-MacBook-Pro syslogd[382] <Notice>: ASL Sender Statistics
2026-08-10 17:46:34 Martins-MacBook-Pro Podcasts[1650] <Error>: 2764860071 11 AVE : Compiled 905.40.1 in prod on Jul 11 2026 17:45:35
2026-08-10 17:46:34 Martins-MacBook-Pro Podcasts[1650] <Error>: 2764860309 11 AVE : Temporary Path: /Users/mjwebster/Library/Containers/com.apple.podcasts/Data/tmp/
2026-08-10 17:46:34 Martins-MacBook-Pro Podcasts[1650] <Error>: 2764860322 11 AVE INFO: AVE_Plugin_HEVC_CreateInstance Enter 1752589105 0x1fa9f13c8 0xaf8689250 0
2026-08-10 17:46:34 Martins-MacBook-Pro Podcasts[1650] <Error>: 2764861104 12 AVE INFO: AVE_Session_HEVC_Create Enter 0xaf4e94020 0x0
2026-08-10 17:46:34 Martins-MacBook-Pro Podcasts[1650] <Error>: 2764862414 12 AVE INFO: AVE_Session_HEVC_CreatePropertyDict Enter 0xaf4e94020
2026-08-10 17:46:34 Martins-MacBook-Pro Podcasts[1650] <Error>: 2764863143 12 AVE INFO: AVE_Session_HEVC_CreatePropertyDict Exit 0xaf4e94020 0
2026-08-10 17:46:34 Martins-MacBook-Pro Podcasts[1650] <Error>: 2764863329 12 AVE INFO: AVE_Session_HEVC_Create Exit 0xaf4e94020 0x0 10 2225 0
2026-08-10 17:46:34 Martins-MacBook-Pro Podcasts[1650] <Error>: 2764863347 11 AVE INFO: AVE_Plugin_HEVC_CreateInstance Exit 1752589105 0x1fa9f13c8 0xaf8689250 10 0xaf4e94000 0xaf4e94020 4401 0 0
2026-08-10 17:46:34 Martins-MacBook-Pro Podcasts[1650] <Error>: 2764863431 11 AVE INFO: AVE_Plugin_HEVC_StartTileSession Enter 0xaf4e94000 0xaf8689240 0xaf686f280 288 288 0x1fa9f13c8 0
2026-08-10 17:46:34 Martins-MacBook-Pro Podcasts[1650] <Error>: 2764863463 12 AVE INFO: AVE_Session_HEVC_StartTileSession Enter 0xaf4e94020 0x1703c6d10
2026-08-10 17:46:34 Martins-MacBook-Pro Podcasts[1650] <Error>: 2764863576 12 AVE INFO: AVE_Session_HEVC_StartTileSession Exit 0xaf4e94020 0x1703c6d10 0
2026-08-10 17:46:34 Martins-MacBook-Pro Podcasts[1650] <Error>: 2764863595 11 AVE INFO: AVE_Plugin_HEVC_StartTileSession Exit 0xaf4e94000 0xaf8689240 0xaf686f280 288 288 0x1fa9f13c8 10 164 0 0
2026-08-10 17:46:34 Martins-MacBook-Pro Podcasts[1650] <Error>: 2764863752 11 AVE INFO: AVE_Plugin_HEVC_PrepareToEncodeTiles Enter 0xaf4e94000 0 0
2026-08-10 17:46:34 Martins-MacBook-Pro Podcasts[1650] <Error>: 2764863764 12 AVE INFO: AVE_Session_HEVC_Prepare Enter 0xaf4e94020
2026-08-10 17:46:34 Martins-MacBook-Pro Podcasts[1650] <Error>: 2764864120 12 AVE INFO: AVE_Session_HEVC_Prepare Exit 0xaf4e94020 0
2026-08-10 17:46:34 Martins-MacBook-Pro Podcasts[1650] <Error>: 2764864133 11 AVE INFO: AVE_Plugin_HEVC_PrepareToEncodeTiles Exit 0xaf4e94000 0 10 381 0 0
2026-08-10 17:46:34 Martins-MacBook-Pro Podcasts[1650] <Error>: 2764875396 11 AVE INFO: AVE_Plugin_HEVC_Invalidate Enter 0xaf4e94000 0
2026-08-10 17:46:34 Martins-MacBook-Pro Podcasts[1650] <Error>: 2764875433 12 AVE INFO: AVE_Session_HEVC_Stop Enter 0xaf4e94020
2026-08-10 17:46:34 Martins-MacBook-Pro Podcasts[1650] <Error>: 2764875556 12 AVE INFO: AVE_Session_HEVC_Stop Exit 0xaf4e94020 0
2026-08-10 17:46:34 Martins-MacBook-Pro Podcasts[1650] <Error>: 2764875572 11 AVE INFO: AVE_Plugin_HEVC_Invalidate Exit 0xaf4e94000 10 176 0 0
2026-08-10 17:46:34 Martins-MacBook-Pro Podcasts[1650] <Error>: 2764875584 11 AVE INFO: AVE_Plugin_HEVC_Finalize Enter 0xaf4e94000 0
2026-08-10 17:46:34 Martins-MacBook-Pro Podcasts[1650] <Error>: 2764875592 12 AVE INFO: AVE_Session_HEVC_Destroy Enter 0xaf4e94020
2026-08-10 17:46:34 Martins-MacBook-Pro Podcasts[1650] <Error>: 2764877085 2 AVE : ID: 10 Type: 1 Enc: 2 | Input: 1 Proc: 1 Drop: 0
2026-08-10 17:46:34 Martins-MacBook-Pro Podcasts[1650] <Error>: 2764878868 12 AVE INFO: AVE_Session_HEVC_Destroy Exit 0xaf4e94020 0
2026-08-10 17:46:34 Martins-MacBook-Pro Podcasts[1650] <Error>: 2764878891 11 AVE INFO: AVE_Plugin_HEVC_Finalize Exit 0xaf4e94000 10 3307 0 0
2026-08-10 17:52:58 Martins-MacBook-Pro syslogd[382] <Notice>: ASL Sender Statistics
2026-08-10 18:03:03 Martins-MacBook-Pro syslogd[382] <Notice>: ASL Sender Statistics
2026-08-10 18:14:22 Martins-MacBook-Pro syslogd[382] <Notice>: ASL Sender Statistics
2026-08-10 18:30:08 Martins-MacBook-Pro syslogd[382] <Notice>: ASL Sender Statistics
2026-08-10 18:40:12 Martins-MacBook-Pro syslogd[382] <Notice>: ASL Sender Statistics
2026-08-10 18:51:37 Martins-MacBook-Pro syslogd[382] <Notice>: ASL Sender Statistics
2026-08-10 19:13:18 Martins-MacBook-Pro syslogd[382] <Notice>: ASL Sender Statistics
2026-08-10 19:30:28 Martins-MacBook-Pro syslogd[382] <Notice>: ASL Sender Statistics
2026-08-10 19:48:34 Martins-MacBook-Pro syslogd[382] <Notice>: ASL Sender Statistics
2026-08-10 20:12:31 Martins-MacBook-Pro syslogd[382] <Notice>: ASL Sender Statistics
2026-08-10 20:30:48 Martins-MacBook-Pro syslogd[382] <Notice>: ASL Sender Statistics
2026-08-10 20:48:53 Martins-MacBook-Pro syslogd[382] <Notice>: ASL Sender Statistics
2026-08-10 21:01:10 Martins-MacBook-Pro syslogd[382] <Notice>: ASL Sender Statistics
2026-08-10 21:17:14 Martins-MacBook-Pro syslogd[382] <Notice>: ASL Sender Statistics
2026-08-10 21:33:40 Martins-MacBook-Pro syslogd[382] <Notice>: ASL Sender Statistics
2026-08-10 21:33:40 Martins-MacBook-Pro syslogd[382] <Notice>: Configuration Notice:
ASL Module "com.apple.cdscheduler" claims selected messages.
Those messages may not appear in standard system log files or in the ASL database.
2026-08-10 21:33:40 Martins-MacBook-Pro syslogd[382] <Notice>: Configuration Notice:
ASL Module "com.apple.install" claims selected messages.
Those messages may not appear in standard system log files or in the ASL database.
2026-08-10 21:33:40 Martins-MacBook-Pro syslogd[382] <Notice>: Configuration Notice:
ASL Module "com.apple.authd" sharing output destination "/var/log/asl" with ASL Module "com.apple.asl".
Output parameters from ASL Module "com.apple.asl" override any specified in ASL Module "com.apple.authd".
2026-08-10 21:33:40 Martins-MacBook-Pro syslogd[382] <Notice>: Configuration Notice:
ASL Module "com.apple.authd" sharing output destination "/var/log/system.log" with ASL Module "com.apple.asl".
Output parameters from ASL Module "com.apple.asl" override any specified in ASL Module "com.apple.authd".
2026-08-10 21:33:40 Martins-MacBook-Pro syslogd[382] <Notice>: Configuration Notice:
ASL Module "com.apple.authd" claims selected messages.
Those messages may not appear in standard system log files or in the ASL database.
2026-08-10 21:33:40 Martins-MacBook-Pro syslogd[382] <Notice>: Configuration Notice:
ASL Module "com.apple.eventmonitor" claims selected messages.
Those messages may not appear in standard system log files or in the ASL database.
2026-08-10 21:33:40 Martins-MacBook-Pro syslogd[382] <Notice>: Configuration Notice:
ASL Module "com.apple.mail" claims selected messages.
Those messages may not appear in standard system log files or in the ASL database.
2026-08-10 21:33:40 Martins-MacBook-Pro syslogd[382] <Notice>: Configuration Notice:
ASL Module "com.apple.performance" claims selected messages.
Those messages may not appear in standard system log files or in the ASL database.
2026-08-10 21:33:40 Martins-MacBook-Pro syslogd[382] <Notice>: Configuration Notice:
ASL Module "com.apple.iokit.power" claims selected messages.
Those messages may not appear in standard system log files or in the ASL database.
2026-08-10 21:33:40 Martins-MacBook-Pro syslogd[382] <Notice>: Configuration Notice:
ASL Module "com.apple.contacts.ContactsAutocomplete" claims selected messages.
Those messages may not appear in standard system log files or in the ASL database.
2026-08-10 21:33:40 Martins-MacBook-Pro syslogd[382] <Notice>: Configuration Notice:
ASL Module "com.apple.mkb" sharing output destination "/private/var/log/keybagd.log" with ASL Module "com.apple.mkb.internal".
Output parameters from ASL Module "com.apple.mkb.internal" override any specified in ASL Module "com.apple.mkb".
2026-08-10 21:33:40 Martins-MacBook-Pro syslogd[382] <Notice>: Configuration Notice:
ASL Module "com.apple.mkb" claims selected messages.
Those messages may not appear in standard system log files or in the ASL database.
2026-08-10 21:33:40 Martins-MacBook-Pro syslogd[382] <Notice>: Configuration Notice:
ASL Module "com.apple.MessageTracer" claims selected messages.
Those messages may not appear in standard system log files or in the ASL database.
2026-08-10 21:51:29 Martins-MacBook-Pro syslogd[382] <Notice>: ASL Sender Statistics
2026-08-10 22:02:10 Martins-MacBook-Pro syslogd[382] <Notice>: ASL Sender Statistics
2026-08-10 22:18:04 Martins-MacBook-Pro syslogd[382] <Notice>: ASL Sender Statistics
2026-08-10 22:34:31 Martins-MacBook-Pro syslogd[382] <Notice>: ASL Sender Statistics
2026-08-10 22:50:17 Martins-MacBook-Pro syslogd[382] <Notice>: ASL Sender Statistics
2026-08-10 23:03:10 Martins-MacBook-Pro syslogd[382] <Notice>: ASL Sender Statistics
2026-08-10 23:22:11 Martins-MacBook-Pro syslogd[382] <Notice>: ASL Sender Statistics
2026-08-10 23:38:44 Martins-MacBook-Pro syslogd[382] <Notice>: ASL Sender Statistics
2026-08-10 23:56:26 Martins-MacBook-Pro syslogd[382] <Notice>: ASL Sender Statistics
2026-08-11 00:10:12 Martins-MacBook-Pro syslogd[382] <Notice>: ASL Sender Statistics
2026-08-11 00:21:26 Martins-MacBook-Pro syslogd[382] <Notice>: ASL Sender Statistics
2026-08-11 00:39:17 Martins-MacBook-Pro syslogd[382] <Notice>: ASL Sender Statistics
2026-08-11 00:57:52 Martins-MacBook-Pro syslogd[382] <Notice>: ASL Sender Statistics
2026-08-11 01:23:13 Martins-MacBook-Pro syslogd[382] <Notice>: ASL Sender Statistics
2026-08-11 01:38:53 Martins-MacBook-Pro syslogd[382] <Notice>: ASL Sender Statistics
2026-08-11 01:57:03 Martins-MacBook-Pro syslogd[382] <Notice>: ASL Sender Statistics
2026-08-11 02:13:18 Martins-MacBook-Pro syslogd[382] <Notice>: ASL Sender Statistics
2026-08-11 02:23:30 Martins-MacBook-Pro syslogd[382] <Notice>: ASL Sender Statistics
2026-08-11 02:43:44 Martins-MacBook-Pro syslogd[382] <Notice>: ASL Sender Statistics
2026-08-11 02:53:48 Martins-MacBook-Pro syslogd[382] <Notice>: ASL Sender Statistics
2026-08-11 03:13:51 Martins-MacBook-Pro syslogd[382] <Notice>: ASL Sender Statistics
2026-08-11 03:24:48 Martins-MacBook-Pro syslogd[382] <Notice>: ASL Sender Statistics
2026-08-11 03:36:05 Martins-MacBook-Pro syslogd[382] <Notice>: ASL Sender Statistics
2026-08-11 03:46:13 Martins-MacBook-Pro syslogd[382] <Notice>: ASL Sender Statistics
2026-08-11 03:56:20 Martins-MacBook-Pro syslogd[382] <Notice>: ASL Sender Statistics
2026-08-11 04:14:57 Martins-MacBook-Pro syslogd[382] <Notice>: ASL Sender Statistics
2026-08-11 04:25:24 Martins-MacBook-Pro syslogd[382] <Notice>: ASL Sender Statistics
2026-08-11 04:36:06 Martins-MacBook-Pro syslogd[382] <Notice>: ASL Sender Statistics
2026-08-11 04:52:23 Martins-MacBook-Pro syslogd[382] <Notice>: ASL Sender Statistics
2026-08-11 05:09:03 Martins-MacBook-Pro syslogd[382] <Notice>: ASL Sender Statistics
2026-08-11 05:25:52 Martins-MacBook-Pro syslogd[382] <Notice>: ASL Sender Statistics
2026-08-11 05:35:55 Martins-MacBook-Pro syslogd[382] <Notice>: ASL Sender Statistics
2026-08-11 05:54:58 Martins-MacBook-Pro syslogd[382] <Notice>: ASL Sender Statistics
2026-08-11 06:14:14 Martins-MacBook-Pro syslogd[382] <Notice>: ASL Sender Statistics
2026-08-11 06:37:55 Martins-MacBook-Pro syslogd[382] <Notice>: ASL Sender Statistics
2026-08-11 06:47:57 Martins-MacBook-Pro syslogd[382] <Notice>: ASL Sender Statistics
2026-08-11 06:58:10 Martins-MacBook-Pro syslogd[382] <Notice>: ASL Sender Statistics
2026-08-11 07:08:17 Martins-MacBook-Pro syslogd[382] <Notice>: ASL Sender Statistics
2026-08-11 07:18:52 Martins-MacBook-Pro syslogd[382] <Notice>: ASL Sender Statistics
2026-08-11 07:31:29 Martins-MacBook-Pro syslogd[382] <Notice>: ASL Sender Statistics
2026-08-11 07:41:34 Martins-MacBook-Pro syslogd[382] <Notice>: ASL Sender Statistics
2026-08-11 07:52:02 Martins-MacBook-Pro syslogd[382] <Notice>: ASL Sender Statistics
2026-08-11 08:02:02 Martins-MacBook-Pro syslogd[382] <Notice>: ASL Sender Statistics
2026-08-11 08:12:03 Martins-MacBook-Pro syslogd[382] <Notice>: ASL Sender Statistics
2026-08-11 08:22:04 Martins-MacBook-Pro syslogd[382] <Notice>: ASL Sender Statistics
2026-08-11 08:32:14 Martins-MacBook-Pro syslogd[382] <Notice>: ASL Sender Statistics
2026-08-11 08:43:16 Martins-MacBook-Pro syslogd[382] <Notice>: ASL Sender Statistics
2026-08-11 08:53:33 Martins-MacBook-Pro syslogd[382] <Notice>: ASL Sender Statistics
2026-08-11 09:03:55 Martins-MacBook-Pro syslogd[382] <Notice>: ASL Sender Statistics
2026-08-11 09:13:55 Martins-MacBook-Pro syslogd[382] <Notice>: ASL Sender Statistics
2026-08-11 09:23:56 Martins-MacBook-Pro syslogd[382] <Notice>: ASL Sender Statistics
2026-08-11 09:35:16 Martins-MacBook-Pro syslogd[382] <Notice>: ASL Sender Statistics
2026-08-11 09:46:49 Martins-MacBook-Pro syslogd[382] <Notice>: ASL Sender Statistics
2026-08-11 10:00:26 Martins-MacBook-Pro syslogd[382] <Notice>: ASL Sender Statistics
2026-08-11 10:10:57 Martins-MacBook-Pro syslogd[382] <Notice>: ASL Sender Statistics
2026-08-11 10:29:03 Martins-MacBook-Pro syslogd[382] <Notice>: ASL Sender Statistics
2026-08-11 10:39:04 Martins-MacBook-Pro syslogd[382] <Notice>: ASL Sender Statistics
2026-08-11 11:02:12 Martins-MacBook-Pro syslogd[382] <Notice>: ASL Sender Statistics
2026-08-11 11:19:29 Martins-MacBook-Pro syslogd[382] <Notice>: ASL Sender Statistics
2026-08-11 11:30:15 Martins-MacBook-Pro syslogd[382] <Notice>: ASL Sender Statistics
2026-08-11 11:40:19 Martins-MacBook-Pro syslogd[382] <Notice>: ASL Sender Statistics
2026-08-11 11:50:22 Martins-MacBook-Pro syslogd[382] <Notice>: ASL Sender Statistics
2026-08-11 12:07:50 Martins-MacBook-Pro syslogd[382] <Notice>: ASL Sender Statistics
2026-08-11 12:17:59 Martins-MacBook-Pro syslogd[382] <Notice>: ASL Sender Statistics
2026-08-11 12:28:12 Martins-MacBook-Pro syslogd[382] <Notice>: ASL Sender Statistics
2026-08-11 12:38:12 Martins-MacBook-Pro syslogd[382] <Notice>: ASL Sender Statistics
2026-08-11 12:48:12 Martins-MacBook-Pro syslogd[382] <Notice>: ASL Sender Statistics
2026-08-11 12:58:12 Martins-MacBook-Pro syslogd[382] <Notice>: ASL Sender Statistics
2026-08-11 13:08:12 Martins-MacBook-Pro syslogd[382] <Notice>: ASL Sender Statistics
2026-08-11 13:18:12 Martins-MacBook-Pro syslogd[382] <Notice>: ASL Sender Statistics
2026-08-11 13:28:12 Martins-MacBook-Pro syslogd[382] <Notice>: ASL Sender Statistics
2026-08-11 13:38:12 Martins-MacBook-Pro syslogd[382] <Notice>: ASL Sender Statistics
2026-08-11 13:48:12 Martins-MacBook-Pro syslogd[382] <Notice>: ASL Sender Statistics
2026-08-11 13:57:17 Martins-MacBook-Pro Messages[2206] <Error>: 35143420071 11 AVE : Compiled 905.40.1 in prod on Jul 11 2026 17:45:35
2026-08-11 13:57:17 Martins-MacBook-Pro Messages[2206] <Error>: 35143420108 11 AVE : Temporary Path: /Users/mjwebster/Library/Containers/com.apple.MobileSMS/Data/tmp/
2026-08-11 13:57:17 Martins-MacBook-Pro Messages[2206] <Error>: 35143420120 11 AVE INFO: AVE_Plugin_HEVC_CreateInstance Enter 1752589105 0x1fa9f13c8 0x700000745a72210 0
2026-08-11 13:57:17 Martins-MacBook-Pro Messages[2206] <Error>: 35143420158 12 AVE INFO: AVE_Session_HEVC_Create Enter 0x74aa88020 0x0
2026-08-11 13:57:17 Martins-MacBook-Pro Messages[2206] <Error>: 35143420398 12 AVE INFO: AVE_Session_HEVC_CreatePropertyDict Enter 0x74aa88020
2026-08-11 13:57:17 Martins-MacBook-Pro Messages[2206] <Error>: 35143420502 12 AVE INFO: AVE_Session_HEVC_CreatePropertyDict Exit 0x74aa88020 0
2026-08-11 13:57:17 Martins-MacBook-Pro Messages[2206] <Error>: 35143420522 12 AVE INFO: AVE_Session_HEVC_Create Exit 0x74aa88020 0x0 1990 364 0
2026-08-11 13:57:17 Martins-MacBook-Pro Messages[2206] <Error>: 35143420535 11 AVE INFO: AVE_Plugin_HEVC_CreateInstance Exit 1752589105 0x1fa9f13c8 0x700000745a72210 1990 0x74aa88000 0x74aa88020 682 0 0
2026-08-11 13:57:17 Martins-MacBook-Pro Messages[2206] <Error>: 35143420557 11 AVE INFO: AVE_Plugin_HEVC_StartTileSession Enter 0x74aa88000 0x700000745a72200 0xb0000074e23e2e0 256 256 0x1fa9f13c8 0
2026-08-11 13:57:17 Martins-MacBook-Pro Messages[2206] <Error>: 35143420584 12 AVE INFO: AVE_Session_HEVC_StartTileSession Enter 0x74aa88020 0x143e85530
2026-08-11 13:57:17 Martins-MacBook-Pro Messages[2206] <Error>: 35143420633 12 AVE INFO: AVE_Session_HEVC_StartTileSession Exit 0x74aa88020 0x143e85530 0
2026-08-11 13:57:17 Martins-MacBook-Pro Messages[2206] <Error>: 35143420644 11 AVE INFO: AVE_Plugin_HEVC_StartTileSession Exit 0x74aa88000 0x700000745a72200 0xb0000074e23e2e0 256 256 0x1fa9f13c8 1990 87 0 0
2026-08-11 13:57:17 Martins-MacBook-Pro Messages[2206] <Error>: 35143420721 11 AVE INFO: AVE_Plugin_HEVC_PrepareToEncodeTiles Enter 0x74aa88000 0 0
2026-08-11 13:57:17 Martins-MacBook-Pro Messages[2206] <Error>: 35143420732 12 AVE INFO: AVE_Session_HEVC_Prepare Enter 0x74aa88020
2026-08-11 13:57:17 Martins-MacBook-Pro Messages[2206] <Error>: 35143421132 12 AVE INFO: AVE_Session_HEVC_Prepare Exit 0x74aa88020 0
2026-08-11 13:57:17 Martins-MacBook-Pro Messages[2206] <Error>: 35143421146 11 AVE INFO: AVE_Plugin_HEVC_PrepareToEncodeTiles Exit 0x74aa88000 0 1990 425 0 0
2026-08-11 13:57:17 Martins-MacBook-Pro Messages[2206] <Error>: 35143433789 11 AVE INFO: AVE_Plugin_HEVC_Invalidate Enter 0x74aa88000 0
2026-08-11 13:57:17 Martins-MacBook-Pro Messages[2206] <Error>: 35143433829 12 AVE INFO: AVE_Session_HEVC_Stop Enter 0x74aa88020
2026-08-11 13:57:17 Martins-MacBook-Pro Messages[2206] <Error>: 35143433960 12 AVE INFO: AVE_Session_HEVC_Stop Exit 0x74aa88020 0
2026-08-11 13:57:17 Martins-MacBook-Pro Messages[2206] <Error>: 35143433986 11 AVE INFO: AVE_Plugin_HEVC_Invalidate Exit 0x74aa88000 1990 197 0 0
2026-08-11 13:57:17 Martins-MacBook-Pro Messages[2206] <Error>: 35143434001 11 AVE INFO: AVE_Plugin_HEVC_Finalize Enter 0x74aa88000 0
2026-08-11 13:57:17 Martins-MacBook-Pro Messages[2206] <Error>: 35143434013 12 AVE INFO: AVE_Session_HEVC_Destroy Enter 0x74aa88020
2026-08-11 13:57:17 Martins-MacBook-Pro Messages[2206] <Error>: 35143435533 2 AVE : ID: 1990 Type: 1 Enc: 2 | Input: 1 Proc: 1 Drop: 0
2026-08-11 13:57:17 Martins-MacBook-Pro Messages[2206] <Error>: 35143437291 12 AVE INFO: AVE_Session_HEVC_Destroy Exit 0x74aa88020 0
2026-08-11 13:57:17 Martins-MacBook-Pro Messages[2206] <Error>: 35143437314 11 AVE INFO: AVE_Plugin_HEVC_Finalize Exit 0x74aa88000 1990 3313 0 0
2026-08-11 13:57:17 Martins-MacBook-Pro Messages[2206] <Error>: 35143437758 11 AVE : Compiled 905.40.1 in prod on Jul 11 2026 17:45:35
2026-08-11 13:57:17 Martins-MacBook-Pro Messages[2206] <Error>: 35143437784 11 AVE : Temporary Path: /Users/mjwebster/Library/Containers/com.apple.MobileSMS/Data/tmp/
2026-08-11 13:57:17 Martins-MacBook-Pro Messages[2206] <Error>: 35143437797 11 AVE INFO: AVE_Plugin_HEVC_CreateInstance Enter 1752589105 0x1fa9f13c8 0xb00000745a72210 0
2026-08-11 13:57:17 Martins-MacBook-Pro Messages[2206] <Error>: 35143437812 12 AVE INFO: AVE_Session_HEVC_Create Enter 0x74aa88020 0x0
2026-08-11 13:57:17 Martins-MacBook-Pro Messages[2206] <Error>: 35143437970 12 AVE INFO: AVE_Session_HEVC_CreatePropertyDict Enter 0x74aa88020
2026-08-11 13:57:17 Martins-MacBook-Pro Messages[2206] <Error>: 35143438021 12 AVE INFO: AVE_Session_HEVC_CreatePropertyDict Exit 0x74aa88020 0
2026-08-11 13:57:17 Martins-MacBook-Pro Messages[2206] <Error>: 35143438038 12 AVE INFO: AVE_Session_HEVC_Create Exit 0x74aa88020 0x0 2000 226 0
2026-08-11 13:57:17 Martins-MacBook-Pro Messages[2206] <Error>: 35143438047 11 AVE INFO: AVE_Plugin_HEVC_CreateInstance Exit 1752589105 0x1fa9f13c8 0xb00000745a72210 2000 0x74aa88000 0x74aa88020 454 0 0
2026-08-11 13:57:17 Martins-MacBook-Pro Messages[2206] <Error>: 35143438061 11 AVE INFO: AVE_Plugin_HEVC_StartTileSession Enter 0x74aa88000 0xb00000745a72200 0xe0000074c20b000 256 256 0x1fa9f13c8 0
2026-08-11 13:57:17 Martins-MacBook-Pro Messages[2206] <Error>: 35143438071 12 AVE INFO: AVE_Session_HEVC_StartTileSession Enter 0x74aa88020 0x143e854b0
2026-08-11 13:57:17 Martins-MacBook-Pro Messages[2206] <Error>: 35143438087 12 AVE INFO: AVE_Session_HEVC_StartTileSession Exit 0x74aa88020 0x143e854b0 0
2026-08-11 13:57:17 Martins-MacBook-Pro Messages[2206] <Error>: 35143438099 11 AVE INFO: AVE_Plugin_HEVC_StartTileSession Exit 0x74aa88000 0xb00000745a72200 0xe0000074c20b000 256 256 0x1fa9f13c8 2000 38 0 0
2026-08-11 13:57:17 Martins-MacBook-Pro Messages[2206] <Error>: 35143438127 11 AVE INFO: AVE_Plugin_HEVC_PrepareToEncodeTiles Enter 0x74aa88000 0 0
2026-08-11 13:57:17 Martins-MacBook-Pro Messages[2206] <Error>: 35143438139 12 AVE INFO: AVE_Session_HEVC_Prepare Enter 0x74aa88020
2026-08-11 13:57:17 Martins-MacBook-Pro Messages[2206] <Error>: 35143438457 12 AVE INFO: AVE_Session_HEVC_Prepare Exit 0x74aa88020 0
2026-08-11 13:57:17 Martins-MacBook-Pro Messages[2206] <Error>: 35143438473 11 AVE INFO: AVE_Plugin_HEVC_PrepareToEncodeTiles Exit 0x74aa88000 0 2000 346 0 0
2026-08-11 13:57:17 Martins-MacBook-Pro Messages[2206] <Error>: 35143449706 11 AVE INFO: AVE_Plugin_HEVC_Invalidate Enter 0x74aa88000 0
2026-08-11 13:57:17 Martins-MacBook-Pro Messages[2206] <Error>: 35143449749 12 AVE INFO: AVE_Session_HEVC_Stop Enter 0x74aa88020
2026-08-11 13:57:17 Martins-MacBook-Pro Messages[2206] <Error>: 35143449872 12 AVE INFO: AVE_Session_HEVC_Stop Exit 0x74aa88020 0
2026-08-11 13:57:17 Martins-MacBook-Pro Messages[2206] <Error>: 35143449891 11 AVE INFO: AVE_Plugin_HEVC_Invalidate Exit 0x74aa88000 2000 185 0 0
2026-08-11 13:57:17 Martins-MacBook-Pro Messages[2206] <Error>: 35143449903 11 AVE INFO: AVE_Plugin_HEVC_Finalize Enter 0x74aa88000 0
2026-08-11 13:57:17 Martins-MacBook-Pro Messages[2206] <Error>: 35143449912 12 AVE INFO: AVE_Session_HEVC_Destroy Enter 0x74aa88020
2026-08-11 13:57:17 Martins-MacBook-Pro Messages[2206] <Error>: 35143451376 2 AVE : ID: 2000 Type: 1 Enc: 2 | Input: 1 Proc: 1 Drop: 0
2026-08-11 13:57:17 Martins-MacBook-Pro Messages[2206] <Error>: 35143453084 12 AVE INFO: AVE_Session_HEVC_Destroy Exit 0x74aa88020 0
2026-08-11 13:57:17 Martins-MacBook-Pro Messages[2206] <Error>: 35143453105 11 AVE INFO: AVE_Plugin_HEVC_Finalize Exit 0x74aa88000 2000 3202 0 0
2026-08-11 13:59:31 Martins-MacBook-Pro syslogd[382] <Notice>: ASL Sender Statistics
2026-08-11 14:09:31 Martins-MacBook-Pro syslogd[382] <Notice>: ASL Sender Statistics
2026-08-11 14:19:41 Martins-MacBook-Pro syslogd[382] <Notice>: ASL Sender Statistics
2026-08-11 14:32:52 Martins-MacBook-Pro syslogd[382] <Notice>: ASL Sender Statistics
2026-08-11 14:43:19 Martins-MacBook-Pro syslogd[382] <Notice>: ASL Sender Statistics
2026-08-11 14:53:43 Martins-MacBook-Pro syslogd[382] <Notice>: ASL Sender Statistics
2026-08-11 15:04:19 Martins-MacBook-Pro syslogd[382] <Notice>: ASL Sender Statistics
2026-08-11 15:24:30 Martins-MacBook-Pro syslogd[382] <Notice>: ASL Sender Statistics
2026-08-11 15:37:03 Martins-MacBook-Pro syslogd[382] <Notice>: ASL Sender Statistics
2026-08-11 15:47:06 Martins-MacBook-Pro syslogd[382] <Notice>: ASL Sender Statistics
2026-08-11 15:57:27 Martins-MacBook-Pro syslogd[382] <Notice>: ASL Sender Statistics
2026-08-11 16:07:31 Martins-MacBook-Pro syslogd[382] <Notice>: ASL Sender Statistics
2026-08-11 16:17:41 Martins-MacBook-Pro syslogd[382] <Notice>: ASL Sender Statistics
2026-08-11 16:27:56 Martins-MacBook-Pro syslogd[382] <Notice>: ASL Sender Statistics
2026-08-11 16:40:11 Martins-MacBook-Pro syslogd[382] <Notice>: ASL Sender Statistics
2026-08-11 16:53:57 Martins-MacBook-Pro syslogd[382] <Notice>: ASL Sender Statistics
2026-08-11 17:03:59 Martins-MacBook-Pro syslogd[382] <Notice>: ASL Sender Statistics
2026-08-11 17:14:33 Martins-MacBook-Pro syslogd[382] <Notice>: ASL Sender Statistics
2026-08-11 17:31:54 Martins-MacBook-Pro syslogd[382] <Notice>: ASL Sender Statistics
2026-08-11 17:47:21 Martins-MacBook-Pro syslogd[382] <Notice>: ASL Sender Statistics
2026-08-11 17:58:45 Martins-MacBook-Pro syslogd[382] <Notice>: ASL Sender Statistics
2026-08-11 18:07:07 Martins-MacBook-Pro Messages[2206] <Error>: 45858671396 11 AVE : Compiled 905.40.1 in prod on Jul 11 2026 17:45:35
2026-08-11 18:07:07 Martins-MacBook-Pro Messages[2206] <Error>: 45858672268 11 AVE : Temporary Path: /Users/mjwebster/Library/Containers/com.apple.MobileSMS/Data/tmp/
2026-08-11 18:07:07 Martins-MacBook-Pro Messages[2206] <Error>: 45858672291 11 AVE INFO: AVE_Plugin_HEVC_CreateInstance Enter 1752589105 0x1fa9f13c8 0xc00000745a4dfd0 0
2026-08-11 18:07:07 Martins-MacBook-Pro Messages[2206] <Error>: 45858673070 12 AVE INFO: AVE_Session_HEVC_Create Enter 0x74abd8020 0x0
2026-08-11 18:07:07 Martins-MacBook-Pro Messages[2206] <Error>: 45858674646 12 AVE INFO: AVE_Session_HEVC_CreatePropertyDict Enter 0x74abd8020
2026-08-11 18:07:07 Martins-MacBook-Pro Messages[2206] <Error>: 45858675490 12 AVE INFO: AVE_Session_HEVC_CreatePropertyDict Exit 0x74abd8020 0
2026-08-11 18:07:07 Martins-MacBook-Pro Messages[2206] <Error>: 45858675523 12 AVE INFO: AVE_Session_HEVC_Create Exit 0x74abd8020 0x0 2010 2453 0
2026-08-11 18:07:07 Martins-MacBook-Pro Messages[2206] <Error>: 45858675535 11 AVE INFO: AVE_Plugin_HEVC_CreateInstance Exit 1752589105 0x1fa9f13c8 0xc00000745a4dfd0 2010 0x74abd8000 0x74abd8020 5543 0 0
2026-08-11 18:07:07 Martins-MacBook-Pro Messages[2206] <Error>: 45858675615 11 AVE INFO: AVE_Plugin_HEVC_StartTileSession Enter 0x74abd8000 0xc00000745a4dfc0 0x40000074e811500 256 256 0x1fa9f13c8 0
2026-08-11 18:07:07 Martins-MacBook-Pro Messages[2206] <Error>: 45858675683 12 AVE INFO: AVE_Session_HEVC_StartTileSession Enter 0x74abd8020 0x163285530
2026-08-11 18:07:07 Martins-MacBook-Pro Messages[2206] <Error>: 45858675905 12 AVE INFO: AVE_Session_HEVC_StartTileSession Exit 0x74abd8020 0x163285530 0
2026-08-11 18:07:07 Martins-MacBook-Pro Messages[2206] <Error>: 45858675956 11 AVE INFO: AVE_Plugin_HEVC_StartTileSession Exit 0x74abd8000 0xc00000745a4dfc0 0x40000074e811500 256 256 0x1fa9f13c8 2010 341 0 0
2026-08-11 18:07:07 Martins-MacBook-Pro Messages[2206] <Error>: 45858676315 11 AVE INFO: AVE_Plugin_HEVC_PrepareToEncodeTiles Enter 0x74abd8000 0 0
2026-08-11 18:07:07 Martins-MacBook-Pro Messages[2206] <Error>: 45858676330 12 AVE INFO: AVE_Session_HEVC_Prepare Enter 0x74abd8020
2026-08-11 18:07:07 Martins-MacBook-Pro Messages[2206] <Error>: 45858676886 12 AVE INFO: AVE_Session_HEVC_Prepare Exit 0x74abd8020 0
2026-08-11 18:07:07 Martins-MacBook-Pro Messages[2206] <Error>: 45858676922 11 AVE INFO: AVE_Plugin_HEVC_PrepareToEncodeTiles Exit 0x74abd8000 0 2010 607 0 0
2026-08-11 18:07:07 Martins-MacBook-Pro Messages[2206] <Error>: 45858688664 11 AVE INFO: AVE_Plugin_HEVC_Invalidate Enter 0x74abd8000 0
2026-08-11 18:07:07 Martins-MacBook-Pro Messages[2206] <Error>: 45858688708 12 AVE INFO: AVE_Session_HEVC_Stop Enter 0x74abd8020
2026-08-11 18:07:07 Martins-MacBook-Pro Messages[2206] <Error>: 45858688831 12 AVE INFO: AVE_Session_HEVC_Stop Exit 0x74abd8020 0
2026-08-11 18:07:07 Martins-MacBook-Pro Messages[2206] <Error>: 45858688858 11 AVE INFO: AVE_Plugin_HEVC_Invalidate Exit 0x74abd8000 2010 194 0 0
2026-08-11 18:07:07 Martins-MacBook-Pro Messages[2206] <Error>: 45858688874 11 AVE INFO: AVE_Plugin_HEVC_Finalize Enter 0x74abd8000 0
2026-08-11 18:07:07 Martins-MacBook-Pro Messages[2206] <Error>: 45858688884 12 AVE INFO: AVE_Session_HEVC_Destroy Enter 0x74abd8020
2026-08-11 18:07:07 Martins-MacBook-Pro Messages[2206] <Error>: 45858690393 2 AVE : ID: 2010 Type: 1 Enc: 2 | Input: 1 Proc: 1 Drop: 0
2026-08-11 18:07:07 Martins-MacBook-Pro Messages[2206] <Error>: 45858692272 12 AVE INFO: AVE_Session_HEVC_Destroy Exit 0x74abd8020 0
2026-08-11 18:07:07 Martins-MacBook-Pro Messages[2206] <Error>: 45858692309 11 AVE INFO: AVE_Plugin_HEVC_Finalize Exit 0x74abd8000 2010 3434 0 0
2026-08-11 18:07:07 Martins-MacBook-Pro Messages[2206] <Error>: 45858692989 11 AVE : Compiled 905.40.1 in prod on Jul 11 2026 17:45:35
2026-08-11 18:07:07 Martins-MacBook-Pro Messages[2206] <Error>: 45858693026 11 AVE : Temporary Path: /Users/mjwebster/Library/Containers/com.apple.MobileSMS/Data/tmp/
2026-08-11 18:07:07 Martins-MacBook-Pro Messages[2206] <Error>: 45858693038 11 AVE INFO: AVE_Plugin_HEVC_CreateInstance Enter 1752589105 0x1fa9f13c8 0xa00000745a4dfd0 0
2026-08-11 18:07:07 Martins-MacBook-Pro Messages[2206] <Error>: 45858693063 12 AVE INFO: AVE_Session_HEVC_Create Enter 0x74abd8020 0x0
2026-08-11 18:07:07 Martins-MacBook-Pro Messages[2206] <Error>: 45858693235 12 AVE INFO: AVE_Session_HEVC_CreatePropertyDict Enter 0x74abd8020
2026-08-11 18:07:07 Martins-MacBook-Pro Messages[2206] <Error>: 45858693287 12 AVE INFO: AVE_Session_HEVC_CreatePropertyDict Exit 0x74abd8020 0
2026-08-11 18:07:07 Martins-MacBook-Pro Messages[2206] <Error>: 45858693299 12 AVE INFO: AVE_Session_HEVC_Create Exit 0x74abd8020 0x0 2020 236 0
2026-08-11 18:07:07 Martins-MacBook-Pro Messages[2206] <Error>: 45858693309 11 AVE INFO: AVE_Plugin_HEVC_CreateInstance Exit 1752589105 0x1fa9f13c8 0xa00000745a4dfd0 2020 0x74abd8000 0x74abd8020 488 0 0
2026-08-11 18:07:07 Martins-MacBook-Pro Messages[2206] <Error>: 45858693322 11 AVE INFO: AVE_Plugin_HEVC_StartTileSession Enter 0x74abd8000 0xa00000745a4dfc0 0x40000074d879280 256 256 0x1fa9f13c8 0
2026-08-11 18:07:07 Martins-MacBook-Pro Messages[2206] <Error>: 45858693334 12 AVE INFO: AVE_Session_HEVC_StartTileSession Enter 0x74abd8020 0x1632854b0
2026-08-11 18:07:07 Martins-MacBook-Pro Messages[2206] <Error>: 45858693353 12 AVE INFO: AVE_Session_HEVC_StartTileSession Exit 0x74abd8020 0x1632854b0 0
2026-08-11 18:07:07 Martins-MacBook-Pro Messages[2206] <Error>: 45858693365 11 AVE INFO: AVE_Plugin_HEVC_StartTileSession Exit 0x74abd8000 0xa00000745a4dfc0 0x40000074d879280 256 256 0x1fa9f13c8 2020 43 0 0
2026-08-11 18:07:07 Martins-MacBook-Pro Messages[2206] <Error>: 45858693391 11 AVE INFO: AVE_Plugin_HEVC_PrepareToEncodeTiles Enter 0x74abd8000 0 0
2026-08-11 18:07:07 Martins-MacBook-Pro Messages[2206] <Error>: 45858693403 12 AVE INFO: AVE_Session_HEVC_Prepare Enter 0x74abd8020
2026-08-11 18:07:07 Martins-MacBook-Pro Messages[2206] <Error>: 45858693769 12 AVE INFO: AVE_Session_HEVC_Prepare Exit 0x74abd8020 0
2026-08-11 18:07:07 Martins-MacBook-Pro Messages[2206] <Error>: 45858693787 11 AVE INFO: AVE_Plugin_HEVC_PrepareToEncodeTiles Exit 0x74abd8000 0 2020 396 0 0
2026-08-11 18:07:07 Martins-MacBook-Pro Messages[2206] <Error>: 45858704956 11 AVE INFO: AVE_Plugin_HEVC_Invalidate Enter 0x74abd8000 0
2026-08-11 18:07:07 Martins-MacBook-Pro Messages[2206] <Error>: 45858704996 12 AVE INFO: AVE_Session_HEVC_Stop Enter 0x74abd8020
2026-08-11 18:07:07 Martins-MacBook-Pro Messages[2206] <Error>: 45858705107 12 AVE INFO: AVE_Session_HEVC_Stop Exit 0x74abd8020 0
2026-08-11 18:07:07 Martins-MacBook-Pro Messages[2206] <Error>: 45858705124 11 AVE INFO: AVE_Plugin_HEVC_Invalidate Exit 0x74abd8000 2020 168 0 0
2026-08-11 18:07:07 Martins-MacBook-Pro Messages[2206] <Error>: 45858705135 11 AVE INFO: AVE_Plugin_HEVC_Finalize Enter 0x74abd8000 0
2026-08-11 18:07:07 Martins-MacBook-Pro Messages[2206] <Error>: 45858705145 12 AVE INFO: AVE_Session_HEVC_Destroy Enter 0x74abd8020
2026-08-11 18:07:07 Martins-MacBook-Pro Messages[2206] <Error>: 45858706642 2 AVE : ID: 2020 Type: 1 Enc: 2 | Input: 1 Proc: 1 Drop: 0
2026-08-11 18:07:07 Martins-MacBook-Pro Messages[2206] <Error>: 45858708404 12 AVE INFO: AVE_Session_HEVC_Destroy Exit 0x74abd8020 0
2026-08-11 18:07:07 Martins-MacBook-Pro Messages[2206] <Error>: 45858708427 11 AVE INFO: AVE_Plugin_HEVC_Finalize Exit 0x74abd8000 2020 3292 0 0
2026-08-11 18:10:45 Martins-MacBook-Pro syslogd[382] <Notice>: ASL Sender Statistics
2026-08-11 18:23:46 Martins-MacBook-Pro syslogd[382] <Notice>: ASL Sender Statistics
2026-08-11 18:33:49 Martins-MacBook-Pro syslogd[382] <Notice>: ASL Sender Statistics
2026-08-11 18:43:53 Martins-MacBook-Pro syslogd[382] <Notice>: ASL Sender Statistics
2026-08-11 18:54:58 Martins-MacBook-Pro syslogd[382] <Notice>: ASL Sender Statistics
2026-08-11 19:05:00 Martins-MacBook-Pro syslogd[382] <Notice>: ASL Sender Statistics
2026-08-11 19:24:12 Martins-MacBook-Pro syslogd[382] <Notice>: ASL Sender Statistics
2026-08-11 19:38:02 Martins-MacBook-Pro syslogd[382] <Notice>: ASL Sender Statistics
2026-08-11 19:55:36 Martins-MacBook-Pro syslogd[382] <Notice>: ASL Sender Statistics
2026-08-11 20:12:17 Martins-MacBook-Pro syslogd[382] <Notice>: ASL Sender Statistics
2026-08-11 20:37:02 Martins-MacBook-Pro syslogd[382] <Notice>: ASL Sender Statistics
2026-08-11 20:54:05 Martins-MacBook-Pro syslogd[382] <Notice>: ASL Sender Statistics
2026-08-11 21:09:44 Martins-MacBook-Pro syslogd[382] <Notice>: ASL Sender Statistics
2026-08-11 21:26:45 Martins-MacBook-Pro syslogd[382] <Notice>: ASL Sender Statistics
2026-08-11 21:46:38 Martins-MacBook-Pro syslogd[382] <Notice>: ASL Sender Statistics
2026-08-11 21:46:38 Martins-MacBook-Pro syslogd[382] <Notice>: Configuration Notice:
ASL Module "com.apple.cdscheduler" claims selected messages.
Those messages may not appear in standard system log files or in the ASL database.
2026-08-11 21:46:38 Martins-MacBook-Pro syslogd[382] <Notice>: Configuration Notice:
ASL Module "com.apple.install" claims selected messages.
Those messages may not appear in standard system log files or in the ASL database.
2026-08-11 21:46:38 Martins-MacBook-Pro syslogd[382] <Notice>: Configuration Notice:
ASL Module "com.apple.authd" sharing output destination "/var/log/asl" with ASL Module "com.apple.asl".
Output parameters from ASL Module "com.apple.asl" override any specified in ASL Module "com.apple.authd".
2026-08-11 21:46:38 Martins-MacBook-Pro syslogd[382] <Notice>: Configuration Notice:
ASL Module "com.apple.authd" sharing output destination "/var/log/system.log" with ASL Module "com.apple.asl".
Output parameters from ASL Module "com.apple.asl" override any specified in ASL Module "com.apple.authd".
2026-08-11 21:46:38 Martins-MacBook-Pro syslogd[382] <Notice>: Configuration Notice:
ASL Module "com.apple.authd" claims selected messages.
Those messages may not appear in standard system log files or in the ASL database.
2026-08-11 21:46:38 Martins-MacBook-Pro syslogd[382] <Notice>: Configuration Notice:
ASL Module "com.apple.eventmonitor" claims selected messages.
Those messages may not appear in standard system log files or in the ASL database.
2026-08-11 21:46:38 Martins-MacBook-Pro syslogd[382] <Notice>: Configuration Notice:
ASL Module "com.apple.mail" claims selected messages.
Those messages may not appear in standard system log files or in the ASL database.
2026-08-11 21:46:38 Martins-MacBook-Pro syslogd[382] <Notice>: Configuration Notice:
ASL Module "com.apple.performance" claims selected messages.
Those messages may not appear in standard system log files or in the ASL database.
2026-08-11 21:46:38 Martins-MacBook-Pro syslogd[382] <Notice>: Configuration Notice:
ASL Module "com.apple.iokit.power" claims selected messages.
Those messages may not appear in standard system log files or in the ASL database.
2026-08-11 21:46:38 Martins-MacBook-Pro syslogd[382] <Notice>: Configuration Notice:
ASL Module "com.apple.contacts.ContactsAutocomplete" claims selected messages.
Those messages may not appear in standard system log files or in the ASL database.
2026-08-11 21:46:38 Martins-MacBook-Pro syslogd[382] <Notice>: Configuration Notice:
ASL Module "com.apple.mkb" sharing output destination "/private/var/log/keybagd.log" with ASL Module "com.apple.mkb.internal".
Output parameters from ASL Module "com.apple.mkb.internal" override any specified in ASL Module "com.apple.mkb".
2026-08-11 21:46:38 Martins-MacBook-Pro syslogd[382] <Notice>: Configuration Notice:
ASL Module "com.apple.mkb" claims selected messages.
Those messages may not appear in standard system log files or in the ASL database.
2026-08-11 21:46:38 Martins-MacBook-Pro syslogd[382] <Notice>: Configuration Notice:
ASL Module "com.apple.MessageTracer" claims selected messages.
Those messages may not appear in standard system log files or in the ASL database.
2026-08-11 22:03:51 Martins-MacBook-Pro syslogd[382] <Notice>: ASL Sender Statistics
2026-08-11 22:29:23 Martins-MacBook-Pro syslogd[382] <Notice>: ASL Sender Statistics
2026-08-11 22:47:02 Martins-MacBook-Pro syslogd[382] <Notice>: ASL Sender Statistics
2026-08-11 23:04:40 Martins-MacBook-Pro syslogd[382] <Notice>: ASL Sender Statistics
2026-08-11 23:30:13 Martins-MacBook-Pro syslogd[382] <Notice>: ASL Sender Statistics
2026-08-11 23:50:04 Martins-MacBook-Pro syslogd[382] <Notice>: ASL Sender Statistics
2026-08-12 00:06:19 Martins-MacBook-Pro syslogd[382] <Notice>: ASL Sender Statistics
2026-08-12 00:29:26 Martins-MacBook-Pro syslogd[382] <Notice>: ASL Sender Statistics
2026-08-12 00:46:34 Martins-MacBook-Pro syslogd[382] <Notice>: ASL Sender Statistics
2026-08-12 01:05:18 Martins-MacBook-Pro syslogd[382] <Notice>: ASL Sender Statistics
2026-08-12 01:31:30 Martins-MacBook-Pro syslogd[382] <Notice>: ASL Sender Statistics
2026-08-12 01:47:43 Martins-MacBook-Pro syslogd[382] <Notice>: ASL Sender Statistics
2026-08-12 02:05:13 Martins-MacBook-Pro syslogd[382] <Notice>: ASL Sender Statistics
2026-08-12 02:15:20 Martins-MacBook-Pro syslogd[382] <Notice>: ASL Sender Statistics
2026-08-12 02:25:27 Martins-MacBook-Pro syslogd[382] <Notice>: ASL Sender Statistics
2026-08-12 02:35:30 Martins-MacBook-Pro syslogd[382] <Notice>: ASL Sender Statistics
2026-08-12 03:01:36 Martins-MacBook-Pro syslogd[382] <Notice>: ASL Sender Statistics
2026-08-12 03:11:36 Martins-MacBook-Pro syslogd[382] <Notice>: ASL Sender Statistics
2026-08-12 03:23:03 Martins-MacBook-Pro syslogd[382] <Notice>: ASL Sender Statistics
2026-08-12 03:33:08 Martins-MacBook-Pro syslogd[382] <Notice>: ASL Sender Statistics
2026-08-12 03:46:29 Martins-MacBook-Pro syslogd[382] <Notice>: ASL Sender Statistics
2026-08-12 04:00:00 Martins-MacBook-Pro syslogd[382] <Notice>: ASL Sender Statistics
2026-08-12 04:18:28 Martins-MacBook-Pro syslogd[382] <Notice>: ASL Sender Statistics
2026-08-12 04:29:26 Martins-MacBook-Pro syslogd[382] <Notice>: ASL Sender Statistics
2026-08-12 04:41:22 Martins-MacBook-Pro syslogd[382] <Notice>: ASL Sender Statistics
2026-08-12 05:02:26 Martins-MacBook-Pro syslogd[382] <Notice>: ASL Sender Statistics
2026-08-12 05:20:07 Martins-MacBook-Pro syslogd[382] <Notice>: ASL Sender Statistics
2026-08-12 05:30:08 Martins-MacBook-Pro syslogd[382] <Notice>: ASL Sender Statistics
2026-08-12 05:45:58 Martins-MacBook-Pro syslogd[382] <Notice>: ASL Sender Statistics
2026-08-12 05:58:36 Martins-MacBook-Pro syslogd[382] <Notice>: ASL Sender Statistics
2026-08-12 06:15:21 Martins-MacBook-Pro syslogd[382] <Notice>: ASL Sender Statistics
2026-08-12 06:31:26 Martins-MacBook-Pro syslogd[382] <Notice>: ASL Sender Statistics
2026-08-12 06:41:53 Martins-MacBook-Pro syslogd[382] <Notice>: ASL Sender Statistics
2026-08-12 06:51:57 Martins-MacBook-Pro syslogd[382] <Notice>: ASL Sender Statistics
2026-08-12 07:09:31 Martins-MacBook-Pro syslogd[382] <Notice>: ASL Sender Statistics
2026-08-12 07:19:35 Martins-MacBook-Pro syslogd[382] <Notice>: ASL Sender Statistics
2026-08-12 07:29:50 Martins-MacBook-Pro syslogd[382] <Notice>: ASL Sender Statistics
2026-08-12 07:40:02 Martins-MacBook-Pro syslogd[382] <Notice>: ASL Sender Statistics
2026-08-12 07:50:02 Martins-MacBook-Pro syslogd[382] <Notice>: ASL Sender Statistics
2026-08-12 08:00:09 Martins-MacBook-Pro syslogd[382] <Notice>: ASL Sender Statistics
2026-08-12 08:13:16 Martins-MacBook-Pro syslogd[382] <Notice>: ASL Sender Statistics
2026-08-12 08:23:36 Martins-MacBook-Pro syslogd[382] <Notice>: ASL Sender Statistics
2026-08-12 08:34:58 Martins-MacBook-Pro syslogd[382] <Notice>: ASL Sender Statistics
2026-08-12 08:46:39 Martins-MacBook-Pro syslogd[382] <Notice>: ASL Sender Statistics
2026-08-12 08:58:03 Martins-MacBook-Pro syslogd[382] <Notice>: ASL Sender Statistics
2026-08-12 09:08:37 Martins-MacBook-Pro syslogd[382] <Notice>: ASL Sender Statistics
2026-08-12 09:20:44 Martins-MacBook-Pro syslogd[382] <Notice>: ASL Sender Statistics
2026-08-12 09:31:50 Martins-MacBook-Pro syslogd[382] <Notice>: ASL Sender Statistics
2026-08-12 09:43:36 Martins-MacBook-Pro syslogd[382] <Notice>: ASL Sender Statistics
2026-08-12 09:53:51 Martins-MacBook-Pro syslogd[382] <Notice>: ASL Sender Statistics
2026-08-12 10:03:53 Martins-MacBook-Pro syslogd[382] <Notice>: ASL Sender Statistics
2026-08-12 10:19:27 Martins-MacBook-Pro syslogd[382] <Notice>: ASL Sender Statistics
2026-08-12 10:29:34 Martins-MacBook-Pro syslogd[382] <Notice>: ASL Sender Statistics
2026-08-12 10:40:41 Martins-MacBook-Pro syslogd[382] <Notice>: ASL Sender Statistics
2026-08-12 10:51:05 Martins-MacBook-Pro syslogd[382] <Notice>: ASL Sender Statistics
2026-08-12 11:01:20 Martins-MacBook-Pro syslogd[382] <Notice>: ASL Sender Statistics
2026-08-12 11:11:53 Martins-MacBook-Pro syslogd[382] <Notice>: ASL Sender Statistics
2026-08-12 11:22:12 Martins-MacBook-Pro syslogd[382] <Notice>: ASL Sender Statistics
2026-08-12 11:33:09 Martins-MacBook-Pro syslogd[382] <Notice>: ASL Sender Statistics
2026-08-12 11:44:24 Martins-MacBook-Pro syslogd[382] <Notice>: ASL Sender Statistics
2026-08-12 12:08:09 Martins-MacBook-Pro syslogd[382] <Notice>: ASL Sender Statistics
2026-08-12 12:25:52 Martins-MacBook-Pro syslogd[382] <Notice>: ASL Sender Statistics
2026-08-12 12:36:08 Martins-MacBook-Pro syslogd[382] <Notice>: ASL Sender Statistics
2026-08-12 12:46:29 Martins-MacBook-Pro syslogd[382] <Notice>: ASL Sender Statistics
2026-08-12 12:56:51 Martins-MacBook-Pro syslogd[382] <Notice>: ASL Sender Statistics
2026-08-12 13:07:12 Martins-MacBook-Pro syslogd[382] <Notice>: ASL Sender Statistics
2026-08-12 13:17:15 Martins-MacBook-Pro syslogd[382] <Notice>: ASL Sender Statistics
2026-08-12 13:27:39 Martins-MacBook-Pro syslogd[382] <Notice>: ASL Sender Statistics
2026-08-12 13:40:56 Martins-MacBook-Pro syslogd[382] <Notice>: ASL Sender Statistics
2026-08-12 13:51:35 Martins-MacBook-Pro syslogd[382] <Notice>: ASL Sender Statistics
2026-08-12 14:01:37 Martins-MacBook-Pro syslogd[382] <Notice>: ASL Sender Statistics
2026-08-12 14:11:52 Martins-MacBook-Pro syslogd[382] <Notice>: ASL Sender Statistics
2026-08-12 14:21:56 Martins-MacBook-Pro syslogd[382] <Notice>: ASL Sender Statistics
2026-08-12 14:32:53 Martins-MacBook-Pro syslogd[382] <Notice>: ASL Sender Statistics
2026-08-12 14:43:56 Martins-MacBook-Pro syslogd[382] <Notice>: ASL Sender Statistics
2026-08-12 14:54:57 Martins-MacBook-Pro syslogd[382] <Notice>: ASL Sender Statistics
2026-08-12 15:06:08 Martins-MacBook-Pro syslogd[382] <Notice>: ASL Sender Statistics
2026-08-12 15:16:08 Martins-MacBook-Pro syslogd[382] <Notice>: ASL Sender Statistics
2026-08-12 15:26:08 Martins-MacBook-Pro syslogd[382] <Notice>: ASL Sender Statistics
2026-08-12 15:36:08 Martins-MacBook-Pro syslogd[382] <Notice>: ASL Sender Statistics
2026-08-12 15:46:10 Martins-MacBook-Pro syslogd[382] <Notice>: ASL Sender Statistics
2026-08-12 15:56:41 Martins-MacBook-Pro syslogd[382] <Notice>: ASL Sender Statistics
2026-08-12 16:07:13 Martins-MacBook-Pro syslogd[382] <Notice>: ASL Sender Statistics
2026-08-12 16:17:23 Martins-MacBook-Pro syslogd[382] <Notice>: ASL Sender Statistics
2026-08-12 16:27:45 Martins-MacBook-Pro syslogd[382] <Notice>: ASL Sender Statistics
2026-08-12 16:38:14 Martins-MacBook-Pro syslogd[382] <Notice>: ASL Sender Statistics
2026-08-12 16:49:26 Martins-MacBook-Pro syslogd[382] <Notice>: ASL Sender Statistics
2026-08-12 17:00:00 Martins-MacBook-Pro syslogd[382] <Notice>: ASL Sender Statistics
2026-08-12 17:11:00 Martins-MacBook-Pro syslogd[382] <Notice>: ASL Sender Statistics
2026-08-12 17:21:01 Martins-MacBook-Pro syslogd[382] <Notice>: ASL Sender Statistics
2026-08-12 17:32:18 Martins-MacBook-Pro syslogd[382] <Notice>: ASL Sender Statistics
2026-08-12 17:43:25 Martins-MacBook-Pro syslogd[382] <Notice>: ASL Sender Statistics
2026-08-12 18:02:38 Martins-MacBook-Pro syslogd[382] <Notice>: ASL Sender Statistics
2026-08-12 18:18:44 Martins-MacBook-Pro syslogd[382] <Notice>: ASL Sender Statistics
2026-08-12 18:28:45 Martins-MacBook-Pro syslogd[382] <Notice>: ASL Sender Statistics
2026-08-12 18:38:45 Martins-MacBook-Pro syslogd[382] <Notice>: ASL Sender Statistics
2026-08-12 18:49:01 Martins-MacBook-Pro syslogd[382] <Notice>: ASL Sender Statistics
2026-08-12 18:59:25 Martins-MacBook-Pro syslogd[382] <Notice>: ASL Sender Statistics
2026-08-12 19:09:29 Martins-MacBook-Pro syslogd[382] <Notice>: ASL Sender Statistics
2026-08-12 19:19:49 Martins-MacBook-Pro syslogd[382] <Notice>: ASL Sender Statistics
2026-08-12 19:37:22 Martins-MacBook-Pro syslogd[382] <Notice>: ASL Sender Statistics
2026-08-12 19:55:21 Martins-MacBook-Pro syslogd[382] <Notice>: ASL Sender Statistics
2026-08-12 20:05:30 Martins-MacBook-Pro syslogd[382] <Notice>: ASL Sender Statistics
2026-08-12 20:23:50 Martins-MacBook-Pro syslogd[382] <Notice>: ASL Sender Statistics
2026-08-12 20:41:15 Martins-MacBook-Pro syslogd[382] <Notice>: ASL Sender Statistics
2026-08-12 20:58:32 Martins-MacBook-Pro syslogd[382] <Notice>: ASL Sender Statistics
2026-08-12 21:10:30 Martins-MacBook-Pro syslogd[382] <Notice>: ASL Sender Statistics
2026-08-12 21:26:46 Martins-MacBook-Pro syslogd[382] <Notice>: ASL Sender Statistics
2026-08-12 21:45:30 Martins-MacBook-Pro syslogd[382] <Notice>: ASL Sender Statistics
2026-08-12 21:45:30 Martins-MacBook-Pro syslogd[382] <Notice>: Configuration Notice:
ASL Module "com.apple.cdscheduler" claims selected messages.
Those messages may not appear in standard system log files or in the ASL database.
2026-08-12 21:45:30 Martins-MacBook-Pro syslogd[382] <Notice>: Configuration Notice:
ASL Module "com.apple.install" claims selected messages.
Those messages may not appear in standard system log files or in the ASL database.
2026-08-12 21:45:30 Martins-MacBook-Pro syslogd[382] <Notice>: Configuration Notice:
ASL Module "com.apple.authd" sharing output destination "/var/log/asl" with ASL Module "com.apple.asl".
Output parameters from ASL Module "com.apple.asl" override any specified in ASL Module "com.apple.authd".
2026-08-12 21:45:30 Martins-MacBook-Pro syslogd[382] <Notice>: Configuration Notice:
ASL Module "com.apple.authd" sharing output destination "/var/log/system.log" with ASL Module "com.apple.asl".
Output parameters from ASL Module "com.apple.asl" override any specified in ASL Module "com.apple.authd".
2026-08-12 21:45:30 Martins-MacBook-Pro syslogd[382] <Notice>: Configuration Notice:
ASL Module "com.apple.authd" claims selected messages.
Those messages may not appear in standard system log files or in the ASL database.
2026-08-12 21:45:30 Martins-MacBook-Pro syslogd[382] <Notice>: Configuration Notice:
ASL Module "com.apple.eventmonitor" claims selected messages.
Those messages may not appear in standard system log files or in the ASL database.
2026-08-12 21:45:30 Martins-MacBook-Pro syslogd[382] <Notice>: Configuration Notice:
ASL Module "com.apple.mail" claims selected messages.
Those messages may not appear in standard system log files or in the ASL database.
2026-08-12 21:45:30 Martins-MacBook-Pro syslogd[382] <Notice>: Configuration Notice:
ASL Module "com.apple.performance" claims selected messages.
Those messages may not appear in standard system log files or in the ASL database.
2026-08-12 21:45:30 Martins-MacBook-Pro syslogd[382] <Notice>: Configuration Notice:
ASL Module "com.apple.iokit.power" claims selected messages.
Those messages may not appear in standard system log files or in the ASL database.
2026-08-12 21:45:30 Martins-MacBook-Pro syslogd[382] <Notice>: Configuration Notice:
ASL Module "com.apple.contacts.ContactsAutocomplete" claims selected messages.
Those messages may not appear in standard system log files or in the ASL database.
2026-08-12 21:45:30 Martins-MacBook-Pro syslogd[382] <Notice>: Configuration Notice:
ASL Module "com.apple.mkb" sharing output destination "/private/var/log/keybagd.log" with ASL Module "com.apple.mkb.internal".
Output parameters from ASL Module "com.apple.mkb.internal" override any specified in ASL Module "com.apple.mkb".
2026-08-12 21:45:30 Martins-MacBook-Pro syslogd[382] <Notice>: Configuration Notice:
ASL Module "com.apple.mkb" claims selected messages.
Those messages may not appear in standard system log files or in the ASL database.
2026-08-12 21:45:30 Martins-MacBook-Pro syslogd[382] <Notice>: Configuration Notice:
ASL Module "com.apple.MessageTracer" claims selected messages.
Those messages may not appear in standard system log files or in the ASL database.
2026-08-12 22:05:34 Martins-MacBook-Pro syslogd[382] <Notice>: ASL Sender Statistics
2026-08-12 22:28:20 Martins-MacBook-Pro syslogd[382] <Notice>: ASL Sender Statistics
2026-08-12 22:47:15 Martins-MacBook-Pro syslogd[382] <Notice>: ASL Sender Statistics
2026-08-12 23:05:24 Martins-MacBook-Pro syslogd[382] <Notice>: ASL Sender Statistics
2026-08-12 23:28:17 Martins-MacBook-Pro syslogd[382] <Notice>: ASL Sender Statistics
2026-08-12 23:47:51 Martins-MacBook-Pro syslogd[382] <Notice>: ASL Sender Statistics
2026-08-13 00:03:52 Martins-MacBook-Pro syslogd[382] <Notice>: ASL Sender Statistics
2026-08-13 00:14:00 Martins-MacBook-Pro syslogd[382] <Notice>: ASL Sender Statistics
2026-08-13 00:30:05 Martins-MacBook-Pro syslogd[382] <Notice>: ASL Sender Statistics
2026-08-13 00:48:40 Martins-MacBook-Pro syslogd[382] <Notice>: ASL Sender Statistics
2026-08-13 01:06:48 Martins-MacBook-Pro syslogd[382] <Notice>: ASL Sender Statistics
2026-08-13 01:28:22 Martins-MacBook-Pro syslogd[382] <Notice>: ASL Sender Statistics
2026-08-13 01:46:57 Martins-MacBook-Pro syslogd[382] <Notice>: ASL Sender Statistics
2026-08-13 02:05:20 Martins-MacBook-Pro syslogd[382] <Notice>: ASL Sender Statistics
2026-08-13 02:15:33 Martins-MacBook-Pro syslogd[382] <Notice>: ASL Sender Statistics
2026-08-13 02:32:36 Martins-MacBook-Pro syslogd[382] <Notice>: ASL Sender Statistics
2026-08-13 02:42:37 Martins-MacBook-Pro syslogd[382] <Notice>: ASL Sender Statistics
2026-08-13 03:01:20 Martins-MacBook-Pro syslogd[382] <Notice>: ASL Sender Statistics
2026-08-13 03:11:44 Martins-MacBook-Pro syslogd[382] <Notice>: ASL Sender Statistics
2026-08-13 03:21:46 Martins-MacBook-Pro syslogd[382] <Notice>: ASL Sender Statistics
2026-08-13 03:31:50 Martins-MacBook-Pro syslogd[382] <Notice>: ASL Sender Statistics
2026-08-13 03:41:50 Martins-MacBook-Pro syslogd[382] <Notice>: ASL Sender Statistics
2026-08-13 03:52:36 Martins-MacBook-Pro syslogd[382] <Notice>: ASL Sender Statistics
2026-08-13 04:11:30 Martins-MacBook-Pro syslogd[382] <Notice>: ASL Sender Statistics
2026-08-13 04:21:31 Martins-MacBook-Pro syslogd[382] <Notice>: ASL Sender Statistics
2026-08-13 04:31:46 Martins-MacBook-Pro syslogd[382] <Notice>: ASL Sender Statistics
2026-08-13 04:42:39 Martins-MacBook-Pro syslogd[382] <Notice>: ASL Sender Statistics
2026-08-13 04:56:23 Martins-MacBook-Pro syslogd[382] <Notice>: ASL Sender Statistics
2026-08-13 05:15:37 Martins-MacBook-Pro syslogd[382] <Notice>: ASL Sender Statistics
2026-08-13 05:25:51 Martins-MacBook-Pro syslogd[382] <Notice>: ASL Sender Statistics
2026-08-13 05:36:37 Martins-MacBook-Pro syslogd[382] <Notice>: ASL Sender Statistics
2026-08-13 05:46:51 Martins-MacBook-Pro syslogd[382] <Notice>: ASL Sender Statistics
2026-08-13 05:59:32 Martins-MacBook-Pro syslogd[382] <Notice>: ASL Sender Statistics
2026-08-13 06:09:59 Martins-MacBook-Pro syslogd[382] <Notice>: ASL Sender Statistics
2026-08-13 06:20:28 Martins-MacBook-Pro syslogd[382] <Notice>: ASL Sender Statistics
2026-08-13 06:30:38 Martins-MacBook-Pro syslogd[382] <Notice>: ASL Sender Statistics
2026-08-13 06:53:08 Martins-MacBook-Pro syslogd[382] <Notice>: ASL Sender Statistics
2026-08-13 07:06:48 Martins-MacBook-Pro syslogd[382] <Notice>: ASL Sender Statistics
2026-08-13 07:07:16 Martins-MacBook-Pro Messages[2206] <Error>: 107310444310 11 AVE : Compiled 905.40.1 in prod on Jul 11 2026 17:45:35
2026-08-13 07:07:16 Martins-MacBook-Pro Messages[2206] <Error>: 107310445185 11 AVE : Temporary Path: /Users/mjwebster/Library/Containers/com.apple.MobileSMS/Data/tmp/
2026-08-13 07:07:16 Martins-MacBook-Pro Messages[2206] <Error>: 107310445207 11 AVE INFO: AVE_Plugin_HEVC_CreateInstance Enter 1752589105 0x1fa9f13c8 0xd00000745a64410 0
2026-08-13 07:07:16 Martins-MacBook-Pro Messages[2206] <Error>: 107310445827 12 AVE INFO: AVE_Session_HEVC_Create Enter 0x74abd8020 0x0
2026-08-13 07:07:16 Martins-MacBook-Pro Messages[2206] <Error>: 107310447289 12 AVE INFO: AVE_Session_HEVC_CreatePropertyDict Enter 0x74abd8020
2026-08-13 07:07:16 Martins-MacBook-Pro Messages[2206] <Error>: 107310448223 12 AVE INFO: AVE_Session_HEVC_CreatePropertyDict Exit 0x74abd8020 0
2026-08-13 07:07:16 Martins-MacBook-Pro Messages[2206] <Error>: 107310448265 12 AVE INFO: AVE_Session_HEVC_Create Exit 0x74abd8020 0x0 3430 2438 0
2026-08-13 07:07:16 Martins-MacBook-Pro Messages[2206] <Error>: 107310448279 11 AVE INFO: AVE_Plugin_HEVC_CreateInstance Exit 1752589105 0x1fa9f13c8 0xd00000745a64410 3430 0x74abd8000 0x74abd8020 5564 0 0
2026-08-13 07:07:16 Martins-MacBook-Pro Messages[2206] <Error>: 107310448303 11 AVE INFO: AVE_Plugin_HEVC_StartTileSession Enter 0x74abd8000 0xd00000745a64400 0xb0000074e2485a0 256 256 0x1fa9f13c8 0
2026-08-13 07:07:16 Martins-MacBook-Pro Messages[2206] <Error>: 107310448334 12 AVE INFO: AVE_Session_HEVC_StartTileSession Enter 0x74abd8020 0x173785530
2026-08-13 07:07:16 Martins-MacBook-Pro Messages[2206] <Error>: 107310448412 12 AVE INFO: AVE_Session_HEVC_StartTileSession Exit 0x74abd8020 0x173785530 0
2026-08-13 07:07:16 Martins-MacBook-Pro Messages[2206] <Error>: 107310448438 11 AVE INFO: AVE_Plugin_HEVC_StartTileSession Exit 0x74abd8000 0xd00000745a64400 0xb0000074e2485a0 256 256 0x1fa9f13c8 3430 135 0 0
2026-08-13 07:07:16 Martins-MacBook-Pro Messages[2206] <Error>: 107310448685 11 AVE INFO: AVE_Plugin_HEVC_PrepareToEncodeTiles Enter 0x74abd8000 0 0
2026-08-13 07:07:16 Martins-MacBook-Pro Messages[2206] <Error>: 107310448698 12 AVE INFO: AVE_Session_HEVC_Prepare Enter 0x74abd8020
2026-08-13 07:07:16 Martins-MacBook-Pro Messages[2206] <Error>: 107310449147 12 AVE INFO: AVE_Session_HEVC_Prepare Exit 0x74abd8020 0
2026-08-13 07:07:16 Martins-MacBook-Pro Messages[2206] <Error>: 107310449166 11 AVE INFO: AVE_Plugin_HEVC_PrepareToEncodeTiles Exit 0x74abd8000 0 3430 481 0 0
2026-08-13 07:07:16 Martins-MacBook-Pro Messages[2206] <Error>: 107310461241 11 AVE INFO: AVE_Plugin_HEVC_Invalidate Enter 0x74abd8000 0
2026-08-13 07:07:16 Martins-MacBook-Pro Messages[2206] <Error>: 107310461287 12 AVE INFO: AVE_Session_HEVC_Stop Enter 0x74abd8020
2026-08-13 07:07:16 Martins-MacBook-Pro Messages[2206] <Error>: 107310461414 12 AVE INFO: AVE_Session_HEVC_Stop Exit 0x74abd8020 0
2026-08-13 07:07:16 Martins-MacBook-Pro Messages[2206] <Error>: 107310461427 11 AVE INFO: AVE_Plugin_HEVC_Invalidate Exit 0x74abd8000 3430 186 0 0
2026-08-13 07:07:16 Martins-MacBook-Pro Messages[2206] <Error>: 107310461441 11 AVE INFO: AVE_Plugin_HEVC_Finalize Enter 0x74abd8000 0
2026-08-13 07:07:16 Martins-MacBook-Pro Messages[2206] <Error>: 107310461451 12 AVE INFO: AVE_Session_HEVC_Destroy Enter 0x74abd8020
2026-08-13 07:07:16 Martins-MacBook-Pro Messages[2206] <Error>: 107310462968 2 AVE : ID: 3430 Type: 1 Enc: 2 | Input: 1 Proc: 1 Drop: 0
2026-08-13 07:07:16 Martins-MacBook-Pro Messages[2206] <Error>: 107310464948 12 AVE INFO: AVE_Session_HEVC_Destroy Exit 0x74abd8020 0
2026-08-13 07:07:16 Martins-MacBook-Pro Messages[2206] <Error>: 107310464987 11 AVE INFO: AVE_Plugin_HEVC_Finalize Exit 0x74abd8000 3430 3546 0 0
2026-08-13 07:07:16 Martins-MacBook-Pro Messages[2206] <Error>: 107310465717 11 AVE : Compiled 905.40.1 in prod on Jul 11 2026 17:45:35
2026-08-13 07:07:16 Martins-MacBook-Pro Messages[2206] <Error>: 107310465750 11 AVE : Temporary Path: /Users/mjwebster/Library/Containers/com.apple.MobileSMS/Data/tmp/
2026-08-13 07:07:16 Martins-MacBook-Pro Messages[2206] <Error>: 107310465761 11 AVE INFO: AVE_Plugin_HEVC_CreateInstance Enter 1752589105 0x1fa9f13c8 0x300000745a2f710 0
2026-08-13 07:07:16 Martins-MacBook-Pro Messages[2206] <Error>: 107310465777 12 AVE INFO: AVE_Session_HEVC_Create Enter 0x74abd8020 0x0
2026-08-13 07:07:16 Martins-MacBook-Pro Messages[2206] <Error>: 107310465946 12 AVE INFO: AVE_Session_HEVC_CreatePropertyDict Enter 0x74abd8020
2026-08-13 07:07:16 Martins-MacBook-Pro Messages[2206] <Error>: 107310466004 12 AVE INFO: AVE_Session_HEVC_CreatePropertyDict Exit 0x74abd8020 0
2026-08-13 07:07:16 Martins-MacBook-Pro Messages[2206] <Error>: 107310466016 12 AVE INFO: AVE_Session_HEVC_Create Exit 0x74abd8020 0x0 3440 239 0
2026-08-13 07:07:16 Martins-MacBook-Pro Messages[2206] <Error>: 107310466026 11 AVE INFO: AVE_Plugin_HEVC_CreateInstance Exit 1752589105 0x1fa9f13c8 0x300000745a2f710 3440 0x74abd8000 0x74abd8020 486 0 0
2026-08-13 07:07:16 Martins-MacBook-Pro Messages[2206] <Error>: 107310466038 11 AVE INFO: AVE_Plugin_HEVC_StartTileSession Enter 0x74abd8000 0x300000745a2f700 0x10000074eb974a0 256 256 0x1fa9f13c8 0
2026-08-13 07:07:16 Martins-MacBook-Pro Messages[2206] <Error>: 107310466049 12 AVE INFO: AVE_Session_HEVC_StartTileSession Enter 0x74abd8020 0x1737854b0
2026-08-13 07:07:16 Martins-MacBook-Pro Messages[2206] <Error>: 107310466068 12 AVE INFO: AVE_Session_HEVC_StartTileSession Exit 0x74abd8020 0x1737854b0 0
2026-08-13 07:07:16 Martins-MacBook-Pro Messages[2206] <Error>: 107310466078 11 AVE INFO: AVE_Plugin_HEVC_StartTileSession Exit 0x74abd8000 0x300000745a2f700 0x10000074eb974a0 256 256 0x1fa9f13c8 3440 40 0 0
2026-08-13 07:07:16 Martins-MacBook-Pro Messages[2206] <Error>: 107310466103 11 AVE INFO: AVE_Plugin_HEVC_PrepareToEncodeTiles Enter 0x74abd8000 0 0
2026-08-13 07:07:16 Martins-MacBook-Pro Messages[2206] <Error>: 107310466115 12 AVE INFO: AVE_Session_HEVC_Prepare Enter 0x74abd8020
2026-08-13 07:07:16 Martins-MacBook-Pro Messages[2206] <Error>: 107310466473 12 AVE INFO: AVE_Session_HEVC_Prepare Exit 0x74abd8020 0
2026-08-13 07:07:16 Martins-MacBook-Pro Messages[2206] <Error>: 107310466492 11 AVE INFO: AVE_Plugin_HEVC_PrepareToEncodeTiles Exit 0x74abd8000 0 3440 389 0 0
2026-08-13 07:07:16 Martins-MacBook-Pro Messages[2206] <Error>: 107310477687 11 AVE INFO: AVE_Plugin_HEVC_Invalidate Enter 0x74abd8000 0
2026-08-13 07:07:16 Martins-MacBook-Pro Messages[2206] <Error>: 107310477734 12 AVE INFO: AVE_Session_HEVC_Stop Enter 0x74abd8020
2026-08-13 07:07:16 Martins-MacBook-Pro Messages[2206] <Error>: 107310477854 12 AVE INFO: AVE_Session_HEVC_Stop Exit 0x74abd8020 0
2026-08-13 07:07:16 Martins-MacBook-Pro Messages[2206] <Error>: 107310477869 11 AVE INFO: AVE_Plugin_HEVC_Invalidate Exit 0x74abd8000 3440 182 0 0
2026-08-13 07:07:16 Martins-MacBook-Pro Messages[2206] <Error>: 107310477885 11 AVE INFO: AVE_Plugin_HEVC_Finalize Enter 0x74abd8000 0
2026-08-13 07:07:16 Martins-MacBook-Pro Messages[2206] <Error>: 107310477894 12 AVE INFO: AVE_Session_HEVC_Destroy Enter 0x74abd8020
2026-08-13 07:07:16 Martins-MacBook-Pro Messages[2206] <Error>: 107310479370 2 AVE : ID: 3440 Type: 1 Enc: 2 | Input: 1 Proc: 1 Drop: 0
2026-08-13 07:07:16 Martins-MacBook-Pro Messages[2206] <Error>: 107310481256 12 AVE INFO: AVE_Session_HEVC_Destroy Exit 0x74abd8020 0
2026-08-13 07:07:16 Martins-MacBook-Pro Messages[2206] <Error>: 107310481285 11 AVE INFO: AVE_Plugin_HEVC_Finalize Exit 0x74abd8000 3440 3400 0 0
2026-08-13 07:17:02 Martins-MacBook-Pro syslogd[382] <Notice>: ASL Sender Statistics
2026-08-13 07:27:35 Martins-MacBook-Pro syslogd[382] <Notice>: ASL Sender Statistics
2026-08-13 07:37:41 Martins-MacBook-Pro syslogd[382] <Notice>: ASL Sender Statistics
2026-08-13 07:47:43 Martins-MacBook-Pro syslogd[382] <Notice>: ASL Sender Statistics
2026-08-13 07:57:49 Martins-MacBook-Pro syslogd[382] <Notice>: ASL Sender Statistics
2026-08-13 08:09:02 Martins-MacBook-Pro syslogd[382] <Notice>: ASL Sender Statistics
2026-08-13 08:19:14 Martins-MacBook-Pro syslogd[382] <Notice>: ASL Sender Statistics
2026-08-13 08:29:45 Martins-MacBook-Pro syslogd[382] <Notice>: ASL Sender Statistics
2026-08-13 08:40:13 Martins-MacBook-Pro syslogd[382] <Notice>: ASL Sender Statistics
2026-08-13 08:50:14 Martins-MacBook-Pro syslogd[382] <Notice>: ASL Sender Statistics
2026-08-13 09:00:14 Martins-MacBook-Pro syslogd[382] <Notice>: ASL Sender Statistics
2026-08-13 09:10:50 Martins-MacBook-Pro syslogd[382] <Notice>: ASL Sender Statistics
2026-08-13 09:21:50 Martins-MacBook-Pro syslogd[382] <Notice>: ASL Sender Statistics
2026-08-13 09:33:30 Martins-MacBook-Pro syslogd[382] <Notice>: ASL Sender Statistics
2026-08-13 09:43:57 Martins-MacBook-Pro syslogd[382] <Notice>: ASL Sender Statistics
2026-08-13 09:56:31 Martins-MacBook-Pro syslogd[382] <Notice>: ASL Sender Statistics
2026-08-13 10:08:25 Martins-MacBook-Pro syslogd[382] <Notice>: ASL Sender Statistics
2026-08-13 10:18:33 Martins-MacBook-Pro syslogd[382] <Notice>: ASL Sender Statistics
2026-08-13 10:30:26 Martins-MacBook-Pro syslogd[382] <Notice>: ASL Sender Statistics
2026-08-13 10:42:20 Martins-MacBook-Pro syslogd[382] <Notice>: ASL Sender Statistics
2026-08-13 10:53:12 Martins-MacBook-Pro syslogd[382] <Notice>: ASL Sender Statistics
2026-08-13 11:07:54 Martins-MacBook-Pro syslogd[382] <Notice>: ASL Sender Statistics
2026-08-13 11:18:08 Martins-MacBook-Pro syslogd[382] <Notice>: ASL Sender Statistics
2026-08-13 11:28:26 Martins-MacBook-Pro syslogd[382] <Notice>: ASL Sender Statistics
2026-08-13 11:38:30 Martins-MacBook-Pro syslogd[382] <Notice>: ASL Sender Statistics
2026-08-13 11:48:37 Martins-MacBook-Pro syslogd[382] <Notice>: ASL Sender Statistics
2026-08-13 11:59:06 Martins-MacBook-Pro syslogd[382] <Notice>: ASL Sender Statistics
2026-08-13 12:11:28 Martins-MacBook-Pro syslogd[382] <Notice>: ASL Sender Statistics
2026-08-13 12:32:58 Martins-MacBook-Pro syslogd[382] <Notice>: ASL Sender Statistics
2026-08-13 12:53:04 Martins-MacBook-Pro syslogd[382] <Notice>: ASL Sender Statistics
2026-08-13 13:07:27 Martins-MacBook-Pro syslogd[382] <Notice>: ASL Sender Statistics
2026-08-13 13:17:28 Martins-MacBook-Pro syslogd[382] <Notice>: ASL Sender Statistics
2026-08-13 13:27:47 Martins-MacBook-Pro syslogd[382] <Notice>: ASL Sender Statistics
2026-08-13 13:39:06 Martins-MacBook-Pro syslogd[382] <Notice>: ASL Sender Statistics
2026-08-13 13:51:09 Martins-MacBook-Pro syslogd[382] <Notice>: ASL Sender Statistics
2026-08-13 14:03:04 Martins-MacBook-Pro syslogd[382] <Notice>: ASL Sender Statistics
2026-08-13 14:15:15 Martins-MacBook-Pro syslogd[382] <Notice>: ASL Sender Statistics
2026-08-13 14:25:18 Martins-MacBook-Pro syslogd[382] <Notice>: ASL Sender Statistics
2026-08-13 14:35:42 Martins-MacBook-Pro syslogd[382] <Notice>: ASL Sender Statistics
2026-08-13 14:46:06 Martins-MacBook-Pro syslogd[382] <Notice>: ASL Sender Statistics
2026-08-13 15:09:41 Martins-MacBook-Pro syslogd[382] <Notice>: ASL Sender Statistics
2026-08-13 15:24:50 Martins-MacBook-Pro syslogd[382] <Notice>: ASL Sender Statistics
2026-08-13 15:41:57 Martins-MacBook-Pro syslogd[382] <Notice>: ASL Sender Statistics
2026-08-13 15:52:53 Martins-MacBook-Pro syslogd[382] <Notice>: ASL Sender Statistics
2026-08-13 16:04:04 Martins-MacBook-Pro syslogd[382] <Notice>: ASL Sender Statistics
2026-08-13 16:14:59 Martins-MacBook-Pro syslogd[382] <Notice>: ASL Sender Statistics
2026-08-13 16:25:02 Martins-MacBook-Pro syslogd[382] <Notice>: ASL Sender Statistics
2026-08-13 16:35:16 Martins-MacBook-Pro syslogd[382] <Notice>: ASL Sender Statistics
2026-08-13 16:46:45 Martins-MacBook-Pro syslogd[382] <Notice>: ASL Sender Statistics
2026-08-13 16:59:47 Martins-MacBook-Pro syslogd[382] <Notice>: ASL Sender Statistics
2026-08-13 17:10:45 Martins-MacBook-Pro syslogd[382] <Notice>: ASL Sender Statistics
2026-08-13 17:25:13 Martins-MacBook-Pro syslogd[382] <Notice>: ASL Sender Statistics
2026-08-13 17:35:54 Martins-MacBook-Pro syslogd[382] <Notice>: ASL Sender Statistics
2026-08-13 17:43:57 Martins-MacBook-Pro Kindle[49250] <Critical>: IOS: Using PageGenerator path for new BookSession (document/settings pair)
2026-08-13 17:43:57 Martins-MacBook-Pro Kindle[49250] <Critical>: IOS: Using PageGenerator path for new BookSession (document/settings pair)
2026-08-13 17:47:24 Martins-MacBook-Pro syslogd[382] <Notice>: ASL Sender Statistics
2026-08-13 18:10:59 Martins-MacBook-Pro syslogd[382] <Notice>: ASL Sender Statistics
2026-08-13 18:21:44 Martins-MacBook-Pro syslogd[382] <Notice>: ASL Sender Statistics
2026-08-13 18:32:16 Martins-MacBook-Pro syslogd[382] <Notice>: ASL Sender Statistics
2026-08-13 18:42:29 Martins-MacBook-Pro syslogd[382] <Notice>: ASL Sender Statistics
2026-08-13 18:52:29 Martins-MacBook-Pro syslogd[382] <Notice>: ASL Sender Statistics
2026-08-13 19:05:50 Martins-MacBook-Pro syslogd[382] <Notice>: ASL Sender Statistics
2026-08-13 19:22:39 Martins-MacBook-Pro syslogd[382] <Notice>: ASL Sender Statistics
2026-08-13 19:39:50 Martins-MacBook-Pro syslogd[382] <Notice>: ASL Sender Statistics
2026-08-13 19:54:57 Martins-MacBook-Pro syslogd[382] <Notice>: ASL Sender Statistics
2026-08-13 20:11:40 Martins-MacBook-Pro syslogd[382] <Notice>: ASL Sender Statistics
2026-08-13 20:21:40 Martins-MacBook-Pro syslogd[382] <Notice>: ASL Sender Statistics
2026-08-13 20:36:39 Martins-MacBook-Pro syslogd[382] <Notice>: ASL Sender Statistics
2026-08-13 20:54:51 Martins-MacBook-Pro syslogd[382] <Notice>: ASL Sender Statistics
2026-08-13 21:17:10 Martins-MacBook-Pro syslogd[382] <Notice>: ASL Sender Statistics
2026-08-13 21:33:38 Martins-MacBook-Pro syslogd[382] <Notice>: ASL Sender Statistics
2026-08-13 21:33:39 Martins-MacBook-Pro syslogd[382] <Notice>: Configuration Notice:
ASL Module "com.apple.cdscheduler" claims selected messages.
Those messages may not appear in standard system log files or in the ASL database.
2026-08-13 21:33:39 Martins-MacBook-Pro syslogd[382] <Notice>: Configuration Notice:
ASL Module "com.apple.install" claims selected messages.
Those messages may not appear in standard system log files or in the ASL database.
2026-08-13 21:33:39 Martins-MacBook-Pro syslogd[382] <Notice>: Configuration Notice:
ASL Module "com.apple.authd" sharing output destination "/var/log/asl" with ASL Module "com.apple.asl".
Output parameters from ASL Module "com.apple.asl" override any specified in ASL Module "com.apple.authd".
2026-08-13 21:33:39 Martins-MacBook-Pro syslogd[382] <Notice>: Configuration Notice:
ASL Module "com.apple.authd" sharing output destination "/var/log/system.log" with ASL Module "com.apple.asl".
Output parameters from ASL Module "com.apple.asl" override any specified in ASL Module "com.apple.authd".
2026-08-13 21:33:39 Martins-MacBook-Pro syslogd[382] <Notice>: Configuration Notice:
ASL Module "com.apple.authd" claims selected messages.
Those messages may not appear in standard system log files or in the ASL database.
2026-08-13 21:33:39 Martins-MacBook-Pro syslogd[382] <Notice>: Configuration Notice:
ASL Module "com.apple.eventmonitor" claims selected messages.
Those messages may not appear in standard system log files or in the ASL database.
2026-08-13 21:33:39 Martins-MacBook-Pro syslogd[382] <Notice>: Configuration Notice:
ASL Module "com.apple.mail" claims selected messages.
Those messages may not appear in standard system log files or in the ASL database.
2026-08-13 21:33:39 Martins-MacBook-Pro syslogd[382] <Notice>: Configuration Notice:
ASL Module "com.apple.performance" claims selected messages.
Those messages may not appear in standard system log files or in the ASL database.
2026-08-13 21:33:39 Martins-MacBook-Pro syslogd[382] <Notice>: Configuration Notice:
ASL Module "com.apple.iokit.power" claims selected messages.
Those messages may not appear in standard system log files or in the ASL database.
2026-08-13 21:33:39 Martins-MacBook-Pro syslogd[382] <Notice>: Configuration Notice:
ASL Module "com.apple.contacts.ContactsAutocomplete" claims selected messages.
Those messages may not appear in standard system log files or in the ASL database.
2026-08-13 21:33:39 Martins-MacBook-Pro syslogd[382] <Notice>: Configuration Notice:
ASL Module "com.apple.mkb" sharing output destination "/private/var/log/keybagd.log" with ASL Module "com.apple.mkb.internal".
Output parameters from ASL Module "com.apple.mkb.internal" override any specified in ASL Module "com.apple.mkb".
2026-08-13 21:33:39 Martins-MacBook-Pro syslogd[382] <Notice>: Configuration Notice:
ASL Module "com.apple.mkb" claims selected messages.
Those messages may not appear in standard system log files or in the ASL database.
2026-08-13 21:33:39 Martins-MacBook-Pro syslogd[382] <Notice>: Configuration Notice:
ASL Module "com.apple.MessageTracer" claims selected messages.
Those messages may not appear in standard system log files or in the ASL database.
2026-08-13 21:49:44 Martins-MacBook-Pro syslogd[382] <Notice>: ASL Sender Statistics
2026-08-13 22:00:12 Martins-MacBook-Pro syslogd[382] <Notice>: ASL Sender Statistics
2026-08-13 22:16:35 Martins-MacBook-Pro syslogd[382] <Notice>: ASL Sender Statistics
2026-08-13 22:36:04 Martins-MacBook-Pro syslogd[382] <Notice>: ASL Sender Statistics
2026-08-13 22:53:28 Martins-MacBook-Pro syslogd[382] <Notice>: ASL Sender Statistics
2026-08-13 23:04:32 Martins-MacBook-Pro syslogd[382] <Notice>: ASL Sender Statistics
2026-08-13 23:20:57 Martins-MacBook-Pro syslogd[382] <Notice>: ASL Sender Statistics
2026-08-13 23:39:46 Martins-MacBook-Pro syslogd[382] <Notice>: ASL Sender Statistics
2026-08-13 23:57:21 Martins-MacBook-Pro syslogd[382] <Notice>: ASL Sender Statistics
2026-08-14 00:14:33 Martins-MacBook-Pro syslogd[382] <Notice>: ASL Sender Statistics
2026-08-14 00:24:50 Martins-MacBook-Pro syslogd[382] <Notice>: ASL Sender Statistics
2026-08-14 00:41:32 Martins-MacBook-Pro syslogd[382] <Notice>: ASL Sender Statistics
2026-08-14 00:55:37 Martins-MacBook-Pro syslogd[382] <Notice>: ASL Sender Statistics
2026-08-14 01:20:31 Martins-MacBook-Pro syslogd[382] <Notice>: ASL Sender Statistics
2026-08-14 01:37:20 Martins-MacBook-Pro syslogd[382] <Notice>: ASL Sender Statistics
2026-08-14 02:02:18 Martins-MacBook-Pro syslogd[382] <Notice>: ASL Sender Statistics
2026-08-14 02:25:33 Martins-MacBook-Pro syslogd[382] <Notice>: ASL Sender Statistics
2026-08-14 02:43:15 Martins-MacBook-Pro syslogd[382] <Notice>: ASL Sender Statistics
2026-08-14 02:54:33 Martins-MacBook-Pro syslogd[382] <Notice>: ASL Sender Statistics
2026-08-14 03:19:20 Martins-MacBook-Pro syslogd[382] <Notice>: ASL Sender Statistics
2026-08-14 03:29:20 Martins-MacBook-Pro syslogd[382] <Notice>: ASL Sender Statistics
2026-08-14 03:42:05 Martins-MacBook-Pro syslogd[382] <Notice>: ASL Sender Statistics
2026-08-14 03:52:33 Martins-MacBook-Pro syslogd[382] <Notice>: ASL Sender Statistics
2026-08-14 04:12:28 Martins-MacBook-Pro syslogd[382] <Notice>: ASL Sender Statistics
2026-08-14 04:23:19 Martins-MacBook-Pro syslogd[382] <Notice>: ASL Sender Statistics
2026-08-14 04:33:28 Martins-MacBook-Pro syslogd[382] <Notice>: ASL Sender Statistics
2026-08-14 04:48:47 Martins-MacBook-Pro syslogd[382] <Notice>: ASL Sender Statistics
2026-08-14 05:11:42 Martins-MacBook-Pro syslogd[382] <Notice>: ASL Sender Statistics
2026-08-14 05:29:21 Martins-MacBook-Pro syslogd[382] <Notice>: ASL Sender Statistics
2026-08-14 05:39:40 Martins-MacBook-Pro syslogd[382] <Notice>: ASL Sender Statistics
2026-08-14 05:49:45 Martins-MacBook-Pro syslogd[382] <Notice>: ASL Sender Statistics
2026-08-14 05:59:56 Martins-MacBook-Pro syslogd[382] <Notice>: ASL Sender Statistics
2026-08-14 06:11:22 Martins-MacBook-Pro syslogd[382] <Notice>: ASL Sender Statistics
2026-08-14 06:21:22 Martins-MacBook-Pro syslogd[382] <Notice>: ASL Sender Statistics
2026-08-14 06:31:24 Martins-MacBook-Pro syslogd[382] <Notice>: ASL Sender Statistics
2026-08-14 06:41:30 Martins-MacBook-Pro syslogd[382] <Notice>: ASL Sender Statistics
2026-08-14 06:51:31 Martins-MacBook-Pro syslogd[382] <Notice>: ASL Sender Statistics
2026-08-14 07:01:58 Martins-MacBook-Pro syslogd[382] <Notice>: ASL Sender Statistics
2026-08-14 07:11:01 Martins-MacBook-Pro Kindle[52352] <Critical>: IOS: Using PageGenerator path for new BookSession (document/settings pair)
2026-08-14 07:11:01 Martins-MacBook-Pro Kindle[52352] <Critical>: IOS: Using PageGenerator path for new BookSession (document/settings pair)
2026-08-14 07:16:20 Martins-MacBook-Pro syslogd[382] <Notice>: ASL Sender Statistics
2026-08-14 07:33:50 Martins-MacBook-Pro syslogd[382] <Notice>: ASL Sender Statistics
2026-08-14 07:49:33 Martins-MacBook-Pro syslogd[382] <Notice>: ASL Sender Statistics
2026-08-14 08:07:19 Martins-MacBook-Pro syslogd[382] <Notice>: ASL Sender Statistics
2026-08-14 08:23:07 Martins-MacBook-Pro syslogd[382] <Notice>: ASL Sender Statistics
2026-08-14 08:40:13 Martins-MacBook-Pro syslogd[382] <Notice>: ASL Sender Statistics
2026-08-14 08:57:12 Martins-MacBook-Pro syslogd[382] <Notice>: ASL Sender Statistics
2026-08-14 09:18:41 Martins-MacBook-Pro syslogd[382] <Notice>: ASL Sender Statistics
2026-08-14 09:36:50 Martins-MacBook-Pro syslogd[382] <Notice>: ASL Sender Statistics
2026-08-14 09:56:51 Martins-MacBook-Pro syslogd[382] <Notice>: ASL Sender Statistics
2026-08-14 10:13:36 Martins-MacBook-Pro syslogd[382] <Notice>: ASL Sender Statistics
2026-08-14 10:35:26 Martins-MacBook-Pro syslogd[382] <Notice>: ASL Sender Statistics
2026-08-14 10:51:45 Martins-MacBook-Pro syslogd[382] <Notice>: ASL Sender Statistics
2026-08-14 11:04:39 Martins-MacBook-Pro syslogd[382] <Notice>: ASL Sender Statistics
2026-08-14 11:17:44 Martins-MacBook-Pro syslogd[382] <Notice>: ASL Sender Statistics
2026-08-14 11:27:50 Martins-MacBook-Pro syslogd[382] <Notice>: ASL Sender Statistics
2026-08-14 11:38:52 Martins-MacBook-Pro syslogd[382] <Notice>: ASL Sender Statistics
2026-08-14 11:49:14 Martins-MacBook-Pro syslogd[382] <Notice>: ASL Sender Statistics
2026-08-14 11:59:34 Martins-MacBook-Pro syslogd[382] <Notice>: ASL Sender Statistics
2026-08-14 12:12:29 Martins-MacBook-Pro syslogd[382] <Notice>: ASL Sender Statistics
2026-08-14 12:23:09 Martins-MacBook-Pro syslogd[382] <Notice>: ASL Sender Statistics
2026-08-14 12:44:45 Martins-MacBook-Pro syslogd[382] <Notice>: ASL Sender Statistics
2026-08-14 12:54:48 Martins-MacBook-Pro syslogd[382] <Notice>: ASL Sender Statistics
2026-08-14 13:04:48 Martins-MacBook-Pro syslogd[382] <Notice>: ASL Sender Statistics
2026-08-14 13:14:53 Martins-MacBook-Pro syslogd[382] <Notice>: ASL Sender Statistics
2026-08-14 13:25:06 Martins-MacBook-Pro syslogd[382] <Notice>: ASL Sender Statistics
2026-08-14 13:35:35 Martins-MacBook-Pro syslogd[382] <Notice>: ASL Sender Statistics
2026-08-14 13:47:05 Martins-MacBook-Pro syslogd[382] <Notice>: ASL Sender Statistics
2026-08-14 13:57:59 Martins-MacBook-Pro syslogd[382] <Notice>: ASL Sender Statistics
2026-08-14 14:08:23 Martins-MacBook-Pro syslogd[382] <Notice>: ASL Sender Statistics
2026-08-14 14:18:23 Martins-MacBook-Pro syslogd[382] <Notice>: ASL Sender Statistics
2026-08-14 14:28:23 Martins-MacBook-Pro syslogd[382] <Notice>: ASL Sender Statistics
2026-08-14 14:38:23 Martins-MacBook-Pro syslogd[382] <Notice>: ASL Sender Statistics
2026-08-14 14:48:23 Martins-MacBook-Pro syslogd[382] <Notice>: ASL Sender Statistics
2026-08-14 14:58:23 Martins-MacBook-Pro syslogd[382] <Notice>: ASL Sender Statistics
2026-08-14 15:08:23 Martins-MacBook-Pro syslogd[382] <Notice>: ASL Sender Statistics
2026-08-14 15:18:23 Martins-MacBook-Pro syslogd[382] <Notice>: ASL Sender Statistics
2026-08-14 15:28:23 Martins-MacBook-Pro syslogd[382] <Notice>: ASL Sender Statistics
2026-08-14 15:38:23 Martins-MacBook-Pro syslogd[382] <Notice>: ASL Sender Statistics
2026-08-14 15:48:23 Martins-MacBook-Pro syslogd[382] <Notice>: ASL Sender Statistics
2026-08-14 15:58:23 Martins-MacBook-Pro syslogd[382] <Notice>: ASL Sender Statistics
2026-08-14 16:08:23 Martins-MacBook-Pro syslogd[382] <Notice>: ASL Sender Statistics
2026-08-14 16:19:23 Martins-MacBook-Pro syslogd[382] <Notice>: ASL Sender Statistics
2026-08-14 16:29:23 Martins-MacBook-Pro syslogd[382] <Notice>: ASL Sender Statistics
2026-08-14 16:39:26 Martins-MacBook-Pro syslogd[382] <Notice>: ASL Sender Statistics
2026-08-14 16:49:26 Martins-MacBook-Pro syslogd[382] <Notice>: ASL Sender Statistics
2026-08-14 16:59:26 Martins-MacBook-Pro syslogd[382] <Notice>: ASL Sender Statistics
2026-08-14 17:09:26 Martins-MacBook-Pro syslogd[382] <Notice>: ASL Sender Statistics
2026-08-14 17:19:26 Martins-MacBook-Pro syslogd[382] <Notice>: ASL Sender Statistics
2026-08-14 17:29:28 Martins-MacBook-Pro syslogd[382] <Notice>: ASL Sender Statistics
2026-08-14 17:39:28 Martins-MacBook-Pro syslogd[382] <Notice>: ASL Sender Statistics
2026-08-14 17:49:28 Martins-MacBook-Pro syslogd[382] <Notice>: ASL Sender Statistics
2026-08-14 17:59:28 Martins-MacBook-Pro syslogd[382] <Notice>: ASL Sender Statistics
2026-08-14 18:09:28 Martins-MacBook-Pro syslogd[382] <Notice>: ASL Sender Statistics
2026-08-14 18:14:12 Martins-MacBook-Pro Kindle[57976] <Critical>: IOS: Using PageGenerator path for new BookSession (document/settings pair)
2026-08-14 18:14:12 Martins-MacBook-Pro Kindle[57976] <Critical>: IOS: Using PageGenerator path for new BookSession (document/settings pair)
2026-08-14 18:19:28 Martins-MacBook-Pro syslogd[382] <Notice>: ASL Sender Statistics
2026-08-14 18:29:28 Martins-MacBook-Pro syslogd[382] <Notice>: ASL Sender Statistics
2026-08-14 18:39:29 Martins-MacBook-Pro syslogd[382] <Notice>: ASL Sender Statistics
2026-08-14 18:49:30 Martins-MacBook-Pro syslogd[382] <Notice>: ASL Sender Statistics
2026-08-14 18:59:30 Martins-MacBook-Pro syslogd[382] <Notice>: ASL Sender Statistics
2026-08-14 19:09:31 Martins-MacBook-Pro syslogd[382] <Notice>: ASL Sender Statistics
2026-08-14 19:19:32 Martins-MacBook-Pro syslogd[382] <Notice>: ASL Sender Statistics
2026-08-14 19:29:34 Martins-MacBook-Pro syslogd[382] <Notice>: ASL Sender Statistics
2026-08-14 19:52:10 Martins-MacBook-Pro syslogd[382] <Notice>: ASL Sender Statistics
2026-08-14 20:13:45 Martins-MacBook-Pro syslogd[382] <Notice>: ASL Sender Statistics
2026-08-14 20:29:56 Martins-MacBook-Pro syslogd[382] <Notice>: ASL Sender Statistics
2026-08-14 20:46:59 Martins-MacBook-Pro syslogd[382] <Notice>: ASL Sender Statistics
2026-08-14 21:03:50 Martins-MacBook-Pro syslogd[382] <Notice>: ASL Sender Statistics
2026-08-14 21:20:35 Martins-MacBook-Pro syslogd[382] <Notice>: ASL Sender Statistics
2026-08-14 21:30:56 Martins-MacBook-Pro syslogd[382] <Notice>: ASL Sender Statistics
2026-08-14 21:30:57 Martins-MacBook-Pro syslogd[382] <Notice>: Configuration Notice:
ASL Module "com.apple.cdscheduler" claims selected messages.
Those messages may not appear in standard system log files or in the ASL database.
2026-08-14 21:30:57 Martins-MacBook-Pro syslogd[382] <Notice>: Configuration Notice:
ASL Module "com.apple.install" claims selected messages.
Those messages may not appear in standard system log files or in the ASL database.
2026-08-14 21:30:57 Martins-MacBook-Pro syslogd[382] <Notice>: Configuration Notice:
ASL Module "com.apple.authd" sharing output destination "/var/log/asl" with ASL Module "com.apple.asl".
Output parameters from ASL Module "com.apple.asl" override any specified in ASL Module "com.apple.authd".
2026-08-14 21:30:57 Martins-MacBook-Pro syslogd[382] <Notice>: Configuration Notice:
ASL Module "com.apple.authd" sharing output destination "/var/log/system.log" with ASL Module "com.apple.asl".
Output parameters from ASL Module "com.apple.asl" override any specified in ASL Module "com.apple.authd".
2026-08-14 21:30:57 Martins-MacBook-Pro syslogd[382] <Notice>: Configuration Notice:
ASL Module "com.apple.authd" claims selected messages.
Those messages may not appear in standard system log files or in the ASL database.
2026-08-14 21:30:57 Martins-MacBook-Pro syslogd[382] <Notice>: Configuration Notice:
ASL Module "com.apple.eventmonitor" claims selected messages.
Those messages may not appear in standard system log files or in the ASL database.
2026-08-14 21:30:57 Martins-MacBook-Pro syslogd[382] <Notice>: Configuration Notice:
ASL Module "com.apple.mail" claims selected messages.
Those messages may not appear in standard system log files or in the ASL database.
2026-08-14 21:30:57 Martins-MacBook-Pro syslogd[382] <Notice>: Configuration Notice:
ASL Module "com.apple.performance" claims selected messages.
Those messages may not appear in standard system log files or in the ASL database.
2026-08-14 21:30:57 Martins-MacBook-Pro syslogd[382] <Notice>: Configuration Notice:
ASL Module "com.apple.iokit.power" claims selected messages.
Those messages may not appear in standard system log files or in the ASL database.
2026-08-14 21:30:57 Martins-MacBook-Pro syslogd[382] <Notice>: Configuration Notice:
ASL Module "com.apple.contacts.ContactsAutocomplete" claims selected messages.
Those messages may not appear in standard system log files or in the ASL database.
2026-08-14 21:30:57 Martins-MacBook-Pro syslogd[382] <Notice>: Configuration Notice:
ASL Module "com.apple.mkb" sharing output destination "/private/var/log/keybagd.log" with ASL Module "com.apple.mkb.internal".
Output parameters from ASL Module "com.apple.mkb.internal" override any specified in ASL Module "com.apple.mkb".
2026-08-14 21:30:57 Martins-MacBook-Pro syslogd[382] <Notice>: Configuration Notice:
ASL Module "com.apple.mkb" claims selected messages.
Those messages may not appear in standard system log files or in the ASL database.
2026-08-14 21:30:57 Martins-MacBook-Pro syslogd[382] <Notice>: Configuration Notice:
ASL Module "com.apple.MessageTracer" claims selected messages.
Those messages may not appear in standard system log files or in the ASL database.
2026-08-14 21:48:50 Martins-MacBook-Pro syslogd[382] <Notice>: ASL Sender Statistics
2026-08-14 22:08:24 Martins-MacBook-Pro syslogd[382] <Notice>: ASL Sender Statistics
2026-08-14 22:31:57 Martins-MacBook-Pro syslogd[382] <Notice>: ASL Sender Statistics
2026-08-14 22:42:24 Martins-MacBook-Pro syslogd[382] <Notice>: ASL Sender Statistics
2026-08-14 22:55:08 Martins-MacBook-Pro syslogd[382] <Notice>: ASL Sender Statistics
2026-08-14 23:14:04 Martins-MacBook-Pro syslogd[382] <Notice>: ASL Sender Statistics
2026-08-14 23:30:02 Martins-MacBook-Pro syslogd[382] <Notice>: ASL Sender Statistics
2026-08-14 23:51:02 Martins-MacBook-Pro syslogd[382] <Notice>: ASL Sender Statistics
2026-08-15 00:07:30 Martins-MacBook-Pro syslogd[382] <Notice>: ASL Sender Statistics
2026-08-15 00:18:17 Martins-MacBook-Pro syslogd[382] <Notice>: ASL Sender Statistics
2026-08-15 00:33:58 Martins-MacBook-Pro syslogd[382] <Notice>: ASL Sender Statistics
2026-08-15 00:52:50 Martins-MacBook-Pro syslogd[382] <Notice>: ASL Sender Statistics
2026-08-15 01:09:52 Martins-MacBook-Pro syslogd[382] <Notice>: ASL Sender Statistics
2026-08-15 01:27:52 Martins-MacBook-Pro syslogd[382] <Notice>: ASL Sender Statistics
2026-08-15 01:52:58 Martins-MacBook-Pro syslogd[382] <Notice>: ASL Sender Statistics
2026-08-15 02:11:28 Martins-MacBook-Pro syslogd[382] <Notice>: ASL Sender Statistics
2026-08-15 02:30:44 Martins-MacBook-Pro syslogd[382] <Notice>: ASL Sender Statistics
2026-08-15 02:46:28 Martins-MacBook-Pro syslogd[382] <Notice>: ASL Sender Statistics
2026-08-15 03:00:20 Martins-MacBook-Pro syslogd[382] <Notice>: ASL Sender Statistics
2026-08-15 03:10:40 Martins-MacBook-Pro syslogd[382] <Notice>: ASL Sender Statistics
2026-08-15 03:21:03 Martins-MacBook-Pro syslogd[382] <Notice>: ASL Sender Statistics
2026-08-15 03:32:41 Martins-MacBook-Pro syslogd[382] <Notice>: ASL Sender Statistics
2026-08-15 03:42:42 Martins-MacBook-Pro syslogd[382] <Notice>: ASL Sender Statistics
2026-08-15 03:52:50 Martins-MacBook-Pro syslogd[382] <Notice>: ASL Sender Statistics
2026-08-15 04:11:39 Martins-MacBook-Pro syslogd[382] <Notice>: ASL Sender Statistics
2026-08-15 04:22:01 Martins-MacBook-Pro syslogd[382] <Notice>: ASL Sender Statistics
2026-08-15 04:32:04 Martins-MacBook-Pro syslogd[382] <Notice>: ASL Sender Statistics
2026-08-15 04:42:11 Martins-MacBook-Pro syslogd[382] <Notice>: ASL Sender Statistics
2026-08-15 04:54:40 Martins-MacBook-Pro syslogd[382] <Notice>: ASL Sender Statistics
2026-08-15 05:12:27 Martins-MacBook-Pro syslogd[382] <Notice>: ASL Sender Statistics
2026-08-15 05:32:37 Martins-MacBook-Pro syslogd[382] <Notice>: ASL Sender Statistics
2026-08-15 05:44:11 Martins-MacBook-Pro syslogd[382] <Notice>: ASL Sender Statistics
2026-08-15 06:01:45 Martins-MacBook-Pro syslogd[382] <Notice>: ASL Sender Statistics
2026-08-15 06:17:42 Martins-MacBook-Pro syslogd[382] <Notice>: ASL Sender Statistics
2026-08-15 06:35:17 Martins-MacBook-Pro syslogd[382] <Notice>: ASL Sender Statistics
2026-08-15 06:45:27 Martins-MacBook-Pro syslogd[382] <Notice>: ASL Sender Statistics
2026-08-15 06:55:40 Martins-MacBook-Pro syslogd[382] <Notice>: ASL Sender Statistics
2026-08-15 07:06:39 Martins-MacBook-Pro syslogd[382] <Notice>: ASL Sender Statistics
2026-08-15 07:17:31 Martins-MacBook-Pro syslogd[382] <Notice>: ASL Sender Statistics
2026-08-15 07:27:32 Martins-MacBook-Pro syslogd[382] <Notice>: ASL Sender Statistics
2026-08-15 07:38:39 Martins-MacBook-Pro syslogd[382] <Notice>: ASL Sender Statistics
2026-08-15 07:48:57 Martins-MacBook-Pro syslogd[382] <Notice>: ASL Sender Statistics
2026-08-15 07:59:23 Martins-MacBook-Pro syslogd[382] <Notice>: ASL Sender Statistics
2026-08-15 08:11:27 Martins-MacBook-Pro syslogd[382] <Notice>: ASL Sender Statistics
2026-08-15 08:23:32 Martins-MacBook-Pro syslogd[382] <Notice>: ASL Sender Statistics
2026-08-15 08:33:57 Martins-MacBook-Pro syslogd[382] <Notice>: ASL Sender Statistics
2026-08-15 08:44:04 Martins-MacBook-Pro syslogd[382] <Notice>: ASL Sender Statistics
2026-08-15 08:54:43 Martins-MacBook-Pro syslogd[382] <Notice>: ASL Sender Statistics
2026-08-15 09:05:42 Martins-MacBook-Pro syslogd[382] <Notice>: ASL Sender Statistics
2026-08-15 09:16:07 Martins-MacBook-Pro syslogd[382] <Notice>: ASL Sender Statistics
2026-08-15 09:26:21 Martins-MacBook-Pro syslogd[382] <Notice>: ASL Sender Statistics
2026-08-15 09:41:21 Martins-MacBook-Pro syslogd[382] <Notice>: ASL Sender Statistics
2026-08-15 09:56:21 Martins-MacBook-Pro syslogd[382] <Notice>: ASL Sender Statistics
2026-08-15 10:06:32 Martins-MacBook-Pro syslogd[382] <Notice>: ASL Sender Statistics
2026-08-15 10:19:44 Martins-MacBook-Pro syslogd[382] <Notice>: ASL Sender Statistics
2026-08-15 10:30:03 Martins-MacBook-Pro syslogd[382] <Notice>: ASL Sender Statistics
2026-08-15 10:40:25 Martins-MacBook-Pro syslogd[382] <Notice>: ASL Sender Statistics
2026-08-15 10:50:25 Martins-MacBook-Pro syslogd[382] <Notice>: ASL Sender Statistics
2026-08-15 11:01:27 Martins-MacBook-Pro syslogd[382] <Notice>: ASL Sender Statistics
2026-08-15 11:12:32 Martins-MacBook-Pro syslogd[382] <Notice>: ASL Sender Statistics
2026-08-15 11:24:39 Martins-MacBook-Pro syslogd[382] <Notice>: ASL Sender Statistics
2026-08-15 11:34:56 Martins-MacBook-Pro syslogd[382] <Notice>: ASL Sender Statistics
2026-08-15 11:45:22 Martins-MacBook-Pro syslogd[382] <Notice>: ASL Sender Statistics
2026-08-15 11:55:58 Martins-MacBook-Pro syslogd[382] <Notice>: ASL Sender Statistics
2026-08-15 12:06:16 Martins-MacBook-Pro syslogd[382] <Notice>: ASL Sender Statistics
2026-08-15 12:16:26 Martins-MacBook-Pro syslogd[382] <Notice>: ASL Sender Statistics
2026-08-15 12:26:59 Martins-MacBook-Pro syslogd[382] <Notice>: ASL Sender Statistics
2026-08-15 12:37:22 Martins-MacBook-Pro syslogd[382] <Notice>: ASL Sender Statistics
2026-08-15 12:47:22 Martins-MacBook-Pro syslogd[382] <Notice>: ASL Sender Statistics
2026-08-15 12:57:49 Martins-MacBook-Pro syslogd[382] <Notice>: ASL Sender Statistics
2026-08-15 13:07:55 Martins-MacBook-Pro syslogd[382] <Notice>: ASL Sender Statistics
2026-08-15 13:21:03 Martins-MacBook-Pro syslogd[382] <Notice>: ASL Sender Statistics
2026-08-15 13:31:16 Martins-MacBook-Pro syslogd[382] <Notice>: ASL Sender Statistics
2026-08-15 13:41:30 Martins-MacBook-Pro syslogd[382] <Notice>: ASL Sender Statistics
2026-08-15 13:51:55 Martins-MacBook-Pro syslogd[382] <Notice>: ASL Sender Statistics
2026-08-15 14:07:08 Martins-MacBook-Pro syslogd[382] <Notice>: ASL Sender Statistics
2026-08-15 14:18:04 Martins-MacBook-Pro syslogd[382] <Notice>: ASL Sender Statistics
2026-08-15 14:28:09 Martins-MacBook-Pro syslogd[382] <Notice>: ASL Sender Statistics
2026-08-15 14:38:10 Martins-MacBook-Pro syslogd[382] <Notice>: ASL Sender Statistics
2026-08-15 14:48:13 Martins-MacBook-Pro syslogd[382] <Notice>: ASL Sender Statistics
2026-08-15 15:11:07 Martins-MacBook-Pro syslogd[382] <Notice>: ASL Sender Statistics
2026-08-15 15:21:42 Martins-MacBook-Pro syslogd[382] <Notice>: ASL Sender Statistics
2026-08-15 15:31:42 Martins-MacBook-Pro syslogd[382] <Notice>: ASL Sender Statistics
2026-08-15 15:41:43 Martins-MacBook-Pro syslogd[382] <Notice>: ASL Sender Statistics
2026-08-15 15:51:59 Martins-MacBook-Pro syslogd[382] <Notice>: ASL Sender Statistics
2026-08-15 16:02:01 Martins-MacBook-Pro syslogd[382] <Notice>: ASL Sender Statistics
2026-08-15 16:12:23 Martins-MacBook-Pro syslogd[382] <Notice>: ASL Sender Statistics
2026-08-15 16:23:21 Martins-MacBook-Pro syslogd[382] <Notice>: ASL Sender Statistics
2026-08-15 16:33:28 Martins-MacBook-Pro syslogd[382] <Notice>: ASL Sender Statistics
2026-08-15 16:43:33 Martins-MacBook-Pro syslogd[382] <Notice>: ASL Sender Statistics