Program Version: 52.2 (52.2.0.0019)
Mac OS Version: 26.6.1
Architecture: arm64
Model: Mac17,8
Processor count: 18
Time: 2026-08-13 16:51:06 -04:00 (2026-08-13T20:51:06Z)
Installed memory: 24,576 MB
Install path: /Applications/Logos.app/Contents/Frameworks/FaithlifeDesktop.framework/Versions/52.2.0.0019/Frameworks/ApplicationBundle.framework/Versions/A/Resources/lib/Logos.dll
Free install space: 785,516 MB
Temp path: /var/folders/1f/wxxg_vjx4cqbgn1bv5fy1x840000gn/T/
Free temp space: 785,516 MB
Swap usage: total = 0.00M used = 0.00M free = 0.00M

Program Version: 52.2 (52.2.0.0019)
Time: 2026-08-13 16:51:06 -04:00 (2026-08-13T20:51:06Z)
SQLite Error 283: recovered 15 frames from WAL file /Users/mjwebster/Library/Application Support/Logos4/Documents/wq8ubj9r.32o/LocalUserPreferences/PreferencesManager.db-wal

Program Version: 52.2 (52.2.0.0019)
Time: 2026-08-13 16:51:06 -04:00 (2026-08-13T20:51:06Z)
SQLite Error 283: recovered 226 frames from WAL file /Users/mjwebster/Library/Application Support/Logos4/Documents/wq8ubj9r.32o/UserPreferences2/PreferencesManager.db-wal

Program Version: 52.2 (52.2.0.0019)
Time: 2026-08-13 16:51:06 -04:00 (2026-08-13T20:51:06Z)
SQLite Error 283: recovered 33 frames from WAL file /Users/mjwebster/Library/Application Support/Logos4/Data/wq8ubj9r.32o/Errors/Application/ErrorReportManager.db-wal

Program Version: 52.2 (52.2.0.0019)
Time: 2026-08-13 16:51:06 -04:00 (2026-08-13T20:51:06Z)
SQLite Error 283: recovered 4 frames from WAL file /Users/mjwebster/Library/Application Support/Logos4/Documents/wq8ubj9r.32o/DeviceResourceManager/MobileResourcesSyncManager.db-wal

Program Version: 52.2 (52.2.0.0019)
Time: 2026-08-13 16:51:06 -04:00 (2026-08-13T20:51:06Z)
SQLite Error 283: recovered 2 frames from WAL file /Users/mjwebster/Library/Application Support/Logos4/Data/wq8ubj9r.32o/ResourceManager/ResourceManager.db-wal

Program Version: 52.2 (52.2.0.0019)
Time: 2026-08-13 16:51:06 -04:00 (2026-08-13T20:51:06Z)
SQLite Error 283: recovered 314 frames from WAL file /Users/mjwebster/Library/Application Support/Logos4/Data/wq8ubj9r.32o/ReadingProgressManager/readingprogressmanager.db-wal

Program Version: 52.2 (52.2.0.0019)
Time: 2026-08-13 16:51:06 -04:00 (2026-08-13T20:51:06Z)
SQLite Error 283: recovered 317 frames from WAL file /Users/mjwebster/Library/Application Support/Logos4/Data/wq8ubj9r.32o/LibraryCatalog/catalog.db-wal

Program Version: 52.2 (52.2.0.0019)
Time: 2026-08-13 16:51:06 -04:00 (2026-08-13T20:51:06Z)
SQLite Error 283: recovered 238 frames from WAL file /Users/mjwebster/Library/Application Support/Logos4/Data/wq8ubj9r.32o/UserEventManager/UserEventManager.db-wal

Program Version: 52.2 (52.2.0.0019)
Time: 2026-08-13 16:51:07 -04:00 (2026-08-13T20:51:07Z)
SQLite Error 283: recovered 10 frames from WAL file /Users/mjwebster/Library/Application Support/Logos4/Documents/wq8ubj9r.32o/Documents/DocumentInfo.db-wal

Program Version: 52.2 (52.2.0.0019)
Time: 2026-08-13 16:51:07 -04:00 (2026-08-13T20:51:07Z)
SQLite Error 283: recovered 1 frames from WAL file /Users/mjwebster/Library/Application Support/Logos4/Data/wq8ubj9r.32o/ReverseInterlinearManager/reverseinterlinearmanager.db-wal

Program Version: 52.2 (52.2.0.0019)
Time: 2026-08-13 16:51:07 -04:00 (2026-08-13T20:51:07Z)
SQLite Error 283: recovered 20 frames from WAL file /Users/mjwebster/Library/Application Support/Logos4/Data/wq8ubj9r.32o/KeyLinkManager/keylinkmanager.db-wal

Program Version: 52.2 (52.2.0.0019)
Time: 2026-08-13 16:51:07 -04:00 (2026-08-13T20:51:07Z)
SQLite Error 283: recovered 347 frames from WAL file /Users/mjwebster/Library/Application Support/Logos4/Documents/wq8ubj9r.32o/NotesToolManager/notestool.db-wal

Program Version: 52.2 (52.2.0.0019)
Time: 2026-08-13 16:51:07 -04:00 (2026-08-13T20:51:07Z)
SQLite Error 283: recovered 6 frames from WAL file /Users/mjwebster/Library/Application Support/Logos4/Documents/wq8ubj9r.32o/LayoutManager/layouts.db-wal

Program Version: 52.2 (52.2.0.0019)
Time: 2026-08-13 16:51:07 -04:00 (2026-08-13T20:51:07Z)
SQLite Error 283: recovered 948 frames from WAL file /Users/mjwebster/Library/Application Support/Logos4/Data/wq8ubj9r.32o/HistoryManager/history.db-wal

Program Version: 52.2 (52.2.0.0019)
Time: 2026-08-13 16:51:07 -04:00 (2026-08-13T20:51:07Z)
SQLite Error 283: recovered 59 frames from WAL file /Users/mjwebster/Library/Application Support/Logos4/Documents/wq8ubj9r.32o/Documents/ReadingPlan/ReadingPlan.db-wal

Program Version: 52.2 (52.2.0.0019)
Time: 2026-08-13 16:51:07 -04:00 (2026-08-13T20:51:07Z)
SQLite Error 283: recovered 521 frames from WAL file /Users/mjwebster/Library/Application Support/Logos4/Data/wq8ubj9r.32o/AmplitudeReporter/AmplitudeEvents.db-wal

Program Version: 52.2 (52.2.0.0019)
Time: 2026-08-13 16:51:07 -04:00 (2026-08-13T20:51:07Z)
SQLite Error 283: recovered 2 frames from WAL file /Users/mjwebster/Library/Application Support/Logos4/Data/wq8ubj9r.32o/ResourceFileDownloadInfo/ResourceFileDownloadInfo.db-wal

Program Version: 52.2 (52.2.0.0019)
Time: 2026-08-13 16:51:07 -04:00 (2026-08-13T20:51:07Z)
SQLite Error 283: recovered 2 frames from WAL file /Users/mjwebster/Library/Application Support/Logos4/Data/wq8ubj9r.32o/CloudResourceManager/CloudResources.db-wal

Program Version: 52.2 (52.2.0.0019)
Time: 2026-08-13 16:51:07 -04:00 (2026-08-13T20:51:07Z)
SQLite Error 283: recovered 2 frames from WAL file /Users/mjwebster/Library/Application Support/Logos4/Data/wq8ubj9r.32o/UpdateManager/Updates.db-wal

Program Version: 52.2 (52.2.0.0019)
Time: 2026-08-13 16:51:07 -04:00 (2026-08-13T20:51:07Z)
SQLite Error 283: recovered 9 frames from WAL file /Users/mjwebster/Library/Application Support/Logos4/Data/wq8ubj9r.32o/Updates/Metadata.db-wal

Program Version: 52.2 (52.2.0.0019)
Time: 2026-08-13 16:51:11 -04:00 (2026-08-13T20:51:11Z)
SQLite Error 284: automatic index on Records(IsDataset)

Program Version: 52.2 (52.2.0.0019)
Time: 2026-08-13 16:52:54 -04:00 (2026-08-13T20:52:54Z)
SQLite Error 284: automatic index on Records(IsDataset)

Program Version: 52.2 (52.2.0.0019)
Time: 2026-08-13 18:52:51 -04:00 (2026-08-13T22:52:51Z)
SQLite Error 283: recovered 535 frames from WAL file /Users/mjwebster/Library/Application Support/Logos4/Data/wq8ubj9r.32o/AmplitudeReporter/AmplitudeEvents.db-wal

Program Version: 52.2 (52.2.0.0019)
Time: 2026-08-13 18:52:55 -04:00 (2026-08-13T22:52:55Z)
SQLite Error 284: automatic index on Records(IsDataset)

Program Version: 52.2 (52.2.0.0019)
Time: 2026-08-13 21:29:35 -04:00 (2026-08-14T01:29:35Z)
Exception thrown in web browser interop request handler 'logos.hybrid-ui.runProxiedFunction': Function <n> not found

Program Version: 52.2 (52.2.0.0019)
Time: 2026-08-14 06:20:54 -04:00 (2026-08-14T10:20:54Z)
Error building request (GET https://usereventsapi.logos.com/v1/events).
System.Net.Http.HttpRequestException: An error occurred while sending the request.
 ---> System.IO.IOException: Unable to read data from the transport connection: Operation timed out.
 ---> System.Net.Sockets.SocketException (60): Operation timed out
   at System.Net.Sockets.Socket.AwaitableSocketAsyncEventArgs.CreateException(SocketError error, Boolean forAsyncThrow)
   at System.Net.Sockets.NetworkStream.ReadAsync(Memory`1 buffer, CancellationToken cancellationToken)
   at System.Net.Security.SslStream.EnsureFullTlsFrameAsync[TIOAdapter](CancellationToken cancellationToken, Int32 estimatedSize)
   at System.Threading.ExecutionContext.RunInternal(ExecutionContext executionContext, ContextCallback callback, Object state)
   at System.Net.Sockets.SocketAsyncEngine.System.Threading.IThreadPoolWorkItem.Execute()
   at System.Threading.ThreadPoolWorkQueue.Dispatch()
   at System.Threading.PortableThreadPool.WorkerThread.WorkerThreadStart()
   at System.Threading.Thread.StartCallback()
--- End of stack trace from previous location ---

   --- End of inner exception stack trace ---
   at System.Net.Security.SslStream.EnsureFullTlsFrameAsync[TIOAdapter](CancellationToken cancellationToken, Int32 estimatedSize)
   at System.Runtime.CompilerServices.PoolingAsyncValueTaskMethodBuilder`1.StateMachineBox`1.System.Threading.Tasks.Sources.IValueTaskSource<TResult>.GetResult(Int16 token)
   at System.Net.Security.SslStream.ReadAsyncInternal[TIOAdapter](Memory`1 buffer, CancellationToken cancellationToken)
   at System.Runtime.CompilerServices.PoolingAsyncValueTaskMethodBuilder`1.StateMachineBox`1.System.Threading.Tasks.Sources.IValueTaskSource<TResult>.GetResult(Int16 token)
   at System.Net.Http.HttpConnection.<CheckUsabilityOnScavenge>g__ReadAheadWithZeroByteReadAsync|39_0()
   at System.Net.Http.HttpConnection.SendAsync(HttpRequestMessage request, Boolean async, CancellationToken cancellationToken)
   --- End of inner exception stack trace ---
   at System.Net.Http.HttpConnection.SendAsync(HttpRequestMessage request, Boolean async, CancellationToken cancellationToken)
   at System.Net.Http.HttpConnectionPool.SendWithVersionDetectionAndRetryAsync(HttpRequestMessage request, Boolean async, Boolean doRequestAuth, CancellationToken cancellationToken)
   at System.Net.Http.RedirectHandler.SendAsync(HttpRequestMessage request, Boolean async, CancellationToken cancellationToken)
   at System.Net.Http.DecompressionHandler.SendAsync(HttpRequestMessage request, Boolean async, CancellationToken cancellationToken)
   at Microsoft.Extensions.Http.Logging.LoggingHttpMessageHandler.<SendCoreAsync>g__Core|4_0(HttpRequestMessage request, Boolean useAsync, CancellationToken cancellationToken)
   at Libronix.Utility.Net.TimeoutHandler.SendAsync(HttpRequestMessage request, CancellationToken cancellationToken)
   at Microsoft.Extensions.Http.Logging.LoggingScopeHttpMessageHandler.<SendCoreAsync>g__Core|4_0(HttpRequestMessage request, Boolean useAsync, CancellationToken cancellationToken)
   at System.Net.Http.HttpClient.<SendAsync>g__Core|83_0(HttpRequestMessage request, HttpCompletionOption completionOption, CancellationTokenSource cts, Boolean disposeCts, CancellationTokenSource pendingRequestsCts, CancellationToken originalCancellationToken)
   at Libronix.Utility.Net.WebServiceRequestBase`1.GetResponseAsync(CancellationToken cancellationToken)

Program Version: 52.2 (52.2.0.0019)
Time: 2026-08-14 06:20:54 -04:00 (2026-08-14T10:20:54Z)
Error downloading user events.
Libronix.Utility.Net.WebServiceException: Error building request. Request: GET https://usereventsapi.logos.com/v1/events
 ---> System.Net.Http.HttpRequestException: An error occurred while sending the request.
 ---> System.IO.IOException: Unable to read data from the transport connection: Operation timed out.
 ---> System.Net.Sockets.SocketException (60): Operation timed out
   at System.Net.Sockets.Socket.AwaitableSocketAsyncEventArgs.CreateException(SocketError error, Boolean forAsyncThrow)
   at System.Net.Sockets.NetworkStream.ReadAsync(Memory`1 buffer, CancellationToken cancellationToken)
   at System.Net.Security.SslStream.EnsureFullTlsFrameAsync[TIOAdapter](CancellationToken cancellationToken, Int32 estimatedSize)
   at System.Threading.ExecutionContext.RunInternal(ExecutionContext executionContext, ContextCallback callback, Object state)
   at System.Net.Sockets.SocketAsyncEngine.System.Threading.IThreadPoolWorkItem.Execute()
   at System.Threading.ThreadPoolWorkQueue.Dispatch()
   at System.Threading.PortableThreadPool.WorkerThread.WorkerThreadStart()
   at System.Threading.Thread.StartCallback()
--- End of stack trace from previous location ---

   --- End of inner exception stack trace ---
   at System.Net.Security.SslStream.EnsureFullTlsFrameAsync[TIOAdapter](CancellationToken cancellationToken, Int32 estimatedSize)
   at System.Runtime.CompilerServices.PoolingAsyncValueTaskMethodBuilder`1.StateMachineBox`1.System.Threading.Tasks.Sources.IValueTaskSource<TResult>.GetResult(Int16 token)
   at System.Net.Security.SslStream.ReadAsyncInternal[TIOAdapter](Memory`1 buffer, CancellationToken cancellationToken)
   at System.Runtime.CompilerServices.PoolingAsyncValueTaskMethodBuilder`1.StateMachineBox`1.System.Threading.Tasks.Sources.IValueTaskSource<TResult>.GetResult(Int16 token)
   at System.Net.Http.HttpConnection.<CheckUsabilityOnScavenge>g__ReadAheadWithZeroByteReadAsync|39_0()
   at System.Net.Http.HttpConnection.SendAsync(HttpRequestMessage request, Boolean async, CancellationToken cancellationToken)
   --- End of inner exception stack trace ---
   at System.Net.Http.HttpConnection.SendAsync(HttpRequestMessage request, Boolean async, CancellationToken cancellationToken)
   at System.Net.Http.HttpConnectionPool.SendWithVersionDetectionAndRetryAsync(HttpRequestMessage request, Boolean async, Boolean doRequestAuth, CancellationToken cancellationToken)
   at System.Net.Http.RedirectHandler.SendAsync(HttpRequestMessage request, Boolean async, CancellationToken cancellationToken)
   at System.Net.Http.DecompressionHandler.SendAsync(HttpRequestMessage request, Boolean async, CancellationToken cancellationToken)
   at Microsoft.Extensions.Http.Logging.LoggingHttpMessageHandler.<SendCoreAsync>g__Core|4_0(HttpRequestMessage request, Boolean useAsync, CancellationToken cancellationToken)
   at Libronix.Utility.Net.TimeoutHandler.SendAsync(HttpRequestMessage request, CancellationToken cancellationToken)
   at Microsoft.Extensions.Http.Logging.LoggingScopeHttpMessageHandler.<SendCoreAsync>g__Core|4_0(HttpRequestMessage request, Boolean useAsync, CancellationToken cancellationToken)
   at System.Net.Http.HttpClient.<SendAsync>g__Core|83_0(HttpRequestMessage request, HttpCompletionOption completionOption, CancellationTokenSource cts, Boolean disposeCts, CancellationTokenSource pendingRequestsCts, CancellationToken originalCancellationToken)
   at Libronix.Utility.Net.WebServiceRequestBase`1.GetResponseAsync(CancellationToken cancellationToken)
   --- End of inner exception stack trace ---
   at Libronix.Utility.Net.WebServiceRequestBase`1.GetResponseAsync(CancellationToken cancellationToken)
   at Logos.UserEvents.Manager.UserEventManager.DoUpdate()

Program Version: 52.2 (52.2.0.0019)
Time: 2026-08-14 06:21:02 -04:00 (2026-08-14T10:21:02Z)
Couldn't download licenses file.
Libronix.Utility.Net.WebServiceException: Error building request. Request: GET https://licensesapi.logos.com/v5/licensesfile
 ---> System.Net.Http.HttpRequestException: An error occurred while sending the request.
 ---> System.IO.IOException: Unable to read data from the transport connection: Operation timed out.
 ---> System.Net.Sockets.SocketException (60): Operation timed out
   at System.Net.Sockets.Socket.AwaitableSocketAsyncEventArgs.CreateException(SocketError error, Boolean forAsyncThrow)
   at System.Net.Sockets.NetworkStream.ReadAsync(Memory`1 buffer, CancellationToken cancellationToken)
   at System.Net.Security.SslStream.EnsureFullTlsFrameAsync[TIOAdapter](CancellationToken cancellationToken, Int32 estimatedSize)
   at System.Threading.ExecutionContext.RunInternal(ExecutionContext executionContext, ContextCallback callback, Object state)
   at System.Net.Sockets.SocketAsyncEngine.System.Threading.IThreadPoolWorkItem.Execute()
   at System.Threading.ThreadPoolWorkQueue.Dispatch()
   at System.Threading.PortableThreadPool.WorkerThread.WorkerThreadStart()
   at System.Threading.Thread.StartCallback()
--- End of stack trace from previous location ---

   --- End of inner exception stack trace ---
   at System.Net.Security.SslStream.EnsureFullTlsFrameAsync[TIOAdapter](CancellationToken cancellationToken, Int32 estimatedSize)
   at System.Runtime.CompilerServices.PoolingAsyncValueTaskMethodBuilder`1.StateMachineBox`1.System.Threading.Tasks.Sources.IValueTaskSource<TResult>.GetResult(Int16 token)
   at System.Net.Security.SslStream.ReadAsyncInternal[TIOAdapter](Memory`1 buffer, CancellationToken cancellationToken)
   at System.Runtime.CompilerServices.PoolingAsyncValueTaskMethodBuilder`1.StateMachineBox`1.System.Threading.Tasks.Sources.IValueTaskSource<TResult>.GetResult(Int16 token)
   at System.Net.Http.HttpConnection.<CheckUsabilityOnScavenge>g__ReadAheadWithZeroByteReadAsync|39_0()
   at System.Net.Http.HttpConnection.SendAsync(HttpRequestMessage request, Boolean async, CancellationToken cancellationToken)
   --- End of inner exception stack trace ---
   at System.Net.Http.HttpConnection.SendAsync(HttpRequestMessage request, Boolean async, CancellationToken cancellationToken)
   at System.Net.Http.HttpConnectionPool.SendWithVersionDetectionAndRetryAsync(HttpRequestMessage request, Boolean async, Boolean doRequestAuth, CancellationToken cancellationToken)
   at System.Net.Http.RedirectHandler.SendAsync(HttpRequestMessage request, Boolean async, CancellationToken cancellationToken)
   at System.Net.Http.DecompressionHandler.SendAsync(HttpRequestMessage request, Boolean async, CancellationToken cancellationToken)
   at Microsoft.Extensions.Http.Logging.LoggingHttpMessageHandler.<SendCoreAsync>g__Core|4_0(HttpRequestMessage request, Boolean useAsync, CancellationToken cancellationToken)
   at Libronix.Utility.Net.TimeoutHandler.SendAsync(HttpRequestMessage request, CancellationToken cancellationToken)
   at Microsoft.Extensions.Http.Logging.LoggingScopeHttpMessageHandler.<SendCoreAsync>g__Core|4_0(HttpRequestMessage request, Boolean useAsync, CancellationToken cancellationToken)
   at System.Net.Http.HttpClient.<SendAsync>g__Core|83_0(HttpRequestMessage request, HttpCompletionOption completionOption, CancellationTokenSource cts, Boolean disposeCts, CancellationTokenSource pendingRequestsCts, CancellationToken originalCancellationToken)
   at Libronix.Utility.Net.WebServiceRequestBase`1.GetResponseAsync(CancellationToken cancellationToken)
   --- End of inner exception stack trace ---
   at Libronix.Utility.Net.WebServiceRequestBase`1.GetResponseAsync(CancellationToken cancellationToken)
   at Libronix.Utility.Net.WebServiceRequestBase`1.GetResponseAsync(IWorkState workState)
   at LDLS4.WebServiceClient.GetLicensesAsync(LicensesApiClient licensesApiClient, LicenseManager licenseManager, Boolean forceDownload, CancellationToken cancellationToken) in /Volumes/Code/ghe_actions-2.301.1/ghec-LogosBible-4/_work/LogosDesktop/LogosDesktop/src/LDLS4/WebServiceClient.cs:line 199

Program Version: 52.2 (52.2.0.0019)
Time: 2026-08-14 06:21:25 -04:00 (2026-08-14T10:21:25Z)
Error handling response (POST https://prefsapi.logos.com/v2/prefs/sync/up).
System.Net.Http.HttpRequestException: An error occurred while sending the request.
 ---> System.IO.IOException: Unable to read data from the transport connection: Operation timed out.
 ---> System.Net.Sockets.SocketException (60): Operation timed out
   at System.Net.Sockets.Socket.AwaitableSocketAsyncEventArgs.CreateException(SocketError error, Boolean forAsyncThrow)
   at System.Net.Sockets.NetworkStream.ReadAsync(Memory`1 buffer, CancellationToken cancellationToken)
   at System.Net.Security.SslStream.EnsureFullTlsFrameAsync[TIOAdapter](CancellationToken cancellationToken, Int32 estimatedSize)
   at System.Threading.ExecutionContext.RunInternal(ExecutionContext executionContext, ContextCallback callback, Object state)
   at System.Net.Sockets.SocketAsyncEngine.System.Threading.IThreadPoolWorkItem.Execute()
   at System.Threading.ThreadPoolWorkQueue.Dispatch()
   at System.Threading.PortableThreadPool.WorkerThread.WorkerThreadStart()
   at System.Threading.Thread.StartCallback()
--- End of stack trace from previous location ---

   --- End of inner exception stack trace ---
   at System.Net.Security.SslStream.EnsureFullTlsFrameAsync[TIOAdapter](CancellationToken cancellationToken, Int32 estimatedSize)
   at System.Runtime.CompilerServices.PoolingAsyncValueTaskMethodBuilder`1.StateMachineBox`1.System.Threading.Tasks.Sources.IValueTaskSource<TResult>.GetResult(Int16 token)
   at System.Net.Security.SslStream.ReadAsyncInternal[TIOAdapter](Memory`1 buffer, CancellationToken cancellationToken)
   at System.Runtime.CompilerServices.PoolingAsyncValueTaskMethodBuilder`1.StateMachineBox`1.System.Threading.Tasks.Sources.IValueTaskSource<TResult>.GetResult(Int16 token)
   at System.Net.Http.HttpConnection.<CheckUsabilityOnScavenge>g__ReadAheadWithZeroByteReadAsync|39_0()
   at System.Net.Http.HttpConnection.SendAsync(HttpRequestMessage request, Boolean async, CancellationToken cancellationToken)
   --- End of inner exception stack trace ---
   at System.Net.Http.HttpConnection.SendAsync(HttpRequestMessage request, Boolean async, CancellationToken cancellationToken)
   at System.Net.Http.HttpConnectionPool.SendWithVersionDetectionAndRetryAsync(HttpRequestMessage request, Boolean async, Boolean doRequestAuth, CancellationToken cancellationToken)
   at System.Net.Http.HttpMessageHandlerStage.Send(HttpRequestMessage request, CancellationToken cancellationToken)
   at System.Net.Http.Metrics.MetricsHandler.SendAsync(HttpRequestMessage request, Boolean async, CancellationToken cancellationToken)
   at System.Net.Http.HttpMessageHandlerStage.Send(HttpRequestMessage request, CancellationToken cancellationToken)
   at System.Net.Http.RedirectHandler.SendAsync(HttpRequestMessage request, Boolean async, CancellationToken cancellationToken)
   at System.Net.Http.DecompressionHandler.SendAsync(HttpRequestMessage request, Boolean async, CancellationToken cancellationToken)
   at System.Net.Http.SocketsHttpHandler.Send(HttpRequestMessage request, CancellationToken cancellationToken)
   at Microsoft.Extensions.Http.Logging.LoggingHttpMessageHandler.<SendCoreAsync>g__Core|4_0(HttpRequestMessage request, Boolean useAsync, CancellationToken cancellationToken)
   at Microsoft.Extensions.Http.Logging.LoggingHttpMessageHandler.Send(HttpRequestMessage request, CancellationToken cancellationToken)
   at Microsoft.Extensions.Http.Logging.LoggingScopeHttpMessageHandler.<SendCoreAsync>g__Core|4_0(HttpRequestMessage request, Boolean useAsync, CancellationToken cancellationToken)
   at Microsoft.Extensions.Http.Logging.LoggingScopeHttpMessageHandler.Send(HttpRequestMessage request, CancellationToken cancellationToken)
   at System.Net.Http.HttpClient.Send(HttpRequestMessage request, HttpCompletionOption completionOption, CancellationToken cancellationToken)
   at Libronix.Utility.Net.WebServiceRequestBase`1.GetResponse(IWorkState workState)

Program Version: 52.2 (52.2.0.0019)
Time: 2026-08-14 08:14:00 -04:00 (2026-08-14T12:14:00Z)
Couldn't download licenses file.
Libronix.Utility.Net.WebServiceException: Error building request. Request: GET https://licensesapi.logos.com/v5/licensesfile
 ---> System.Net.Http.HttpRequestException: An error occurred while sending the request.
 ---> System.IO.IOException: Unable to read data from the transport connection: Connection reset by peer.
 ---> System.Net.Sockets.SocketException (54): Connection reset by peer
   at System.Net.Sockets.Socket.AwaitableSocketAsyncEventArgs.CreateException(SocketError error, Boolean forAsyncThrow)
   at System.Net.Sockets.NetworkStream.ReadAsync(Memory`1 buffer, CancellationToken cancellationToken)
   at System.Net.Security.SslStream.EnsureFullTlsFrameAsync[TIOAdapter](CancellationToken cancellationToken, Int32 estimatedSize)
   at System.Threading.ExecutionContext.RunInternal(ExecutionContext executionContext, ContextCallback callback, Object state)
   at System.Net.Sockets.SocketAsyncEngine.System.Threading.IThreadPoolWorkItem.Execute()
   at System.Threading.ThreadPoolWorkQueue.Dispatch()
   at System.Threading.PortableThreadPool.WorkerThread.WorkerThreadStart()
   at System.Threading.Thread.StartCallback()
--- End of stack trace from previous location ---

   --- End of inner exception stack trace ---
   at System.Net.Security.SslStream.EnsureFullTlsFrameAsync[TIOAdapter](CancellationToken cancellationToken, Int32 estimatedSize)
   at System.Runtime.CompilerServices.PoolingAsyncValueTaskMethodBuilder`1.StateMachineBox`1.System.Threading.Tasks.Sources.IValueTaskSource<TResult>.GetResult(Int16 token)
   at System.Net.Security.SslStream.ReadAsyncInternal[TIOAdapter](Memory`1 buffer, CancellationToken cancellationToken)
   at System.Runtime.CompilerServices.PoolingAsyncValueTaskMethodBuilder`1.StateMachineBox`1.System.Threading.Tasks.Sources.IValueTaskSource<TResult>.GetResult(Int16 token)
   at System.Net.Http.HttpConnection.<CheckUsabilityOnScavenge>g__ReadAheadWithZeroByteReadAsync|39_0()
   at System.Net.Http.HttpConnection.SendAsync(HttpRequestMessage request, Boolean async, CancellationToken cancellationToken)
   --- End of inner exception stack trace ---
   at System.Net.Http.HttpConnection.SendAsync(HttpRequestMessage request, Boolean async, CancellationToken cancellationToken)
   at System.Net.Http.HttpConnectionPool.SendWithVersionDetectionAndRetryAsync(HttpRequestMessage request, Boolean async, Boolean doRequestAuth, CancellationToken cancellationToken)
   at System.Net.Http.RedirectHandler.SendAsync(HttpRequestMessage request, Boolean async, CancellationToken cancellationToken)
   at System.Net.Http.DecompressionHandler.SendAsync(HttpRequestMessage request, Boolean async, CancellationToken cancellationToken)
   at Microsoft.Extensions.Http.Logging.LoggingHttpMessageHandler.<SendCoreAsync>g__Core|4_0(HttpRequestMessage request, Boolean useAsync, CancellationToken cancellationToken)
   at Libronix.Utility.Net.TimeoutHandler.SendAsync(HttpRequestMessage request, CancellationToken cancellationToken)
   at Microsoft.Extensions.Http.Logging.LoggingScopeHttpMessageHandler.<SendCoreAsync>g__Core|4_0(HttpRequestMessage request, Boolean useAsync, CancellationToken cancellationToken)
   at System.Net.Http.HttpClient.<SendAsync>g__Core|83_0(HttpRequestMessage request, HttpCompletionOption completionOption, CancellationTokenSource cts, Boolean disposeCts, CancellationTokenSource pendingRequestsCts, CancellationToken originalCancellationToken)
   at Libronix.Utility.Net.WebServiceRequestBase`1.GetResponseAsync(CancellationToken cancellationToken)
   --- End of inner exception stack trace ---
   at Libronix.Utility.Net.WebServiceRequestBase`1.GetResponseAsync(CancellationToken cancellationToken)
   at Libronix.Utility.Net.WebServiceRequestBase`1.GetResponseAsync(IWorkState workState)
   at LDLS4.WebServiceClient.GetLicensesAsync(LicensesApiClient licensesApiClient, LicenseManager licenseManager, Boolean forceDownload, CancellationToken cancellationToken) in /Volumes/Code/ghe_actions-2.301.1/ghec-LogosBible-4/_work/LogosDesktop/LogosDesktop/src/LDLS4/WebServiceClient.cs:line 199

Program Version: 52.2 (52.2.0.0019)
Time: 2026-08-14 08:14:00 -04:00 (2026-08-14T12:14:00Z)
Error downloading user events.
Libronix.Utility.Net.WebServiceException: Error building request. Request: GET https://usereventsapi.logos.com/v1/events
 ---> System.Net.Http.HttpRequestException: An error occurred while sending the request.
 ---> System.IO.IOException: Unable to read data from the transport connection: Connection reset by peer.
 ---> System.Net.Sockets.SocketException (54): Connection reset by peer
   at System.Net.Sockets.Socket.AwaitableSocketAsyncEventArgs.CreateException(SocketError error, Boolean forAsyncThrow)
   at System.Net.Sockets.NetworkStream.ReadAsync(Memory`1 buffer, CancellationToken cancellationToken)
   at System.Net.Security.SslStream.EnsureFullTlsFrameAsync[TIOAdapter](CancellationToken cancellationToken, Int32 estimatedSize)
   at System.Threading.ExecutionContext.RunInternal(ExecutionContext executionContext, ContextCallback callback, Object state)
   at System.Net.Sockets.SocketAsyncEngine.System.Threading.IThreadPoolWorkItem.Execute()
   at System.Threading.ThreadPoolWorkQueue.Dispatch()
   at System.Threading.PortableThreadPool.WorkerThread.WorkerThreadStart()
   at System.Threading.Thread.StartCallback()
--- End of stack trace from previous location ---

   --- End of inner exception stack trace ---
   at System.Net.Security.SslStream.EnsureFullTlsFrameAsync[TIOAdapter](CancellationToken cancellationToken, Int32 estimatedSize)
   at System.Runtime.CompilerServices.PoolingAsyncValueTaskMethodBuilder`1.StateMachineBox`1.System.Threading.Tasks.Sources.IValueTaskSource<TResult>.GetResult(Int16 token)
   at System.Net.Security.SslStream.ReadAsyncInternal[TIOAdapter](Memory`1 buffer, CancellationToken cancellationToken)
   at System.Runtime.CompilerServices.PoolingAsyncValueTaskMethodBuilder`1.StateMachineBox`1.System.Threading.Tasks.Sources.IValueTaskSource<TResult>.GetResult(Int16 token)
   at System.Net.Http.HttpConnection.<CheckUsabilityOnScavenge>g__ReadAheadWithZeroByteReadAsync|39_0()
   at System.Net.Http.HttpConnection.SendAsync(HttpRequestMessage request, Boolean async, CancellationToken cancellationToken)
   --- End of inner exception stack trace ---
   at System.Net.Http.HttpConnection.SendAsync(HttpRequestMessage request, Boolean async, CancellationToken cancellationToken)
   at System.Net.Http.HttpConnectionPool.SendWithVersionDetectionAndRetryAsync(HttpRequestMessage request, Boolean async, Boolean doRequestAuth, CancellationToken cancellationToken)
   at System.Net.Http.RedirectHandler.SendAsync(HttpRequestMessage request, Boolean async, CancellationToken cancellationToken)
   at System.Net.Http.DecompressionHandler.SendAsync(HttpRequestMessage request, Boolean async, CancellationToken cancellationToken)
   at Microsoft.Extensions.Http.Logging.LoggingHttpMessageHandler.<SendCoreAsync>g__Core|4_0(HttpRequestMessage request, Boolean useAsync, CancellationToken cancellationToken)
   at Libronix.Utility.Net.TimeoutHandler.SendAsync(HttpRequestMessage request, CancellationToken cancellationToken)
   at Microsoft.Extensions.Http.Logging.LoggingScopeHttpMessageHandler.<SendCoreAsync>g__Core|4_0(HttpRequestMessage request, Boolean useAsync, CancellationToken cancellationToken)
   at System.Net.Http.HttpClient.<SendAsync>g__Core|83_0(HttpRequestMessage request, HttpCompletionOption completionOption, CancellationTokenSource cts, Boolean disposeCts, CancellationTokenSource pendingRequestsCts, CancellationToken originalCancellationToken)
   at Libronix.Utility.Net.WebServiceRequestBase`1.GetResponseAsync(CancellationToken cancellationToken)
   --- End of inner exception stack trace ---
   at Libronix.Utility.Net.WebServiceRequestBase`1.GetResponseAsync(CancellationToken cancellationToken)
   at Logos.UserEvents.Manager.UserEventManager.DoUpdate()

Program Version: 52.2 (52.2.0.0019)
Time: 2026-08-14 09:36:30 -04:00 (2026-08-14T13:36:30Z)
SQLite Error 283: recovered 307 frames from WAL file /Users/mjwebster/Library/Application Support/Logos4/Data/wq8ubj9r.32o/AmplitudeReporter/AmplitudeEvents.db-wal

Program Version: 52.2 (52.2.0.0019)
Time: 2026-08-14 09:36:33 -04:00 (2026-08-14T13:36:33Z)
SQLite Error 284: automatic index on Records(IsDataset)

Program Version: 52.2 (52.2.0.0019)
Time: 2026-08-14 09:38:16 -04:00 (2026-08-14T13:38:16Z)
SQLite Error 284: automatic index on Records(IsDataset)

Program Version: 52.2 (52.2.0.0019)
Time: 2026-08-14 09:56:04 -04:00 (2026-08-14T13:56:04Z)
Exception thrown in web browser interop request handler 'logos.hybrid-ui.runProxiedFunction': Function <n> not found

Program Version: 52.2 (52.2.0.0019)
Time: 2026-08-14 13:56:24 -04:00 (2026-08-14T17:56:24Z)
SQLite Error 283: recovered 396 frames from WAL file /Users/mjwebster/Library/Application Support/Logos4/Data/wq8ubj9r.32o/AmplitudeReporter/AmplitudeEvents.db-wal

Program Version: 52.2 (52.2.0.0019)
Time: 2026-08-14 13:56:29 -04:00 (2026-08-14T17:56:29Z)
SQLite Error 284: automatic index on Records(IsDataset)

Program Version: 52.2 (52.2.0.0019)
Time: 2026-08-14 13:58:10 -04:00 (2026-08-14T17:58:10Z)
SQLite Error 284: automatic index on Records(IsDataset)

Program Version: 52.2 (52.2.0.0019)
Time: 2026-08-14 14:16:39 -04:00 (2026-08-14T18:16:39Z)
Error handling response (POST https://readingprogressapi.logos.com/v1/progress/sync/down).
System.Net.Http.HttpRequestException: An error occurred while sending the request.
 ---> System.IO.IOException: Unable to read data from the transport connection: Operation timed out.
 ---> System.Net.Sockets.SocketException (60): Operation timed out
   at System.Net.Sockets.Socket.AwaitableSocketAsyncEventArgs.CreateException(SocketError error, Boolean forAsyncThrow)
   at System.Net.Sockets.NetworkStream.ReadAsync(Memory`1 buffer, CancellationToken cancellationToken)
   at System.Net.Security.SslStream.EnsureFullTlsFrameAsync[TIOAdapter](CancellationToken cancellationToken, Int32 estimatedSize)
   at System.Threading.ExecutionContext.RunInternal(ExecutionContext executionContext, ContextCallback callback, Object state)
   at System.Net.Sockets.SocketAsyncEngine.System.Threading.IThreadPoolWorkItem.Execute()
   at System.Threading.ThreadPoolWorkQueue.Dispatch()
   at System.Threading.PortableThreadPool.WorkerThread.WorkerThreadStart()
   at System.Threading.Thread.StartCallback()
--- End of stack trace from previous location ---

   --- End of inner exception stack trace ---
   at System.Net.Security.SslStream.EnsureFullTlsFrameAsync[TIOAdapter](CancellationToken cancellationToken, Int32 estimatedSize)
   at System.Runtime.CompilerServices.PoolingAsyncValueTaskMethodBuilder`1.StateMachineBox`1.System.Threading.Tasks.Sources.IValueTaskSource<TResult>.GetResult(Int16 token)
   at System.Net.Security.SslStream.ReadAsyncInternal[TIOAdapter](Memory`1 buffer, CancellationToken cancellationToken)
   at System.Runtime.CompilerServices.PoolingAsyncValueTaskMethodBuilder`1.StateMachineBox`1.System.Threading.Tasks.Sources.IValueTaskSource<TResult>.GetResult(Int16 token)
   at System.Net.Http.HttpConnection.<CheckUsabilityOnScavenge>g__ReadAheadWithZeroByteReadAsync|39_0()
   at System.Net.Http.HttpConnection.SendAsync(HttpRequestMessage request, Boolean async, CancellationToken cancellationToken)
   --- End of inner exception stack trace ---
   at System.Net.Http.HttpConnection.SendAsync(HttpRequestMessage request, Boolean async, CancellationToken cancellationToken)
   at System.Net.Http.HttpConnectionPool.SendWithVersionDetectionAndRetryAsync(HttpRequestMessage request, Boolean async, Boolean doRequestAuth, CancellationToken cancellationToken)
   at System.Net.Http.HttpMessageHandlerStage.Send(HttpRequestMessage request, CancellationToken cancellationToken)
   at System.Net.Http.Metrics.MetricsHandler.SendAsync(HttpRequestMessage request, Boolean async, CancellationToken cancellationToken)
   at System.Net.Http.HttpMessageHandlerStage.Send(HttpRequestMessage request, CancellationToken cancellationToken)
   at System.Net.Http.RedirectHandler.SendAsync(HttpRequestMessage request, Boolean async, CancellationToken cancellationToken)
   at System.Net.Http.DecompressionHandler.SendAsync(HttpRequestMessage request, Boolean async, CancellationToken cancellationToken)
   at System.Net.Http.SocketsHttpHandler.Send(HttpRequestMessage request, CancellationToken cancellationToken)
   at Microsoft.Extensions.Http.Logging.LoggingHttpMessageHandler.<SendCoreAsync>g__Core|4_0(HttpRequestMessage request, Boolean useAsync, CancellationToken cancellationToken)
   at Microsoft.Extensions.Http.Logging.LoggingHttpMessageHandler.Send(HttpRequestMessage request, CancellationToken cancellationToken)
   at Microsoft.Extensions.Http.Logging.LoggingScopeHttpMessageHandler.<SendCoreAsync>g__Core|4_0(HttpRequestMessage request, Boolean useAsync, CancellationToken cancellationToken)
   at Microsoft.Extensions.Http.Logging.LoggingScopeHttpMessageHandler.Send(HttpRequestMessage request, CancellationToken cancellationToken)
   at System.Net.Http.HttpClient.Send(HttpRequestMessage request, HttpCompletionOption completionOption, CancellationToken cancellationToken)
   at Libronix.Utility.Net.WebServiceRequestBase`1.GetResponse(IWorkState workState)

Program Version: 52.2 (52.2.0.0019)
Time: 2026-08-14 14:20:14 -04:00 (2026-08-14T18:20:14Z)
Error handling response (POST https://readingprogressapi.logos.com/v1/progress/sync/down).
System.Net.Http.HttpRequestException: An error occurred while sending the request.
 ---> System.IO.IOException: Unable to read data from the transport connection: Operation timed out.
 ---> System.Net.Sockets.SocketException (60): Operation timed out
   at System.Net.Sockets.Socket.AwaitableSocketAsyncEventArgs.CreateException(SocketError error, Boolean forAsyncThrow)
   at System.Net.Sockets.NetworkStream.ReadAsync(Memory`1 buffer, CancellationToken cancellationToken)
   at System.Net.Security.SslStream.EnsureFullTlsFrameAsync[TIOAdapter](CancellationToken cancellationToken, Int32 estimatedSize)
   at System.Threading.ExecutionContext.RunInternal(ExecutionContext executionContext, ContextCallback callback, Object state)
   at System.Net.Sockets.SocketAsyncEngine.System.Threading.IThreadPoolWorkItem.Execute()
   at System.Threading.ThreadPoolWorkQueue.Dispatch()
   at System.Threading.PortableThreadPool.WorkerThread.WorkerThreadStart()
   at System.Threading.Thread.StartCallback()
--- End of stack trace from previous location ---

   --- End of inner exception stack trace ---
   at System.Net.Security.SslStream.EnsureFullTlsFrameAsync[TIOAdapter](CancellationToken cancellationToken, Int32 estimatedSize)
   at System.Runtime.CompilerServices.PoolingAsyncValueTaskMethodBuilder`1.StateMachineBox`1.System.Threading.Tasks.Sources.IValueTaskSource<TResult>.GetResult(Int16 token)
   at System.Net.Security.SslStream.ReadAsyncInternal[TIOAdapter](Memory`1 buffer, CancellationToken cancellationToken)
   at System.Runtime.CompilerServices.PoolingAsyncValueTaskMethodBuilder`1.StateMachineBox`1.System.Threading.Tasks.Sources.IValueTaskSource<TResult>.GetResult(Int16 token)
   at System.Net.Http.HttpConnection.<CheckUsabilityOnScavenge>g__ReadAheadWithZeroByteReadAsync|39_0()
   at System.Net.Http.HttpConnection.SendAsync(HttpRequestMessage request, Boolean async, CancellationToken cancellationToken)
   --- End of inner exception stack trace ---
   at System.Net.Http.HttpConnection.SendAsync(HttpRequestMessage request, Boolean async, CancellationToken cancellationToken)
   at System.Net.Http.HttpConnectionPool.SendWithVersionDetectionAndRetryAsync(HttpRequestMessage request, Boolean async, Boolean doRequestAuth, CancellationToken cancellationToken)
   at System.Net.Http.HttpMessageHandlerStage.Send(HttpRequestMessage request, CancellationToken cancellationToken)
   at System.Net.Http.Metrics.MetricsHandler.SendAsync(HttpRequestMessage request, Boolean async, CancellationToken cancellationToken)
   at System.Net.Http.HttpMessageHandlerStage.Send(HttpRequestMessage request, CancellationToken cancellationToken)
   at System.Net.Http.RedirectHandler.SendAsync(HttpRequestMessage request, Boolean async, CancellationToken cancellationToken)
   at System.Net.Http.DecompressionHandler.SendAsync(HttpRequestMessage request, Boolean async, CancellationToken cancellationToken)
   at System.Net.Http.SocketsHttpHandler.Send(HttpRequestMessage request, CancellationToken cancellationToken)
   at Microsoft.Extensions.Http.Logging.LoggingHttpMessageHandler.<SendCoreAsync>g__Core|4_0(HttpRequestMessage request, Boolean useAsync, CancellationToken cancellationToken)
   at Microsoft.Extensions.Http.Logging.LoggingHttpMessageHandler.Send(HttpRequestMessage request, CancellationToken cancellationToken)
   at Microsoft.Extensions.Http.Logging.LoggingScopeHttpMessageHandler.<SendCoreAsync>g__Core|4_0(HttpRequestMessage request, Boolean useAsync, CancellationToken cancellationToken)
   at Microsoft.Extensions.Http.Logging.LoggingScopeHttpMessageHandler.Send(HttpRequestMessage request, CancellationToken cancellationToken)
   at System.Net.Http.HttpClient.Send(HttpRequestMessage request, HttpCompletionOption completionOption, CancellationToken cancellationToken)
   at Libronix.Utility.Net.WebServiceRequestBase`1.GetResponse(IWorkState workState)

Program Version: 52.2 (52.2.0.0019)
Time: 2026-08-14 14:31:03 -04:00 (2026-08-14T18:31:03Z)
Error handling response (POST https://prefsapi.logos.com/v2/prefs/sync/up).
System.Net.Http.HttpRequestException: An error occurred while sending the request.
 ---> System.IO.IOException: Unable to read data from the transport connection: Operation timed out.
 ---> System.Net.Sockets.SocketException (60): Operation timed out
   at System.Net.Sockets.Socket.AwaitableSocketAsyncEventArgs.CreateException(SocketError error, Boolean forAsyncThrow)
   at System.Net.Sockets.NetworkStream.ReadAsync(Memory`1 buffer, CancellationToken cancellationToken)
   at System.Net.Security.SslStream.EnsureFullTlsFrameAsync[TIOAdapter](CancellationToken cancellationToken, Int32 estimatedSize)
   at System.Threading.ExecutionContext.RunInternal(ExecutionContext executionContext, ContextCallback callback, Object state)
   at System.Net.Sockets.SocketAsyncEngine.System.Threading.IThreadPoolWorkItem.Execute()
   at System.Threading.ThreadPoolWorkQueue.Dispatch()
   at System.Threading.PortableThreadPool.WorkerThread.WorkerThreadStart()
   at System.Threading.Thread.StartCallback()
--- End of stack trace from previous location ---

   --- End of inner exception stack trace ---
   at System.Net.Security.SslStream.EnsureFullTlsFrameAsync[TIOAdapter](CancellationToken cancellationToken, Int32 estimatedSize)
   at System.Runtime.CompilerServices.PoolingAsyncValueTaskMethodBuilder`1.StateMachineBox`1.System.Threading.Tasks.Sources.IValueTaskSource<TResult>.GetResult(Int16 token)
   at System.Net.Security.SslStream.ReadAsyncInternal[TIOAdapter](Memory`1 buffer, CancellationToken cancellationToken)
   at System.Runtime.CompilerServices.PoolingAsyncValueTaskMethodBuilder`1.StateMachineBox`1.System.Threading.Tasks.Sources.IValueTaskSource<TResult>.GetResult(Int16 token)
   at System.Net.Http.HttpConnection.<CheckUsabilityOnScavenge>g__ReadAheadWithZeroByteReadAsync|39_0()
   at System.Net.Http.HttpConnection.SendAsync(HttpRequestMessage request, Boolean async, CancellationToken cancellationToken)
   --- End of inner exception stack trace ---
   at System.Net.Http.HttpConnection.SendAsync(HttpRequestMessage request, Boolean async, CancellationToken cancellationToken)
   at System.Net.Http.HttpConnectionPool.SendWithVersionDetectionAndRetryAsync(HttpRequestMessage request, Boolean async, Boolean doRequestAuth, CancellationToken cancellationToken)
   at System.Net.Http.HttpMessageHandlerStage.Send(HttpRequestMessage request, CancellationToken cancellationToken)
   at System.Net.Http.Metrics.MetricsHandler.SendAsync(HttpRequestMessage request, Boolean async, CancellationToken cancellationToken)
   at System.Net.Http.HttpMessageHandlerStage.Send(HttpRequestMessage request, CancellationToken cancellationToken)
   at System.Net.Http.RedirectHandler.SendAsync(HttpRequestMessage request, Boolean async, CancellationToken cancellationToken)
   at System.Net.Http.DecompressionHandler.SendAsync(HttpRequestMessage request, Boolean async, CancellationToken cancellationToken)
   at System.Net.Http.SocketsHttpHandler.Send(HttpRequestMessage request, CancellationToken cancellationToken)
   at Microsoft.Extensions.Http.Logging.LoggingHttpMessageHandler.<SendCoreAsync>g__Core|4_0(HttpRequestMessage request, Boolean useAsync, CancellationToken cancellationToken)
   at Microsoft.Extensions.Http.Logging.LoggingHttpMessageHandler.Send(HttpRequestMessage request, CancellationToken cancellationToken)
   at Microsoft.Extensions.Http.Logging.LoggingScopeHttpMessageHandler.<SendCoreAsync>g__Core|4_0(HttpRequestMessage request, Boolean useAsync, CancellationToken cancellationToken)
   at Microsoft.Extensions.Http.Logging.LoggingScopeHttpMessageHandler.Send(HttpRequestMessage request, CancellationToken cancellationToken)
   at System.Net.Http.HttpClient.Send(HttpRequestMessage request, HttpCompletionOption completionOption, CancellationToken cancellationToken)
   at Libronix.Utility.Net.WebServiceRequestBase`1.GetResponse(IWorkState workState)

Program Version: 52.2 (52.2.0.0019)
Time: 2026-08-14 14:38:51 -04:00 (2026-08-14T18:38:51Z)
Exception thrown in web browser interop request handler 'logos.hybrid-ui.runProxiedFunction': Function <n> not found

Program Version: 52.2 (52.2.0.0019)
Time: 2026-08-14 14:52:09 -04:00 (2026-08-14T18:52:09Z)
Couldn't download licenses file.
Libronix.Utility.Net.WebServiceException: Error building request. Request: GET https://licensesapi.logos.com/v5/licensesfile
 ---> System.Net.Http.HttpRequestException: An error occurred while sending the request.
 ---> System.IO.IOException: Unable to read data from the transport connection: Connection reset by peer.
 ---> System.Net.Sockets.SocketException (54): Connection reset by peer
   at System.Net.Sockets.Socket.AwaitableSocketAsyncEventArgs.CreateException(SocketError error, Boolean forAsyncThrow)
   at System.Net.Sockets.NetworkStream.ReadAsync(Memory`1 buffer, CancellationToken cancellationToken)
   at System.Net.Security.SslStream.EnsureFullTlsFrameAsync[TIOAdapter](CancellationToken cancellationToken, Int32 estimatedSize)
   at System.Threading.ExecutionContext.RunInternal(ExecutionContext executionContext, ContextCallback callback, Object state)
   at System.Net.Sockets.SocketAsyncEngine.System.Threading.IThreadPoolWorkItem.Execute()
   at System.Threading.ThreadPoolWorkQueue.Dispatch()
   at System.Threading.PortableThreadPool.WorkerThread.WorkerThreadStart()
   at System.Threading.Thread.StartCallback()
--- End of stack trace from previous location ---

   --- End of inner exception stack trace ---
   at System.Net.Security.SslStream.EnsureFullTlsFrameAsync[TIOAdapter](CancellationToken cancellationToken, Int32 estimatedSize)
   at System.Runtime.CompilerServices.PoolingAsyncValueTaskMethodBuilder`1.StateMachineBox`1.System.Threading.Tasks.Sources.IValueTaskSource<TResult>.GetResult(Int16 token)
   at System.Net.Security.SslStream.ReadAsyncInternal[TIOAdapter](Memory`1 buffer, CancellationToken cancellationToken)
   at System.Runtime.CompilerServices.PoolingAsyncValueTaskMethodBuilder`1.StateMachineBox`1.System.Threading.Tasks.Sources.IValueTaskSource<TResult>.GetResult(Int16 token)
   at System.Net.Http.HttpConnection.<CheckUsabilityOnScavenge>g__ReadAheadWithZeroByteReadAsync|39_0()
   at System.Net.Http.HttpConnection.SendAsync(HttpRequestMessage request, Boolean async, CancellationToken cancellationToken)
   --- End of inner exception stack trace ---
   at System.Net.Http.HttpConnection.SendAsync(HttpRequestMessage request, Boolean async, CancellationToken cancellationToken)
   at System.Net.Http.HttpConnectionPool.SendWithVersionDetectionAndRetryAsync(HttpRequestMessage request, Boolean async, Boolean doRequestAuth, CancellationToken cancellationToken)
   at System.Net.Http.RedirectHandler.SendAsync(HttpRequestMessage request, Boolean async, CancellationToken cancellationToken)
   at System.Net.Http.DecompressionHandler.SendAsync(HttpRequestMessage request, Boolean async, CancellationToken cancellationToken)
   at Microsoft.Extensions.Http.Logging.LoggingHttpMessageHandler.<SendCoreAsync>g__Core|4_0(HttpRequestMessage request, Boolean useAsync, CancellationToken cancellationToken)
   at Libronix.Utility.Net.TimeoutHandler.SendAsync(HttpRequestMessage request, CancellationToken cancellationToken)
   at Microsoft.Extensions.Http.Logging.LoggingScopeHttpMessageHandler.<SendCoreAsync>g__Core|4_0(HttpRequestMessage request, Boolean useAsync, CancellationToken cancellationToken)
   at System.Net.Http.HttpClient.<SendAsync>g__Core|83_0(HttpRequestMessage request, HttpCompletionOption completionOption, CancellationTokenSource cts, Boolean disposeCts, CancellationTokenSource pendingRequestsCts, CancellationToken originalCancellationToken)
   at Libronix.Utility.Net.WebServiceRequestBase`1.GetResponseAsync(CancellationToken cancellationToken)
   --- End of inner exception stack trace ---
   at Libronix.Utility.Net.WebServiceRequestBase`1.GetResponseAsync(CancellationToken cancellationToken)
   at Libronix.Utility.Net.WebServiceRequestBase`1.GetResponseAsync(IWorkState workState)
   at LDLS4.WebServiceClient.GetLicensesAsync(LicensesApiClient licensesApiClient, LicenseManager licenseManager, Boolean forceDownload, CancellationToken cancellationToken) in /Volumes/Code/ghe_actions-2.301.1/ghec-LogosBible-4/_work/LogosDesktop/LogosDesktop/src/LDLS4/WebServiceClient.cs:line 199

Program Version: 52.2 (52.2.0.0019)
Time: 2026-08-14 14:52:09 -04:00 (2026-08-14T18:52:09Z)
Error downloading user events.
Libronix.Utility.Net.WebServiceException: Error building request. Request: GET https://usereventsapi.logos.com/v1/events
 ---> System.Net.Http.HttpRequestException: An error occurred while sending the request.
 ---> System.IO.IOException: Unable to read data from the transport connection: Connection reset by peer.
 ---> System.Net.Sockets.SocketException (54): Connection reset by peer
   at System.Net.Sockets.Socket.AwaitableSocketAsyncEventArgs.CreateException(SocketError error, Boolean forAsyncThrow)
   at System.Net.Sockets.NetworkStream.ReadAsync(Memory`1 buffer, CancellationToken cancellationToken)
   at System.Net.Security.SslStream.EnsureFullTlsFrameAsync[TIOAdapter](CancellationToken cancellationToken, Int32 estimatedSize)
   at System.Threading.ExecutionContext.RunInternal(ExecutionContext executionContext, ContextCallback callback, Object state)
   at System.Net.Sockets.SocketAsyncEngine.System.Threading.IThreadPoolWorkItem.Execute()
   at System.Threading.ThreadPoolWorkQueue.Dispatch()
   at System.Threading.PortableThreadPool.WorkerThread.WorkerThreadStart()
   at System.Threading.Thread.StartCallback()
--- End of stack trace from previous location ---

   --- End of inner exception stack trace ---
   at System.Net.Security.SslStream.EnsureFullTlsFrameAsync[TIOAdapter](CancellationToken cancellationToken, Int32 estimatedSize)
   at System.Runtime.CompilerServices.PoolingAsyncValueTaskMethodBuilder`1.StateMachineBox`1.System.Threading.Tasks.Sources.IValueTaskSource<TResult>.GetResult(Int16 token)
   at System.Net.Security.SslStream.ReadAsyncInternal[TIOAdapter](Memory`1 buffer, CancellationToken cancellationToken)
   at System.Runtime.CompilerServices.PoolingAsyncValueTaskMethodBuilder`1.StateMachineBox`1.System.Threading.Tasks.Sources.IValueTaskSource<TResult>.GetResult(Int16 token)
   at System.Net.Http.HttpConnection.<CheckUsabilityOnScavenge>g__ReadAheadWithZeroByteReadAsync|39_0()
   at System.Net.Http.HttpConnection.SendAsync(HttpRequestMessage request, Boolean async, CancellationToken cancellationToken)
   --- End of inner exception stack trace ---
   at System.Net.Http.HttpConnection.SendAsync(HttpRequestMessage request, Boolean async, CancellationToken cancellationToken)
   at System.Net.Http.HttpConnectionPool.SendWithVersionDetectionAndRetryAsync(HttpRequestMessage request, Boolean async, Boolean doRequestAuth, CancellationToken cancellationToken)
   at System.Net.Http.RedirectHandler.SendAsync(HttpRequestMessage request, Boolean async, CancellationToken cancellationToken)
   at System.Net.Http.DecompressionHandler.SendAsync(HttpRequestMessage request, Boolean async, CancellationToken cancellationToken)
   at Microsoft.Extensions.Http.Logging.LoggingHttpMessageHandler.<SendCoreAsync>g__Core|4_0(HttpRequestMessage request, Boolean useAsync, CancellationToken cancellationToken)
   at Libronix.Utility.Net.TimeoutHandler.SendAsync(HttpRequestMessage request, CancellationToken cancellationToken)
   at Microsoft.Extensions.Http.Logging.LoggingScopeHttpMessageHandler.<SendCoreAsync>g__Core|4_0(HttpRequestMessage request, Boolean useAsync, CancellationToken cancellationToken)
   at System.Net.Http.HttpClient.<SendAsync>g__Core|83_0(HttpRequestMessage request, HttpCompletionOption completionOption, CancellationTokenSource cts, Boolean disposeCts, CancellationTokenSource pendingRequestsCts, CancellationToken originalCancellationToken)
   at Libronix.Utility.Net.WebServiceRequestBase`1.GetResponseAsync(CancellationToken cancellationToken)
   --- End of inner exception stack trace ---
   at Libronix.Utility.Net.WebServiceRequestBase`1.GetResponseAsync(CancellationToken cancellationToken)
   at Logos.UserEvents.Manager.UserEventManager.DoUpdate()

Program Version: 52.2 (52.2.0.0019)
Time: 2026-08-14 14:56:41 -04:00 (2026-08-14T18:56:41Z)
SQLite Error 284: automatic index on Records(IsDataset)

Program Version: 52.2 (52.2.0.0019)
Time: 2026-08-14 16:56:40 -04:00 (2026-08-14T20:56:40Z)
Exception thrown in web browser interop request handler 'logos.hybrid-ui.runFunction': Cannot access a disposed object.
Object name: 'AsyncWorkGroup'.

Program Version: 52.2 (52.2.0.0019)
Time: 2026-08-14 16:56:55 -04:00 (2026-08-14T20:56:55Z)
Exception thrown in web browser interop request handler 'logos.hybrid-ui.runProxiedFunction': Function <n> not found

Program Version: 52.2 (52.2.0.0019)
Time: 2026-08-14 17:01:59 -04:00 (2026-08-14T21:01:59Z)
Exception thrown in web browser interop request handler 'logos.hybrid-ui.runProxiedFunction': Function <n> not found

Program Version: 52.2 (52.2.0.0019)
Time: 2026-08-14 21:16:13 -04:00 (2026-08-15T01:16:13Z)
SQLite Error 284: automatic index on Records(IsDataset)

Program Version: 52.2 (52.2.0.0019)
Time: 2026-08-15 06:08:48 -04:00 (2026-08-15T10:08:48Z)
Couldn't download licenses file.
Libronix.Utility.Net.WebServiceException: Error building request. Request: GET https://licensesapi.logos.com/v5/licensesfile
 ---> System.Net.Http.HttpRequestException: An error occurred while sending the request.
 ---> System.IO.IOException: The encryption operation failed, see inner exception.
 ---> System.ComponentModel.Win32Exception (14): Bad address
   --- End of inner exception stack trace ---
   at System.Net.Security.SslStream.WriteAsyncInternal[TIOAdapter](ReadOnlyMemory`1 buffer, CancellationToken cancellationToken)
   at System.Net.Http.HttpConnection.FlushAsync(Boolean async)
   at System.Net.Http.HttpConnection.SendAsync(HttpRequestMessage request, Boolean async, CancellationToken cancellationToken)
   at System.Net.Http.HttpConnection.SendAsync(HttpRequestMessage request, Boolean async, CancellationToken cancellationToken)
   at System.Net.Http.HttpConnectionPool.SendWithVersionDetectionAndRetryAsync(HttpRequestMessage request, Boolean async, Boolean doRequestAuth, CancellationToken cancellationToken)
   at System.Net.Http.HttpConnectionPoolManager.SendAsync(HttpRequestMessage request, Boolean async, Boolean doRequestAuth, CancellationToken cancellationToken)
   at System.Net.Http.HttpMessageHandlerStage.SendAsync(HttpRequestMessage request, CancellationToken cancellationToken)
   at System.Net.Http.RedirectHandler.SendAsync(HttpRequestMessage request, Boolean async, CancellationToken cancellationToken)
   at System.Net.Http.DecompressionHandler.SendAsync(HttpRequestMessage request, Boolean async, CancellationToken cancellationToken)
   at System.Net.Http.DecompressionHandler.SendAsync(HttpRequestMessage request, Boolean async, CancellationToken cancellationToken)
   at System.Net.Http.SocketsHttpHandler.SendAsync(HttpRequestMessage request, CancellationToken cancellationToken)
   at Microsoft.Extensions.Http.Logging.LoggingHttpMessageHandler.<SendCoreAsync>g__Core|4_0(HttpRequestMessage request, Boolean useAsync, CancellationToken cancellationToken)
   at Microsoft.Extensions.Http.Logging.LoggingHttpMessageHandler.SendAsync(HttpRequestMessage request, CancellationToken cancellationToken)
   at Libronix.Utility.Net.TimeoutHandler.SendAsync(HttpRequestMessage request, CancellationToken cancellationToken)
   at Libronix.Utility.Net.TimeoutHandler.SendAsync(HttpRequestMessage request, CancellationToken cancellationToken)
   at Microsoft.Extensions.Http.Logging.LoggingScopeHttpMessageHandler.<SendCoreAsync>g__Core|4_0(HttpRequestMessage request, Boolean useAsync, CancellationToken cancellationToken)
   at Microsoft.Extensions.Http.Logging.LoggingScopeHttpMessageHandler.SendAsync(HttpRequestMessage request, CancellationToken cancellationToken)
   at System.Net.Http.HttpClient.<SendAsync>g__Core|83_0(HttpRequestMessage request, HttpCompletionOption completionOption, CancellationTokenSource cts, Boolean disposeCts, CancellationTokenSource pendingRequestsCts, CancellationToken originalCancellationToken)
   at System.Runtime.CompilerServices.AsyncMethodBuilderCore.Start[TStateMachine](TStateMachine& stateMachine)
   at Libronix.Utility.Net.WebServiceRequestBase`1.GetResponseAsync(CancellationToken cancellationToken)
   at System.Runtime.CompilerServices.AsyncMethodBuilderCore.Start[TStateMachine](TStateMachine& stateMachine)
   at Libronix.Utility.Net.WebServiceRequestBase`1.GetResponseAsync(IWorkState workState)
   at LDLS4.WebServiceClient.GetLicensesAsync(LicensesApiClient licensesApiClient, LicenseManager licenseManager, Boolean forceDownload, CancellationToken cancellationToken)
   at System.Runtime.CompilerServices.AsyncMethodBuilderCore.Start[TStateMachine](TStateMachine& stateMachine)
   at LDLS4.WebServiceClient.GetLicensesIfUpdatedAsync(AsyncMethodContext context, LicenseManager licenseManager, Action`1 callback) in /Volumes/Code/ghe_actions-2.301.1/ghec-LogosBible-4/_work/LogosDesktop/LogosDesktop/src/LDLS4/WebServiceClient.cs:line 753
   at System.Threading.ExecutionContext.RunInternal(ExecutionContext executionContext, ContextCallback callback, Object state)
   at System.Runtime.CompilerServices.AsyncTaskMethodBuilder`1.AsyncStateMachineBox`1.MoveNext()
   at System.Threading.ExecutionContext.RunInternal(ExecutionContext executionContext, ContextCallback callback, Object state)
   at System.Threading.TimerQueue.FireNextTimers()
   at System.Threading.ThreadPoolWorkQueue.Dispatch()
   at System.Threading.PortableThreadPool.WorkerThread.WorkerThreadStart()
   at System.Threading.Thread.StartCallback()
--- End of stack trace from previous location ---
   at System.Net.Security.SslStream.WriteAsyncInternal[TIOAdapter](ReadOnlyMemory`1 buffer, CancellationToken cancellationToken)
   at System.Net.Http.HttpConnection.SendAsync(HttpRequestMessage request, Boolean async, CancellationToken cancellationToken)
   --- End of inner exception stack trace ---
   at System.Net.Http.HttpConnection.SendAsync(HttpRequestMessage request, Boolean async, CancellationToken cancellationToken)
   at System.Net.Http.HttpConnectionPool.SendWithVersionDetectionAndRetryAsync(HttpRequestMessage request, Boolean async, Boolean doRequestAuth, CancellationToken cancellationToken)
   at System.Net.Http.RedirectHandler.SendAsync(HttpRequestMessage request, Boolean async, CancellationToken cancellationToken)
   at System.Net.Http.DecompressionHandler.SendAsync(HttpRequestMessage request, Boolean async, CancellationToken cancellationToken)
   at Microsoft.Extensions.Http.Logging.LoggingHttpMessageHandler.<SendCoreAsync>g__Core|4_0(HttpRequestMessage request, Boolean useAsync, CancellationToken cancellationToken)
   at Libronix.Utility.Net.TimeoutHandler.SendAsync(HttpRequestMessage request, CancellationToken cancellationToken)
   at Microsoft.Extensions.Http.Logging.LoggingScopeHttpMessageHandler.<SendCoreAsync>g__Core|4_0(HttpRequestMessage request, Boolean useAsync, CancellationToken cancellationToken)
   at System.Net.Http.HttpClient.<SendAsync>g__Core|83_0(HttpRequestMessage request, HttpCompletionOption completionOption, CancellationTokenSource cts, Boolean disposeCts, CancellationTokenSource pendingRequestsCts, CancellationToken originalCancellationToken)
   at Libronix.Utility.Net.WebServiceRequestBase`1.GetResponseAsync(CancellationToken cancellationToken)
   --- End of inner exception stack trace ---
   at Libronix.Utility.Net.WebServiceRequestBase`1.GetResponseAsync(CancellationToken cancellationToken)
   at Libronix.Utility.Net.WebServiceRequestBase`1.GetResponseAsync(IWorkState workState)
   at LDLS4.WebServiceClient.GetLicensesAsync(LicensesApiClient licensesApiClient, LicenseManager licenseManager, Boolean forceDownload, CancellationToken cancellationToken) in /Volumes/Code/ghe_actions-2.301.1/ghec-LogosBible-4/_work/LogosDesktop/LogosDesktop/src/LDLS4/WebServiceClient.cs:line 199

Program Version: 52.2 (52.2.0.0019)
Time: 2026-08-15 06:33:39 -04:00 (2026-08-15T10:33:39Z)
Error building request (GET https://usereventsapi.logos.com/v1/events).
System.Net.Http.HttpRequestException: An error occurred while sending the request.
 ---> System.IO.IOException: Unable to read data from the transport connection: Operation timed out.
 ---> System.Net.Sockets.SocketException (60): Operation timed out
   at System.Net.Sockets.Socket.AwaitableSocketAsyncEventArgs.CreateException(SocketError error, Boolean forAsyncThrow)
   at System.Net.Sockets.NetworkStream.ReadAsync(Memory`1 buffer, CancellationToken cancellationToken)
   at System.Net.Security.SslStream.EnsureFullTlsFrameAsync[TIOAdapter](CancellationToken cancellationToken, Int32 estimatedSize)
   at System.Threading.ExecutionContext.RunInternal(ExecutionContext executionContext, ContextCallback callback, Object state)
   at System.Net.Sockets.SocketAsyncEngine.System.Threading.IThreadPoolWorkItem.Execute()
   at System.Threading.ThreadPoolWorkQueue.Dispatch()
   at System.Threading.PortableThreadPool.WorkerThread.WorkerThreadStart()
   at System.Threading.Thread.StartCallback()
--- End of stack trace from previous location ---

   --- End of inner exception stack trace ---
   at System.Net.Security.SslStream.EnsureFullTlsFrameAsync[TIOAdapter](CancellationToken cancellationToken, Int32 estimatedSize)
   at System.Runtime.CompilerServices.PoolingAsyncValueTaskMethodBuilder`1.StateMachineBox`1.System.Threading.Tasks.Sources.IValueTaskSource<TResult>.GetResult(Int16 token)
   at System.Net.Security.SslStream.ReadAsyncInternal[TIOAdapter](Memory`1 buffer, CancellationToken cancellationToken)
   at System.Runtime.CompilerServices.PoolingAsyncValueTaskMethodBuilder`1.StateMachineBox`1.System.Threading.Tasks.Sources.IValueTaskSource<TResult>.GetResult(Int16 token)
   at System.Net.Http.HttpConnection.<CheckUsabilityOnScavenge>g__ReadAheadWithZeroByteReadAsync|39_0()
   at System.Net.Http.HttpConnection.SendAsync(HttpRequestMessage request, Boolean async, CancellationToken cancellationToken)
   --- End of inner exception stack trace ---
   at System.Net.Http.HttpConnection.SendAsync(HttpRequestMessage request, Boolean async, CancellationToken cancellationToken)
   at System.Net.Http.HttpConnectionPool.SendWithVersionDetectionAndRetryAsync(HttpRequestMessage request, Boolean async, Boolean doRequestAuth, CancellationToken cancellationToken)
   at System.Net.Http.RedirectHandler.SendAsync(HttpRequestMessage request, Boolean async, CancellationToken cancellationToken)
   at System.Net.Http.DecompressionHandler.SendAsync(HttpRequestMessage request, Boolean async, CancellationToken cancellationToken)
   at Microsoft.Extensions.Http.Logging.LoggingHttpMessageHandler.<SendCoreAsync>g__Core|4_0(HttpRequestMessage request, Boolean useAsync, CancellationToken cancellationToken)
   at Libronix.Utility.Net.TimeoutHandler.SendAsync(HttpRequestMessage request, CancellationToken cancellationToken)
   at Microsoft.Extensions.Http.Logging.LoggingScopeHttpMessageHandler.<SendCoreAsync>g__Core|4_0(HttpRequestMessage request, Boolean useAsync, CancellationToken cancellationToken)
   at System.Net.Http.HttpClient.<SendAsync>g__Core|83_0(HttpRequestMessage request, HttpCompletionOption completionOption, CancellationTokenSource cts, Boolean disposeCts, CancellationTokenSource pendingRequestsCts, CancellationToken originalCancellationToken)
   at Libronix.Utility.Net.WebServiceRequestBase`1.GetResponseAsync(CancellationToken cancellationToken)

Program Version: 52.2 (52.2.0.0019)
Time: 2026-08-15 06:33:39 -04:00 (2026-08-15T10:33:39Z)
Error downloading user events.
Libronix.Utility.Net.WebServiceException: Error building request. Request: GET https://usereventsapi.logos.com/v1/events
 ---> System.Net.Http.HttpRequestException: An error occurred while sending the request.
 ---> System.IO.IOException: Unable to read data from the transport connection: Operation timed out.
 ---> System.Net.Sockets.SocketException (60): Operation timed out
   at System.Net.Sockets.Socket.AwaitableSocketAsyncEventArgs.CreateException(SocketError error, Boolean forAsyncThrow)
   at System.Net.Sockets.NetworkStream.ReadAsync(Memory`1 buffer, CancellationToken cancellationToken)
   at System.Net.Security.SslStream.EnsureFullTlsFrameAsync[TIOAdapter](CancellationToken cancellationToken, Int32 estimatedSize)
   at System.Threading.ExecutionContext.RunInternal(ExecutionContext executionContext, ContextCallback callback, Object state)
   at System.Net.Sockets.SocketAsyncEngine.System.Threading.IThreadPoolWorkItem.Execute()
   at System.Threading.ThreadPoolWorkQueue.Dispatch()
   at System.Threading.PortableThreadPool.WorkerThread.WorkerThreadStart()
   at System.Threading.Thread.StartCallback()
--- End of stack trace from previous location ---

   --- End of inner exception stack trace ---
   at System.Net.Security.SslStream.EnsureFullTlsFrameAsync[TIOAdapter](CancellationToken cancellationToken, Int32 estimatedSize)
   at System.Runtime.CompilerServices.PoolingAsyncValueTaskMethodBuilder`1.StateMachineBox`1.System.Threading.Tasks.Sources.IValueTaskSource<TResult>.GetResult(Int16 token)
   at System.Net.Security.SslStream.ReadAsyncInternal[TIOAdapter](Memory`1 buffer, CancellationToken cancellationToken)
   at System.Runtime.CompilerServices.PoolingAsyncValueTaskMethodBuilder`1.StateMachineBox`1.System.Threading.Tasks.Sources.IValueTaskSource<TResult>.GetResult(Int16 token)
   at System.Net.Http.HttpConnection.<CheckUsabilityOnScavenge>g__ReadAheadWithZeroByteReadAsync|39_0()
   at System.Net.Http.HttpConnection.SendAsync(HttpRequestMessage request, Boolean async, CancellationToken cancellationToken)
   --- End of inner exception stack trace ---
   at System.Net.Http.HttpConnection.SendAsync(HttpRequestMessage request, Boolean async, CancellationToken cancellationToken)
   at System.Net.Http.HttpConnectionPool.SendWithVersionDetectionAndRetryAsync(HttpRequestMessage request, Boolean async, Boolean doRequestAuth, CancellationToken cancellationToken)
   at System.Net.Http.RedirectHandler.SendAsync(HttpRequestMessage request, Boolean async, CancellationToken cancellationToken)
   at System.Net.Http.DecompressionHandler.SendAsync(HttpRequestMessage request, Boolean async, CancellationToken cancellationToken)
   at Microsoft.Extensions.Http.Logging.LoggingHttpMessageHandler.<SendCoreAsync>g__Core|4_0(HttpRequestMessage request, Boolean useAsync, CancellationToken cancellationToken)
   at Libronix.Utility.Net.TimeoutHandler.SendAsync(HttpRequestMessage request, CancellationToken cancellationToken)
   at Microsoft.Extensions.Http.Logging.LoggingScopeHttpMessageHandler.<SendCoreAsync>g__Core|4_0(HttpRequestMessage request, Boolean useAsync, CancellationToken cancellationToken)
   at System.Net.Http.HttpClient.<SendAsync>g__Core|83_0(HttpRequestMessage request, HttpCompletionOption completionOption, CancellationTokenSource cts, Boolean disposeCts, CancellationTokenSource pendingRequestsCts, CancellationToken originalCancellationToken)
   at Libronix.Utility.Net.WebServiceRequestBase`1.GetResponseAsync(CancellationToken cancellationToken)
   --- End of inner exception stack trace ---
   at Libronix.Utility.Net.WebServiceRequestBase`1.GetResponseAsync(CancellationToken cancellationToken)
   at Logos.UserEvents.Manager.UserEventManager.DoUpdate()

Program Version: 52.2 (52.2.0.0019)
Time: 2026-08-15 06:34:42 -04:00 (2026-08-15T10:34:42Z)
Couldn't download licenses file.
Libronix.Utility.Net.WebServiceException: Error building request. Request: GET https://licensesapi.logos.com/v5/licensesfile
 ---> System.Net.Http.HttpRequestException: An error occurred while sending the request.
 ---> System.IO.IOException: Unable to read data from the transport connection: Operation timed out.
 ---> System.Net.Sockets.SocketException (60): Operation timed out
   at System.Net.Sockets.Socket.AwaitableSocketAsyncEventArgs.CreateException(SocketError error, Boolean forAsyncThrow)
   at System.Net.Sockets.NetworkStream.ReadAsync(Memory`1 buffer, CancellationToken cancellationToken)
   at System.Net.Security.SslStream.EnsureFullTlsFrameAsync[TIOAdapter](CancellationToken cancellationToken, Int32 estimatedSize)
   at System.Threading.ExecutionContext.RunInternal(ExecutionContext executionContext, ContextCallback callback, Object state)
   at System.Net.Sockets.SocketAsyncEngine.System.Threading.IThreadPoolWorkItem.Execute()
   at System.Threading.ThreadPoolWorkQueue.Dispatch()
   at System.Threading.PortableThreadPool.WorkerThread.WorkerThreadStart()
   at System.Threading.Thread.StartCallback()
--- End of stack trace from previous location ---

   --- End of inner exception stack trace ---
   at System.Net.Security.SslStream.EnsureFullTlsFrameAsync[TIOAdapter](CancellationToken cancellationToken, Int32 estimatedSize)
   at System.Runtime.CompilerServices.PoolingAsyncValueTaskMethodBuilder`1.StateMachineBox`1.System.Threading.Tasks.Sources.IValueTaskSource<TResult>.GetResult(Int16 token)
   at System.Net.Security.SslStream.ReadAsyncInternal[TIOAdapter](Memory`1 buffer, CancellationToken cancellationToken)
   at System.Runtime.CompilerServices.PoolingAsyncValueTaskMethodBuilder`1.StateMachineBox`1.System.Threading.Tasks.Sources.IValueTaskSource<TResult>.GetResult(Int16 token)
   at System.Net.Http.HttpConnection.<CheckUsabilityOnScavenge>g__ReadAheadWithZeroByteReadAsync|39_0()
   at System.Net.Http.HttpConnection.SendAsync(HttpRequestMessage request, Boolean async, CancellationToken cancellationToken)
   --- End of inner exception stack trace ---
   at System.Net.Http.HttpConnection.SendAsync(HttpRequestMessage request, Boolean async, CancellationToken cancellationToken)
   at System.Net.Http.HttpConnectionPool.SendWithVersionDetectionAndRetryAsync(HttpRequestMessage request, Boolean async, Boolean doRequestAuth, CancellationToken cancellationToken)
   at System.Net.Http.RedirectHandler.SendAsync(HttpRequestMessage request, Boolean async, CancellationToken cancellationToken)
   at System.Net.Http.DecompressionHandler.SendAsync(HttpRequestMessage request, Boolean async, CancellationToken cancellationToken)
   at Microsoft.Extensions.Http.Logging.LoggingHttpMessageHandler.<SendCoreAsync>g__Core|4_0(HttpRequestMessage request, Boolean useAsync, CancellationToken cancellationToken)
   at Libronix.Utility.Net.TimeoutHandler.SendAsync(HttpRequestMessage request, CancellationToken cancellationToken)
   at Microsoft.Extensions.Http.Logging.LoggingScopeHttpMessageHandler.<SendCoreAsync>g__Core|4_0(HttpRequestMessage request, Boolean useAsync, CancellationToken cancellationToken)
   at System.Net.Http.HttpClient.<SendAsync>g__Core|83_0(HttpRequestMessage request, HttpCompletionOption completionOption, CancellationTokenSource cts, Boolean disposeCts, CancellationTokenSource pendingRequestsCts, CancellationToken originalCancellationToken)
   at Libronix.Utility.Net.WebServiceRequestBase`1.GetResponseAsync(CancellationToken cancellationToken)
   --- End of inner exception stack trace ---
   at Libronix.Utility.Net.WebServiceRequestBase`1.GetResponseAsync(CancellationToken cancellationToken)
   at Libronix.Utility.Net.WebServiceRequestBase`1.GetResponseAsync(IWorkState workState)
   at LDLS4.WebServiceClient.GetLicensesAsync(LicensesApiClient licensesApiClient, LicenseManager licenseManager, Boolean forceDownload, CancellationToken cancellationToken) in /Volumes/Code/ghe_actions-2.301.1/ghec-LogosBible-4/_work/LogosDesktop/LogosDesktop/src/LDLS4/WebServiceClient.cs:line 199

Program Version: 52.2 (52.2.0.0019)
Time: 2026-08-15 06:45:45 -04:00 (2026-08-15T10:45:45Z)
SQLite Error 9: statement aborts at 16: [select distinct s.Name from Senses s
						inner join Occurrences o on o.SenseId = s.SenseId
						inner join OccurrenceWordNumbers own on own.OccurrenceId = o.OccurrenceId
						inner

Program Version: 52.2 (52.2.0.0019)
Time: 2026-08-15 07:13:40 -04:00 (2026-08-15T11:13:40Z)
Couldn't download licenses file.
Libronix.Utility.Net.WebServiceException: Error building request. Request: GET https://licensesapi.logos.com/v5/licensesfile
 ---> System.Net.Http.HttpRequestException: An error occurred while sending the request.
 ---> System.IO.IOException: Unable to read data from the transport connection: Operation timed out.
 ---> System.Net.Sockets.SocketException (60): Operation timed out
   at System.Net.Sockets.Socket.AwaitableSocketAsyncEventArgs.CreateException(SocketError error, Boolean forAsyncThrow)
   at System.Net.Sockets.NetworkStream.ReadAsync(Memory`1 buffer, CancellationToken cancellationToken)
   at System.Net.Security.SslStream.EnsureFullTlsFrameAsync[TIOAdapter](CancellationToken cancellationToken, Int32 estimatedSize)
   at System.Threading.ExecutionContext.RunInternal(ExecutionContext executionContext, ContextCallback callback, Object state)
   at System.Net.Sockets.SocketAsyncEngine.System.Threading.IThreadPoolWorkItem.Execute()
   at System.Threading.ThreadPoolWorkQueue.Dispatch()
   at System.Threading.PortableThreadPool.WorkerThread.WorkerThreadStart()
   at System.Threading.Thread.StartCallback()
--- End of stack trace from previous location ---

   --- End of inner exception stack trace ---
   at System.Net.Security.SslStream.EnsureFullTlsFrameAsync[TIOAdapter](CancellationToken cancellationToken, Int32 estimatedSize)
   at System.Runtime.CompilerServices.PoolingAsyncValueTaskMethodBuilder`1.StateMachineBox`1.System.Threading.Tasks.Sources.IValueTaskSource<TResult>.GetResult(Int16 token)
   at System.Net.Security.SslStream.ReadAsyncInternal[TIOAdapter](Memory`1 buffer, CancellationToken cancellationToken)
   at System.Runtime.CompilerServices.PoolingAsyncValueTaskMethodBuilder`1.StateMachineBox`1.System.Threading.Tasks.Sources.IValueTaskSource<TResult>.GetResult(Int16 token)
   at System.Net.Http.HttpConnection.<CheckUsabilityOnScavenge>g__ReadAheadWithZeroByteReadAsync|39_0()
   at System.Net.Http.HttpConnection.SendAsync(HttpRequestMessage request, Boolean async, CancellationToken cancellationToken)
   --- End of inner exception stack trace ---
   at System.Net.Http.HttpConnection.SendAsync(HttpRequestMessage request, Boolean async, CancellationToken cancellationToken)
   at System.Net.Http.HttpConnectionPool.SendWithVersionDetectionAndRetryAsync(HttpRequestMessage request, Boolean async, Boolean doRequestAuth, CancellationToken cancellationToken)
   at System.Net.Http.RedirectHandler.SendAsync(HttpRequestMessage request, Boolean async, CancellationToken cancellationToken)
   at System.Net.Http.DecompressionHandler.SendAsync(HttpRequestMessage request, Boolean async, CancellationToken cancellationToken)
   at Microsoft.Extensions.Http.Logging.LoggingHttpMessageHandler.<SendCoreAsync>g__Core|4_0(HttpRequestMessage request, Boolean useAsync, CancellationToken cancellationToken)
   at Libronix.Utility.Net.TimeoutHandler.SendAsync(HttpRequestMessage request, CancellationToken cancellationToken)
   at Microsoft.Extensions.Http.Logging.LoggingScopeHttpMessageHandler.<SendCoreAsync>g__Core|4_0(HttpRequestMessage request, Boolean useAsync, CancellationToken cancellationToken)
   at System.Net.Http.HttpClient.<SendAsync>g__Core|83_0(HttpRequestMessage request, HttpCompletionOption completionOption, CancellationTokenSource cts, Boolean disposeCts, CancellationTokenSource pendingRequestsCts, CancellationToken originalCancellationToken)
   at Libronix.Utility.Net.WebServiceRequestBase`1.GetResponseAsync(CancellationToken cancellationToken)
   --- End of inner exception stack trace ---
   at Libronix.Utility.Net.WebServiceRequestBase`1.GetResponseAsync(CancellationToken cancellationToken)
   at Libronix.Utility.Net.WebServiceRequestBase`1.GetResponseAsync(IWorkState workState)
   at LDLS4.WebServiceClient.GetLicensesAsync(LicensesApiClient licensesApiClient, LicenseManager licenseManager, Boolean forceDownload, CancellationToken cancellationToken) in /Volumes/Code/ghe_actions-2.301.1/ghec-LogosBible-4/_work/LogosDesktop/LogosDesktop/src/LDLS4/WebServiceClient.cs:line 199

Program Version: 52.2 (52.2.0.0019)
Time: 2026-08-15 07:14:35 -04:00 (2026-08-15T11:14:35Z)
Error handling response (GET https://usereventsapi.logos.com/v1/events).
System.TimeoutException: The operation has timed out.
   at Libronix.Utility.Net.TimeoutHandler.SendAsync(HttpRequestMessage request, CancellationToken cancellationToken)
   at Microsoft.Extensions.Http.Logging.LoggingScopeHttpMessageHandler.<SendCoreAsync>g__Core|4_0(HttpRequestMessage request, Boolean useAsync, CancellationToken cancellationToken)
   at System.Net.Http.HttpClient.<SendAsync>g__Core|83_0(HttpRequestMessage request, HttpCompletionOption completionOption, CancellationTokenSource cts, Boolean disposeCts, CancellationTokenSource pendingRequestsCts, CancellationToken originalCancellationToken)
   at Libronix.Utility.Net.WebServiceRequestBase`1.GetResponseAsync(CancellationToken cancellationToken)

Program Version: 52.2 (52.2.0.0019)
Time: 2026-08-15 07:14:35 -04:00 (2026-08-15T11:14:35Z)
Error downloading user events.
Libronix.Utility.Net.WebServiceException: Error handling response. Request: GET https://usereventsapi.logos.com/v1/events
 ---> System.TimeoutException: The operation has timed out.
   at Libronix.Utility.Net.TimeoutHandler.SendAsync(HttpRequestMessage request, CancellationToken cancellationToken)
   at Microsoft.Extensions.Http.Logging.LoggingScopeHttpMessageHandler.<SendCoreAsync>g__Core|4_0(HttpRequestMessage request, Boolean useAsync, CancellationToken cancellationToken)
   at System.Net.Http.HttpClient.<SendAsync>g__Core|83_0(HttpRequestMessage request, HttpCompletionOption completionOption, CancellationTokenSource cts, Boolean disposeCts, CancellationTokenSource pendingRequestsCts, CancellationToken originalCancellationToken)
   at Libronix.Utility.Net.WebServiceRequestBase`1.GetResponseAsync(CancellationToken cancellationToken)
   --- End of inner exception stack trace ---
   at Libronix.Utility.Net.WebServiceRequestBase`1.GetResponseAsync(CancellationToken cancellationToken)
   at Logos.UserEvents.Manager.UserEventManager.DoUpdate()

Program Version: 52.2 (52.2.0.0019)
Time: 2026-08-15 08:14:40 -04:00 (2026-08-15T12:14:40Z)
Couldn't download licenses file.
Libronix.Utility.Net.WebServiceException: Error building request. Request: GET https://licensesapi.logos.com/v5/licensesfile
 ---> System.Net.Http.HttpRequestException: An error occurred while sending the request.
 ---> System.IO.IOException: Unable to read data from the transport connection: Operation timed out.
 ---> System.Net.Sockets.SocketException (60): Operation timed out
   at System.Net.Sockets.Socket.AwaitableSocketAsyncEventArgs.CreateException(SocketError error, Boolean forAsyncThrow)
   at System.Net.Sockets.NetworkStream.ReadAsync(Memory`1 buffer, CancellationToken cancellationToken)
   at System.Net.Security.SslStream.EnsureFullTlsFrameAsync[TIOAdapter](CancellationToken cancellationToken, Int32 estimatedSize)
   at System.Threading.ExecutionContext.RunInternal(ExecutionContext executionContext, ContextCallback callback, Object state)
   at System.Net.Sockets.SocketAsyncEngine.System.Threading.IThreadPoolWorkItem.Execute()
   at System.Threading.ThreadPoolWorkQueue.Dispatch()
   at System.Threading.PortableThreadPool.WorkerThread.WorkerThreadStart()
   at System.Threading.Thread.StartCallback()
--- End of stack trace from previous location ---

   --- End of inner exception stack trace ---
   at System.Net.Security.SslStream.EnsureFullTlsFrameAsync[TIOAdapter](CancellationToken cancellationToken, Int32 estimatedSize)
   at System.Runtime.CompilerServices.PoolingAsyncValueTaskMethodBuilder`1.StateMachineBox`1.System.Threading.Tasks.Sources.IValueTaskSource<TResult>.GetResult(Int16 token)
   at System.Net.Security.SslStream.ReadAsyncInternal[TIOAdapter](Memory`1 buffer, CancellationToken cancellationToken)
   at System.Runtime.CompilerServices.PoolingAsyncValueTaskMethodBuilder`1.StateMachineBox`1.System.Threading.Tasks.Sources.IValueTaskSource<TResult>.GetResult(Int16 token)
   at System.Net.Http.HttpConnection.<CheckUsabilityOnScavenge>g__ReadAheadWithZeroByteReadAsync|39_0()
   at System.Net.Http.HttpConnection.SendAsync(HttpRequestMessage request, Boolean async, CancellationToken cancellationToken)
   --- End of inner exception stack trace ---
   at System.Net.Http.HttpConnection.SendAsync(HttpRequestMessage request, Boolean async, CancellationToken cancellationToken)
   at System.Net.Http.HttpConnectionPool.SendWithVersionDetectionAndRetryAsync(HttpRequestMessage request, Boolean async, Boolean doRequestAuth, CancellationToken cancellationToken)
   at System.Net.Http.RedirectHandler.SendAsync(HttpRequestMessage request, Boolean async, CancellationToken cancellationToken)
   at System.Net.Http.DecompressionHandler.SendAsync(HttpRequestMessage request, Boolean async, CancellationToken cancellationToken)
   at Microsoft.Extensions.Http.Logging.LoggingHttpMessageHandler.<SendCoreAsync>g__Core|4_0(HttpRequestMessage request, Boolean useAsync, CancellationToken cancellationToken)
   at Libronix.Utility.Net.TimeoutHandler.SendAsync(HttpRequestMessage request, CancellationToken cancellationToken)
   at Microsoft.Extensions.Http.Logging.LoggingScopeHttpMessageHandler.<SendCoreAsync>g__Core|4_0(HttpRequestMessage request, Boolean useAsync, CancellationToken cancellationToken)
   at System.Net.Http.HttpClient.<SendAsync>g__Core|83_0(HttpRequestMessage request, HttpCompletionOption completionOption, CancellationTokenSource cts, Boolean disposeCts, CancellationTokenSource pendingRequestsCts, CancellationToken originalCancellationToken)
   at Libronix.Utility.Net.WebServiceRequestBase`1.GetResponseAsync(CancellationToken cancellationToken)
   --- End of inner exception stack trace ---
   at Libronix.Utility.Net.WebServiceRequestBase`1.GetResponseAsync(CancellationToken cancellationToken)
   at Libronix.Utility.Net.WebServiceRequestBase`1.GetResponseAsync(IWorkState workState)
   at LDLS4.WebServiceClient.GetLicensesAsync(LicensesApiClient licensesApiClient, LicenseManager licenseManager, Boolean forceDownload, CancellationToken cancellationToken) in /Volumes/Code/ghe_actions-2.301.1/ghec-LogosBible-4/_work/LogosDesktop/LogosDesktop/src/LDLS4/WebServiceClient.cs:line 199

Program Version: 52.2 (52.2.0.0019)
Time: 2026-08-15 09:01:49 -04:00 (2026-08-15T13:01:49Z)
Error building request (GET https://usereventsapi.logos.com/v1/events).
System.Net.Http.HttpRequestException: An error occurred while sending the request.
 ---> System.IO.IOException: Unable to read data from the transport connection: Operation timed out.
 ---> System.Net.Sockets.SocketException (60): Operation timed out
   at System.Net.Sockets.Socket.AwaitableSocketAsyncEventArgs.CreateException(SocketError error, Boolean forAsyncThrow)
   at System.Net.Sockets.NetworkStream.ReadAsync(Memory`1 buffer, CancellationToken cancellationToken)
   at System.Net.Security.SslStream.EnsureFullTlsFrameAsync[TIOAdapter](CancellationToken cancellationToken, Int32 estimatedSize)
   at System.Threading.ExecutionContext.RunInternal(ExecutionContext executionContext, ContextCallback callback, Object state)
   at System.Net.Sockets.SocketAsyncEngine.System.Threading.IThreadPoolWorkItem.Execute()
   at System.Threading.ThreadPoolWorkQueue.Dispatch()
   at System.Threading.PortableThreadPool.WorkerThread.WorkerThreadStart()
   at System.Threading.Thread.StartCallback()
--- End of stack trace from previous location ---

   --- End of inner exception stack trace ---
   at System.Net.Security.SslStream.EnsureFullTlsFrameAsync[TIOAdapter](CancellationToken cancellationToken, Int32 estimatedSize)
   at System.Runtime.CompilerServices.PoolingAsyncValueTaskMethodBuilder`1.StateMachineBox`1.System.Threading.Tasks.Sources.IValueTaskSource<TResult>.GetResult(Int16 token)
   at System.Net.Security.SslStream.ReadAsyncInternal[TIOAdapter](Memory`1 buffer, CancellationToken cancellationToken)
   at System.Runtime.CompilerServices.PoolingAsyncValueTaskMethodBuilder`1.StateMachineBox`1.System.Threading.Tasks.Sources.IValueTaskSource<TResult>.GetResult(Int16 token)
   at System.Net.Http.HttpConnection.<CheckUsabilityOnScavenge>g__ReadAheadWithZeroByteReadAsync|39_0()
   at System.Net.Http.HttpConnection.SendAsync(HttpRequestMessage request, Boolean async, CancellationToken cancellationToken)
   --- End of inner exception stack trace ---
   at System.Net.Http.HttpConnection.SendAsync(HttpRequestMessage request, Boolean async, CancellationToken cancellationToken)
   at System.Net.Http.HttpConnectionPool.SendWithVersionDetectionAndRetryAsync(HttpRequestMessage request, Boolean async, Boolean doRequestAuth, CancellationToken cancellationToken)
   at System.Net.Http.RedirectHandler.SendAsync(HttpRequestMessage request, Boolean async, CancellationToken cancellationToken)
   at System.Net.Http.DecompressionHandler.SendAsync(HttpRequestMessage request, Boolean async, CancellationToken cancellationToken)
   at Microsoft.Extensions.Http.Logging.LoggingHttpMessageHandler.<SendCoreAsync>g__Core|4_0(HttpRequestMessage request, Boolean useAsync, CancellationToken cancellationToken)
   at Libronix.Utility.Net.TimeoutHandler.SendAsync(HttpRequestMessage request, CancellationToken cancellationToken)
   at Microsoft.Extensions.Http.Logging.LoggingScopeHttpMessageHandler.<SendCoreAsync>g__Core|4_0(HttpRequestMessage request, Boolean useAsync, CancellationToken cancellationToken)
   at System.Net.Http.HttpClient.<SendAsync>g__Core|83_0(HttpRequestMessage request, HttpCompletionOption completionOption, CancellationTokenSource cts, Boolean disposeCts, CancellationTokenSource pendingRequestsCts, CancellationToken originalCancellationToken)
   at Libronix.Utility.Net.WebServiceRequestBase`1.GetResponseAsync(CancellationToken cancellationToken)

Program Version: 52.2 (52.2.0.0019)
Time: 2026-08-15 09:01:49 -04:00 (2026-08-15T13:01:49Z)
Error downloading user events.
Libronix.Utility.Net.WebServiceException: Error building request. Request: GET https://usereventsapi.logos.com/v1/events
 ---> System.Net.Http.HttpRequestException: An error occurred while sending the request.
 ---> System.IO.IOException: Unable to read data from the transport connection: Operation timed out.
 ---> System.Net.Sockets.SocketException (60): Operation timed out
   at System.Net.Sockets.Socket.AwaitableSocketAsyncEventArgs.CreateException(SocketError error, Boolean forAsyncThrow)
   at System.Net.Sockets.NetworkStream.ReadAsync(Memory`1 buffer, CancellationToken cancellationToken)
   at System.Net.Security.SslStream.EnsureFullTlsFrameAsync[TIOAdapter](CancellationToken cancellationToken, Int32 estimatedSize)
   at System.Threading.ExecutionContext.RunInternal(ExecutionContext executionContext, ContextCallback callback, Object state)
   at System.Net.Sockets.SocketAsyncEngine.System.Threading.IThreadPoolWorkItem.Execute()
   at System.Threading.ThreadPoolWorkQueue.Dispatch()
   at System.Threading.PortableThreadPool.WorkerThread.WorkerThreadStart()
   at System.Threading.Thread.StartCallback()
--- End of stack trace from previous location ---

   --- End of inner exception stack trace ---
   at System.Net.Security.SslStream.EnsureFullTlsFrameAsync[TIOAdapter](CancellationToken cancellationToken, Int32 estimatedSize)
   at System.Runtime.CompilerServices.PoolingAsyncValueTaskMethodBuilder`1.StateMachineBox`1.System.Threading.Tasks.Sources.IValueTaskSource<TResult>.GetResult(Int16 token)
   at System.Net.Security.SslStream.ReadAsyncInternal[TIOAdapter](Memory`1 buffer, CancellationToken cancellationToken)
   at System.Runtime.CompilerServices.PoolingAsyncValueTaskMethodBuilder`1.StateMachineBox`1.System.Threading.Tasks.Sources.IValueTaskSource<TResult>.GetResult(Int16 token)
   at System.Net.Http.HttpConnection.<CheckUsabilityOnScavenge>g__ReadAheadWithZeroByteReadAsync|39_0()
   at System.Net.Http.HttpConnection.SendAsync(HttpRequestMessage request, Boolean async, CancellationToken cancellationToken)
   --- End of inner exception stack trace ---
   at System.Net.Http.HttpConnection.SendAsync(HttpRequestMessage request, Boolean async, CancellationToken cancellationToken)
   at System.Net.Http.HttpConnectionPool.SendWithVersionDetectionAndRetryAsync(HttpRequestMessage request, Boolean async, Boolean doRequestAuth, CancellationToken cancellationToken)
   at System.Net.Http.RedirectHandler.SendAsync(HttpRequestMessage request, Boolean async, CancellationToken cancellationToken)
   at System.Net.Http.DecompressionHandler.SendAsync(HttpRequestMessage request, Boolean async, CancellationToken cancellationToken)
   at Microsoft.Extensions.Http.Logging.LoggingHttpMessageHandler.<SendCoreAsync>g__Core|4_0(HttpRequestMessage request, Boolean useAsync, CancellationToken cancellationToken)
   at Libronix.Utility.Net.TimeoutHandler.SendAsync(HttpRequestMessage request, CancellationToken cancellationToken)
   at Microsoft.Extensions.Http.Logging.LoggingScopeHttpMessageHandler.<SendCoreAsync>g__Core|4_0(HttpRequestMessage request, Boolean useAsync, CancellationToken cancellationToken)
   at System.Net.Http.HttpClient.<SendAsync>g__Core|83_0(HttpRequestMessage request, HttpCompletionOption completionOption, CancellationTokenSource cts, Boolean disposeCts, CancellationTokenSource pendingRequestsCts, CancellationToken originalCancellationToken)
   at Libronix.Utility.Net.WebServiceRequestBase`1.GetResponseAsync(CancellationToken cancellationToken)
   --- End of inner exception stack trace ---
   at Libronix.Utility.Net.WebServiceRequestBase`1.GetResponseAsync(CancellationToken cancellationToken)
   at Logos.UserEvents.Manager.UserEventManager.DoUpdate()

Program Version: 52.2 (52.2.0.0019)
Time: 2026-08-15 13:58:19 -04:00 (2026-08-15T17:58:19Z)
SQLite Error 283: recovered 519 frames from WAL file /Users/mjwebster/Library/Application Support/Logos4/Data/wq8ubj9r.32o/AmplitudeReporter/AmplitudeEvents.db-wal

Program Version: 52.2 (52.2.0.0019)
Time: 2026-08-15 13:58:24 -04:00 (2026-08-15T17:58:24Z)
SQLite Error 284: automatic index on Records(IsDataset)

Program Version: 52.2 (52.2.0.0019)
Time: 2026-08-15 14:00:08 -04:00 (2026-08-15T18:00:08Z)
SQLite Error 284: automatic index on Records(IsDataset)

Program Version: 52.2 (52.2.0.0019)
Time: 2026-08-15 14:36:15 -04:00 (2026-08-15T18:36:15Z)
Error handling response (POST https://readingprogressapi.logos.com/v1/progress/sync/down).
System.Net.Http.HttpRequestException: An error occurred while sending the request.
 ---> System.IO.IOException: Unable to read data from the transport connection: Operation timed out.
 ---> System.Net.Sockets.SocketException (60): Operation timed out
   at System.Net.Sockets.Socket.AwaitableSocketAsyncEventArgs.CreateException(SocketError error, Boolean forAsyncThrow)
   at System.Net.Sockets.NetworkStream.ReadAsync(Memory`1 buffer, CancellationToken cancellationToken)
   at System.Net.Security.SslStream.EnsureFullTlsFrameAsync[TIOAdapter](CancellationToken cancellationToken, Int32 estimatedSize)
   at System.Threading.ExecutionContext.RunInternal(ExecutionContext executionContext, ContextCallback callback, Object state)
   at System.Net.Sockets.SocketAsyncEngine.System.Threading.IThreadPoolWorkItem.Execute()
   at System.Threading.ThreadPoolWorkQueue.Dispatch()
   at System.Threading.PortableThreadPool.WorkerThread.WorkerThreadStart()
   at System.Threading.Thread.StartCallback()
--- End of stack trace from previous location ---

   --- End of inner exception stack trace ---
   at System.Net.Security.SslStream.EnsureFullTlsFrameAsync[TIOAdapter](CancellationToken cancellationToken, Int32 estimatedSize)
   at System.Runtime.CompilerServices.PoolingAsyncValueTaskMethodBuilder`1.StateMachineBox`1.System.Threading.Tasks.Sources.IValueTaskSource<TResult>.GetResult(Int16 token)
   at System.Net.Security.SslStream.ReadAsyncInternal[TIOAdapter](Memory`1 buffer, CancellationToken cancellationToken)
   at System.Runtime.CompilerServices.PoolingAsyncValueTaskMethodBuilder`1.StateMachineBox`1.System.Threading.Tasks.Sources.IValueTaskSource<TResult>.GetResult(Int16 token)
   at System.Net.Http.HttpConnection.<CheckUsabilityOnScavenge>g__ReadAheadWithZeroByteReadAsync|39_0()
   at System.Net.Http.HttpConnection.SendAsync(HttpRequestMessage request, Boolean async, CancellationToken cancellationToken)
   --- End of inner exception stack trace ---
   at System.Net.Http.HttpConnection.SendAsync(HttpRequestMessage request, Boolean async, CancellationToken cancellationToken)
   at System.Net.Http.HttpConnectionPool.SendWithVersionDetectionAndRetryAsync(HttpRequestMessage request, Boolean async, Boolean doRequestAuth, CancellationToken cancellationToken)
   at System.Net.Http.HttpMessageHandlerStage.Send(HttpRequestMessage request, CancellationToken cancellationToken)
   at System.Net.Http.Metrics.MetricsHandler.SendAsync(HttpRequestMessage request, Boolean async, CancellationToken cancellationToken)
   at System.Net.Http.HttpMessageHandlerStage.Send(HttpRequestMessage request, CancellationToken cancellationToken)
   at System.Net.Http.RedirectHandler.SendAsync(HttpRequestMessage request, Boolean async, CancellationToken cancellationToken)
   at System.Net.Http.DecompressionHandler.SendAsync(HttpRequestMessage request, Boolean async, CancellationToken cancellationToken)
   at System.Net.Http.SocketsHttpHandler.Send(HttpRequestMessage request, CancellationToken cancellationToken)
   at Microsoft.Extensions.Http.Logging.LoggingHttpMessageHandler.<SendCoreAsync>g__Core|4_0(HttpRequestMessage request, Boolean useAsync, CancellationToken cancellationToken)
   at Microsoft.Extensions.Http.Logging.LoggingHttpMessageHandler.Send(HttpRequestMessage request, CancellationToken cancellationToken)
   at Microsoft.Extensions.Http.Logging.LoggingScopeHttpMessageHandler.<SendCoreAsync>g__Core|4_0(HttpRequestMessage request, Boolean useAsync, CancellationToken cancellationToken)
   at Microsoft.Extensions.Http.Logging.LoggingScopeHttpMessageHandler.Send(HttpRequestMessage request, CancellationToken cancellationToken)
   at System.Net.Http.HttpClient.Send(HttpRequestMessage request, HttpCompletionOption completionOption, CancellationToken cancellationToken)
   at Libronix.Utility.Net.WebServiceRequestBase`1.GetResponse(IWorkState workState)

Program Version: 52.2 (52.2.0.0019)
Time: 2026-08-15 14:46:09 -04:00 (2026-08-15T18:46:09Z)
Error handling response (POST https://readingprogressapi.logos.com/v1/progress/sync/down).
System.Net.Http.HttpRequestException: An error occurred while sending the request.
 ---> System.IO.IOException: Unable to read data from the transport connection: Operation timed out.
 ---> System.Net.Sockets.SocketException (60): Operation timed out
   at System.Net.Sockets.Socket.AwaitableSocketAsyncEventArgs.CreateException(SocketError error, Boolean forAsyncThrow)
   at System.Net.Sockets.NetworkStream.ReadAsync(Memory`1 buffer, CancellationToken cancellationToken)
   at System.Net.Security.SslStream.EnsureFullTlsFrameAsync[TIOAdapter](CancellationToken cancellationToken, Int32 estimatedSize)
   at System.Threading.ExecutionContext.RunInternal(ExecutionContext executionContext, ContextCallback callback, Object state)
   at System.Net.Sockets.SocketAsyncEngine.System.Threading.IThreadPoolWorkItem.Execute()
   at System.Threading.ThreadPoolWorkQueue.Dispatch()
   at System.Threading.PortableThreadPool.WorkerThread.WorkerThreadStart()
   at System.Threading.Thread.StartCallback()
--- End of stack trace from previous location ---

   --- End of inner exception stack trace ---
   at System.Net.Security.SslStream.EnsureFullTlsFrameAsync[TIOAdapter](CancellationToken cancellationToken, Int32 estimatedSize)
   at System.Runtime.CompilerServices.PoolingAsyncValueTaskMethodBuilder`1.StateMachineBox`1.System.Threading.Tasks.Sources.IValueTaskSource<TResult>.GetResult(Int16 token)
   at System.Net.Security.SslStream.ReadAsyncInternal[TIOAdapter](Memory`1 buffer, CancellationToken cancellationToken)
   at System.Runtime.CompilerServices.PoolingAsyncValueTaskMethodBuilder`1.StateMachineBox`1.System.Threading.Tasks.Sources.IValueTaskSource<TResult>.GetResult(Int16 token)
   at System.Net.Http.HttpConnection.<CheckUsabilityOnScavenge>g__ReadAheadWithZeroByteReadAsync|39_0()
   at System.Net.Http.HttpConnection.SendAsync(HttpRequestMessage request, Boolean async, CancellationToken cancellationToken)
   --- End of inner exception stack trace ---
   at System.Net.Http.HttpConnection.SendAsync(HttpRequestMessage request, Boolean async, CancellationToken cancellationToken)
   at System.Net.Http.HttpConnectionPool.SendWithVersionDetectionAndRetryAsync(HttpRequestMessage request, Boolean async, Boolean doRequestAuth, CancellationToken cancellationToken)
   at System.Net.Http.HttpMessageHandlerStage.Send(HttpRequestMessage request, CancellationToken cancellationToken)
   at System.Net.Http.Metrics.MetricsHandler.SendAsync(HttpRequestMessage request, Boolean async, CancellationToken cancellationToken)
   at System.Net.Http.HttpMessageHandlerStage.Send(HttpRequestMessage request, CancellationToken cancellationToken)
   at System.Net.Http.RedirectHandler.SendAsync(HttpRequestMessage request, Boolean async, CancellationToken cancellationToken)
   at System.Net.Http.DecompressionHandler.SendAsync(HttpRequestMessage request, Boolean async, CancellationToken cancellationToken)
   at System.Net.Http.SocketsHttpHandler.Send(HttpRequestMessage request, CancellationToken cancellationToken)
   at Microsoft.Extensions.Http.Logging.LoggingHttpMessageHandler.<SendCoreAsync>g__Core|4_0(HttpRequestMessage request, Boolean useAsync, CancellationToken cancellationToken)
   at Microsoft.Extensions.Http.Logging.LoggingHttpMessageHandler.Send(HttpRequestMessage request, CancellationToken cancellationToken)
   at Microsoft.Extensions.Http.Logging.LoggingScopeHttpMessageHandler.<SendCoreAsync>g__Core|4_0(HttpRequestMessage request, Boolean useAsync, CancellationToken cancellationToken)
   at Microsoft.Extensions.Http.Logging.LoggingScopeHttpMessageHandler.Send(HttpRequestMessage request, CancellationToken cancellationToken)
   at System.Net.Http.HttpClient.Send(HttpRequestMessage request, HttpCompletionOption completionOption, CancellationToken cancellationToken)
   at Libronix.Utility.Net.WebServiceRequestBase`1.GetResponse(IWorkState workState)

Program Version: 52.2 (52.2.0.0019)
Time: 2026-08-15 14:58:47 -04:00 (2026-08-15T18:58:47Z)
Error detail:
NSUncaughtSystemExceptionException: Uncaught system exception: signal 5
Stack trace:
0 +[LoggingUtility logCrash:] [0x102cce358 - MarshalUtility]
1 -[OurAppController exceptionHandler:shouldLogException:mask:] [0x109ed1648 - ApplicationBundle]
2 -[NSExceptionHandler _handleException:mask:] [0x1b7163164 - ExceptionHandling]
3 NSExceptionHandlerUncaughtSignalHandler [0x1b7162fe4 - ExceptionHandling]
4 _sigtramp [0x18c929744 - libsystem_platform.dylib]
5 __CFSTRING_IS_CALLING_OUT_TO_AN_OBJECT_FORMAT_ARGUMENT_WITH_LOCALE__ [0x18cac6bf0 - CoreFoundation]
6 __CFStringAppendFormatCore [0x18c98bcd0 - CoreFoundation]
7 CFStringAppendFormatAndArguments [0x18c9f7f6c - CoreFoundation]
8 CFStringAppendFormat [0x18c9f7eb4 - CoreFoundation]
9 addSessionReference [0x18de46750 - SystemConfiguration]
10 __CFSetApplyFunction_block_invoke [0x18c9a3abc - CoreFoundation]
11 CFBasicHashApply [0x18c9a38ec - CoreFoundation]
12 CFSetApplyFunction [0x18c9a382c - CoreFoundation]
13 __add_state_handler_block_invoke [0x18de479c0 - SystemConfiguration]
14 ___os_state_request_for_self_impl_block_invoke [0x18c64d60c - libsystem_trace.dylib]
15 _dispatch_client_callout [0x18c77d4b0 - libdispatch.dylib]
16 _dispatch_lane_barrier_sync_invoke_and_complete [0x18c773360 - libdispatch.dylib]
17 ___os_state_request_for_self_block_invoke [0x18c64d1d0 - libsystem_trace.dylib]
18 _dispatch_call_block_and_release [0x18c763a28 - libdispatch.dylib]
19 _dispatch_client_callout [0x18c77d4b0 - libdispatch.dylib]
20 _dispatch_lane_serial_drain [0x18c76c030 - libdispatch.dylib]
21 _dispatch_lane_invoke [0x18c76cb64 - libdispatch.dylib]
22 _dispatch_root_queue_drain_deferred_wlh [0x18c776e34 - libdispatch.dylib]
23 _dispatch_workloop_worker_thread [0x18c776734 - libdispatch.dylib]
24 _pthread_wqthread [0x18c91bec0 - libsystem_pthread.dylib]
25 start_wqthread [0x18c91ac10 - libsystem_pthread.dylib]


Program Version: 52.2 (52.2.0.0019)
Time: 2026-08-15 18:34:58 -04:00 (2026-08-15T22:34:58Z)
SQLite Error 283: recovered 12 frames from WAL file /Users/mjwebster/Library/Application Support/Logos4/Documents/wq8ubj9r.32o/LocalUserPreferences/PreferencesManager.db-wal

Program Version: 52.2 (52.2.0.0019)
Time: 2026-08-15 18:34:58 -04:00 (2026-08-15T22:34:58Z)
SQLite Error 283: recovered 19 frames from WAL file /Users/mjwebster/Library/Application Support/Logos4/Documents/wq8ubj9r.32o/UserPreferences2/PreferencesManager.db-wal

Program Version: 52.2 (52.2.0.0019)
Time: 2026-08-15 18:34:58 -04:00 (2026-08-15T22:34:58Z)
SQLite Error 283: recovered 4 frames from WAL file /Users/mjwebster/Library/Application Support/Logos4/Documents/wq8ubj9r.32o/DeviceResourceManager/MobileResourcesSyncManager.db-wal

Program Version: 52.2 (52.2.0.0019)
Time: 2026-08-15 18:34:58 -04:00 (2026-08-15T22:34:58Z)
SQLite Error 283: recovered 2 frames from WAL file /Users/mjwebster/Library/Application Support/Logos4/Data/wq8ubj9r.32o/ResourceManager/ResourceManager.db-wal

Program Version: 52.2 (52.2.0.0019)
Time: 2026-08-15 18:34:58 -04:00 (2026-08-15T22:34:58Z)
SQLite Error 283: recovered 161 frames from WAL file /Users/mjwebster/Library/Application Support/Logos4/Data/wq8ubj9r.32o/ReadingProgressManager/readingprogressmanager.db-wal

Program Version: 52.2 (52.2.0.0019)
Time: 2026-08-15 18:34:58 -04:00 (2026-08-15T22:34:58Z)
SQLite Error 283: recovered 349 frames from WAL file /Users/mjwebster/Library/Application Support/Logos4/Data/wq8ubj9r.32o/LibraryCatalog/catalog.db-wal

Program Version: 52.2 (52.2.0.0019)
Time: 2026-08-15 18:34:58 -04:00 (2026-08-15T22:34:58Z)
SQLite Error 283: recovered 110 frames from WAL file /Users/mjwebster/Library/Application Support/Logos4/Data/wq8ubj9r.32o/UserEventManager/UserEventManager.db-wal

Program Version: 52.2 (52.2.0.0019)
Time: 2026-08-15 18:34:59 -04:00 (2026-08-15T22:34:59Z)
SQLite Error 283: recovered 3 frames from WAL file /Users/mjwebster/Library/Application Support/Logos4/Documents/wq8ubj9r.32o/Documents/DocumentInfo.db-wal

Program Version: 52.2 (52.2.0.0019)
Time: 2026-08-15 18:34:59 -04:00 (2026-08-15T22:34:59Z)
SQLite Error 283: recovered 4 frames from WAL file /Users/mjwebster/Library/Application Support/Logos4/Data/wq8ubj9r.32o/KeyLinkManager/keylinkmanager.db-wal

Program Version: 52.2 (52.2.0.0019)
Time: 2026-08-15 18:34:59 -04:00 (2026-08-15T22:34:59Z)
SQLite Error 283: recovered 45 frames from WAL file /Users/mjwebster/Library/Application Support/Logos4/Documents/wq8ubj9r.32o/NotesToolManager/notestool.db-wal

Program Version: 52.2 (52.2.0.0019)
Time: 2026-08-15 18:34:59 -04:00 (2026-08-15T22:34:59Z)
SQLite Error 283: recovered 481 frames from WAL file /Users/mjwebster/Library/Application Support/Logos4/Documents/wq8ubj9r.32o/LayoutManager/layouts.db-wal

Program Version: 52.2 (52.2.0.0019)
Time: 2026-08-15 18:34:59 -04:00 (2026-08-15T22:34:59Z)
SQLite Error 283: recovered 527 frames from WAL file /Users/mjwebster/Library/Application Support/Logos4/Data/wq8ubj9r.32o/HistoryManager/history.db-wal

Program Version: 52.2 (52.2.0.0019)
Time: 2026-08-15 18:34:59 -04:00 (2026-08-15T22:34:59Z)
SQLite Error 283: recovered 801 frames from WAL file /Users/mjwebster/Library/Application Support/Logos4/Data/wq8ubj9r.32o/AmplitudeReporter/AmplitudeEvents.db-wal

Program Version: 52.2 (52.2.0.0019)
Time: 2026-08-15 18:34:59 -04:00 (2026-08-15T22:34:59Z)
SQLite Error 283: recovered 2 frames from WAL file /Users/mjwebster/Library/Application Support/Logos4/Data/wq8ubj9r.32o/ResourceFileDownloadInfo/ResourceFileDownloadInfo.db-wal

Program Version: 52.2 (52.2.0.0019)
Time: 2026-08-15 18:34:59 -04:00 (2026-08-15T22:34:59Z)
SQLite Error 283: recovered 2 frames from WAL file /Users/mjwebster/Library/Application Support/Logos4/Data/wq8ubj9r.32o/CloudResourceManager/CloudResources.db-wal

Program Version: 52.2 (52.2.0.0019)
Time: 2026-08-15 18:34:59 -04:00 (2026-08-15T22:34:59Z)
SQLite Error 283: recovered 1 frames from WAL file /Users/mjwebster/Library/Application Support/Logos4/Data/wq8ubj9r.32o/UpdateManager/Updates.db-wal

Program Version: 52.2 (52.2.0.0019)
Time: 2026-08-15 18:34:59 -04:00 (2026-08-15T22:34:59Z)
SQLite Error 283: recovered 15 frames from WAL file /Users/mjwebster/Library/Application Support/Logos4/Data/wq8ubj9r.32o/Updates/Metadata.db-wal

Program Version: 52.2 (52.2.0.0019)
Time: 2026-08-15 18:35:03 -04:00 (2026-08-15T22:35:03Z)
SQLite Error 284: automatic index on Records(IsDataset)

Program Version: 52.2 (52.2.0.0019)
Time: 2026-08-15 18:36:45 -04:00 (2026-08-15T22:36:45Z)
SQLite Error 284: automatic index on Records(IsDataset)

Program Version: 52.2 (52.2.0.0019)
Time: 2026-08-15 18:55:04 -04:00 (2026-08-15T22:55:04Z)
Exception thrown in web browser interop request handler 'logos.hybrid-ui.runProxiedFunction': Function <n> not found

Program Version: 52.2 (52.2.0.0019)
Time: 2026-08-15 19:29:33 -04:00 (2026-08-15T23:29:33Z)
Exception thrown in web browser interop request handler 'logos.hybrid-ui.runProxiedFunction': Function <n> not found

Program Version: 52.2 (52.2.0.0019)
Time: 2026-08-15 19:47:28 -04:00 (2026-08-15T23:47:28Z)
Exception thrown in web browser interop request handler 'logos.hybrid-ui.runProxiedFunction': Function <n> not found

Program Version: 52.2 (52.2.0.0019)
Time: 2026-08-15 19:48:47 -04:00 (2026-08-15T23:48:47Z)
Error detail:
NativeSignalException: Got a SIGSEGV while executing native code.
Stack trace:
0 our_sigsegv_signal_handler [0x100a681d8 - MonoHost]
1 _ZL22invoke_previous_actionP9sigactioniP9__siginfoPvb [0x10188a2b4 - libcoreclr.dylib]
2 _sigtramp [0x18c929744 - libsystem_platform.dylib]
3 _objc_msgSend_uncached [0x18c4b5b84 - libobjc.A.dylib]
4 _objc_msgSend_uncached [0x18c4b5b84 - libobjc.A.dylib]
5 __CFCopyFormattingDescription [0x18c98d0b4 - CoreFoundation]
6 __CFSTRING_IS_CALLING_OUT_TO_AN_OBJECT_FORMAT_ARGUMENT_WITH_LOCALE__ [0x18cac6bf0 - CoreFoundation]
7 __CFStringAppendFormatCore [0x18c98bcd0 - CoreFoundation]
8 CFStringAppendFormatAndArguments [0x18c9f7f6c - CoreFoundation]
9 CFStringAppendFormat [0x18c9f7eb4 - CoreFoundation]
10 addSessionReference [0x18de46750 - SystemConfiguration]
11 __CFSetApplyFunction_block_invoke [0x18c9a3abc - CoreFoundation]
12 CFBasicHashApply [0x18c9a38ec - CoreFoundation]
13 CFSetApplyFunction [0x18c9a382c - CoreFoundation]
14 __add_state_handler_block_invoke [0x18de479c0 - SystemConfiguration]
15 ___os_state_request_for_self_impl_block_invoke [0x18c64d60c - libsystem_trace.dylib]
16 _dispatch_client_callout [0x18c77d4b0 - libdispatch.dylib]
17 _dispatch_lane_barrier_sync_invoke_and_complete [0x18c773360 - libdispatch.dylib]
18 ___os_state_request_for_self_block_invoke [0x18c64d1d0 - libsystem_trace.dylib]
19 _dispatch_call_block_and_release [0x18c763a28 - libdispatch.dylib]
20 _dispatch_client_callout [0x18c77d4b0 - libdispatch.dylib]
21 _dispatch_lane_serial_drain [0x18c76c030 - libdispatch.dylib]
22 _dispatch_lane_invoke [0x18c76cb64 - libdispatch.dylib]
23 _dispatch_root_queue_drain_deferred_wlh [0x18c776e34 - libdispatch.dylib]
24 _dispatch_workloop_worker_thread [0x18c776734 - libdispatch.dylib]
25 _pthread_wqthread [0x18c91bec0 - libsystem_pthread.dylib]
26 start_wqthread [0x18c91ac10 - libsystem_pthread.dylib]

