
2026-08-06 14:12:56 Martins-MacBook-Pro syslogd[569] <Notice>: ASL Sender Statistics
2026-08-06 14:30:32 Martins-MacBook-Pro syslogd[569] <Notice>: ASL Sender Statistics
2026-08-06 14:48:12 Martins-MacBook-Pro syslogd[569] <Notice>: ASL Sender Statistics
2026-08-06 15:00:57 Martins-MacBook-Pro syslogd[569] <Notice>: ASL Sender Statistics
2026-08-06 15:10:57 Martins-MacBook-Pro syslogd[569] <Notice>: ASL Sender Statistics
2026-08-06 15:20:57 Martins-MacBook-Pro syslogd[569] <Notice>: ASL Sender Statistics
2026-08-06 15:31:22 Martins-MacBook-Pro syslogd[569] <Notice>: ASL Sender Statistics
2026-08-06 15:41:24 Martins-MacBook-Pro syslogd[569] <Notice>: ASL Sender Statistics
2026-08-06 15:52:22 Martins-MacBook-Pro syslogd[569] <Notice>: ASL Sender Statistics
2026-08-06 16:14:28 Martins-MacBook-Pro syslogd[569] <Notice>: ASL Sender Statistics
2026-08-06 16:24:33 Martins-MacBook-Pro syslogd[569] <Notice>: ASL Sender Statistics
2026-08-06 16:34:33 Martins-MacBook-Pro syslogd[569] <Notice>: ASL Sender Statistics
2026-08-06 16:44:34 Martins-MacBook-Pro syslogd[569] <Notice>: ASL Sender Statistics
2026-08-06 16:55:00 Martins-MacBook-Pro syslogd[569] <Notice>: ASL Sender Statistics
2026-08-06 17:05:01 Martins-MacBook-Pro syslogd[569] <Notice>: ASL Sender Statistics
2026-08-06 17:15:02 Martins-MacBook-Pro syslogd[569] <Notice>: ASL Sender Statistics
2026-08-06 17:25:42 Martins-MacBook-Pro syslogd[569] <Notice>: ASL Sender Statistics
2026-08-06 17:42:34 Martins-MacBook-Pro syslogd[569] <Notice>: ASL Sender Statistics
2026-08-06 17:58:35 Martins-MacBook-Pro syslogd[569] <Notice>: ASL Sender Statistics
2026-08-06 18:10:57 Martins-MacBook-Pro syslogd[569] <Notice>: ASL Sender Statistics
2026-08-06 18:21:03 Martins-MacBook-Pro syslogd[569] <Notice>: ASL Sender Statistics
2026-08-06 18:31:17 Martins-MacBook-Pro syslogd[569] <Notice>: ASL Sender Statistics
2026-08-06 18:43:36 Martins-MacBook-Pro syslogd[569] <Notice>: ASL Sender Statistics
2026-08-06 18:55:51 Martins-MacBook-Pro syslogd[569] <Notice>: ASL Sender Statistics
2026-08-06 19:07:15 Martins-MacBook-Pro syslogd[569] <Notice>: ASL Sender Statistics
2026-08-06 19:17:44 Martins-MacBook-Pro syslogd[569] <Notice>: ASL Sender Statistics
2026-08-06 19:28:32 Martins-MacBook-Pro syslogd[569] <Notice>: ASL Sender Statistics
2026-08-06 19:38:54 Martins-MacBook-Pro syslogd[569] <Notice>: ASL Sender Statistics
2026-08-06 20:04:10 Martins-MacBook-Pro syslogd[569] <Notice>: ASL Sender Statistics
2026-08-06 20:20:23 Martins-MacBook-Pro syslogd[569] <Notice>: ASL Sender Statistics
2026-08-06 20:36:06 Martins-MacBook-Pro syslogd[569] <Notice>: ASL Sender Statistics
2026-08-06 20:52:38 Martins-MacBook-Pro syslogd[569] <Notice>: ASL Sender Statistics
2026-08-06 21:09:36 Martins-MacBook-Pro syslogd[569] <Notice>: ASL Sender Statistics
2026-08-06 21:26:03 Martins-MacBook-Pro syslogd[569] <Notice>: ASL Sender Statistics
2026-08-06 21:42:16 Martins-MacBook-Pro syslogd[569] <Notice>: ASL Sender Statistics
2026-08-06 21:42:16 Martins-MacBook-Pro syslogd[569] <Notice>: Configuration Notice:
ASL Module "com.apple.cdscheduler" claims selected messages.
Those messages may not appear in standard system log files or in the ASL database.
2026-08-06 21:42:16 Martins-MacBook-Pro syslogd[569] <Notice>: Configuration Notice:
ASL Module "com.apple.install" claims selected messages.
Those messages may not appear in standard system log files or in the ASL database.
2026-08-06 21:42:16 Martins-MacBook-Pro syslogd[569] <Notice>: Configuration Notice:
ASL Module "com.apple.authd" sharing output destination "/var/log/asl" with ASL Module "com.apple.asl".
Output parameters from ASL Module "com.apple.asl" override any specified in ASL Module "com.apple.authd".
2026-08-06 21:42:16 Martins-MacBook-Pro syslogd[569] <Notice>: Configuration Notice:
ASL Module "com.apple.authd" sharing output destination "/var/log/system.log" with ASL Module "com.apple.asl".
Output parameters from ASL Module "com.apple.asl" override any specified in ASL Module "com.apple.authd".
2026-08-06 21:42:16 Martins-MacBook-Pro syslogd[569] <Notice>: Configuration Notice:
ASL Module "com.apple.authd" claims selected messages.
Those messages may not appear in standard system log files or in the ASL database.
2026-08-06 21:42:16 Martins-MacBook-Pro syslogd[569] <Notice>: Configuration Notice:
ASL Module "com.apple.eventmonitor" claims selected messages.
Those messages may not appear in standard system log files or in the ASL database.
2026-08-06 21:42:16 Martins-MacBook-Pro syslogd[569] <Notice>: Configuration Notice:
ASL Module "com.apple.mail" claims selected messages.
Those messages may not appear in standard system log files or in the ASL database.
2026-08-06 21:42:16 Martins-MacBook-Pro syslogd[569] <Notice>: Configuration Notice:
ASL Module "com.apple.performance" claims selected messages.
Those messages may not appear in standard system log files or in the ASL database.
2026-08-06 21:42:16 Martins-MacBook-Pro syslogd[569] <Notice>: Configuration Notice:
ASL Module "com.apple.iokit.power" claims selected messages.
Those messages may not appear in standard system log files or in the ASL database.
2026-08-06 21:42:16 Martins-MacBook-Pro syslogd[569] <Notice>: Configuration Notice:
ASL Module "com.apple.contacts.ContactsAutocomplete" claims selected messages.
Those messages may not appear in standard system log files or in the ASL database.
2026-08-06 21:42:16 Martins-MacBook-Pro syslogd[569] <Notice>: Configuration Notice:
ASL Module "com.apple.mkb" sharing output destination "/private/var/log/keybagd.log" with ASL Module "com.apple.mkb.internal".
Output parameters from ASL Module "com.apple.mkb.internal" override any specified in ASL Module "com.apple.mkb".
2026-08-06 21:42:16 Martins-MacBook-Pro syslogd[569] <Notice>: Configuration Notice:
ASL Module "com.apple.mkb" claims selected messages.
Those messages may not appear in standard system log files or in the ASL database.
2026-08-06 21:42:16 Martins-MacBook-Pro syslogd[569] <Notice>: Configuration Notice:
ASL Module "com.apple.MessageTracer" claims selected messages.
Those messages may not appear in standard system log files or in the ASL database.
2026-08-06 22:04:35 Martins-MacBook-Pro syslogd[569] <Notice>: ASL Sender Statistics
2026-08-06 22:22:27 Martins-MacBook-Pro syslogd[569] <Notice>: ASL Sender Statistics
2026-08-06 22:40:43 Martins-MacBook-Pro syslogd[569] <Notice>: ASL Sender Statistics
2026-08-06 23:05:33 Martins-MacBook-Pro syslogd[569] <Notice>: ASL Sender Statistics
2026-08-06 23:22:30 Martins-MacBook-Pro syslogd[569] <Notice>: ASL Sender Statistics
2026-08-06 23:37:31 Martins-MacBook-Pro syslogd[569] <Notice>: ASL Sender Statistics
2026-08-06 23:48:53 Martins-MacBook-Pro syslogd[569] <Notice>: ASL Sender Statistics
2026-08-07 00:05:54 Martins-MacBook-Pro syslogd[569] <Notice>: ASL Sender Statistics
2026-08-07 00:22:55 Martins-MacBook-Pro syslogd[569] <Notice>: ASL Sender Statistics
2026-08-07 00:42:41 Martins-MacBook-Pro syslogd[569] <Notice>: ASL Sender Statistics
2026-08-07 00:52:52 Martins-MacBook-Pro syslogd[569] <Notice>: ASL Sender Statistics
2026-08-07 01:03:03 Martins-MacBook-Pro syslogd[569] <Notice>: ASL Sender Statistics
2026-08-07 01:13:53 Martins-MacBook-Pro syslogd[569] <Notice>: ASL Sender Statistics
2026-08-07 01:29:47 Martins-MacBook-Pro syslogd[569] <Notice>: ASL Sender Statistics
2026-08-07 01:53:23 Martins-MacBook-Pro syslogd[569] <Notice>: ASL Sender Statistics
2026-08-07 02:09:43 Martins-MacBook-Pro syslogd[569] <Notice>: ASL Sender Statistics
2026-08-07 02:28:12 Martins-MacBook-Pro syslogd[569] <Notice>: ASL Sender Statistics
2026-08-07 02:46:38 Martins-MacBook-Pro syslogd[569] <Notice>: ASL Sender Statistics
2026-08-07 03:02:28 Martins-MacBook-Pro syslogd[569] <Notice>: ASL Sender Statistics
2026-08-07 03:20:50 Martins-MacBook-Pro syslogd[569] <Notice>: ASL Sender Statistics
2026-08-07 03:36:55 Martins-MacBook-Pro syslogd[569] <Notice>: ASL Sender Statistics
2026-08-07 03:55:03 Martins-MacBook-Pro syslogd[569] <Notice>: ASL Sender Statistics
2026-08-07 04:05:57 Martins-MacBook-Pro syslogd[569] <Notice>: ASL Sender Statistics
2026-08-07 04:16:09 Martins-MacBook-Pro syslogd[569] <Notice>: ASL Sender Statistics
2026-08-07 04:26:11 Martins-MacBook-Pro syslogd[569] <Notice>: ASL Sender Statistics
2026-08-07 04:45:27 Martins-MacBook-Pro syslogd[569] <Notice>: ASL Sender Statistics
2026-08-07 04:59:12 Martins-MacBook-Pro syslogd[569] <Notice>: ASL Sender Statistics
2026-08-07 05:14:14 Martins-MacBook-Pro syslogd[569] <Notice>: ASL Sender Statistics
2026-08-07 05:30:20 Martins-MacBook-Pro syslogd[569] <Notice>: ASL Sender Statistics
2026-08-07 05:47:09 Martins-MacBook-Pro syslogd[569] <Notice>: ASL Sender Statistics
2026-08-07 06:04:19 Martins-MacBook-Pro syslogd[569] <Notice>: ASL Sender Statistics
2026-08-07 06:21:27 Martins-MacBook-Pro syslogd[569] <Notice>: ASL Sender Statistics
2026-08-07 06:38:15 Martins-MacBook-Pro syslogd[569] <Notice>: ASL Sender Statistics
2026-08-07 06:54:28 Martins-MacBook-Pro syslogd[569] <Notice>: ASL Sender Statistics
2026-08-07 07:05:17 Martins-MacBook-Pro syslogd[569] <Notice>: ASL Sender Statistics
2026-08-07 07:15:39 Martins-MacBook-Pro syslogd[569] <Notice>: ASL Sender Statistics
2026-08-07 07:27:05 Martins-MacBook-Pro syslogd[569] <Notice>: ASL Sender Statistics
2026-08-07 07:42:04 Martins-MacBook-Pro syslogd[569] <Notice>: ASL Sender Statistics
2026-08-07 07:53:31 Martins-MacBook-Pro syslogd[569] <Notice>: ASL Sender Statistics
2026-08-07 08:09:02 Martins-MacBook-Pro syslogd[569] <Notice>: ASL Sender Statistics
2026-08-07 08:19:18 Martins-MacBook-Pro syslogd[569] <Notice>: ASL Sender Statistics
2026-08-07 08:29:42 Martins-MacBook-Pro syslogd[569] <Notice>: ASL Sender Statistics
2026-08-07 08:40:36 Martins-MacBook-Pro syslogd[569] <Notice>: ASL Sender Statistics
2026-08-07 08:52:57 Martins-MacBook-Pro syslogd[569] <Notice>: ASL Sender Statistics
2026-08-07 09:03:38 Martins-MacBook-Pro syslogd[569] <Notice>: ASL Sender Statistics
2026-08-07 09:26:24 Martins-MacBook-Pro syslogd[569] <Notice>: ASL Sender Statistics
2026-08-07 09:43:09 Martins-MacBook-Pro syslogd[569] <Notice>: ASL Sender Statistics
2026-08-07 10:05:10 Martins-MacBook-Pro syslogd[569] <Notice>: ASL Sender Statistics
2026-08-07 10:22:37 Martins-MacBook-Pro syslogd[569] <Notice>: ASL Sender Statistics
2026-08-07 10:32:37 Martins-MacBook-Pro syslogd[569] <Notice>: ASL Sender Statistics
2026-08-07 10:40:47 Martins-MacBook-Pro Books[83121] <Error>: 127094509092 11 AVE : Compiled 905.40.1 in prod on Jul 11 2026 17:45:35
2026-08-07 10:40:47 Martins-MacBook-Pro Books[83121] <Error>: 127094509138 11 AVE : Temporary Path: /Users/mjwebster/Library/Containers/com.apple.iBooksX/Data/tmp/
2026-08-07 10:40:47 Martins-MacBook-Pro Books[83121] <Error>: 127094509153 11 AVE INFO: AVE_Plugin_HEVC_CreateInstance Enter 1752589105 0x1f8f6d3c8 0xbd8d45e50 0
2026-08-07 10:40:47 Martins-MacBook-Pro Books[83121] <Error>: 127094509181 12 AVE INFO: AVE_Session_HEVC_Create Enter 0xbd21fc020 0x0
2026-08-07 10:40:47 Martins-MacBook-Pro Books[83121] <Error>: 127094509450 12 AVE INFO: AVE_Session_HEVC_CreatePropertyDict Enter 0xbd21fc020
2026-08-07 10:40:47 Martins-MacBook-Pro Books[83121] <Error>: 127094509556 12 AVE INFO: AVE_Session_HEVC_CreatePropertyDict Exit 0xbd21fc020 0
2026-08-07 10:40:47 Martins-MacBook-Pro Books[83121] <Error>: 127094509575 12 AVE INFO: AVE_Session_HEVC_Create Exit 0xbd21fc020 0x0 1130 394 0
2026-08-07 10:40:47 Martins-MacBook-Pro Books[83121] <Error>: 127094509586 11 AVE INFO: AVE_Plugin_HEVC_CreateInstance Exit 1752589105 0x1f8f6d3c8 0xbd8d45e50 1130 0xbd21fc000 0xbd21fc020 715 0 0
2026-08-07 10:40:47 Martins-MacBook-Pro Books[83121] <Error>: 127094509601 11 AVE INFO: AVE_Plugin_HEVC_StartTileSession Enter 0xbd21fc000 0xbd8d45e40 0xbd8de7de0 54 76 0x1f8f6d3c8 0
2026-08-07 10:40:47 Martins-MacBook-Pro Books[83121] <Error>: 127094509781 12 AVE INFO: AVE_Session_HEVC_StartTileSession Enter 0xbd21fc020 0x16dcc94d0
2026-08-07 10:40:47 Martins-MacBook-Pro Books[83121] <Error>: 127094509818 12 AVE INFO: AVE_Session_HEVC_StartTileSession Exit 0xbd21fc020 0x16dcc94d0 0
2026-08-07 10:40:47 Martins-MacBook-Pro Books[83121] <Error>: 127094509832 11 AVE INFO: AVE_Plugin_HEVC_StartTileSession Exit 0xbd21fc000 0xbd8d45e40 0xbd8de7de0 54 76 0x1f8f6d3c8 1130 231 0 0
2026-08-07 10:40:47 Martins-MacBook-Pro Books[83121] <Error>: 127094511024 11 AVE INFO: AVE_Plugin_HEVC_PrepareToEncodeTiles Enter 0xbd21fc000 0 0
2026-08-07 10:40:47 Martins-MacBook-Pro Books[83121] <Error>: 127094511052 12 AVE INFO: AVE_Session_HEVC_Prepare Enter 0xbd21fc020
2026-08-07 10:40:47 Martins-MacBook-Pro Books[83121] <Error>: 127094511595 12 AVE INFO: AVE_Session_HEVC_Prepare Exit 0xbd21fc020 0
2026-08-07 10:40:47 Martins-MacBook-Pro Books[83121] <Error>: 127094511614 11 AVE INFO: AVE_Plugin_HEVC_PrepareToEncodeTiles Exit 0xbd21fc000 0 1130 590 0 0
2026-08-07 10:40:47 Martins-MacBook-Pro Books[83121] <Error>: 127094529786 11 AVE INFO: AVE_Plugin_HEVC_Invalidate Enter 0xbd21fc000 0
2026-08-07 10:40:47 Martins-MacBook-Pro Books[83121] <Error>: 127094529833 12 AVE INFO: AVE_Session_HEVC_Stop Enter 0xbd21fc020
2026-08-07 10:40:47 Martins-MacBook-Pro Books[83121] <Error>: 127094529976 12 AVE INFO: AVE_Session_HEVC_Stop Exit 0xbd21fc020 0
2026-08-07 10:40:47 Martins-MacBook-Pro Books[83121] <Error>: 127094529996 11 AVE INFO: AVE_Plugin_HEVC_Invalidate Exit 0xbd21fc000 1130 210 0 0
2026-08-07 10:40:47 Martins-MacBook-Pro Books[83121] <Error>: 127094530010 11 AVE INFO: AVE_Plugin_HEVC_Finalize Enter 0xbd21fc000 0
2026-08-07 10:40:47 Martins-MacBook-Pro Books[83121] <Error>: 127094530020 12 AVE INFO: AVE_Session_HEVC_Destroy Enter 0xbd21fc020
2026-08-07 10:40:47 Martins-MacBook-Pro Books[83121] <Error>: 127094531557 2 AVE : ID: 1130 Type: 1 Enc: 2 | Input: 1 Proc: 1 Drop: 0
2026-08-07 10:40:47 Martins-MacBook-Pro Books[83121] <Error>: 127094533492 12 AVE INFO: AVE_Session_HEVC_Destroy Exit 0xbd21fc020 0
2026-08-07 10:40:47 Martins-MacBook-Pro Books[83121] <Error>: 127094533531 11 AVE INFO: AVE_Plugin_HEVC_Finalize Exit 0xbd21fc000 1130 3521 0 0
2026-08-07 10:40:47 Martins-MacBook-Pro Books[83121] <Error>: 127094537836 11 AVE : Compiled 905.40.1 in prod on Jul 11 2026 17:45:35
2026-08-07 10:40:47 Martins-MacBook-Pro Books[83121] <Error>: 127094537886 11 AVE : Temporary Path: /Users/mjwebster/Library/Containers/com.apple.iBooksX/Data/tmp/
2026-08-07 10:40:47 Martins-MacBook-Pro Books[83121] <Error>: 127094537898 11 AVE INFO: AVE_Plugin_HEVC_CreateInstance Enter 1752589105 0x1f8f6d3c8 0xbd8d46a50 0
2026-08-07 10:40:47 Martins-MacBook-Pro Books[83121] <Error>: 127094537914 12 AVE INFO: AVE_Session_HEVC_Create Enter 0xbd21fc020 0x0
2026-08-07 10:40:47 Martins-MacBook-Pro Books[83121] <Error>: 127094538097 12 AVE INFO: AVE_Session_HEVC_CreatePropertyDict Enter 0xbd21fc020
2026-08-07 10:40:47 Martins-MacBook-Pro Books[83121] <Error>: 127094538152 12 AVE INFO: AVE_Session_HEVC_CreatePropertyDict Exit 0xbd21fc020 0
2026-08-07 10:40:47 Martins-MacBook-Pro Books[83121] <Error>: 127094538166 12 AVE INFO: AVE_Session_HEVC_Create Exit 0xbd21fc020 0x0 1140 252 0
2026-08-07 10:40:47 Martins-MacBook-Pro Books[83121] <Error>: 127094538177 11 AVE INFO: AVE_Plugin_HEVC_CreateInstance Exit 1752589105 0x1f8f6d3c8 0xbd8d46a50 1140 0xbd21fc000 0xbd21fc020 506 0 0
2026-08-07 10:40:47 Martins-MacBook-Pro Books[83121] <Error>: 127094538191 11 AVE INFO: AVE_Plugin_HEVC_StartTileSession Enter 0xbd21fc000 0xbd8d46a40 0xbd8d57640 200 278 0x1f8f6d3c8 0
2026-08-07 10:40:47 Martins-MacBook-Pro Books[83121] <Error>: 127094538203 12 AVE INFO: AVE_Session_HEVC_StartTileSession Enter 0xbd21fc020 0x16dcc94d0
2026-08-07 10:40:47 Martins-MacBook-Pro Books[83121] <Error>: 127094538222 12 AVE INFO: AVE_Session_HEVC_StartTileSession Exit 0xbd21fc020 0x16dcc94d0 0
2026-08-07 10:40:47 Martins-MacBook-Pro Books[83121] <Error>: 127094538255 11 AVE INFO: AVE_Plugin_HEVC_StartTileSession Exit 0xbd21fc000 0xbd8d46a40 0xbd8d57640 200 278 0x1f8f6d3c8 1140 64 0 0
2026-08-07 10:40:47 Martins-MacBook-Pro Books[83121] <Error>: 127094538284 11 AVE INFO: AVE_Plugin_HEVC_PrepareToEncodeTiles Enter 0xbd21fc000 0 0
2026-08-07 10:40:47 Martins-MacBook-Pro Books[83121] <Error>: 127094538296 12 AVE INFO: AVE_Session_HEVC_Prepare Enter 0xbd21fc020
2026-08-07 10:40:47 Martins-MacBook-Pro Books[83121] <Error>: 127094538707 12 AVE INFO: AVE_Session_HEVC_Prepare Exit 0xbd21fc020 0
2026-08-07 10:40:47 Martins-MacBook-Pro Books[83121] <Error>: 127094538731 11 AVE INFO: AVE_Plugin_HEVC_PrepareToEncodeTiles Exit 0xbd21fc000 0 1140 448 0 0
2026-08-07 10:40:47 Martins-MacBook-Pro Books[83121] <Error>: 127094554227 11 AVE INFO: AVE_Plugin_HEVC_Invalidate Enter 0xbd21fc000 0
2026-08-07 10:40:47 Martins-MacBook-Pro Books[83121] <Error>: 127094554271 12 AVE INFO: AVE_Session_HEVC_Stop Enter 0xbd21fc020
2026-08-07 10:40:47 Martins-MacBook-Pro Books[83121] <Error>: 127094554384 12 AVE INFO: AVE_Session_HEVC_Stop Exit 0xbd21fc020 0
2026-08-07 10:40:47 Martins-MacBook-Pro Books[83121] <Error>: 127094554402 11 AVE INFO: AVE_Plugin_HEVC_Invalidate Exit 0xbd21fc000 1140 175 0 0
2026-08-07 10:40:47 Martins-MacBook-Pro Books[83121] <Error>: 127094554416 11 AVE INFO: AVE_Plugin_HEVC_Finalize Enter 0xbd21fc000 0
2026-08-07 10:40:47 Martins-MacBook-Pro Books[83121] <Error>: 127094554426 12 AVE INFO: AVE_Session_HEVC_Destroy Enter 0xbd21fc020
2026-08-07 10:40:47 Martins-MacBook-Pro Books[83121] <Error>: 127094555883 2 AVE : ID: 1140 Type: 1 Enc: 2 | Input: 1 Proc: 1 Drop: 0
2026-08-07 10:40:47 Martins-MacBook-Pro Books[83121] <Error>: 127094557777 12 AVE INFO: AVE_Session_HEVC_Destroy Exit 0xbd21fc020 0
2026-08-07 10:40:47 Martins-MacBook-Pro Books[83121] <Error>: 127094557813 11 AVE INFO: AVE_Plugin_HEVC_Finalize Exit 0xbd21fc000 1140 3397 0 0
2026-08-07 10:40:47 Martins-MacBook-Pro Books[83121] <Error>: 127094577537 11 AVE : Compiled 905.40.1 in prod on Jul 11 2026 17:45:35
2026-08-07 10:40:47 Martins-MacBook-Pro Books[83121] <Error>: 127094577590 11 AVE : Temporary Path: /Users/mjwebster/Library/Containers/com.apple.iBooksX/Data/tmp/
2026-08-07 10:40:47 Martins-MacBook-Pro Books[83121] <Error>: 127094577602 11 AVE INFO: AVE_Plugin_HEVC_CreateInstance Enter 1752589105 0x1f8f6d3c8 0xbd8d45010 0
2026-08-07 10:40:47 Martins-MacBook-Pro Books[83121] <Error>: 127094577619 12 AVE INFO: AVE_Session_HEVC_Create Enter 0xbd21fc020 0x0
2026-08-07 10:40:47 Martins-MacBook-Pro Books[83121] <Error>: 127094577801 12 AVE INFO: AVE_Session_HEVC_CreatePropertyDict Enter 0xbd21fc020
2026-08-07 10:40:47 Martins-MacBook-Pro Books[83121] <Error>: 127094577860 12 AVE INFO: AVE_Session_HEVC_CreatePropertyDict Exit 0xbd21fc020 0
2026-08-07 10:40:47 Martins-MacBook-Pro Books[83121] <Error>: 127094577872 12 AVE INFO: AVE_Session_HEVC_Create Exit 0xbd21fc020 0x0 1150 253 0
2026-08-07 10:40:47 Martins-MacBook-Pro Books[83121] <Error>: 127094577883 11 AVE INFO: AVE_Plugin_HEVC_CreateInstance Exit 1752589105 0x1f8f6d3c8 0xbd8d45010 1150 0xbd21fc000 0xbd21fc020 527 0 0
2026-08-07 10:40:47 Martins-MacBook-Pro Books[83121] <Error>: 127094577898 11 AVE INFO: AVE_Plugin_HEVC_StartTileSession Enter 0xbd21fc000 0xbd8d45000 0xbd389c000 374 482 0x1f8f6d3c8 0
2026-08-07 10:40:47 Martins-MacBook-Pro Books[83121] <Error>: 127094577908 12 AVE INFO: AVE_Session_HEVC_StartTileSession Enter 0xbd21fc020 0x16dcc94d0
2026-08-07 10:40:47 Martins-MacBook-Pro Books[83121] <Error>: 127094577927 12 AVE INFO: AVE_Session_HEVC_StartTileSession Exit 0xbd21fc020 0x16dcc94d0 0
2026-08-07 10:40:47 Martins-MacBook-Pro Books[83121] <Error>: 127094577938 11 AVE INFO: AVE_Plugin_HEVC_StartTileSession Exit 0xbd21fc000 0xbd8d45000 0xbd389c000 374 482 0x1f8f6d3c8 1150 40 0 0
2026-08-07 10:40:47 Martins-MacBook-Pro Books[83121] <Error>: 127094577965 11 AVE INFO: AVE_Plugin_HEVC_PrepareToEncodeTiles Enter 0xbd21fc000 0 0
2026-08-07 10:40:47 Martins-MacBook-Pro Books[83121] <Error>: 127094577976 12 AVE INFO: AVE_Session_HEVC_Prepare Enter 0xbd21fc020
2026-08-07 10:40:47 Martins-MacBook-Pro Books[83121] <Error>: 127094578369 12 AVE INFO: AVE_Session_HEVC_Prepare Exit 0xbd21fc020 0
2026-08-07 10:40:47 Martins-MacBook-Pro Books[83121] <Error>: 127094578383 11 AVE INFO: AVE_Plugin_HEVC_PrepareToEncodeTiles Exit 0xbd21fc000 0 1150 418 0 0
2026-08-07 10:40:47 Martins-MacBook-Pro Books[83121] <Error>: 127094593248 11 AVE INFO: AVE_Plugin_HEVC_Invalidate Enter 0xbd21fc000 0
2026-08-07 10:40:47 Martins-MacBook-Pro Books[83121] <Error>: 127094593295 12 AVE INFO: AVE_Session_HEVC_Stop Enter 0xbd21fc020
2026-08-07 10:40:47 Martins-MacBook-Pro Books[83121] <Error>: 127094593404 12 AVE INFO: AVE_Session_HEVC_Stop Exit 0xbd21fc020 0
2026-08-07 10:40:47 Martins-MacBook-Pro Books[83121] <Error>: 127094593422 11 AVE INFO: AVE_Plugin_HEVC_Invalidate Exit 0xbd21fc000 1150 174 0 0
2026-08-07 10:40:47 Martins-MacBook-Pro Books[83121] <Error>: 127094593434 11 AVE INFO: AVE_Plugin_HEVC_Finalize Enter 0xbd21fc000 0
2026-08-07 10:40:47 Martins-MacBook-Pro Books[83121] <Error>: 127094593442 12 AVE INFO: AVE_Session_HEVC_Destroy Enter 0xbd21fc020
2026-08-07 10:40:47 Martins-MacBook-Pro Books[83121] <Error>: 127094594943 2 AVE : ID: 1150 Type: 1 Enc: 2 | Input: 1 Proc: 1 Drop: 0
2026-08-07 10:40:47 Martins-MacBook-Pro Books[83121] <Error>: 127094596782 12 AVE INFO: AVE_Session_HEVC_Destroy Exit 0xbd21fc020 0
2026-08-07 10:40:47 Martins-MacBook-Pro Books[83121] <Error>: 127094596806 11 AVE INFO: AVE_Plugin_HEVC_Finalize Exit 0xbd21fc000 1150 3372 0 0
2026-08-07 10:40:47 Martins-MacBook-Pro Books[83121] <Error>: 127094598668 11 AVE : Compiled 905.40.1 in prod on Jul 11 2026 17:45:35
2026-08-07 10:40:47 Martins-MacBook-Pro Books[83121] <Error>: 127094598706 11 AVE : Temporary Path: /Users/mjwebster/Library/Containers/com.apple.iBooksX/Data/tmp/
2026-08-07 10:40:47 Martins-MacBook-Pro Books[83121] <Error>: 127094598717 11 AVE INFO: AVE_Plugin_HEVC_CreateInstance Enter 1752589105 0x1f8f6d3c8 0xbd8d46210 0
2026-08-07 10:40:47 Martins-MacBook-Pro Books[83121] <Error>: 127094598739 12 AVE INFO: AVE_Session_HEVC_Create Enter 0xbd21fc020 0x0
2026-08-07 10:40:47 Martins-MacBook-Pro Books[83121] <Error>: 127094598908 12 AVE INFO: AVE_Session_HEVC_CreatePropertyDict Enter 0xbd21fc020
2026-08-07 10:40:47 Martins-MacBook-Pro Books[83121] <Error>: 127094598966 12 AVE INFO: AVE_Session_HEVC_CreatePropertyDict Exit 0xbd21fc020 0
2026-08-07 10:40:47 Martins-MacBook-Pro Books[83121] <Error>: 127094598978 12 AVE INFO: AVE_Session_HEVC_Create Exit 0xbd21fc020 0x0 1160 239 0
2026-08-07 10:40:47 Martins-MacBook-Pro Books[83121] <Error>: 127094598989 11 AVE INFO: AVE_Plugin_HEVC_CreateInstance Exit 1752589105 0x1f8f6d3c8 0xbd8d46210 1160 0xbd21fc000 0xbd21fc020 494 0 0
2026-08-07 10:40:47 Martins-MacBook-Pro Books[83121] <Error>: 127094598999 11 AVE INFO: AVE_Plugin_HEVC_StartTileSession Enter 0xbd21fc000 0xbd8d46200 0xbd9017400 200 280 0x1f8f6d3c8 0
2026-08-07 10:40:47 Martins-MacBook-Pro Books[83121] <Error>: 127094599039 12 AVE INFO: AVE_Session_HEVC_StartTileSession Enter 0xbd21fc020 0x16dcc94d0
2026-08-07 10:40:47 Martins-MacBook-Pro Books[83121] <Error>: 127094599069 12 AVE INFO: AVE_Session_HEVC_StartTileSession Exit 0xbd21fc020 0x16dcc94d0 0
2026-08-07 10:40:47 Martins-MacBook-Pro Books[83121] <Error>: 127094599082 11 AVE INFO: AVE_Plugin_HEVC_StartTileSession Exit 0xbd21fc000 0xbd8d46200 0xbd9017400 200 280 0x1f8f6d3c8 1160 83 0 0
2026-08-07 10:40:47 Martins-MacBook-Pro Books[83121] <Error>: 127094599111 11 AVE INFO: AVE_Plugin_HEVC_PrepareToEncodeTiles Enter 0xbd21fc000 0 0
2026-08-07 10:40:47 Martins-MacBook-Pro Books[83121] <Error>: 127094599123 12 AVE INFO: AVE_Session_HEVC_Prepare Enter 0xbd21fc020
2026-08-07 10:40:47 Martins-MacBook-Pro Books[83121] <Error>: 127094599500 12 AVE INFO: AVE_Session_HEVC_Prepare Exit 0xbd21fc020 0
2026-08-07 10:40:47 Martins-MacBook-Pro Books[83121] <Error>: 127094599517 11 AVE INFO: AVE_Plugin_HEVC_PrepareToEncodeTiles Exit 0xbd21fc000 0 1160 406 0 0
2026-08-07 10:40:47 Martins-MacBook-Pro Books[83121] <Error>: 127094614753 11 AVE INFO: AVE_Plugin_HEVC_Invalidate Enter 0xbd21fc000 0
2026-08-07 10:40:47 Martins-MacBook-Pro Books[83121] <Error>: 127094614796 12 AVE INFO: AVE_Session_HEVC_Stop Enter 0xbd21fc020
2026-08-07 10:40:47 Martins-MacBook-Pro Books[83121] <Error>: 127094614932 12 AVE INFO: AVE_Session_HEVC_Stop Exit 0xbd21fc020 0
2026-08-07 10:40:47 Martins-MacBook-Pro Books[83121] <Error>: 127094614952 11 AVE INFO: AVE_Plugin_HEVC_Invalidate Exit 0xbd21fc000 1160 199 0 0
2026-08-07 10:40:47 Martins-MacBook-Pro Books[83121] <Error>: 127094614969 11 AVE INFO: AVE_Plugin_HEVC_Finalize Enter 0xbd21fc000 0
2026-08-07 10:40:47 Martins-MacBook-Pro Books[83121] <Error>: 127094614980 12 AVE INFO: AVE_Session_HEVC_Destroy Enter 0xbd21fc020
2026-08-07 10:40:47 Martins-MacBook-Pro Books[83121] <Error>: 127094616459 2 AVE : ID: 1160 Type: 1 Enc: 2 | Input: 1 Proc: 1 Drop: 0
2026-08-07 10:40:47 Martins-MacBook-Pro Books[83121] <Error>: 127094618648 12 AVE INFO: AVE_Session_HEVC_Destroy Exit 0xbd21fc020 0
2026-08-07 10:40:47 Martins-MacBook-Pro Books[83121] <Error>: 127094618693 11 AVE INFO: AVE_Plugin_HEVC_Finalize Exit 0xbd21fc000 1160 3724 0 0
2026-08-07 10:40:47 Martins-MacBook-Pro Books[83121] <Error>: 127094620606 11 AVE : Compiled 905.40.1 in prod on Jul 11 2026 17:45:35
2026-08-07 10:40:47 Martins-MacBook-Pro Books[83121] <Error>: 127094620643 11 AVE : Temporary Path: /Users/mjwebster/Library/Containers/com.apple.iBooksX/Data/tmp/
2026-08-07 10:40:47 Martins-MacBook-Pro Books[83121] <Error>: 127094620655 11 AVE INFO: AVE_Plugin_HEVC_CreateInstance Enter 1752589105 0x1f8f6d3c8 0xbd8d46210 0
2026-08-07 10:40:47 Martins-MacBook-Pro Books[83121] <Error>: 127094620671 12 AVE INFO: AVE_Session_HEVC_Create Enter 0xbd12f0020 0x0
2026-08-07 10:40:47 Martins-MacBook-Pro Books[83121] <Error>: 127094620846 12 AVE INFO: AVE_Session_HEVC_CreatePropertyDict Enter 0xbd12f0020
2026-08-07 10:40:47 Martins-MacBook-Pro Books[83121] <Error>: 127094620935 12 AVE INFO: AVE_Session_HEVC_CreatePropertyDict Exit 0xbd12f0020 0
2026-08-07 10:40:47 Martins-MacBook-Pro Books[83121] <Error>: 127094620956 12 AVE INFO: AVE_Session_HEVC_Create Exit 0xbd12f0020 0x0 1170 285 0
2026-08-07 10:40:47 Martins-MacBook-Pro Books[83121] <Error>: 127094620967 11 AVE INFO: AVE_Plugin_HEVC_CreateInstance Exit 1752589105 0x1f8f6d3c8 0xbd8d46210 1170 0xbd12f0000 0xbd12f0020 543 0 0
2026-08-07 10:40:47 Martins-MacBook-Pro Books[83121] <Error>: 127094620980 11 AVE INFO: AVE_Plugin_HEVC_StartTileSession Enter 0xbd12f0000 0xbd8d46200 0xbd992c960 400 560 0x1f8f6d3c8 0
2026-08-07 10:40:47 Martins-MacBook-Pro Books[83121] <Error>: 127094620991 12 AVE INFO: AVE_Session_HEVC_StartTileSession Enter 0xbd12f0020 0x16dcc94d0
2026-08-07 10:40:47 Martins-MacBook-Pro Books[83121] <Error>: 127094621010 12 AVE INFO: AVE_Session_HEVC_StartTileSession Exit 0xbd12f0020 0x16dcc94d0 0
2026-08-07 10:40:47 Martins-MacBook-Pro Books[83121] <Error>: 127094621025 11 AVE INFO: AVE_Plugin_HEVC_StartTileSession Exit 0xbd12f0000 0xbd8d46200 0xbd992c960 400 560 0x1f8f6d3c8 1170 45 0 0
2026-08-07 10:40:47 Martins-MacBook-Pro Books[83121] <Error>: 127094621054 11 AVE INFO: AVE_Plugin_HEVC_PrepareToEncodeTiles Enter 0xbd12f0000 0 0
2026-08-07 10:40:47 Martins-MacBook-Pro Books[83121] <Error>: 127094621072 12 AVE INFO: AVE_Session_HEVC_Prepare Enter 0xbd12f0020
2026-08-07 10:40:47 Martins-MacBook-Pro Books[83121] <Error>: 127094621499 12 AVE INFO: AVE_Session_HEVC_Prepare Exit 0xbd12f0020 0
2026-08-07 10:40:47 Martins-MacBook-Pro Books[83121] <Error>: 127094621537 11 AVE INFO: AVE_Plugin_HEVC_PrepareToEncodeTiles Exit 0xbd12f0000 0 1170 483 0 0
2026-08-07 10:40:47 Martins-MacBook-Pro Books[83121] <Error>: 127094636694 11 AVE INFO: AVE_Plugin_HEVC_Invalidate Enter 0xbd12f0000 0
2026-08-07 10:40:47 Martins-MacBook-Pro Books[83121] <Error>: 127094636737 12 AVE INFO: AVE_Session_HEVC_Stop Enter 0xbd12f0020
2026-08-07 10:40:47 Martins-MacBook-Pro Books[83121] <Error>: 127094636854 12 AVE INFO: AVE_Session_HEVC_Stop Exit 0xbd12f0020 0
2026-08-07 10:40:47 Martins-MacBook-Pro Books[83121] <Error>: 127094636871 11 AVE INFO: AVE_Plugin_HEVC_Invalidate Exit 0xbd12f0000 1170 177 0 0
2026-08-07 10:40:47 Martins-MacBook-Pro Books[83121] <Error>: 127094636891 11 AVE INFO: AVE_Plugin_HEVC_Finalize Enter 0xbd12f0000 0
2026-08-07 10:40:47 Martins-MacBook-Pro Books[83121] <Error>: 127094636901 12 AVE INFO: AVE_Session_HEVC_Destroy Enter 0xbd12f0020
2026-08-07 10:40:47 Martins-MacBook-Pro Books[83121] <Error>: 127094638383 2 AVE : ID: 1170 Type: 1 Enc: 2 | Input: 1 Proc: 1 Drop: 0
2026-08-07 10:40:47 Martins-MacBook-Pro Books[83121] <Error>: 127094640400 12 AVE INFO: AVE_Session_HEVC_Destroy Exit 0xbd12f0020 0
2026-08-07 10:40:47 Martins-MacBook-Pro Books[83121] <Error>: 127094640432 11 AVE INFO: AVE_Plugin_HEVC_Finalize Exit 0xbd12f0000 1170 3541 0 0
2026-08-07 10:40:47 Martins-MacBook-Pro Books[83121] <Error>: 127094642262 11 AVE : Compiled 905.40.1 in prod on Jul 11 2026 17:45:35
2026-08-07 10:40:47 Martins-MacBook-Pro Books[83121] <Error>: 127094642300 11 AVE : Temporary Path: /Users/mjwebster/Library/Containers/com.apple.iBooksX/Data/tmp/
2026-08-07 10:40:47 Martins-MacBook-Pro Books[83121] <Error>: 127094642315 11 AVE INFO: AVE_Plugin_HEVC_CreateInstance Enter 1752589105 0x1f8f6d3c8 0xbd8d46210 0
2026-08-07 10:40:47 Martins-MacBook-Pro Books[83121] <Error>: 127094642332 12 AVE INFO: AVE_Session_HEVC_Create Enter 0xbd12f0020 0x0
2026-08-07 10:40:47 Martins-MacBook-Pro Books[83121] <Error>: 127094642529 12 AVE INFO: AVE_Session_HEVC_CreatePropertyDict Enter 0xbd12f0020
2026-08-07 10:40:47 Martins-MacBook-Pro Books[83121] <Error>: 127094642587 12 AVE INFO: AVE_Session_HEVC_CreatePropertyDict Exit 0xbd12f0020 0
2026-08-07 10:40:47 Martins-MacBook-Pro Books[83121] <Error>: 127094642599 12 AVE INFO: AVE_Session_HEVC_Create Exit 0xbd12f0020 0x0 1180 267 0
2026-08-07 10:40:47 Martins-MacBook-Pro Books[83121] <Error>: 127094642610 11 AVE INFO: AVE_Plugin_HEVC_CreateInstance Exit 1752589105 0x1f8f6d3c8 0xbd8d46210 1180 0xbd12f0000 0xbd12f0020 520 0 0
2026-08-07 10:40:47 Martins-MacBook-Pro Books[83121] <Error>: 127094642621 11 AVE INFO: AVE_Plugin_HEVC_StartTileSession Enter 0xbd12f0000 0xbd8d46200 0xbd8a848e0 230 322 0x1f8f6d3c8 0
2026-08-07 10:40:47 Martins-MacBook-Pro Books[83121] <Error>: 127094642632 12 AVE INFO: AVE_Session_HEVC_StartTileSession Enter 0xbd12f0020 0x16dcc94d0
2026-08-07 10:40:47 Martins-MacBook-Pro Books[83121] <Error>: 127094642649 12 AVE INFO: AVE_Session_HEVC_StartTileSession Exit 0xbd12f0020 0x16dcc94d0 0
2026-08-07 10:40:47 Martins-MacBook-Pro Books[83121] <Error>: 127094642659 11 AVE INFO: AVE_Plugin_HEVC_StartTileSession Exit 0xbd12f0000 0xbd8d46200 0xbd8a848e0 230 322 0x1f8f6d3c8 1180 38 0 0
2026-08-07 10:40:47 Martins-MacBook-Pro Books[83121] <Error>: 127094642686 11 AVE INFO: AVE_Plugin_HEVC_PrepareToEncodeTiles Enter 0xbd12f0000 0 0
2026-08-07 10:40:47 Martins-MacBook-Pro Books[83121] <Error>: 127094642696 12 AVE INFO: AVE_Session_HEVC_Prepare Enter 0xbd12f0020
2026-08-07 10:40:47 Martins-MacBook-Pro Books[83121] <Error>: 127094643056 12 AVE INFO: AVE_Session_HEVC_Prepare Exit 0xbd12f0020 0
2026-08-07 10:40:47 Martins-MacBook-Pro Books[83121] <Error>: 127094643070 11 AVE INFO: AVE_Plugin_HEVC_PrepareToEncodeTiles Exit 0xbd12f0000 0 1180 384 0 0
2026-08-07 10:40:47 Martins-MacBook-Pro Books[83121] <Error>: 127094658176 11 AVE INFO: AVE_Plugin_HEVC_Invalidate Enter 0xbd12f0000 0
2026-08-07 10:40:47 Martins-MacBook-Pro Books[83121] <Error>: 127094658232 12 AVE INFO: AVE_Session_HEVC_Stop Enter 0xbd12f0020
2026-08-07 10:40:47 Martins-MacBook-Pro Books[83121] <Error>: 127094658368 12 AVE INFO: AVE_Session_HEVC_Stop Exit 0xbd12f0020 0
2026-08-07 10:40:47 Martins-MacBook-Pro Books[83121] <Error>: 127094658399 11 AVE INFO: AVE_Plugin_HEVC_Invalidate Exit 0xbd12f0000 1180 223 0 0
2026-08-07 10:40:47 Martins-MacBook-Pro Books[83121] <Error>: 127094658422 11 AVE INFO: AVE_Plugin_HEVC_Finalize Enter 0xbd12f0000 0
2026-08-07 10:40:47 Martins-MacBook-Pro Books[83121] <Error>: 127094658433 12 AVE INFO: AVE_Session_HEVC_Destroy Enter 0xbd12f0020
2026-08-07 10:40:47 Martins-MacBook-Pro Books[83121] <Error>: 127094659935 2 AVE : ID: 1180 Type: 1 Enc: 2 | Input: 1 Proc: 1 Drop: 0
2026-08-07 10:40:47 Martins-MacBook-Pro Books[83121] <Error>: 127094661978 12 AVE INFO: AVE_Session_HEVC_Destroy Exit 0xbd12f0020 0
2026-08-07 10:40:47 Martins-MacBook-Pro Books[83121] <Error>: 127094662000 11 AVE INFO: AVE_Plugin_HEVC_Finalize Exit 0xbd12f0000 1180 3578 0 0
2026-08-07 10:40:47 Martins-MacBook-Pro Books[83121] <Error>: 127094935701 11 AVE : Compiled 905.40.1 in prod on Jul 11 2026 17:45:35
2026-08-07 10:40:47 Martins-MacBook-Pro Books[83121] <Error>: 127094935760 11 AVE : Temporary Path: /Users/mjwebster/Library/Containers/com.apple.iBooksX/Data/tmp/
2026-08-07 10:40:47 Martins-MacBook-Pro Books[83121] <Error>: 127094935773 11 AVE INFO: AVE_Plugin_HEVC_CreateInstance Enter 1752589105 0x1f8f6d3c8 0xbd8d63950 0
2026-08-07 10:40:47 Martins-MacBook-Pro Books[83121] <Error>: 127094935790 12 AVE INFO: AVE_Session_HEVC_Create Enter 0xbd220c020 0x0
2026-08-07 10:40:47 Martins-MacBook-Pro Books[83121] <Error>: 127094936011 12 AVE INFO: AVE_Session_HEVC_CreatePropertyDict Enter 0xbd220c020
2026-08-07 10:40:47 Martins-MacBook-Pro Books[83121] <Error>: 127094936065 12 AVE INFO: AVE_Session_HEVC_CreatePropertyDict Exit 0xbd220c020 0
2026-08-07 10:40:47 Martins-MacBook-Pro Books[83121] <Error>: 127094936078 12 AVE INFO: AVE_Session_HEVC_Create Exit 0xbd220c020 0x0 1190 288 0
2026-08-07 10:40:47 Martins-MacBook-Pro Books[83121] <Error>: 127094936089 11 AVE INFO: AVE_Plugin_HEVC_CreateInstance Exit 1752589105 0x1f8f6d3c8 0xbd8d63950 1190 0xbd220c000 0xbd220c020 696 0 0
2026-08-07 10:40:47 Martins-MacBook-Pro Books[83121] <Error>: 127094936100 11 AVE INFO: AVE_Plugin_HEVC_StartTileSession Enter 0xbd220c000 0xbd8d63940 0xbd70bd8e0 512 512 0x1f8f6d3c8 0
2026-08-07 10:40:47 Martins-MacBook-Pro Books[83121] <Error>: 127094936112 12 AVE INFO: AVE_Session_HEVC_StartTileSession Enter 0xbd220c020 0x16df854d0
2026-08-07 10:40:47 Martins-MacBook-Pro Books[83121] <Error>: 127094936141 12 AVE INFO: AVE_Session_HEVC_StartTileSession Exit 0xbd220c020 0x16df854d0 0
2026-08-07 10:40:47 Martins-MacBook-Pro Books[83121] <Error>: 127094936168 11 AVE INFO: AVE_Plugin_HEVC_StartTileSession Exit 0xbd220c000 0xbd8d63940 0xbd70bd8e0 512 512 0x1f8f6d3c8 1190 68 0 0
2026-08-07 10:40:47 Martins-MacBook-Pro Books[83121] <Error>: 127094936245 11 AVE INFO: AVE_Plugin_HEVC_PrepareToEncodeTiles Enter 0xbd220c000 0 0
2026-08-07 10:40:47 Martins-MacBook-Pro Books[83121] <Error>: 127094936267 12 AVE INFO: AVE_Session_HEVC_Prepare Enter 0xbd220c020
2026-08-07 10:40:47 Martins-MacBook-Pro Books[83121] <Error>: 127094936901 12 AVE INFO: AVE_Session_HEVC_Prepare Exit 0xbd220c020 0
2026-08-07 10:40:47 Martins-MacBook-Pro Books[83121] <Error>: 127094936917 11 AVE INFO: AVE_Plugin_HEVC_PrepareToEncodeTiles Exit 0xbd220c000 0 1190 672 0 0
2026-08-07 10:40:47 Martins-MacBook-Pro Books[83121] <Error>: 127094951528 11 AVE INFO: AVE_Plugin_HEVC_Invalidate Enter 0xbd220c000 0
2026-08-07 10:40:47 Martins-MacBook-Pro Books[83121] <Error>: 127094951573 12 AVE INFO: AVE_Session_HEVC_Stop Enter 0xbd220c020
2026-08-07 10:40:47 Martins-MacBook-Pro Books[83121] <Error>: 127094951696 12 AVE INFO: AVE_Session_HEVC_Stop Exit 0xbd220c020 0
2026-08-07 10:40:47 Martins-MacBook-Pro Books[83121] <Error>: 127094951714 11 AVE INFO: AVE_Plugin_HEVC_Invalidate Exit 0xbd220c000 1190 185 0 0
2026-08-07 10:40:47 Martins-MacBook-Pro Books[83121] <Error>: 127094951728 11 AVE INFO: AVE_Plugin_HEVC_Finalize Enter 0xbd220c000 0
2026-08-07 10:40:47 Martins-MacBook-Pro Books[83121] <Error>: 127094951738 12 AVE INFO: AVE_Session_HEVC_Destroy Enter 0xbd220c020
2026-08-07 10:40:47 Martins-MacBook-Pro Books[83121] <Error>: 127094953293 2 AVE : ID: 1190 Type: 1 Enc: 2 | Input: 6 Proc: 6 Drop: 0
2026-08-07 10:40:47 Martins-MacBook-Pro Books[83121] <Error>: 127094955525 12 AVE INFO: AVE_Session_HEVC_Destroy Exit 0xbd220c020 0
2026-08-07 10:40:47 Martins-MacBook-Pro Books[83121] <Error>: 127094955558 11 AVE INFO: AVE_Plugin_HEVC_Finalize Exit 0xbd220c000 1190 3830 0 0
2026-08-07 10:40:47 Martins-MacBook-Pro Books[83121] <Error>: 127094957195 11 AVE : Compiled 905.40.1 in prod on Jul 11 2026 17:45:35
2026-08-07 10:40:47 Martins-MacBook-Pro Books[83121] <Error>: 127094957233 11 AVE : Temporary Path: /Users/mjwebster/Library/Containers/com.apple.iBooksX/Data/tmp/
2026-08-07 10:40:47 Martins-MacBook-Pro Books[83121] <Error>: 127094957245 11 AVE INFO: AVE_Plugin_HEVC_CreateInstance Enter 1752589105 0x1f8f6d3c8 0xbd8d63950 0
2026-08-07 10:40:47 Martins-MacBook-Pro Books[83121] <Error>: 127094957262 12 AVE INFO: AVE_Session_HEVC_Create Enter 0xbd220c020 0x0
2026-08-07 10:40:47 Martins-MacBook-Pro Books[83121] <Error>: 127094957451 12 AVE INFO: AVE_Session_HEVC_CreatePropertyDict Enter 0xbd220c020
2026-08-07 10:40:47 Martins-MacBook-Pro Books[83121] <Error>: 127094957502 12 AVE INFO: AVE_Session_HEVC_CreatePropertyDict Exit 0xbd220c020 0
2026-08-07 10:40:47 Martins-MacBook-Pro Books[83121] <Error>: 127094957515 12 AVE INFO: AVE_Session_HEVC_Create Exit 0xbd220c020 0x0 1200 253 0
2026-08-07 10:40:47 Martins-MacBook-Pro Books[83121] <Error>: 127094957526 11 AVE INFO: AVE_Plugin_HEVC_CreateInstance Exit 1752589105 0x1f8f6d3c8 0xbd8d63950 1200 0xbd220c000 0xbd220c020 496 0 0
2026-08-07 10:40:47 Martins-MacBook-Pro Books[83121] <Error>: 127094957536 11 AVE INFO: AVE_Plugin_HEVC_StartTileSession Enter 0xbd220c000 0xbd8d63940 0xbd9931980 230 320 0x1f8f6d3c8 0
2026-08-07 10:40:47 Martins-MacBook-Pro Books[83121] <Error>: 127094957547 12 AVE INFO: AVE_Session_HEVC_StartTileSession Enter 0xbd220c020 0x16df854d0
2026-08-07 10:40:47 Martins-MacBook-Pro Books[83121] <Error>: 127094957579 12 AVE INFO: AVE_Session_HEVC_StartTileSession Exit 0xbd220c020 0x16df854d0 0
2026-08-07 10:40:47 Martins-MacBook-Pro Books[83121] <Error>: 127094957589 11 AVE INFO: AVE_Plugin_HEVC_StartTileSession Exit 0xbd220c000 0xbd8d63940 0xbd9931980 230 320 0x1f8f6d3c8 1200 53 0 0
2026-08-07 10:40:47 Martins-MacBook-Pro Books[83121] <Error>: 127094957628 11 AVE INFO: AVE_Plugin_HEVC_PrepareToEncodeTiles Enter 0xbd220c000 0 0
2026-08-07 10:40:47 Martins-MacBook-Pro Books[83121] <Error>: 127094957638 12 AVE INFO: AVE_Session_HEVC_Prepare Enter 0xbd220c020
2026-08-07 10:40:47 Martins-MacBook-Pro Books[83121] <Error>: 127094958008 12 AVE INFO: AVE_Session_HEVC_Prepare Exit 0xbd220c020 0
2026-08-07 10:40:47 Martins-MacBook-Pro Books[83121] <Error>: 127094958024 11 AVE INFO: AVE_Plugin_HEVC_PrepareToEncodeTiles Exit 0xbd220c000 0 1200 396 0 0
2026-08-07 10:40:47 Martins-MacBook-Pro Books[83121] <Error>: 127094973131 11 AVE INFO: AVE_Plugin_HEVC_Invalidate Enter 0xbd220c000 0
2026-08-07 10:40:47 Martins-MacBook-Pro Books[83121] <Error>: 127094973173 12 AVE INFO: AVE_Session_HEVC_Stop Enter 0xbd220c020
2026-08-07 10:40:47 Martins-MacBook-Pro Books[83121] <Error>: 127094973322 12 AVE INFO: AVE_Session_HEVC_Stop Exit 0xbd220c020 0
2026-08-07 10:40:47 Martins-MacBook-Pro Books[83121] <Error>: 127094973339 11 AVE INFO: AVE_Plugin_HEVC_Invalidate Exit 0xbd220c000 1200 208 0 0
2026-08-07 10:40:47 Martins-MacBook-Pro Books[83121] <Error>: 127094973352 11 AVE INFO: AVE_Plugin_HEVC_Finalize Enter 0xbd220c000 0
2026-08-07 10:40:47 Martins-MacBook-Pro Books[83121] <Error>: 127094973362 12 AVE INFO: AVE_Session_HEVC_Destroy Enter 0xbd220c020
2026-08-07 10:40:47 Martins-MacBook-Pro Books[83121] <Error>: 127094974904 2 AVE : ID: 1200 Type: 1 Enc: 2 | Input: 1 Proc: 1 Drop: 0
2026-08-07 10:40:47 Martins-MacBook-Pro Books[83121] <Error>: 127094976861 12 AVE INFO: AVE_Session_HEVC_Destroy Exit 0xbd220c020 0
2026-08-07 10:40:47 Martins-MacBook-Pro Books[83121] <Error>: 127094976897 11 AVE INFO: AVE_Plugin_HEVC_Finalize Exit 0xbd220c000 1200 3545 0 0
2026-08-07 10:40:47 Martins-MacBook-Pro Books[83121] <Error>: 127095162032 11 AVE : Compiled 905.40.1 in prod on Jul 11 2026 17:45:35
2026-08-07 10:40:47 Martins-MacBook-Pro Books[83121] <Error>: 127095162078 11 AVE : Temporary Path: /Users/mjwebster/Library/Containers/com.apple.iBooksX/Data/tmp/
2026-08-07 10:40:47 Martins-MacBook-Pro Books[83121] <Error>: 127095162093 11 AVE INFO: AVE_Plugin_HEVC_CreateInstance Enter 1752589105 0x1f8f6d3c8 0xbd8e6d3d0 0
2026-08-07 10:40:47 Martins-MacBook-Pro Books[83121] <Error>: 127095162110 12 AVE INFO: AVE_Session_HEVC_Create Enter 0xbd218c020 0x0
2026-08-07 10:40:47 Martins-MacBook-Pro Books[83121] <Error>: 127095162297 12 AVE INFO: AVE_Session_HEVC_CreatePropertyDict Enter 0xbd218c020
2026-08-07 10:40:47 Martins-MacBook-Pro Books[83121] <Error>: 127095162361 12 AVE INFO: AVE_Session_HEVC_CreatePropertyDict Exit 0xbd218c020 0
2026-08-07 10:40:47 Martins-MacBook-Pro Books[83121] <Error>: 127095162375 12 AVE INFO: AVE_Session_HEVC_Create Exit 0xbd218c020 0x0 1210 265 0
2026-08-07 10:40:47 Martins-MacBook-Pro Books[83121] <Error>: 127095162385 11 AVE INFO: AVE_Plugin_HEVC_CreateInstance Exit 1752589105 0x1f8f6d3c8 0xbd8e6d3d0 1210 0xbd218c000 0xbd218c020 511 0 0
2026-08-07 10:40:47 Martins-MacBook-Pro Books[83121] <Error>: 127095162396 11 AVE INFO: AVE_Plugin_HEVC_StartTileSession Enter 0xbd218c000 0xbd8e6d3c0 0xbd8d90720 180 252 0x1f8f6d3c8 0
2026-08-07 10:40:47 Martins-MacBook-Pro Books[83121] <Error>: 127095162406 12 AVE INFO: AVE_Session_HEVC_StartTileSession Enter 0xbd218c020 0x16e1294d0
2026-08-07 10:40:47 Martins-MacBook-Pro Books[83121] <Error>: 127095162423 12 AVE INFO: AVE_Session_HEVC_StartTileSession Exit 0xbd218c020 0x16e1294d0 0
2026-08-07 10:40:47 Martins-MacBook-Pro Books[83121] <Error>: 127095162436 11 AVE INFO: AVE_Plugin_HEVC_StartTileSession Exit 0xbd218c000 0xbd8e6d3c0 0xbd8d90720 180 252 0x1f8f6d3c8 1210 40 0 0
2026-08-07 10:40:47 Martins-MacBook-Pro Books[83121] <Error>: 127095162462 11 AVE INFO: AVE_Plugin_HEVC_PrepareToEncodeTiles Enter 0xbd218c000 0 0
2026-08-07 10:40:47 Martins-MacBook-Pro Books[83121] <Error>: 127095162476 12 AVE INFO: AVE_Session_HEVC_Prepare Enter 0xbd218c020
2026-08-07 10:40:47 Martins-MacBook-Pro Books[83121] <Error>: 127095162941 12 AVE INFO: AVE_Session_HEVC_Prepare Exit 0xbd218c020 0
2026-08-07 10:40:47 Martins-MacBook-Pro Books[83121] <Error>: 127095162964 11 AVE INFO: AVE_Plugin_HEVC_PrepareToEncodeTiles Exit 0xbd218c000 0 1210 502 0 0
2026-08-07 10:40:47 Martins-MacBook-Pro Books[83121] <Error>: 127095178233 11 AVE INFO: AVE_Plugin_HEVC_Invalidate Enter 0xbd218c000 0
2026-08-07 10:40:47 Martins-MacBook-Pro Books[83121] <Error>: 127095178293 12 AVE INFO: AVE_Session_HEVC_Stop Enter 0xbd218c020
2026-08-07 10:40:47 Martins-MacBook-Pro Books[83121] <Error>: 127095178424 12 AVE INFO: AVE_Session_HEVC_Stop Exit 0xbd218c020 0
2026-08-07 10:40:47 Martins-MacBook-Pro Books[83121] <Error>: 127095178444 11 AVE INFO: AVE_Plugin_HEVC_Invalidate Exit 0xbd218c000 1210 210 0 0
2026-08-07 10:40:47 Martins-MacBook-Pro Books[83121] <Error>: 127095178458 11 AVE INFO: AVE_Plugin_HEVC_Finalize Enter 0xbd218c000 0
2026-08-07 10:40:47 Martins-MacBook-Pro Books[83121] <Error>: 127095178467 12 AVE INFO: AVE_Session_HEVC_Destroy Enter 0xbd218c020
2026-08-07 10:40:47 Martins-MacBook-Pro Books[83121] <Error>: 127095179993 2 AVE : ID: 1210 Type: 1 Enc: 2 | Input: 1 Proc: 1 Drop: 0
2026-08-07 10:40:47 Martins-MacBook-Pro Books[83121] <Error>: 127095182278 12 AVE INFO: AVE_Session_HEVC_Destroy Exit 0xbd218c020 0
2026-08-07 10:40:47 Martins-MacBook-Pro Books[83121] <Error>: 127095182316 11 AVE INFO: AVE_Plugin_HEVC_Finalize Exit 0xbd218c000 1210 3858 0 0
2026-08-07 10:40:48 Martins-MacBook-Pro Books[83121] <Error>: 127096038336 11 AVE : Compiled 905.40.1 in prod on Jul 11 2026 17:45:35
2026-08-07 10:40:48 Martins-MacBook-Pro Books[83121] <Error>: 127096038414 11 AVE : Temporary Path: /Users/mjwebster/Library/Containers/com.apple.iBooksX/Data/tmp/
2026-08-07 10:40:48 Martins-MacBook-Pro Books[83121] <Error>: 127096038432 11 AVE INFO: AVE_Plugin_HEVC_CreateInstance Enter 1752589105 0x1f8f6d3c8 0xbd8e6c4d0 0
2026-08-07 10:40:48 Martins-MacBook-Pro Books[83121] <Error>: 127096038456 12 AVE INFO: AVE_Session_HEVC_Create Enter 0xbd220c020 0x0
2026-08-07 10:40:48 Martins-MacBook-Pro Books[83121] <Error>: 127096038678 12 AVE INFO: AVE_Session_HEVC_CreatePropertyDict Enter 0xbd220c020
2026-08-07 10:40:48 Martins-MacBook-Pro Books[83121] <Error>: 127096038751 12 AVE INFO: AVE_Session_HEVC_CreatePropertyDict Exit 0xbd220c020 0
2026-08-07 10:40:48 Martins-MacBook-Pro Books[83121] <Error>: 127096038765 12 AVE INFO: AVE_Session_HEVC_Create Exit 0xbd220c020 0x0 1220 309 0
2026-08-07 10:40:48 Martins-MacBook-Pro Books[83121] <Error>: 127096038777 11 AVE INFO: AVE_Plugin_HEVC_CreateInstance Exit 1752589105 0x1f8f6d3c8 0xbd8e6c4d0 1220 0xbd220c000 0xbd220c020 657 0 0
2026-08-07 10:40:48 Martins-MacBook-Pro Books[83121] <Error>: 127096038793 11 AVE INFO: AVE_Plugin_HEVC_StartTileSession Enter 0xbd220c000 0xbd8e6c4c0 0xbd8d91f80 128 180 0x1f8f6d3c8 0
2026-08-07 10:40:48 Martins-MacBook-Pro Books[83121] <Error>: 127096038805 12 AVE INFO: AVE_Session_HEVC_StartTileSession Enter 0xbd220c020 0x16de6d4d0
2026-08-07 10:40:48 Martins-MacBook-Pro Books[83121] <Error>: 127096038827 12 AVE INFO: AVE_Session_HEVC_StartTileSession Exit 0xbd220c020 0x16de6d4d0 0
2026-08-07 10:40:48 Martins-MacBook-Pro Books[83121] <Error>: 127096038840 11 AVE INFO: AVE_Plugin_HEVC_StartTileSession Exit 0xbd220c000 0xbd8e6c4c0 0xbd8d91f80 128 180 0x1f8f6d3c8 1220 47 0 0
2026-08-07 10:40:48 Martins-MacBook-Pro Books[83121] <Error>: 127096038906 11 AVE INFO: AVE_Plugin_HEVC_PrepareToEncodeTiles Enter 0xbd220c000 0 0
2026-08-07 10:40:48 Martins-MacBook-Pro Books[83121] <Error>: 127096038935 12 AVE INFO: AVE_Session_HEVC_Prepare Enter 0xbd220c020
2026-08-07 10:40:48 Martins-MacBook-Pro Books[83121] <Error>: 127096039406 12 AVE INFO: AVE_Session_HEVC_Prepare Exit 0xbd220c020 0
2026-08-07 10:40:48 Martins-MacBook-Pro Books[83121] <Error>: 127096039427 11 AVE INFO: AVE_Plugin_HEVC_PrepareToEncodeTiles Exit 0xbd220c000 0 1220 522 0 0
2026-08-07 10:40:48 Martins-MacBook-Pro Books[83121] <Error>: 127096054527 11 AVE INFO: AVE_Plugin_HEVC_Invalidate Enter 0xbd220c000 0
2026-08-07 10:40:48 Martins-MacBook-Pro Books[83121] <Error>: 127096054570 12 AVE INFO: AVE_Session_HEVC_Stop Enter 0xbd220c020
2026-08-07 10:40:48 Martins-MacBook-Pro Books[83121] <Error>: 127096054700 12 AVE INFO: AVE_Session_HEVC_Stop Exit 0xbd220c020 0
2026-08-07 10:40:48 Martins-MacBook-Pro Books[83121] <Error>: 127096054716 11 AVE INFO: AVE_Plugin_HEVC_Invalidate Exit 0xbd220c000 1220 189 0 0
2026-08-07 10:40:48 Martins-MacBook-Pro Books[83121] <Error>: 127096054730 11 AVE INFO: AVE_Plugin_HEVC_Finalize Enter 0xbd220c000 0
2026-08-07 10:40:48 Martins-MacBook-Pro Books[83121] <Error>: 127096054739 12 AVE INFO: AVE_Session_HEVC_Destroy Enter 0xbd220c020
2026-08-07 10:40:48 Martins-MacBook-Pro Books[83121] <Error>: 127096056249 2 AVE : ID: 1220 Type: 1 Enc: 2 | Input: 1 Proc: 1 Drop: 0
2026-08-07 10:40:48 Martins-MacBook-Pro Books[83121] <Error>: 127096058291 12 AVE INFO: AVE_Session_HEVC_Destroy Exit 0xbd220c020 0
2026-08-07 10:40:48 Martins-MacBook-Pro Books[83121] <Error>: 127096058329 11 AVE INFO: AVE_Plugin_HEVC_Finalize Exit 0xbd220c000 1220 3599 0 0
2026-08-07 10:42:54 Martins-MacBook-Pro syslogd[569] <Notice>: ASL Sender Statistics
2026-08-07 10:54:53 Martins-MacBook-Pro syslogd[569] <Notice>: ASL Sender Statistics
2026-08-07 11:05:43 Martins-MacBook-Pro syslogd[569] <Notice>: ASL Sender Statistics
2026-08-07 11:17:55 Martins-MacBook-Pro syslogd[569] <Notice>: ASL Sender Statistics
2026-08-07 11:30:37 Martins-MacBook-Pro syslogd[569] <Notice>: ASL Sender Statistics
2026-08-07 11:45:16 Martins-MacBook-Pro syslogd[569] <Notice>: ASL Sender Statistics
2026-08-07 12:00:01 Martins-MacBook-Pro syslogd[569] <Notice>: ASL Sender Statistics
2026-08-07 12:11:40 Martins-MacBook-Pro syslogd[569] <Notice>: ASL Sender Statistics
2026-08-07 12:24:16 Martins-MacBook-Pro syslogd[569] <Notice>: ASL Sender Statistics
2026-08-07 12:35:03 Martins-MacBook-Pro syslogd[569] <Notice>: ASL Sender Statistics
2026-08-07 12:49:03 Martins-MacBook-Pro syslogd[569] <Notice>: ASL Sender Statistics
2026-08-07 12:59:03 Martins-MacBook-Pro syslogd[569] <Notice>: ASL Sender Statistics
2026-08-07 13:20:01 Martins-MacBook-Pro syslogd[569] <Notice>: ASL Sender Statistics
2026-08-07 13:37:27 Martins-MacBook-Pro syslogd[569] <Notice>: ASL Sender Statistics
2026-08-07 13:47:27 Martins-MacBook-Pro syslogd[569] <Notice>: ASL Sender Statistics
2026-08-07 13:57:36 Martins-MacBook-Pro syslogd[569] <Notice>: ASL Sender Statistics
2026-08-07 14:10:41 Martins-MacBook-Pro syslogd[569] <Notice>: ASL Sender Statistics
2026-08-07 14:35:03 Martins-MacBook-Pro syslogd[569] <Notice>: ASL Sender Statistics
2026-08-07 14:53:33 Martins-MacBook-Pro syslogd[569] <Notice>: ASL Sender Statistics
2026-08-07 15:10:29 Martins-MacBook-Pro syslogd[569] <Notice>: ASL Sender Statistics
2026-08-07 15:26:44 Martins-MacBook-Pro syslogd[569] <Notice>: ASL Sender Statistics
2026-08-07 15:37:05 Martins-MacBook-Pro syslogd[569] <Notice>: ASL Sender Statistics
2026-08-07 15:57:37 Martins-MacBook-Pro syslogd[569] <Notice>: ASL Sender Statistics
2026-08-07 16:16:30 Martins-MacBook-Pro syslogd[569] <Notice>: ASL Sender Statistics
2026-08-07 16:32:52 Martins-MacBook-Pro syslogd[569] <Notice>: ASL Sender Statistics
2026-08-07 16:50:21 Martins-MacBook-Pro syslogd[569] <Notice>: ASL Sender Statistics
2026-08-07 17:08:35 Martins-MacBook-Pro syslogd[569] <Notice>: ASL Sender Statistics
2026-08-07 17:26:09 Martins-MacBook-Pro syslogd[569] <Notice>: ASL Sender Statistics
2026-08-07 17:43:05 Martins-MacBook-Pro syslogd[569] <Notice>: ASL Sender Statistics
2026-08-07 17:58:39 Martins-MacBook-Pro syslogd[569] <Notice>: ASL Sender Statistics
2026-08-07 18:07:46 Martins-MacBook-Pro Podcasts[83907] <Error>: 136281373918 11 AVE : Compiled 905.40.1 in prod on Jul 11 2026 17:45:35
2026-08-07 18:07:46 Martins-MacBook-Pro Podcasts[83907] <Error>: 136281374163 11 AVE : Temporary Path: /Users/mjwebster/Library/Containers/com.apple.podcasts/Data/tmp/
2026-08-07 18:07:46 Martins-MacBook-Pro Podcasts[83907] <Error>: 136281374178 11 AVE INFO: AVE_Plugin_HEVC_CreateInstance Enter 1752589105 0x1f8f6d3c8 0xa523e4710 0
2026-08-07 18:07:46 Martins-MacBook-Pro Podcasts[83907] <Error>: 136281374768 12 AVE INFO: AVE_Session_HEVC_Create Enter 0xa55218020 0x0
2026-08-07 18:07:46 Martins-MacBook-Pro Podcasts[83907] <Error>: 136281375503 12 AVE INFO: AVE_Session_HEVC_CreatePropertyDict Enter 0xa55218020
2026-08-07 18:07:46 Martins-MacBook-Pro Podcasts[83907] <Error>: 136281376227 12 AVE INFO: AVE_Session_HEVC_CreatePropertyDict Exit 0xa55218020 0
2026-08-07 18:07:46 Martins-MacBook-Pro Podcasts[83907] <Error>: 136281376406 12 AVE INFO: AVE_Session_HEVC_Create Exit 0xa55218020 0x0 1230 1638 0
2026-08-07 18:07:46 Martins-MacBook-Pro Podcasts[83907] <Error>: 136281376420 11 AVE INFO: AVE_Plugin_HEVC_CreateInstance Exit 1752589105 0x1f8f6d3c8 0xa523e4710 1230 0xa55218000 0xa55218020 4136 0 0
2026-08-07 18:07:46 Martins-MacBook-Pro Podcasts[83907] <Error>: 136281376454 11 AVE INFO: AVE_Plugin_HEVC_StartTileSession Enter 0xa55218000 0xa523e4700 0xa5aadc780 512 512 0x1f8f6d3c8 0
2026-08-07 18:07:46 Martins-MacBook-Pro Podcasts[83907] <Error>: 136281376485 12 AVE INFO: AVE_Session_HEVC_StartTileSession Enter 0xa55218020 0x16e9d0f30
2026-08-07 18:07:46 Martins-MacBook-Pro Podcasts[83907] <Error>: 136281376600 12 AVE INFO: AVE_Session_HEVC_StartTileSession Exit 0xa55218020 0x16e9d0f30 0
2026-08-07 18:07:46 Martins-MacBook-Pro Podcasts[83907] <Error>: 136281376620 11 AVE INFO: AVE_Plugin_HEVC_StartTileSession Exit 0xa55218000 0xa523e4700 0xa5aadc780 512 512 0x1f8f6d3c8 1230 166 0 0
2026-08-07 18:07:46 Martins-MacBook-Pro Podcasts[83907] <Error>: 136281376859 11 AVE INFO: AVE_Plugin_HEVC_PrepareToEncodeTiles Enter 0xa55218000 0 0
2026-08-07 18:07:46 Martins-MacBook-Pro Podcasts[83907] <Error>: 136281376871 12 AVE INFO: AVE_Session_HEVC_Prepare Enter 0xa55218020
2026-08-07 18:07:46 Martins-MacBook-Pro Podcasts[83907] <Error>: 136281377734 12 AVE INFO: AVE_Session_HEVC_Prepare Exit 0xa55218020 0
2026-08-07 18:07:46 Martins-MacBook-Pro Podcasts[83907] <Error>: 136281377752 11 AVE INFO: AVE_Plugin_HEVC_PrepareToEncodeTiles Exit 0xa55218000 0 1230 893 0 0
2026-08-07 18:07:46 Martins-MacBook-Pro Podcasts[83907] <Error>: 136281399195 11 AVE INFO: AVE_Plugin_HEVC_Invalidate Enter 0xa55218000 0
2026-08-07 18:07:46 Martins-MacBook-Pro Podcasts[83907] <Error>: 136281399228 12 AVE INFO: AVE_Session_HEVC_Stop Enter 0xa55218020
2026-08-07 18:07:46 Martins-MacBook-Pro Podcasts[83907] <Error>: 136281399361 12 AVE INFO: AVE_Session_HEVC_Stop Exit 0xa55218020 0
2026-08-07 18:07:46 Martins-MacBook-Pro Podcasts[83907] <Error>: 136281399378 11 AVE INFO: AVE_Plugin_HEVC_Invalidate Exit 0xa55218000 1230 183 0 0
2026-08-07 18:07:46 Martins-MacBook-Pro Podcasts[83907] <Error>: 136281399392 11 AVE INFO: AVE_Plugin_HEVC_Finalize Enter 0xa55218000 0
2026-08-07 18:07:46 Martins-MacBook-Pro Podcasts[83907] <Error>: 136281399402 12 AVE INFO: AVE_Session_HEVC_Destroy Enter 0xa55218020
2026-08-07 18:07:46 Martins-MacBook-Pro Podcasts[83907] <Error>: 136281400967 2 AVE : ID: 1230 Type: 1 Enc: 2 | Input: 9 Proc: 9 Drop: 0
2026-08-07 18:07:46 Martins-MacBook-Pro Podcasts[83907] <Error>: 136281403039 12 AVE INFO: AVE_Session_HEVC_Destroy Exit 0xa55218020 0
2026-08-07 18:07:46 Martins-MacBook-Pro Podcasts[83907] <Error>: 136281403064 11 AVE INFO: AVE_Plugin_HEVC_Finalize Exit 0xa55218000 1230 3672 0 0
2026-08-07 18:08:41 Martins-MacBook-Pro syslogd[569] <Notice>: ASL Sender Statistics
2026-08-07 18:32:33 Martins-MacBook-Pro syslogd[569] <Notice>: ASL Sender Statistics
2026-08-07 18:50:00 Martins-MacBook-Pro syslogd[569] <Notice>: ASL Sender Statistics
2026-08-07 19:07:02 Martins-MacBook-Pro syslogd[569] <Notice>: ASL Sender Statistics
2026-08-07 19:17:02 Martins-MacBook-Pro syslogd[569] <Notice>: ASL Sender Statistics
2026-08-07 19:32:10 Martins-MacBook-Pro syslogd[569] <Notice>: ASL Sender Statistics
2026-08-07 19:49:42 Martins-MacBook-Pro syslogd[569] <Notice>: ASL Sender Statistics
2026-08-07 20:10:28 Martins-MacBook-Pro syslogd[569] <Notice>: ASL Sender Statistics
2026-08-07 20:26:07 Martins-MacBook-Pro syslogd[569] <Notice>: ASL Sender Statistics
2026-08-07 20:41:45 Martins-MacBook-Pro syslogd[569] <Notice>: ASL Sender Statistics
2026-08-07 20:59:51 Martins-MacBook-Pro syslogd[569] <Notice>: ASL Sender Statistics
2026-08-07 21:15:09 Martins-MacBook-Pro syslogd[569] <Notice>: ASL Sender Statistics
2026-08-07 21:35:19 Martins-MacBook-Pro syslogd[569] <Notice>: ASL Sender Statistics
2026-08-07 21:35:19 Martins-MacBook-Pro syslogd[569] <Notice>: Configuration Notice:
ASL Module "com.apple.cdscheduler" claims selected messages.
Those messages may not appear in standard system log files or in the ASL database.
2026-08-07 21:35:19 Martins-MacBook-Pro syslogd[569] <Notice>: Configuration Notice:
ASL Module "com.apple.install" claims selected messages.
Those messages may not appear in standard system log files or in the ASL database.
2026-08-07 21:35:19 Martins-MacBook-Pro syslogd[569] <Notice>: Configuration Notice:
ASL Module "com.apple.authd" sharing output destination "/var/log/asl" with ASL Module "com.apple.asl".
Output parameters from ASL Module "com.apple.asl" override any specified in ASL Module "com.apple.authd".
2026-08-07 21:35:19 Martins-MacBook-Pro syslogd[569] <Notice>: Configuration Notice:
ASL Module "com.apple.authd" sharing output destination "/var/log/system.log" with ASL Module "com.apple.asl".
Output parameters from ASL Module "com.apple.asl" override any specified in ASL Module "com.apple.authd".
2026-08-07 21:35:19 Martins-MacBook-Pro syslogd[569] <Notice>: Configuration Notice:
ASL Module "com.apple.authd" claims selected messages.
Those messages may not appear in standard system log files or in the ASL database.
2026-08-07 21:35:19 Martins-MacBook-Pro syslogd[569] <Notice>: Configuration Notice:
ASL Module "com.apple.eventmonitor" claims selected messages.
Those messages may not appear in standard system log files or in the ASL database.
2026-08-07 21:35:19 Martins-MacBook-Pro syslogd[569] <Notice>: Configuration Notice:
ASL Module "com.apple.mail" claims selected messages.
Those messages may not appear in standard system log files or in the ASL database.
2026-08-07 21:35:19 Martins-MacBook-Pro syslogd[569] <Notice>: Configuration Notice:
ASL Module "com.apple.performance" claims selected messages.
Those messages may not appear in standard system log files or in the ASL database.
2026-08-07 21:35:19 Martins-MacBook-Pro syslogd[569] <Notice>: Configuration Notice:
ASL Module "com.apple.iokit.power" claims selected messages.
Those messages may not appear in standard system log files or in the ASL database.
2026-08-07 21:35:19 Martins-MacBook-Pro syslogd[569] <Notice>: Configuration Notice:
ASL Module "com.apple.contacts.ContactsAutocomplete" claims selected messages.
Those messages may not appear in standard system log files or in the ASL database.
2026-08-07 21:35:19 Martins-MacBook-Pro syslogd[569] <Notice>: Configuration Notice:
ASL Module "com.apple.mkb" sharing output destination "/private/var/log/keybagd.log" with ASL Module "com.apple.mkb.internal".
Output parameters from ASL Module "com.apple.mkb.internal" override any specified in ASL Module "com.apple.mkb".
2026-08-07 21:35:19 Martins-MacBook-Pro syslogd[569] <Notice>: Configuration Notice:
ASL Module "com.apple.mkb" claims selected messages.
Those messages may not appear in standard system log files or in the ASL database.
2026-08-07 21:35:19 Martins-MacBook-Pro syslogd[569] <Notice>: Configuration Notice:
ASL Module "com.apple.MessageTracer" claims selected messages.
Those messages may not appear in standard system log files or in the ASL database.
2026-08-07 21:53:28 Martins-MacBook-Pro syslogd[569] <Notice>: ASL Sender Statistics
2026-08-07 22:13:38 Martins-MacBook-Pro syslogd[569] <Notice>: ASL Sender Statistics
2026-08-07 22:34:43 Martins-MacBook-Pro syslogd[569] <Notice>: ASL Sender Statistics
2026-08-07 22:52:14 Martins-MacBook-Pro syslogd[569] <Notice>: ASL Sender Statistics
2026-08-07 23:08:29 Martins-MacBook-Pro syslogd[569] <Notice>: ASL Sender Statistics
2026-08-07 23:19:53 Martins-MacBook-Pro syslogd[569] <Notice>: ASL Sender Statistics
2026-08-07 23:37:53 Martins-MacBook-Pro syslogd[569] <Notice>: ASL Sender Statistics
2026-08-07 23:54:48 Martins-MacBook-Pro syslogd[569] <Notice>: ASL Sender Statistics
2026-08-08 00:13:09 Martins-MacBook-Pro syslogd[569] <Notice>: ASL Sender Statistics
2026-08-08 00:39:13 Martins-MacBook-Pro syslogd[569] <Notice>: ASL Sender Statistics
2026-08-08 00:56:14 Martins-MacBook-Pro syslogd[569] <Notice>: ASL Sender Statistics
2026-08-08 01:13:47 Martins-MacBook-Pro syslogd[569] <Notice>: ASL Sender Statistics
2026-08-08 01:40:23 Martins-MacBook-Pro syslogd[569] <Notice>: ASL Sender Statistics
2026-08-08 01:59:24 Martins-MacBook-Pro syslogd[569] <Notice>: ASL Sender Statistics
2026-08-08 02:15:00 Martins-MacBook-Pro syslogd[569] <Notice>: ASL Sender Statistics
2026-08-08 02:41:17 Martins-MacBook-Pro syslogd[569] <Notice>: ASL Sender Statistics
2026-08-08 02:58:47 Martins-MacBook-Pro syslogd[569] <Notice>: ASL Sender Statistics
2026-08-08 03:11:57 Martins-MacBook-Pro syslogd[569] <Notice>: ASL Sender Statistics
2026-08-08 03:23:57 Martins-MacBook-Pro syslogd[569] <Notice>: ASL Sender Statistics
2026-08-08 03:38:41 Martins-MacBook-Pro syslogd[569] <Notice>: ASL Sender Statistics
2026-08-08 03:56:39 Martins-MacBook-Pro syslogd[569] <Notice>: ASL Sender Statistics
2026-08-08 04:10:43 Martins-MacBook-Pro syslogd[569] <Notice>: ASL Sender Statistics
2026-08-08 04:27:11 Martins-MacBook-Pro syslogd[569] <Notice>: ASL Sender Statistics
2026-08-08 04:37:24 Martins-MacBook-Pro syslogd[569] <Notice>: ASL Sender Statistics
2026-08-08 04:50:35 Martins-MacBook-Pro syslogd[569] <Notice>: ASL Sender Statistics
2026-08-08 05:00:36 Martins-MacBook-Pro syslogd[569] <Notice>: ASL Sender Statistics
2026-08-08 05:01:12 Martins-MacBook-Pro sessionlogoutd[84947] <Notice>: DEAD_PROCESS: 609 console
2026-08-08 05:01:13 Martins-MacBook-Pro loginwindow[84960] <Notice>: USER_PROCESS: 84960 console
2026-08-08 05:02:35 Martins-MacBook-Pro reboot[85038] <Notice>: SHUTDOWN_TIME: 1786190555 608612
2026-08-08 05:04:33 Martins-MacBook-Pro bootlog[0] <Notice>: BOOT_TIME 1786190673 509990
2026-08-08 05:05:43 Martins-MacBook-Pro syslogd[574] <Notice>: Configuration Notice:
ASL Module "com.apple.cdscheduler" claims selected messages.
Those messages may not appear in standard system log files or in the ASL database.
2026-08-08 05:05:43 Martins-MacBook-Pro syslogd[574] <Notice>: Configuration Notice:
ASL Module "com.apple.install" claims selected messages.
Those messages may not appear in standard system log files or in the ASL database.
2026-08-08 05:05:43 Martins-MacBook-Pro syslogd[574] <Notice>: Configuration Notice:
ASL Module "com.apple.authd" sharing output destination "/var/log/asl" with ASL Module "com.apple.asl".
Output parameters from ASL Module "com.apple.asl" override any specified in ASL Module "com.apple.authd".
2026-08-08 05:05:43 Martins-MacBook-Pro syslogd[574] <Notice>: Configuration Notice:
ASL Module "com.apple.authd" sharing output destination "/var/log/system.log" with ASL Module "com.apple.asl".
Output parameters from ASL Module "com.apple.asl" override any specified in ASL Module "com.apple.authd".
2026-08-08 05:05:43 Martins-MacBook-Pro syslogd[574] <Notice>: Configuration Notice:
ASL Module "com.apple.authd" claims selected messages.
Those messages may not appear in standard system log files or in the ASL database.
2026-08-08 05:05:43 Martins-MacBook-Pro syslogd[574] <Notice>: Configuration Notice:
ASL Module "com.apple.eventmonitor" claims selected messages.
Those messages may not appear in standard system log files or in the ASL database.
2026-08-08 05:05:43 Martins-MacBook-Pro syslogd[574] <Notice>: Configuration Notice:
ASL Module "com.apple.mail" claims selected messages.
Those messages may not appear in standard system log files or in the ASL database.
2026-08-08 05:05:43 Martins-MacBook-Pro syslogd[574] <Notice>: Configuration Notice:
ASL Module "com.apple.performance" claims selected messages.
Those messages may not appear in standard system log files or in the ASL database.
2026-08-08 05:05:43 Martins-MacBook-Pro syslogd[574] <Notice>: Configuration Notice:
ASL Module "com.apple.iokit.power" claims selected messages.
Those messages may not appear in standard system log files or in the ASL database.
2026-08-08 05:05:43 Martins-MacBook-Pro syslogd[574] <Notice>: Configuration Notice:
ASL Module "com.apple.contacts.ContactsAutocomplete" claims selected messages.
Those messages may not appear in standard system log files or in the ASL database.
2026-08-08 05:05:43 Martins-MacBook-Pro syslogd[574] <Notice>: Configuration Notice:
ASL Module "com.apple.mkb" sharing output destination "/private/var/log/keybagd.log" with ASL Module "com.apple.mkb.internal".
Output parameters from ASL Module "com.apple.mkb.internal" override any specified in ASL Module "com.apple.mkb".
2026-08-08 05:05:43 Martins-MacBook-Pro syslogd[574] <Notice>: Configuration Notice:
ASL Module "com.apple.mkb" claims selected messages.
Those messages may not appear in standard system log files or in the ASL database.
2026-08-08 05:05:43 Martins-MacBook-Pro syslogd[574] <Notice>: Configuration Notice:
ASL Module "com.apple.MessageTracer" claims selected messages.
Those messages may not appear in standard system log files or in the ASL database.
2026-08-08 05:05:43 Martins-MacBook-Pro syslogd[574] <Notice>: ASL Sender Statistics
2026-08-08 05:05:56 Martins-MacBook-Pro loginwindow[614] <Notice>: USER_PROCESS: 614 console
2026-08-08 05:07:21 Martins-MacBook-Pro Books[1640] <Error>: 174842819 11 AVE : Compiled 905.40.1 in prod on Jul 11 2026 17:45:35
2026-08-08 05:07:21 Martins-MacBook-Pro Books[1640] <Error>: 174842916 11 AVE : Temporary Path: /Users/mjwebster/Library/Containers/com.apple.iBooksX/Data/tmp/
2026-08-08 05:07:21 Martins-MacBook-Pro Books[1640] <Error>: 174843015 11 AVE INFO: AVE_Plugin_HEVC_CreateInstance Enter 1752589105 0x1eeeb13c8 0xc71d99010 0
2026-08-08 05:07:21 Martins-MacBook-Pro Books[1640] <Error>: 174843076 12 AVE INFO: AVE_Session_HEVC_Create Enter 0xc77d3c020 0x0
2026-08-08 05:07:21 Martins-MacBook-Pro Books[1640] <Error>: 174843353 12 AVE INFO: AVE_Session_HEVC_CreatePropertyDict Enter 0xc77d3c020
2026-08-08 05:07:21 Martins-MacBook-Pro Books[1640] <Error>: 174843459 12 AVE INFO: AVE_Session_HEVC_CreatePropertyDict Exit 0xc77d3c020 0
2026-08-08 05:07:21 Martins-MacBook-Pro Books[1640] <Error>: 174843482 12 AVE INFO: AVE_Session_HEVC_Create Exit 0xc77d3c020 0x0 30 406 0
2026-08-08 05:07:21 Martins-MacBook-Pro Books[1640] <Error>: 174843501 11 AVE INFO: AVE_Plugin_HEVC_CreateInstance Exit 1752589105 0x1eeeb13c8 0xc71d99010 30 0xc77d3c000 0xc77d3c020 2751 0 0
2026-08-08 05:07:21 Martins-MacBook-Pro Books[1640] <Error>: 174843526 11 AVE INFO: AVE_Plugin_HEVC_StartTileSession Enter 0xc77d3c000 0xc71d99000 0xc7e078aa0 180 232 0x1eeeb13c8 0
2026-08-08 05:07:21 Martins-MacBook-Pro Books[1640] <Error>: 174843583 12 AVE INFO: AVE_Session_HEVC_StartTileSession Enter 0xc77d3c020 0x16d7494d0
2026-08-08 05:07:21 Martins-MacBook-Pro Books[1640] <Error>: 174843651 12 AVE INFO: AVE_Session_HEVC_StartTileSession Exit 0xc77d3c020 0x16d7494d0 0
2026-08-08 05:07:21 Martins-MacBook-Pro Books[1640] <Error>: 174843672 11 AVE INFO: AVE_Plugin_HEVC_StartTileSession Exit 0xc77d3c000 0xc71d99000 0xc7e078aa0 180 232 0x1eeeb13c8 30 146 0 0
2026-08-08 05:07:21 Martins-MacBook-Pro Books[1640] <Error>: 174843835 11 AVE INFO: AVE_Plugin_HEVC_PrepareToEncodeTiles Enter 0xc77d3c000 0 0
2026-08-08 05:07:21 Martins-MacBook-Pro Books[1640] <Error>: 174843868 12 AVE INFO: AVE_Session_HEVC_Prepare Enter 0xc77d3c020
2026-08-08 05:07:21 Martins-MacBook-Pro Books[1640] <Error>: 174844609 12 AVE INFO: AVE_Session_HEVC_Prepare Exit 0xc77d3c020 0
2026-08-08 05:07:21 Martins-MacBook-Pro Books[1640] <Error>: 174844650 11 AVE INFO: AVE_Plugin_HEVC_PrepareToEncodeTiles Exit 0xc77d3c000 0 30 815 0 0
2026-08-08 05:07:21 Martins-MacBook-Pro Books[1640] <Error>: 174865031 11 AVE INFO: AVE_Plugin_HEVC_Invalidate Enter 0xc77d3c000 0
2026-08-08 05:07:21 Martins-MacBook-Pro Books[1640] <Error>: 174865104 12 AVE INFO: AVE_Session_HEVC_Stop Enter 0xc77d3c020
2026-08-08 05:07:21 Martins-MacBook-Pro Books[1640] <Error>: 174865243 12 AVE INFO: AVE_Session_HEVC_Stop Exit 0xc77d3c020 0
2026-08-08 05:07:21 Martins-MacBook-Pro Books[1640] <Error>: 174865277 11 AVE INFO: AVE_Plugin_HEVC_Invalidate Exit 0xc77d3c000 30 246 0 0
2026-08-08 05:07:21 Martins-MacBook-Pro Books[1640] <Error>: 174865311 11 AVE INFO: AVE_Plugin_HEVC_Finalize Enter 0xc77d3c000 0
2026-08-08 05:07:21 Martins-MacBook-Pro Books[1640] <Error>: 174865335 12 AVE INFO: AVE_Session_HEVC_Destroy Enter 0xc77d3c020
2026-08-08 05:07:21 Martins-MacBook-Pro Books[1640] <Error>: 174866844 2 AVE : ID: 30 Type: 1 Enc: 2 | Input: 1 Proc: 1 Drop: 0
2026-08-08 05:07:21 Martins-MacBook-Pro Books[1640] <Error>: 174869185 12 AVE INFO: AVE_Session_HEVC_Destroy Exit 0xc77d3c020 0
2026-08-08 05:07:21 Martins-MacBook-Pro Books[1640] <Error>: 174869243 11 AVE INFO: AVE_Plugin_HEVC_Finalize Exit 0xc77d3c000 30 3931 0 0
2026-08-08 05:15:44 Martins-MacBook-Pro syslogd[574] <Notice>: ASL Sender Statistics
2026-08-08 05:28:09 Martins-MacBook-Pro syslogd[574] <Notice>: ASL Sender Statistics
2026-08-08 05:39:48 Martins-MacBook-Pro syslogd[574] <Notice>: ASL Sender Statistics
2026-08-08 05:50:06 Martins-MacBook-Pro syslogd[574] <Notice>: ASL Sender Statistics
2026-08-08 06:08:00 Martins-MacBook-Pro syslogd[574] <Notice>: ASL Sender Statistics
2026-08-08 06:18:00 Martins-MacBook-Pro syslogd[574] <Notice>: ASL Sender Statistics
2026-08-08 06:30:54 Martins-MacBook-Pro syslogd[574] <Notice>: ASL Sender Statistics
2026-08-08 06:48:04 Martins-MacBook-Pro syslogd[574] <Notice>: ASL Sender Statistics
2026-08-08 06:58:05 Martins-MacBook-Pro syslogd[574] <Notice>: ASL Sender Statistics
2026-08-08 07:08:24 Martins-MacBook-Pro syslogd[574] <Notice>: ASL Sender Statistics
2026-08-08 07:18:38 Martins-MacBook-Pro syslogd[574] <Notice>: ASL Sender Statistics
2026-08-08 07:30:43 Martins-MacBook-Pro syslogd[574] <Notice>: ASL Sender Statistics
2026-08-08 07:40:51 Martins-MacBook-Pro syslogd[574] <Notice>: ASL Sender Statistics
2026-08-08 07:58:45 Martins-MacBook-Pro syslogd[574] <Notice>: ASL Sender Statistics
2026-08-08 08:14:24 Martins-MacBook-Pro syslogd[574] <Notice>: ASL Sender Statistics
2026-08-08 08:25:37 Martins-MacBook-Pro syslogd[574] <Notice>: ASL Sender Statistics
2026-08-08 08:35:38 Martins-MacBook-Pro syslogd[574] <Notice>: ASL Sender Statistics
2026-08-08 08:46:44 Martins-MacBook-Pro syslogd[574] <Notice>: ASL Sender Statistics
2026-08-08 08:56:52 Martins-MacBook-Pro syslogd[574] <Notice>: ASL Sender Statistics
2026-08-08 09:23:03 Martins-MacBook-Pro syslogd[574] <Notice>: ASL Sender Statistics
2026-08-08 09:33:44 Martins-MacBook-Pro syslogd[574] <Notice>: ASL Sender Statistics
2026-08-08 09:53:14 Martins-MacBook-Pro syslogd[574] <Notice>: ASL Sender Statistics
2026-08-08 10:13:41 Martins-MacBook-Pro syslogd[574] <Notice>: ASL Sender Statistics
2026-08-08 10:23:44 Martins-MacBook-Pro syslogd[574] <Notice>: ASL Sender Statistics
2026-08-08 10:40:08 Martins-MacBook-Pro syslogd[574] <Notice>: ASL Sender Statistics
2026-08-08 10:57:29 Martins-MacBook-Pro syslogd[574] <Notice>: ASL Sender Statistics
2026-08-08 11:07:37 Martins-MacBook-Pro syslogd[574] <Notice>: ASL Sender Statistics
2026-08-08 11:18:36 Martins-MacBook-Pro syslogd[574] <Notice>: ASL Sender Statistics
2026-08-08 11:29:18 Martins-MacBook-Pro syslogd[574] <Notice>: ASL Sender Statistics
2026-08-08 11:55:18 Martins-MacBook-Pro syslogd[574] <Notice>: ASL Sender Statistics
2026-08-08 12:07:45 Martins-MacBook-Pro syslogd[574] <Notice>: ASL Sender Statistics
2026-08-08 12:23:52 Martins-MacBook-Pro syslogd[574] <Notice>: ASL Sender Statistics
2026-08-08 12:34:32 Martins-MacBook-Pro syslogd[574] <Notice>: ASL Sender Statistics
2026-08-08 12:53:44 Martins-MacBook-Pro syslogd[574] <Notice>: ASL Sender Statistics
2026-08-08 13:06:46 Martins-MacBook-Pro syslogd[574] <Notice>: ASL Sender Statistics
2026-08-08 13:10:57 Martins-MacBook-Pro Books[1640] <Error>: 11105565841 11 AVE : Compiled 905.40.1 in prod on Jul 11 2026 17:45:35
2026-08-08 13:10:57 Martins-MacBook-Pro Books[1640] <Error>: 11105565956 11 AVE : Temporary Path: /Users/mjwebster/Library/Containers/com.apple.iBooksX/Data/tmp/
2026-08-08 13:10:57 Martins-MacBook-Pro Books[1640] <Error>: 11105565974 11 AVE INFO: AVE_Plugin_HEVC_CreateInstance Enter 1752589105 0x1eeeb13c8 0xc71d98f50 0
2026-08-08 13:10:57 Martins-MacBook-Pro Books[1640] <Error>: 11105566202 12 AVE INFO: AVE_Session_HEVC_Create Enter 0xc76ca0020 0x0
2026-08-08 13:10:57 Martins-MacBook-Pro Books[1640] <Error>: 11105567072 12 AVE INFO: AVE_Session_HEVC_CreatePropertyDict Enter 0xc76ca0020
2026-08-08 13:10:57 Martins-MacBook-Pro Books[1640] <Error>: 11105569441 12 AVE INFO: AVE_Session_HEVC_CreatePropertyDict Exit 0xc76ca0020 0
2026-08-08 13:10:57 Martins-MacBook-Pro Books[1640] <Error>: 11105569497 12 AVE INFO: AVE_Session_HEVC_Create Exit 0xc76ca0020 0x0 40 3295 0
2026-08-08 13:10:57 Martins-MacBook-Pro Books[1640] <Error>: 11105569516 11 AVE INFO: AVE_Plugin_HEVC_CreateInstance Exit 1752589105 0x1eeeb13c8 0xc71d98f50 40 0xc76ca0000 0xc76ca0020 4752 0 0
2026-08-08 13:10:57 Martins-MacBook-Pro Books[1640] <Error>: 11105569536 11 AVE INFO: AVE_Plugin_HEVC_StartTileSession Enter 0xc76ca0000 0xc71d98f40 0xc7e434c60 458 612 0x1eeeb13c8 0
2026-08-08 13:10:57 Martins-MacBook-Pro Books[1640] <Error>: 11105569767 12 AVE INFO: AVE_Session_HEVC_StartTileSession Enter 0xc76ca0020 0x16d48d4d0
2026-08-08 13:10:57 Martins-MacBook-Pro Books[1640] <Error>: 11105569856 12 AVE INFO: AVE_Session_HEVC_StartTileSession Exit 0xc76ca0020 0x16d48d4d0 0
2026-08-08 13:10:57 Martins-MacBook-Pro Books[1640] <Error>: 11105569893 11 AVE INFO: AVE_Plugin_HEVC_StartTileSession Exit 0xc76ca0000 0xc71d98f40 0xc7e434c60 458 612 0x1eeeb13c8 40 357 0 0
2026-08-08 13:10:57 Martins-MacBook-Pro Books[1640] <Error>: 11105570128 11 AVE INFO: AVE_Plugin_HEVC_PrepareToEncodeTiles Enter 0xc76ca0000 0 0
2026-08-08 13:10:57 Martins-MacBook-Pro Books[1640] <Error>: 11105570153 12 AVE INFO: AVE_Session_HEVC_Prepare Enter 0xc76ca0020
2026-08-08 13:10:57 Martins-MacBook-Pro Books[1640] <Error>: 11105570729 12 AVE INFO: AVE_Session_HEVC_Prepare Exit 0xc76ca0020 0
2026-08-08 13:10:57 Martins-MacBook-Pro Books[1640] <Error>: 11105570754 11 AVE INFO: AVE_Plugin_HEVC_PrepareToEncodeTiles Exit 0xc76ca0000 0 40 625 0 0
2026-08-08 13:10:57 Martins-MacBook-Pro Books[1640] <Error>: 11105583263 11 AVE INFO: AVE_Plugin_HEVC_Invalidate Enter 0xc76ca0000 0
2026-08-08 13:10:57 Martins-MacBook-Pro Books[1640] <Error>: 11105583347 12 AVE INFO: AVE_Session_HEVC_Stop Enter 0xc76ca0020
2026-08-08 13:10:57 Martins-MacBook-Pro Books[1640] <Error>: 11105583467 12 AVE INFO: AVE_Session_HEVC_Stop Exit 0xc76ca0020 0
2026-08-08 13:10:57 Martins-MacBook-Pro Books[1640] <Error>: 11105583496 11 AVE INFO: AVE_Plugin_HEVC_Invalidate Exit 0xc76ca0000 40 233 0 0
2026-08-08 13:10:57 Martins-MacBook-Pro Books[1640] <Error>: 11105583510 11 AVE INFO: AVE_Plugin_HEVC_Finalize Enter 0xc76ca0000 0
2026-08-08 13:10:57 Martins-MacBook-Pro Books[1640] <Error>: 11105583521 12 AVE INFO: AVE_Session_HEVC_Destroy Enter 0xc76ca0020
2026-08-08 13:10:57 Martins-MacBook-Pro Books[1640] <Error>: 11105585076 2 AVE : ID: 40 Type: 1 Enc: 2 | Input: 1 Proc: 1 Drop: 0
2026-08-08 13:10:57 Martins-MacBook-Pro Books[1640] <Error>: 11105587098 12 AVE INFO: AVE_Session_HEVC_Destroy Exit 0xc76ca0020 0
2026-08-08 13:10:57 Martins-MacBook-Pro Books[1640] <Error>: 11105587131 11 AVE INFO: AVE_Plugin_HEVC_Finalize Exit 0xc76ca0000 40 3620 0 0
2026-08-08 13:10:57 Martins-MacBook-Pro Books[1640] <Error>: 11105588724 11 AVE : Compiled 905.40.1 in prod on Jul 11 2026 17:45:35
2026-08-08 13:10:57 Martins-MacBook-Pro Books[1640] <Error>: 11105588759 11 AVE : Temporary Path: /Users/mjwebster/Library/Containers/com.apple.iBooksX/Data/tmp/
2026-08-08 13:10:57 Martins-MacBook-Pro Books[1640] <Error>: 11105588771 11 AVE INFO: AVE_Plugin_HEVC_CreateInstance Enter 1752589105 0x1eeeb13c8 0xc70062210 0
2026-08-08 13:10:57 Martins-MacBook-Pro Books[1640] <Error>: 11105588787 12 AVE INFO: AVE_Session_HEVC_Create Enter 0xc76cf8020 0x0
2026-08-08 13:10:57 Martins-MacBook-Pro Books[1640] <Error>: 11105588956 12 AVE INFO: AVE_Session_HEVC_CreatePropertyDict Enter 0xc76cf8020
2026-08-08 13:10:57 Martins-MacBook-Pro Books[1640] <Error>: 11105589010 12 AVE INFO: AVE_Session_HEVC_CreatePropertyDict Exit 0xc76cf8020 0
2026-08-08 13:10:57 Martins-MacBook-Pro Books[1640] <Error>: 11105589021 12 AVE INFO: AVE_Session_HEVC_Create Exit 0xc76cf8020 0x0 50 234 0
2026-08-08 13:10:57 Martins-MacBook-Pro Books[1640] <Error>: 11105589031 11 AVE INFO: AVE_Plugin_HEVC_CreateInstance Exit 1752589105 0x1eeeb13c8 0xc70062210 50 0xc76cf8000 0xc76cf8020 477 0 0
2026-08-08 13:10:57 Martins-MacBook-Pro Books[1640] <Error>: 11105589042 11 AVE INFO: AVE_Plugin_HEVC_StartTileSession Enter 0xc76cf8000 0xc70062200 0xc7e435ac0 206 288 0x1eeeb13c8 0
2026-08-08 13:10:57 Martins-MacBook-Pro Books[1640] <Error>: 11105589052 12 AVE INFO: AVE_Session_HEVC_StartTileSession Enter 0xc76cf8020 0x16d48d4d0
2026-08-08 13:10:57 Martins-MacBook-Pro Books[1640] <Error>: 11105589070 12 AVE INFO: AVE_Session_HEVC_StartTileSession Exit 0xc76cf8020 0x16d48d4d0 0
2026-08-08 13:10:57 Martins-MacBook-Pro Books[1640] <Error>: 11105589081 11 AVE INFO: AVE_Plugin_HEVC_StartTileSession Exit 0xc76cf8000 0xc70062200 0xc7e435ac0 206 288 0x1eeeb13c8 50 39 0 0
2026-08-08 13:10:57 Martins-MacBook-Pro Books[1640] <Error>: 11105589109 11 AVE INFO: AVE_Plugin_HEVC_PrepareToEncodeTiles Enter 0xc76cf8000 0 0
2026-08-08 13:10:57 Martins-MacBook-Pro Books[1640] <Error>: 11105589120 12 AVE INFO: AVE_Session_HEVC_Prepare Enter 0xc76cf8020
2026-08-08 13:10:57 Martins-MacBook-Pro Books[1640] <Error>: 11105589492 12 AVE INFO: AVE_Session_HEVC_Prepare Exit 0xc76cf8020 0
2026-08-08 13:10:57 Martins-MacBook-Pro Books[1640] <Error>: 11105589517 11 AVE INFO: AVE_Plugin_HEVC_PrepareToEncodeTiles Exit 0xc76cf8000 0 50 408 0 0
2026-08-08 13:10:57 Martins-MacBook-Pro Books[1640] <Error>: 11105604321 11 AVE INFO: AVE_Plugin_HEVC_Invalidate Enter 0xc76cf8000 0
2026-08-08 13:10:57 Martins-MacBook-Pro Books[1640] <Error>: 11105604365 12 AVE INFO: AVE_Session_HEVC_Stop Enter 0xc76cf8020
2026-08-08 13:10:57 Martins-MacBook-Pro Books[1640] <Error>: 11105604497 12 AVE INFO: AVE_Session_HEVC_Stop Exit 0xc76cf8020 0
2026-08-08 13:10:57 Martins-MacBook-Pro Books[1640] <Error>: 11105604513 11 AVE INFO: AVE_Plugin_HEVC_Invalidate Exit 0xc76cf8000 50 192 0 0
2026-08-08 13:10:57 Martins-MacBook-Pro Books[1640] <Error>: 11105604525 11 AVE INFO: AVE_Plugin_HEVC_Finalize Enter 0xc76cf8000 0
2026-08-08 13:10:57 Martins-MacBook-Pro Books[1640] <Error>: 11105604534 12 AVE INFO: AVE_Session_HEVC_Destroy Enter 0xc76cf8020
2026-08-08 13:10:57 Martins-MacBook-Pro Books[1640] <Error>: 11105605977 2 AVE : ID: 50 Type: 1 Enc: 2 | Input: 1 Proc: 1 Drop: 0
2026-08-08 13:10:57 Martins-MacBook-Pro Books[1640] <Error>: 11105607656 12 AVE INFO: AVE_Session_HEVC_Destroy Exit 0xc76cf8020 0
2026-08-08 13:10:57 Martins-MacBook-Pro Books[1640] <Error>: 11105607690 11 AVE INFO: AVE_Plugin_HEVC_Finalize Exit 0xc76cf8000 50 3165 0 0
2026-08-08 13:10:57 Martins-MacBook-Pro Books[1640] <Error>: 11105609191 11 AVE : Compiled 905.40.1 in prod on Jul 11 2026 17:45:35
2026-08-08 13:10:57 Martins-MacBook-Pro Books[1640] <Error>: 11105609224 11 AVE : Temporary Path: /Users/mjwebster/Library/Containers/com.apple.iBooksX/Data/tmp/
2026-08-08 13:10:57 Martins-MacBook-Pro Books[1640] <Error>: 11105609234 11 AVE INFO: AVE_Plugin_HEVC_CreateInstance Enter 1752589105 0x1eeeb13c8 0xc70062210 0
2026-08-08 13:10:57 Martins-MacBook-Pro Books[1640] <Error>: 11105609249 12 AVE INFO: AVE_Session_HEVC_Create Enter 0xc76cf8020 0x0
2026-08-08 13:10:57 Martins-MacBook-Pro Books[1640] <Error>: 11105609410 12 AVE INFO: AVE_Session_HEVC_CreatePropertyDict Enter 0xc76cf8020
2026-08-08 13:10:57 Martins-MacBook-Pro Books[1640] <Error>: 11105609457 12 AVE INFO: AVE_Session_HEVC_CreatePropertyDict Exit 0xc76cf8020 0
2026-08-08 13:10:57 Martins-MacBook-Pro Books[1640] <Error>: 11105609473 12 AVE INFO: AVE_Session_HEVC_Create Exit 0xc76cf8020 0x0 60 224 0
2026-08-08 13:10:57 Martins-MacBook-Pro Books[1640] <Error>: 11105609483 11 AVE INFO: AVE_Plugin_HEVC_CreateInstance Exit 1752589105 0x1eeeb13c8 0xc70062210 60 0xc76cf8000 0xc76cf8020 464 0 0
2026-08-08 13:10:57 Martins-MacBook-Pro Books[1640] <Error>: 11105609494 11 AVE INFO: AVE_Plugin_HEVC_StartTileSession Enter 0xc76cf8000 0xc70062200 0xc7e435ac0 206 308 0x1eeeb13c8 0
2026-08-08 13:10:57 Martins-MacBook-Pro Books[1640] <Error>: 11105609503 12 AVE INFO: AVE_Session_HEVC_StartTileSession Enter 0xc76cf8020 0x16d48d4d0
2026-08-08 13:10:57 Martins-MacBook-Pro Books[1640] <Error>: 11105609521 12 AVE INFO: AVE_Session_HEVC_StartTileSession Exit 0xc76cf8020 0x16d48d4d0 0
2026-08-08 13:10:57 Martins-MacBook-Pro Books[1640] <Error>: 11105609534 11 AVE INFO: AVE_Plugin_HEVC_StartTileSession Exit 0xc76cf8000 0xc70062200 0xc7e435ac0 206 308 0x1eeeb13c8 60 40 0 0
2026-08-08 13:10:57 Martins-MacBook-Pro Books[1640] <Error>: 11105609560 11 AVE INFO: AVE_Plugin_HEVC_PrepareToEncodeTiles Enter 0xc76cf8000 0 0
2026-08-08 13:10:57 Martins-MacBook-Pro Books[1640] <Error>: 11105609572 12 AVE INFO: AVE_Session_HEVC_Prepare Enter 0xc76cf8020
2026-08-08 13:10:57 Martins-MacBook-Pro Books[1640] <Error>: 11105609888 12 AVE INFO: AVE_Session_HEVC_Prepare Exit 0xc76cf8020 0
2026-08-08 13:10:57 Martins-MacBook-Pro Books[1640] <Error>: 11105609899 11 AVE INFO: AVE_Plugin_HEVC_PrepareToEncodeTiles Exit 0xc76cf8000 0 60 339 0 0
2026-08-08 13:10:57 Martins-MacBook-Pro Books[1640] <Error>: 11105624742 11 AVE INFO: AVE_Plugin_HEVC_Invalidate Enter 0xc76cf8000 0
2026-08-08 13:10:57 Martins-MacBook-Pro Books[1640] <Error>: 11105624776 12 AVE INFO: AVE_Session_HEVC_Stop Enter 0xc76cf8020
2026-08-08 13:10:57 Martins-MacBook-Pro Books[1640] <Error>: 11105624896 12 AVE INFO: AVE_Session_HEVC_Stop Exit 0xc76cf8020 0
2026-08-08 13:10:57 Martins-MacBook-Pro Books[1640] <Error>: 11105624910 11 AVE INFO: AVE_Plugin_HEVC_Invalidate Exit 0xc76cf8000 60 168 0 0
2026-08-08 13:10:57 Martins-MacBook-Pro Books[1640] <Error>: 11105624923 11 AVE INFO: AVE_Plugin_HEVC_Finalize Enter 0xc76cf8000 0
2026-08-08 13:10:57 Martins-MacBook-Pro Books[1640] <Error>: 11105624933 12 AVE INFO: AVE_Session_HEVC_Destroy Enter 0xc76cf8020
2026-08-08 13:10:57 Martins-MacBook-Pro Books[1640] <Error>: 11105626392 2 AVE : ID: 60 Type: 1 Enc: 2 | Input: 1 Proc: 1 Drop: 0
2026-08-08 13:10:57 Martins-MacBook-Pro Books[1640] <Error>: 11105628101 12 AVE INFO: AVE_Session_HEVC_Destroy Exit 0xc76cf8020 0
2026-08-08 13:10:57 Martins-MacBook-Pro Books[1640] <Error>: 11105628124 11 AVE INFO: AVE_Plugin_HEVC_Finalize Exit 0xc76cf8000 60 3201 0 0
2026-08-08 13:10:57 Martins-MacBook-Pro Books[1640] <Error>: 11105634311 11 AVE : Compiled 905.40.1 in prod on Jul 11 2026 17:45:35
2026-08-08 13:10:57 Martins-MacBook-Pro Books[1640] <Error>: 11105634353 11 AVE : Temporary Path: /Users/mjwebster/Library/Containers/com.apple.iBooksX/Data/tmp/
2026-08-08 13:10:57 Martins-MacBook-Pro Books[1640] <Error>: 11105634365 11 AVE INFO: AVE_Plugin_HEVC_CreateInstance Enter 1752589105 0x1eeeb13c8 0xc70062210 0
2026-08-08 13:10:57 Martins-MacBook-Pro Books[1640] <Error>: 11105634382 12 AVE INFO: AVE_Session_HEVC_Create Enter 0xc76cf8020 0x0
2026-08-08 13:10:57 Martins-MacBook-Pro Books[1640] <Error>: 11105634631 12 AVE INFO: AVE_Session_HEVC_CreatePropertyDict Enter 0xc76cf8020
2026-08-08 13:10:57 Martins-MacBook-Pro Books[1640] <Error>: 11105634685 12 AVE INFO: AVE_Session_HEVC_CreatePropertyDict Exit 0xc76cf8020 0
2026-08-08 13:10:57 Martins-MacBook-Pro Books[1640] <Error>: 11105634697 12 AVE INFO: AVE_Session_HEVC_Create Exit 0xc76cf8020 0x0 70 315 0
2026-08-08 13:10:57 Martins-MacBook-Pro Books[1640] <Error>: 11105634707 11 AVE INFO: AVE_Plugin_HEVC_CreateInstance Exit 1752589105 0x1eeeb13c8 0xc70062210 70 0xc76cf8000 0xc76cf8020 566 0 0
2026-08-08 13:10:57 Martins-MacBook-Pro Books[1640] <Error>: 11105634718 11 AVE INFO: AVE_Plugin_HEVC_StartTileSession Enter 0xc76cf8000 0xc70062200 0xc7e4352e0 458 690 0x1eeeb13c8 0
2026-08-08 13:10:57 Martins-MacBook-Pro Books[1640] <Error>: 11105634728 12 AVE INFO: AVE_Session_HEVC_StartTileSession Enter 0xc76cf8020 0x16d48d4d0
2026-08-08 13:10:57 Martins-MacBook-Pro Books[1640] <Error>: 11105634745 12 AVE INFO: AVE_Session_HEVC_StartTileSession Exit 0xc76cf8020 0x16d48d4d0 0
2026-08-08 13:10:57 Martins-MacBook-Pro Books[1640] <Error>: 11105634754 11 AVE INFO: AVE_Plugin_HEVC_StartTileSession Exit 0xc76cf8000 0xc70062200 0xc7e4352e0 458 690 0x1eeeb13c8 70 36 0 0
2026-08-08 13:10:57 Martins-MacBook-Pro Books[1640] <Error>: 11105634782 11 AVE INFO: AVE_Plugin_HEVC_PrepareToEncodeTiles Enter 0xc76cf8000 0 0
2026-08-08 13:10:57 Martins-MacBook-Pro Books[1640] <Error>: 11105634794 12 AVE INFO: AVE_Session_HEVC_Prepare Enter 0xc76cf8020
2026-08-08 13:10:57 Martins-MacBook-Pro Books[1640] <Error>: 11105635173 12 AVE INFO: AVE_Session_HEVC_Prepare Exit 0xc76cf8020 0
2026-08-08 13:10:57 Martins-MacBook-Pro Books[1640] <Error>: 11105635187 11 AVE INFO: AVE_Plugin_HEVC_PrepareToEncodeTiles Exit 0xc76cf8000 0 70 405 0 0
2026-08-08 13:10:57 Martins-MacBook-Pro Books[1640] <Error>: 11105651024 11 AVE INFO: AVE_Plugin_HEVC_Invalidate Enter 0xc76cf8000 0
2026-08-08 13:10:57 Martins-MacBook-Pro Books[1640] <Error>: 11105651066 12 AVE INFO: AVE_Session_HEVC_Stop Enter 0xc76cf8020
2026-08-08 13:10:57 Martins-MacBook-Pro Books[1640] <Error>: 11105651205 12 AVE INFO: AVE_Session_HEVC_Stop Exit 0xc76cf8020 0
2026-08-08 13:10:57 Martins-MacBook-Pro Books[1640] <Error>: 11105651230 11 AVE INFO: AVE_Plugin_HEVC_Invalidate Exit 0xc76cf8000 70 206 0 0
2026-08-08 13:10:57 Martins-MacBook-Pro Books[1640] <Error>: 11105651245 11 AVE INFO: AVE_Plugin_HEVC_Finalize Enter 0xc76cf8000 0
2026-08-08 13:10:57 Martins-MacBook-Pro Books[1640] <Error>: 11105651254 12 AVE INFO: AVE_Session_HEVC_Destroy Enter 0xc76cf8020
2026-08-08 13:10:57 Martins-MacBook-Pro Books[1640] <Error>: 11105652810 2 AVE : ID: 70 Type: 1 Enc: 2 | Input: 1 Proc: 1 Drop: 0
2026-08-08 13:10:57 Martins-MacBook-Pro Books[1640] <Error>: 11105654720 12 AVE INFO: AVE_Session_HEVC_Destroy Exit 0xc76cf8020 0
2026-08-08 13:10:57 Martins-MacBook-Pro Books[1640] <Error>: 11105654745 11 AVE INFO: AVE_Plugin_HEVC_Finalize Exit 0xc76cf8000 70 3500 0 0
2026-08-08 13:10:57 Martins-MacBook-Pro Books[1640] <Error>: 11105656464 11 AVE : Compiled 905.40.1 in prod on Jul 11 2026 17:45:35
2026-08-08 13:10:57 Martins-MacBook-Pro Books[1640] <Error>: 11105656505 11 AVE : Temporary Path: /Users/mjwebster/Library/Containers/com.apple.iBooksX/Data/tmp/
2026-08-08 13:10:57 Martins-MacBook-Pro Books[1640] <Error>: 11105656518 11 AVE INFO: AVE_Plugin_HEVC_CreateInstance Enter 1752589105 0x1eeeb13c8 0xc783d1e50 0
2026-08-08 13:10:57 Martins-MacBook-Pro Books[1640] <Error>: 11105656536 12 AVE INFO: AVE_Session_HEVC_Create Enter 0xc76cf8020 0x0
2026-08-08 13:10:57 Martins-MacBook-Pro Books[1640] <Error>: 11105656698 12 AVE INFO: AVE_Session_HEVC_CreatePropertyDict Enter 0xc76cf8020
2026-08-08 13:10:57 Martins-MacBook-Pro Books[1640] <Error>: 11105656752 12 AVE INFO: AVE_Session_HEVC_CreatePropertyDict Exit 0xc76cf8020 0
2026-08-08 13:10:57 Martins-MacBook-Pro Books[1640] <Error>: 11105656766 12 AVE INFO: AVE_Session_HEVC_Create Exit 0xc76cf8020 0x0 80 230 0
2026-08-08 13:10:57 Martins-MacBook-Pro Books[1640] <Error>: 11105656780 11 AVE INFO: AVE_Plugin_HEVC_CreateInstance Exit 1752589105 0x1eeeb13c8 0xc783d1e50 80 0xc76cf8000 0xc76cf8020 545 0 0
2026-08-08 13:10:57 Martins-MacBook-Pro Books[1640] <Error>: 11105656794 11 AVE INFO: AVE_Plugin_HEVC_StartTileSession Enter 0xc76cf8000 0xc783d1e40 0xc7cd57ee0 206 312 0x1eeeb13c8 0
2026-08-08 13:10:57 Martins-MacBook-Pro Books[1640] <Error>: 11105656807 12 AVE INFO: AVE_Session_HEVC_StartTileSession Enter 0xc76cf8020 0x16d48d4d0
2026-08-08 13:10:57 Martins-MacBook-Pro Books[1640] <Error>: 11105656826 12 AVE INFO: AVE_Session_HEVC_StartTileSession Exit 0xc76cf8020 0x16d48d4d0 0
2026-08-08 13:10:57 Martins-MacBook-Pro Books[1640] <Error>: 11105656837 11 AVE INFO: AVE_Plugin_HEVC_StartTileSession Exit 0xc76cf8000 0xc783d1e40 0xc7cd57ee0 206 312 0x1eeeb13c8 80 43 0 0
2026-08-08 13:10:57 Martins-MacBook-Pro Books[1640] <Error>: 11105656873 11 AVE INFO: AVE_Plugin_HEVC_PrepareToEncodeTiles Enter 0xc76cf8000 0 0
2026-08-08 13:10:57 Martins-MacBook-Pro Books[1640] <Error>: 11105656884 12 AVE INFO: AVE_Session_HEVC_Prepare Enter 0xc76cf8020
2026-08-08 13:10:57 Martins-MacBook-Pro Books[1640] <Error>: 11105657816 12 AVE INFO: AVE_Session_HEVC_Prepare Exit 0xc76cf8020 0
2026-08-08 13:10:57 Martins-MacBook-Pro Books[1640] <Error>: 11105657865 11 AVE INFO: AVE_Plugin_HEVC_PrepareToEncodeTiles Exit 0xc76cf8000 0 80 992 0 0
2026-08-08 13:10:57 Martins-MacBook-Pro Books[1640] <Error>: 11105673176 11 AVE INFO: AVE_Plugin_HEVC_Invalidate Enter 0xc76cf8000 0
2026-08-08 13:10:57 Martins-MacBook-Pro Books[1640] <Error>: 11105673214 12 AVE INFO: AVE_Session_HEVC_Stop Enter 0xc76cf8020
2026-08-08 13:10:57 Martins-MacBook-Pro Books[1640] <Error>: 11105673325 12 AVE INFO: AVE_Session_HEVC_Stop Exit 0xc76cf8020 0
2026-08-08 13:10:57 Martins-MacBook-Pro Books[1640] <Error>: 11105673341 11 AVE INFO: AVE_Plugin_HEVC_Invalidate Exit 0xc76cf8000 80 165 0 0
2026-08-08 13:10:57 Martins-MacBook-Pro Books[1640] <Error>: 11105673354 11 AVE INFO: AVE_Plugin_HEVC_Finalize Enter 0xc76cf8000 0
2026-08-08 13:10:57 Martins-MacBook-Pro Books[1640] <Error>: 11105673368 12 AVE INFO: AVE_Session_HEVC_Destroy Enter 0xc76cf8020
2026-08-08 13:10:57 Martins-MacBook-Pro Books[1640] <Error>: 11105674855 2 AVE : ID: 80 Type: 1 Enc: 2 | Input: 1 Proc: 1 Drop: 0
2026-08-08 13:10:57 Martins-MacBook-Pro Books[1640] <Error>: 11105676801 12 AVE INFO: AVE_Session_HEVC_Destroy Exit 0xc76cf8020 0
2026-08-08 13:10:57 Martins-MacBook-Pro Books[1640] <Error>: 11105676834 11 AVE INFO: AVE_Plugin_HEVC_Finalize Exit 0xc76cf8000 80 3480 0 0
2026-08-08 13:10:57 Martins-MacBook-Pro Books[1640] <Error>: 11105678388 11 AVE : Compiled 905.40.1 in prod on Jul 11 2026 17:45:35
2026-08-08 13:10:57 Martins-MacBook-Pro Books[1640] <Error>: 11105678418 11 AVE : Temporary Path: /Users/mjwebster/Library/Containers/com.apple.iBooksX/Data/tmp/
2026-08-08 13:10:57 Martins-MacBook-Pro Books[1640] <Error>: 11105678430 11 AVE INFO: AVE_Plugin_HEVC_CreateInstance Enter 1752589105 0x1eeeb13c8 0xc701368d0 0
2026-08-08 13:10:57 Martins-MacBook-Pro Books[1640] <Error>: 11105678445 12 AVE INFO: AVE_Session_HEVC_Create Enter 0xc76cf8020 0x0
2026-08-08 13:10:57 Martins-MacBook-Pro Books[1640] <Error>: 11105678590 12 AVE INFO: AVE_Session_HEVC_CreatePropertyDict Enter 0xc76cf8020
2026-08-08 13:10:57 Martins-MacBook-Pro Books[1640] <Error>: 11105678637 12 AVE INFO: AVE_Session_HEVC_CreatePropertyDict Exit 0xc76cf8020 0
2026-08-08 13:10:57 Martins-MacBook-Pro Books[1640] <Error>: 11105678649 12 AVE INFO: AVE_Session_HEVC_Create Exit 0xc76cf8020 0x0 90 204 0
2026-08-08 13:10:57 Martins-MacBook-Pro Books[1640] <Error>: 11105678659 11 AVE INFO: AVE_Plugin_HEVC_CreateInstance Exit 1752589105 0x1eeeb13c8 0xc701368d0 90 0xc76cf8000 0xc76cf8020 426 0 0
2026-08-08 13:10:57 Martins-MacBook-Pro Books[1640] <Error>: 11105678670 11 AVE INFO: AVE_Plugin_HEVC_StartTileSession Enter 0xc76cf8000 0xc701368c0 0xc7e3c0e80 206 308 0x1eeeb13c8 0
2026-08-08 13:10:57 Martins-MacBook-Pro Books[1640] <Error>: 11105678678 12 AVE INFO: AVE_Session_HEVC_StartTileSession Enter 0xc76cf8020 0x16d48d4d0
2026-08-08 13:10:57 Martins-MacBook-Pro Books[1640] <Error>: 11105678694 12 AVE INFO: AVE_Session_HEVC_StartTileSession Exit 0xc76cf8020 0x16d48d4d0 0
2026-08-08 13:10:57 Martins-MacBook-Pro Books[1640] <Error>: 11105678703 11 AVE INFO: AVE_Plugin_HEVC_StartTileSession Exit 0xc76cf8000 0xc701368c0 0xc7e3c0e80 206 308 0x1eeeb13c8 90 33 0 0
2026-08-08 13:10:57 Martins-MacBook-Pro Books[1640] <Error>: 11105678727 11 AVE INFO: AVE_Plugin_HEVC_PrepareToEncodeTiles Enter 0xc76cf8000 0 0
2026-08-08 13:10:57 Martins-MacBook-Pro Books[1640] <Error>: 11105678737 12 AVE INFO: AVE_Session_HEVC_Prepare Enter 0xc76cf8020
2026-08-08 13:10:57 Martins-MacBook-Pro Books[1640] <Error>: 11105679046 12 AVE INFO: AVE_Session_HEVC_Prepare Exit 0xc76cf8020 0
2026-08-08 13:10:57 Martins-MacBook-Pro Books[1640] <Error>: 11105679058 11 AVE INFO: AVE_Plugin_HEVC_PrepareToEncodeTiles Exit 0xc76cf8000 0 90 331 0 0
2026-08-08 13:10:57 Martins-MacBook-Pro Books[1640] <Error>: 11105693465 11 AVE INFO: AVE_Plugin_HEVC_Invalidate Enter 0xc76cf8000 0
2026-08-08 13:10:57 Martins-MacBook-Pro Books[1640] <Error>: 11105693509 12 AVE INFO: AVE_Session_HEVC_Stop Enter 0xc76cf8020
2026-08-08 13:10:57 Martins-MacBook-Pro Books[1640] <Error>: 11105693639 12 AVE INFO: AVE_Session_HEVC_Stop Exit 0xc76cf8020 0
2026-08-08 13:10:57 Martins-MacBook-Pro Books[1640] <Error>: 11105693661 11 AVE INFO: AVE_Plugin_HEVC_Invalidate Exit 0xc76cf8000 90 196 0 0
2026-08-08 13:10:57 Martins-MacBook-Pro Books[1640] <Error>: 11105693679 11 AVE INFO: AVE_Plugin_HEVC_Finalize Enter 0xc76cf8000 0
2026-08-08 13:10:57 Martins-MacBook-Pro Books[1640] <Error>: 11105693697 12 AVE INFO: AVE_Session_HEVC_Destroy Enter 0xc76cf8020
2026-08-08 13:10:57 Martins-MacBook-Pro Books[1640] <Error>: 11105695489 2 AVE : ID: 90 Type: 1 Enc: 2 | Input: 1 Proc: 1 Drop: 0
2026-08-08 13:10:57 Martins-MacBook-Pro Books[1640] <Error>: 11105697358 12 AVE INFO: AVE_Session_HEVC_Destroy Exit 0xc76cf8020 0
2026-08-08 13:10:57 Martins-MacBook-Pro Books[1640] <Error>: 11105697390 11 AVE INFO: AVE_Plugin_HEVC_Finalize Exit 0xc76cf8000 90 3711 0 0
2026-08-08 13:11:07 Martins-MacBook-Pro Books[1640] <Error>: 11115778011 11 AVE : Compiled 905.40.1 in prod on Jul 11 2026 17:45:35
2026-08-08 13:11:07 Martins-MacBook-Pro Books[1640] <Error>: 11115778059 11 AVE : Temporary Path: /Users/mjwebster/Library/Containers/com.apple.iBooksX/Data/tmp/
2026-08-08 13:11:07 Martins-MacBook-Pro Books[1640] <Error>: 11115778071 11 AVE INFO: AVE_Plugin_HEVC_CreateInstance Enter 1752589105 0x1eeeb13c8 0xc70122210 0
2026-08-08 13:11:07 Martins-MacBook-Pro Books[1640] <Error>: 11115778092 12 AVE INFO: AVE_Session_HEVC_Create Enter 0xc73cd0020 0x0
2026-08-08 13:11:07 Martins-MacBook-Pro Books[1640] <Error>: 11115778282 12 AVE INFO: AVE_Session_HEVC_CreatePropertyDict Enter 0xc73cd0020
2026-08-08 13:11:07 Martins-MacBook-Pro Books[1640] <Error>: 11115778349 12 AVE INFO: AVE_Session_HEVC_CreatePropertyDict Exit 0xc73cd0020 0
2026-08-08 13:11:07 Martins-MacBook-Pro Books[1640] <Error>: 11115778363 12 AVE INFO: AVE_Session_HEVC_Create Exit 0xc73cd0020 0x0 100 271 0
2026-08-08 13:11:07 Martins-MacBook-Pro Books[1640] <Error>: 11115778385 11 AVE INFO: AVE_Plugin_HEVC_CreateInstance Exit 1752589105 0x1eeeb13c8 0xc70122210 100 0xc73cd0000 0xc73cd0020 536 0 0
2026-08-08 13:11:07 Martins-MacBook-Pro Books[1640] <Error>: 11115778415 11 AVE INFO: AVE_Plugin_HEVC_StartTileSession Enter 0xc73cd0000 0xc70122200 0xc7ce35dc0 122 226 0x1eeeb13c8 0
2026-08-08 13:11:07 Martins-MacBook-Pro Books[1640] <Error>: 11115778425 12 AVE INFO: AVE_Session_HEVC_StartTileSession Enter 0xc73cd0020 0x16d3754d0
2026-08-08 13:11:07 Martins-MacBook-Pro Books[1640] <Error>: 11115778450 12 AVE INFO: AVE_Session_HEVC_StartTileSession Exit 0xc73cd0020 0x16d3754d0 0
2026-08-08 13:11:07 Martins-MacBook-Pro Books[1640] <Error>: 11115778464 11 AVE INFO: AVE_Plugin_HEVC_StartTileSession Exit 0xc73cd0000 0xc70122200 0xc7ce35dc0 122 226 0x1eeeb13c8 100 49 0 0
2026-08-08 13:11:07 Martins-MacBook-Pro Books[1640] <Error>: 11115778493 11 AVE INFO: AVE_Plugin_HEVC_PrepareToEncodeTiles Enter 0xc73cd0000 0 0
2026-08-08 13:11:07 Martins-MacBook-Pro Books[1640] <Error>: 11115778505 12 AVE INFO: AVE_Session_HEVC_Prepare Enter 0xc73cd0020
2026-08-08 13:11:07 Martins-MacBook-Pro Books[1640] <Error>: 11115778857 12 AVE INFO: AVE_Session_HEVC_Prepare Exit 0xc73cd0020 0
2026-08-08 13:11:07 Martins-MacBook-Pro Books[1640] <Error>: 11115778874 11 AVE INFO: AVE_Plugin_HEVC_PrepareToEncodeTiles Exit 0xc73cd0000 0 100 381 0 0
2026-08-08 13:11:07 Martins-MacBook-Pro Books[1640] <Error>: 11115791023 11 AVE INFO: AVE_Plugin_HEVC_Invalidate Enter 0xc73cd0000 0
2026-08-08 13:11:07 Martins-MacBook-Pro Books[1640] <Error>: 11115791060 12 AVE INFO: AVE_Session_HEVC_Stop Enter 0xc73cd0020
2026-08-08 13:11:07 Martins-MacBook-Pro Books[1640] <Error>: 11115791187 12 AVE INFO: AVE_Session_HEVC_Stop Exit 0xc73cd0020 0
2026-08-08 13:11:07 Martins-MacBook-Pro Books[1640] <Error>: 11115791201 11 AVE INFO: AVE_Plugin_HEVC_Invalidate Exit 0xc73cd0000 100 178 0 0
2026-08-08 13:11:07 Martins-MacBook-Pro Books[1640] <Error>: 11115791212 11 AVE INFO: AVE_Plugin_HEVC_Finalize Enter 0xc73cd0000 0
2026-08-08 13:11:07 Martins-MacBook-Pro Books[1640] <Error>: 11115791221 12 AVE INFO: AVE_Session_HEVC_Destroy Enter 0xc73cd0020
2026-08-08 13:11:07 Martins-MacBook-Pro Books[1640] <Error>: 11115792759 2 AVE : ID: 100 Type: 1 Enc: 2 | Input: 1 Proc: 1 Drop: 0
2026-08-08 13:11:07 Martins-MacBook-Pro Books[1640] <Error>: 11115794578 12 AVE INFO: AVE_Session_HEVC_Destroy Exit 0xc73cd0020 0
2026-08-08 13:11:07 Martins-MacBook-Pro Books[1640] <Error>: 11115794601 11 AVE INFO: AVE_Plugin_HEVC_Finalize Exit 0xc73cd0000 100 3389 0 0
2026-08-08 13:11:07 Martins-MacBook-Pro Books[1640] <Error>: 11115798317 11 AVE : Compiled 905.40.1 in prod on Jul 11 2026 17:45:35
2026-08-08 13:11:07 Martins-MacBook-Pro Books[1640] <Error>: 11115798345 11 AVE : Temporary Path: /Users/mjwebster/Library/Containers/com.apple.iBooksX/Data/tmp/
2026-08-08 13:11:07 Martins-MacBook-Pro Books[1640] <Error>: 11115798357 11 AVE INFO: AVE_Plugin_HEVC_CreateInstance Enter 1752589105 0x1eeeb13c8 0xc70122210 0
2026-08-08 13:11:07 Martins-MacBook-Pro Books[1640] <Error>: 11115798371 12 AVE INFO: AVE_Session_HEVC_Create Enter 0xc73d30020 0x0
2026-08-08 13:11:07 Martins-MacBook-Pro Books[1640] <Error>: 11115798514 12 AVE INFO: AVE_Session_HEVC_CreatePropertyDict Enter 0xc73d30020
2026-08-08 13:11:07 Martins-MacBook-Pro Books[1640] <Error>: 11115798565 12 AVE INFO: AVE_Session_HEVC_CreatePropertyDict Exit 0xc73d30020 0
2026-08-08 13:11:07 Martins-MacBook-Pro Books[1640] <Error>: 11115798579 12 AVE INFO: AVE_Session_HEVC_Create Exit 0xc73d30020 0x0 110 208 0
2026-08-08 13:11:07 Martins-MacBook-Pro Books[1640] <Error>: 11115798588 11 AVE INFO: AVE_Plugin_HEVC_CreateInstance Exit 1752589105 0x1eeeb13c8 0xc70122210 110 0xc73d30000 0xc73d30020 432 0 0
2026-08-08 13:11:07 Martins-MacBook-Pro Books[1640] <Error>: 11115798599 11 AVE INFO: AVE_Plugin_HEVC_StartTileSession Enter 0xc73d30000 0xc70122200 0xc7e454fc0 146 114 0x1eeeb13c8 0
2026-08-08 13:11:07 Martins-MacBook-Pro Books[1640] <Error>: 11115798614 12 AVE INFO: AVE_Session_HEVC_StartTileSession Enter 0xc73d30020 0x16d3754d0
2026-08-08 13:11:07 Martins-MacBook-Pro Books[1640] <Error>: 11115798630 12 AVE INFO: AVE_Session_HEVC_StartTileSession Exit 0xc73d30020 0x16d3754d0 0
2026-08-08 13:11:07 Martins-MacBook-Pro Books[1640] <Error>: 11115798641 11 AVE INFO: AVE_Plugin_HEVC_StartTileSession Exit 0xc73d30000 0xc70122200 0xc7e454fc0 146 114 0x1eeeb13c8 110 42 0 0
2026-08-08 13:11:07 Martins-MacBook-Pro Books[1640] <Error>: 11115798667 11 AVE INFO: AVE_Plugin_HEVC_PrepareToEncodeTiles Enter 0xc73d30000 0 0
2026-08-08 13:11:07 Martins-MacBook-Pro Books[1640] <Error>: 11115798678 12 AVE INFO: AVE_Session_HEVC_Prepare Enter 0xc73d30020
2026-08-08 13:11:07 Martins-MacBook-Pro Books[1640] <Error>: 11115798962 12 AVE INFO: AVE_Session_HEVC_Prepare Exit 0xc73d30020 0
2026-08-08 13:11:07 Martins-MacBook-Pro Books[1640] <Error>: 11115798974 11 AVE INFO: AVE_Plugin_HEVC_PrepareToEncodeTiles Exit 0xc73d30000 0 110 307 0 0
2026-08-08 13:11:07 Martins-MacBook-Pro Books[1640] <Error>: 11115814720 11 AVE INFO: AVE_Plugin_HEVC_Invalidate Enter 0xc73d30000 0
2026-08-08 13:11:07 Martins-MacBook-Pro Books[1640] <Error>: 11115814746 12 AVE INFO: AVE_Session_HEVC_Stop Enter 0xc73d30020
2026-08-08 13:11:07 Martins-MacBook-Pro Books[1640] <Error>: 11115814873 12 AVE INFO: AVE_Session_HEVC_Stop Exit 0xc73d30020 0
2026-08-08 13:11:07 Martins-MacBook-Pro Books[1640] <Error>: 11115814890 11 AVE INFO: AVE_Plugin_HEVC_Invalidate Exit 0xc73d30000 110 170 0 0
2026-08-08 13:11:07 Martins-MacBook-Pro Books[1640] <Error>: 11115814901 11 AVE INFO: AVE_Plugin_HEVC_Finalize Enter 0xc73d30000 0
2026-08-08 13:11:07 Martins-MacBook-Pro Books[1640] <Error>: 11115814911 12 AVE INFO: AVE_Session_HEVC_Destroy Enter 0xc73d30020
2026-08-08 13:11:07 Martins-MacBook-Pro Books[1640] <Error>: 11115816432 2 AVE : ID: 110 Type: 1 Enc: 2 | Input: 1 Proc: 1 Drop: 0
2026-08-08 13:11:07 Martins-MacBook-Pro Books[1640] <Error>: 11115818126 12 AVE INFO: AVE_Session_HEVC_Destroy Exit 0xc73d30020 0
2026-08-08 13:11:07 Martins-MacBook-Pro Books[1640] <Error>: 11115818150 11 AVE INFO: AVE_Plugin_HEVC_Finalize Exit 0xc73d30000 110 3249 0 0
2026-08-08 13:11:07 Martins-MacBook-Pro Books[1640] <Error>: 11115819530 11 AVE : Compiled 905.40.1 in prod on Jul 11 2026 17:45:35
2026-08-08 13:11:07 Martins-MacBook-Pro Books[1640] <Error>: 11115819559 11 AVE : Temporary Path: /Users/mjwebster/Library/Containers/com.apple.iBooksX/Data/tmp/
2026-08-08 13:11:07 Martins-MacBook-Pro Books[1640] <Error>: 11115819572 11 AVE INFO: AVE_Plugin_HEVC_CreateInstance Enter 1752589105 0x1eeeb13c8 0xc70122210 0
2026-08-08 13:11:07 Martins-MacBook-Pro Books[1640] <Error>: 11115819587 12 AVE INFO: AVE_Session_HEVC_Create Enter 0xc73d30020 0x0
2026-08-08 13:11:07 Martins-MacBook-Pro Books[1640] <Error>: 11115819710 12 AVE INFO: AVE_Session_HEVC_CreatePropertyDict Enter 0xc73d30020
2026-08-08 13:11:07 Martins-MacBook-Pro Books[1640] <Error>: 11115819757 12 AVE INFO: AVE_Session_HEVC_CreatePropertyDict Exit 0xc73d30020 0
2026-08-08 13:11:07 Martins-MacBook-Pro Books[1640] <Error>: 11115819768 12 AVE INFO: AVE_Session_HEVC_Create Exit 0xc73d30020 0x0 120 181 0
2026-08-08 13:11:07 Martins-MacBook-Pro Books[1640] <Error>: 11115819778 11 AVE INFO: AVE_Plugin_HEVC_CreateInstance Exit 1752589105 0x1eeeb13c8 0xc70122210 120 0xc73d30000 0xc73d30020 390 0 0
2026-08-08 13:11:07 Martins-MacBook-Pro Books[1640] <Error>: 11115819788 11 AVE INFO: AVE_Plugin_HEVC_StartTileSession Enter 0xc73d30000 0xc70122200 0xc7e3c76a0 146 214 0x1eeeb13c8 0
2026-08-08 13:11:07 Martins-MacBook-Pro Books[1640] <Error>: 11115819797 12 AVE INFO: AVE_Session_HEVC_StartTileSession Enter 0xc73d30020 0x16d3754d0
2026-08-08 13:11:07 Martins-MacBook-Pro Books[1640] <Error>: 11115819813 12 AVE INFO: AVE_Session_HEVC_StartTileSession Exit 0xc73d30020 0x16d3754d0 0
2026-08-08 13:11:07 Martins-MacBook-Pro Books[1640] <Error>: 11115819823 11 AVE INFO: AVE_Plugin_HEVC_StartTileSession Exit 0xc73d30000 0xc70122200 0xc7e3c76a0 146 214 0x1eeeb13c8 120 35 0 0
2026-08-08 13:11:07 Martins-MacBook-Pro Books[1640] <Error>: 11115819846 11 AVE INFO: AVE_Plugin_HEVC_PrepareToEncodeTiles Enter 0xc73d30000 0 0
2026-08-08 13:11:07 Martins-MacBook-Pro Books[1640] <Error>: 11115819857 12 AVE INFO: AVE_Session_HEVC_Prepare Enter 0xc73d30020
2026-08-08 13:11:07 Martins-MacBook-Pro Books[1640] <Error>: 11115820125 12 AVE INFO: AVE_Session_HEVC_Prepare Exit 0xc73d30020 0
2026-08-08 13:11:07 Martins-MacBook-Pro Books[1640] <Error>: 11115820137 11 AVE INFO: AVE_Plugin_HEVC_PrepareToEncodeTiles Exit 0xc73d30000 0 120 291 0 0
2026-08-08 13:11:07 Martins-MacBook-Pro Books[1640] <Error>: 11115835949 11 AVE INFO: AVE_Plugin_HEVC_Invalidate Enter 0xc73d30000 0
2026-08-08 13:11:07 Martins-MacBook-Pro Books[1640] <Error>: 11115835971 12 AVE INFO: AVE_Session_HEVC_Stop Enter 0xc73d30020
2026-08-08 13:11:07 Martins-MacBook-Pro Books[1640] <Error>: 11115836101 12 AVE INFO: AVE_Session_HEVC_Stop Exit 0xc73d30020 0
2026-08-08 13:11:07 Martins-MacBook-Pro Books[1640] <Error>: 11115836120 11 AVE INFO: AVE_Plugin_HEVC_Invalidate Exit 0xc73d30000 120 171 0 0
2026-08-08 13:11:07 Martins-MacBook-Pro Books[1640] <Error>: 11115836133 11 AVE INFO: AVE_Plugin_HEVC_Finalize Enter 0xc73d30000 0
2026-08-08 13:11:07 Martins-MacBook-Pro Books[1640] <Error>: 11115836143 12 AVE INFO: AVE_Session_HEVC_Destroy Enter 0xc73d30020
2026-08-08 13:11:07 Martins-MacBook-Pro Books[1640] <Error>: 11115837668 2 AVE : ID: 120 Type: 1 Enc: 2 | Input: 1 Proc: 1 Drop: 0
2026-08-08 13:11:07 Martins-MacBook-Pro Books[1640] <Error>: 11115839340 12 AVE INFO: AVE_Session_HEVC_Destroy Exit 0xc73d30020 0
2026-08-08 13:11:07 Martins-MacBook-Pro Books[1640] <Error>: 11115839363 11 AVE INFO: AVE_Plugin_HEVC_Finalize Exit 0xc73d30000 120 3230 0 0
2026-08-08 13:11:07 Martins-MacBook-Pro Books[1640] <Error>: 11115840606 11 AVE : Compiled 905.40.1 in prod on Jul 11 2026 17:45:35
2026-08-08 13:11:07 Martins-MacBook-Pro Books[1640] <Error>: 11115840633 11 AVE : Temporary Path: /Users/mjwebster/Library/Containers/com.apple.iBooksX/Data/tmp/
2026-08-08 13:11:07 Martins-MacBook-Pro Books[1640] <Error>: 11115840644 11 AVE INFO: AVE_Plugin_HEVC_CreateInstance Enter 1752589105 0x1eeeb13c8 0xc70122210 0
2026-08-08 13:11:07 Martins-MacBook-Pro Books[1640] <Error>: 11115840659 12 AVE INFO: AVE_Session_HEVC_Create Enter 0xc73d30020 0x0
2026-08-08 13:11:07 Martins-MacBook-Pro Books[1640] <Error>: 11115840799 12 AVE INFO: AVE_Session_HEVC_CreatePropertyDict Enter 0xc73d30020
2026-08-08 13:11:07 Martins-MacBook-Pro Books[1640] <Error>: 11115840847 12 AVE INFO: AVE_Session_HEVC_CreatePropertyDict Exit 0xc73d30020 0
2026-08-08 13:11:07 Martins-MacBook-Pro Books[1640] <Error>: 11115840860 12 AVE INFO: AVE_Session_HEVC_Create Exit 0xc73d30020 0x0 130 201 0
2026-08-08 13:11:07 Martins-MacBook-Pro Books[1640] <Error>: 11115840870 11 AVE INFO: AVE_Plugin_HEVC_CreateInstance Exit 1752589105 0x1eeeb13c8 0xc70122210 130 0xc73d30000 0xc73d30020 406 0 0
2026-08-08 13:11:07 Martins-MacBook-Pro Books[1640] <Error>: 11115840882 11 AVE INFO: AVE_Plugin_HEVC_StartTileSession Enter 0xc73d30000 0xc70122200 0xc7ce36a40 146 212 0x1eeeb13c8 0
2026-08-08 13:11:07 Martins-MacBook-Pro Books[1640] <Error>: 11115840893 12 AVE INFO: AVE_Session_HEVC_StartTileSession Enter 0xc73d30020 0x16d3754d0
2026-08-08 13:11:07 Martins-MacBook-Pro Books[1640] <Error>: 11115840910 12 AVE INFO: AVE_Session_HEVC_StartTileSession Exit 0xc73d30020 0x16d3754d0 0
2026-08-08 13:11:07 Martins-MacBook-Pro Books[1640] <Error>: 11115840923 11 AVE INFO: AVE_Plugin_HEVC_StartTileSession Exit 0xc73d30000 0xc70122200 0xc7ce36a40 146 212 0x1eeeb13c8 130 41 0 0
2026-08-08 13:11:07 Martins-MacBook-Pro Books[1640] <Error>: 11115840948 11 AVE INFO: AVE_Plugin_HEVC_PrepareToEncodeTiles Enter 0xc73d30000 0 0
2026-08-08 13:11:07 Martins-MacBook-Pro Books[1640] <Error>: 11115840960 12 AVE INFO: AVE_Session_HEVC_Prepare Enter 0xc73d30020
2026-08-08 13:11:07 Martins-MacBook-Pro Books[1640] <Error>: 11115841238 12 AVE INFO: AVE_Session_HEVC_Prepare Exit 0xc73d30020 0
2026-08-08 13:11:07 Martins-MacBook-Pro Books[1640] <Error>: 11115841257 11 AVE INFO: AVE_Plugin_HEVC_PrepareToEncodeTiles Exit 0xc73d30000 0 130 309 0 0
2026-08-08 13:11:07 Martins-MacBook-Pro Books[1640] <Error>: 11115856446 11 AVE INFO: AVE_Plugin_HEVC_Invalidate Enter 0xc73d30000 0
2026-08-08 13:11:07 Martins-MacBook-Pro Books[1640] <Error>: 11115856471 12 AVE INFO: AVE_Session_HEVC_Stop Enter 0xc73d30020
2026-08-08 13:11:07 Martins-MacBook-Pro Books[1640] <Error>: 11115856596 12 AVE INFO: AVE_Session_HEVC_Stop Exit 0xc73d30020 0
2026-08-08 13:11:07 Martins-MacBook-Pro Books[1640] <Error>: 11115856614 11 AVE INFO: AVE_Plugin_HEVC_Invalidate Exit 0xc73d30000 130 168 0 0
2026-08-08 13:11:07 Martins-MacBook-Pro Books[1640] <Error>: 11115856626 11 AVE INFO: AVE_Plugin_HEVC_Finalize Enter 0xc73d30000 0
2026-08-08 13:11:07 Martins-MacBook-Pro Books[1640] <Error>: 11115856637 12 AVE INFO: AVE_Session_HEVC_Destroy Enter 0xc73d30020
2026-08-08 13:11:07 Martins-MacBook-Pro Books[1640] <Error>: 11115858170 2 AVE : ID: 130 Type: 1 Enc: 2 | Input: 1 Proc: 1 Drop: 0
2026-08-08 13:11:07 Martins-MacBook-Pro Books[1640] <Error>: 11115859879 12 AVE INFO: AVE_Session_HEVC_Destroy Exit 0xc73d30020 0
2026-08-08 13:11:07 Martins-MacBook-Pro Books[1640] <Error>: 11115859898 11 AVE INFO: AVE_Plugin_HEVC_Finalize Exit 0xc73d30000 130 3272 0 0
2026-08-08 13:11:07 Martins-MacBook-Pro Books[1640] <Error>: 11115861748 11 AVE : Compiled 905.40.1 in prod on Jul 11 2026 17:45:35
2026-08-08 13:11:07 Martins-MacBook-Pro Books[1640] <Error>: 11115861778 11 AVE : Temporary Path: /Users/mjwebster/Library/Containers/com.apple.iBooksX/Data/tmp/
2026-08-08 13:11:07 Martins-MacBook-Pro Books[1640] <Error>: 11115861791 11 AVE INFO: AVE_Plugin_HEVC_CreateInstance Enter 1752589105 0x1eeeb13c8 0xc70122210 0
2026-08-08 13:11:07 Martins-MacBook-Pro Books[1640] <Error>: 11115861806 12 AVE INFO: AVE_Session_HEVC_Create Enter 0xc73d30020 0x0
2026-08-08 13:11:07 Martins-MacBook-Pro Books[1640] <Error>: 11115861950 12 AVE INFO: AVE_Session_HEVC_CreatePropertyDict Enter 0xc73d30020
2026-08-08 13:11:07 Martins-MacBook-Pro Books[1640] <Error>: 11115862002 12 AVE INFO: AVE_Session_HEVC_CreatePropertyDict Exit 0xc73d30020 0
2026-08-08 13:11:07 Martins-MacBook-Pro Books[1640] <Error>: 11115862014 12 AVE INFO: AVE_Session_HEVC_Create Exit 0xc73d30020 0x0 140 208 0
2026-08-08 13:11:07 Martins-MacBook-Pro Books[1640] <Error>: 11115862025 11 AVE INFO: AVE_Plugin_HEVC_CreateInstance Exit 1752589105 0x1eeeb13c8 0xc70122210 140 0xc73d30000 0xc73d30020 430 0 0
2026-08-08 13:11:07 Martins-MacBook-Pro Books[1640] <Error>: 11115862036 11 AVE INFO: AVE_Plugin_HEVC_StartTileSession Enter 0xc73d30000 0xc70122200 0xc7e3c4260 146 228 0x1eeeb13c8 0
2026-08-08 13:11:07 Martins-MacBook-Pro Books[1640] <Error>: 11115862048 12 AVE INFO: AVE_Session_HEVC_StartTileSession Enter 0xc73d30020 0x16d3754d0
2026-08-08 13:11:07 Martins-MacBook-Pro Books[1640] <Error>: 11115862067 12 AVE INFO: AVE_Session_HEVC_StartTileSession Exit 0xc73d30020 0x16d3754d0 0
2026-08-08 13:11:07 Martins-MacBook-Pro Books[1640] <Error>: 11115862078 11 AVE INFO: AVE_Plugin_HEVC_StartTileSession Exit 0xc73d30000 0xc70122200 0xc7e3c4260 146 228 0x1eeeb13c8 140 42 0 0
2026-08-08 13:11:07 Martins-MacBook-Pro Books[1640] <Error>: 11115862105 11 AVE INFO: AVE_Plugin_HEVC_PrepareToEncodeTiles Enter 0xc73d30000 0 0
2026-08-08 13:11:07 Martins-MacBook-Pro Books[1640] <Error>: 11115862122 12 AVE INFO: AVE_Session_HEVC_Prepare Enter 0xc73d30020
2026-08-08 13:11:07 Martins-MacBook-Pro Books[1640] <Error>: 11115862421 12 AVE INFO: AVE_Session_HEVC_Prepare Exit 0xc73d30020 0
2026-08-08 13:11:07 Martins-MacBook-Pro Books[1640] <Error>: 11115862436 11 AVE INFO: AVE_Plugin_HEVC_PrepareToEncodeTiles Exit 0xc73d30000 0 140 331 0 0
2026-08-08 13:11:07 Martins-MacBook-Pro Books[1640] <Error>: 11115877911 11 AVE INFO: AVE_Plugin_HEVC_Invalidate Enter 0xc73d30000 0
2026-08-08 13:11:07 Martins-MacBook-Pro Books[1640] <Error>: 11115877930 12 AVE INFO: AVE_Session_HEVC_Stop Enter 0xc73d30020
2026-08-08 13:11:07 Martins-MacBook-Pro Books[1640] <Error>: 11115878048 12 AVE INFO: AVE_Session_HEVC_Stop Exit 0xc73d30020 0
2026-08-08 13:11:07 Martins-MacBook-Pro Books[1640] <Error>: 11115878063 11 AVE INFO: AVE_Plugin_HEVC_Invalidate Exit 0xc73d30000 140 152 0 0
2026-08-08 13:11:07 Martins-MacBook-Pro Books[1640] <Error>: 11115878074 11 AVE INFO: AVE_Plugin_HEVC_Finalize Enter 0xc73d30000 0
2026-08-08 13:11:07 Martins-MacBook-Pro Books[1640] <Error>: 11115878084 12 AVE INFO: AVE_Session_HEVC_Destroy Enter 0xc73d30020
2026-08-08 13:11:07 Martins-MacBook-Pro Books[1640] <Error>: 11115879598 2 AVE : ID: 140 Type: 1 Enc: 2 | Input: 1 Proc: 1 Drop: 0
2026-08-08 13:11:07 Martins-MacBook-Pro Books[1640] <Error>: 11115881326 12 AVE INFO: AVE_Session_HEVC_Destroy Exit 0xc73d30020 0
2026-08-08 13:11:07 Martins-MacBook-Pro Books[1640] <Error>: 11115881342 11 AVE INFO: AVE_Plugin_HEVC_Finalize Exit 0xc73d30000 140 3268 0 0
2026-08-08 13:11:07 Martins-MacBook-Pro Books[1640] <Error>: 11115884423 11 AVE : Compiled 905.40.1 in prod on Jul 11 2026 17:45:35
2026-08-08 13:11:07 Martins-MacBook-Pro Books[1640] <Error>: 11115884451 11 AVE : Temporary Path: /Users/mjwebster/Library/Containers/com.apple.iBooksX/Data/tmp/
2026-08-08 13:11:07 Martins-MacBook-Pro Books[1640] <Error>: 11115884464 11 AVE INFO: AVE_Plugin_HEVC_CreateInstance Enter 1752589105 0x1eeeb13c8 0xc70122210 0
2026-08-08 13:11:07 Martins-MacBook-Pro Books[1640] <Error>: 11115884479 12 AVE INFO: AVE_Session_HEVC_Create Enter 0xc73d30020 0x0
2026-08-08 13:11:07 Martins-MacBook-Pro Books[1640] <Error>: 11115884609 12 AVE INFO: AVE_Session_HEVC_CreatePropertyDict Enter 0xc73d30020
2026-08-08 13:11:07 Martins-MacBook-Pro Books[1640] <Error>: 11115884659 12 AVE INFO: AVE_Session_HEVC_CreatePropertyDict Exit 0xc73d30020 0
2026-08-08 13:11:07 Martins-MacBook-Pro Books[1640] <Error>: 11115884673 12 AVE INFO: AVE_Session_HEVC_Create Exit 0xc73d30020 0x0 150 194 0
2026-08-08 13:11:07 Martins-MacBook-Pro Books[1640] <Error>: 11115884683 11 AVE INFO: AVE_Plugin_HEVC_CreateInstance Exit 1752589105 0x1eeeb13c8 0xc70122210 150 0xc73d30000 0xc73d30020 400 0 0
2026-08-08 13:11:07 Martins-MacBook-Pro Books[1640] <Error>: 11115884695 11 AVE INFO: AVE_Plugin_HEVC_StartTileSession Enter 0xc73d30000 0xc70122200 0xc7e088fe0 146 192 0x1eeeb13c8 0
2026-08-08 13:11:07 Martins-MacBook-Pro Books[1640] <Error>: 11115884705 12 AVE INFO: AVE_Session_HEVC_StartTileSession Enter 0xc73d30020 0x16d3754d0
2026-08-08 13:11:07 Martins-MacBook-Pro Books[1640] <Error>: 11115884720 12 AVE INFO: AVE_Session_HEVC_StartTileSession Exit 0xc73d30020 0x16d3754d0 0
2026-08-08 13:11:07 Martins-MacBook-Pro Books[1640] <Error>: 11115884732 11 AVE INFO: AVE_Plugin_HEVC_StartTileSession Exit 0xc73d30000 0xc70122200 0xc7e088fe0 146 192 0x1eeeb13c8 150 37 0 0
2026-08-08 13:11:07 Martins-MacBook-Pro Books[1640] <Error>: 11115884756 11 AVE INFO: AVE_Plugin_HEVC_PrepareToEncodeTiles Enter 0xc73d30000 0 0
2026-08-08 13:11:07 Martins-MacBook-Pro Books[1640] <Error>: 11115884769 12 AVE INFO: AVE_Session_HEVC_Prepare Enter 0xc73d30020
2026-08-08 13:11:07 Martins-MacBook-Pro Books[1640] <Error>: 11115885054 12 AVE INFO: AVE_Session_HEVC_Prepare Exit 0xc73d30020 0
2026-08-08 13:11:07 Martins-MacBook-Pro Books[1640] <Error>: 11115885067 11 AVE INFO: AVE_Plugin_HEVC_PrepareToEncodeTiles Exit 0xc73d30000 0 150 311 0 0
2026-08-08 13:11:07 Martins-MacBook-Pro Books[1640] <Error>: 11115900429 11 AVE INFO: AVE_Plugin_HEVC_Invalidate Enter 0xc73d30000 0
2026-08-08 13:11:07 Martins-MacBook-Pro Books[1640] <Error>: 11115900466 12 AVE INFO: AVE_Session_HEVC_Stop Enter 0xc73d30020
2026-08-08 13:11:07 Martins-MacBook-Pro Books[1640] <Error>: 11115900599 12 AVE INFO: AVE_Session_HEVC_Stop Exit 0xc73d30020 0
2026-08-08 13:11:07 Martins-MacBook-Pro Books[1640] <Error>: 11115900617 11 AVE INFO: AVE_Plugin_HEVC_Invalidate Exit 0xc73d30000 150 188 0 0
2026-08-08 13:11:07 Martins-MacBook-Pro Books[1640] <Error>: 11115900631 11 AVE INFO: AVE_Plugin_HEVC_Finalize Enter 0xc73d30000 0
2026-08-08 13:11:07 Martins-MacBook-Pro Books[1640] <Error>: 11115900643 12 AVE INFO: AVE_Session_HEVC_Destroy Enter 0xc73d30020
2026-08-08 13:11:07 Martins-MacBook-Pro Books[1640] <Error>: 11115902168 2 AVE : ID: 150 Type: 1 Enc: 2 | Input: 1 Proc: 1 Drop: 0
2026-08-08 13:11:07 Martins-MacBook-Pro Books[1640] <Error>: 11115904078 12 AVE INFO: AVE_Session_HEVC_Destroy Exit 0xc73d30020 0
2026-08-08 13:11:07 Martins-MacBook-Pro Books[1640] <Error>: 11115904099 11 AVE INFO: AVE_Plugin_HEVC_Finalize Exit 0xc73d30000 150 3468 0 0
2026-08-08 13:11:07 Martins-MacBook-Pro Books[1640] <Error>: 11115905676 11 AVE : Compiled 905.40.1 in prod on Jul 11 2026 17:45:35
2026-08-08 13:11:07 Martins-MacBook-Pro Books[1640] <Error>: 11115905705 11 AVE : Temporary Path: /Users/mjwebster/Library/Containers/com.apple.iBooksX/Data/tmp/
2026-08-08 13:11:07 Martins-MacBook-Pro Books[1640] <Error>: 11115905718 11 AVE INFO: AVE_Plugin_HEVC_CreateInstance Enter 1752589105 0x1eeeb13c8 0xc70122210 0
2026-08-08 13:11:07 Martins-MacBook-Pro Books[1640] <Error>: 11115905735 12 AVE INFO: AVE_Session_HEVC_Create Enter 0xc73d30020 0x0
2026-08-08 13:11:07 Martins-MacBook-Pro Books[1640] <Error>: 11115905895 12 AVE INFO: AVE_Session_HEVC_CreatePropertyDict Enter 0xc73d30020
2026-08-08 13:11:07 Martins-MacBook-Pro Books[1640] <Error>: 11115905951 12 AVE INFO: AVE_Session_HEVC_CreatePropertyDict Exit 0xc73d30020 0
2026-08-08 13:11:07 Martins-MacBook-Pro Books[1640] <Error>: 11115905965 12 AVE INFO: AVE_Session_HEVC_Create Exit 0xc73d30020 0x0 160 229 0
2026-08-08 13:11:07 Martins-MacBook-Pro Books[1640] <Error>: 11115905975 11 AVE INFO: AVE_Plugin_HEVC_CreateInstance Exit 1752589105 0x1eeeb13c8 0xc70122210 160 0xc73d30000 0xc73d30020 493 0 0
2026-08-08 13:11:07 Martins-MacBook-Pro Books[1640] <Error>: 11115905988 11 AVE INFO: AVE_Plugin_HEVC_StartTileSession Enter 0xc73d30000 0xc70122200 0xc7b413b40 146 212 0x1eeeb13c8 0
2026-08-08 13:11:07 Martins-MacBook-Pro Books[1640] <Error>: 11115905999 12 AVE INFO: AVE_Session_HEVC_StartTileSession Enter 0xc73d30020 0x16d3754d0
2026-08-08 13:11:07 Martins-MacBook-Pro Books[1640] <Error>: 11115906020 12 AVE INFO: AVE_Session_HEVC_StartTileSession Exit 0xc73d30020 0x16d3754d0 0
2026-08-08 13:11:07 Martins-MacBook-Pro Books[1640] <Error>: 11115906033 11 AVE INFO: AVE_Plugin_HEVC_StartTileSession Exit 0xc73d30000 0xc70122200 0xc7b413b40 146 212 0x1eeeb13c8 160 45 0 0
2026-08-08 13:11:07 Martins-MacBook-Pro Books[1640] <Error>: 11115906063 11 AVE INFO: AVE_Plugin_HEVC_PrepareToEncodeTiles Enter 0xc73d30000 0 0
2026-08-08 13:11:07 Martins-MacBook-Pro Books[1640] <Error>: 11115906074 12 AVE INFO: AVE_Session_HEVC_Prepare Enter 0xc73d30020
2026-08-08 13:11:07 Martins-MacBook-Pro Books[1640] <Error>: 11115906393 12 AVE INFO: AVE_Session_HEVC_Prepare Exit 0xc73d30020 0
2026-08-08 13:11:07 Martins-MacBook-Pro Books[1640] <Error>: 11115906406 11 AVE INFO: AVE_Plugin_HEVC_PrepareToEncodeTiles Exit 0xc73d30000 0 160 343 0 0
2026-08-08 13:11:07 Martins-MacBook-Pro Books[1640] <Error>: 11115921937 11 AVE INFO: AVE_Plugin_HEVC_Invalidate Enter 0xc73d30000 0
2026-08-08 13:11:07 Martins-MacBook-Pro Books[1640] <Error>: 11115921961 12 AVE INFO: AVE_Session_HEVC_Stop Enter 0xc73d30020
2026-08-08 13:11:07 Martins-MacBook-Pro Books[1640] <Error>: 11115922086 12 AVE INFO: AVE_Session_HEVC_Stop Exit 0xc73d30020 0
2026-08-08 13:11:07 Martins-MacBook-Pro Books[1640] <Error>: 11115922107 11 AVE INFO: AVE_Plugin_HEVC_Invalidate Exit 0xc73d30000 160 170 0 0
2026-08-08 13:11:07 Martins-MacBook-Pro Books[1640] <Error>: 11115922119 11 AVE INFO: AVE_Plugin_HEVC_Finalize Enter 0xc73d30000 0
2026-08-08 13:11:07 Martins-MacBook-Pro Books[1640] <Error>: 11115922130 12 AVE INFO: AVE_Session_HEVC_Destroy Enter 0xc73d30020
2026-08-08 13:11:07 Martins-MacBook-Pro Books[1640] <Error>: 11115923632 2 AVE : ID: 160 Type: 1 Enc: 2 | Input: 1 Proc: 1 Drop: 0
2026-08-08 13:11:07 Martins-MacBook-Pro Books[1640] <Error>: 11115925323 12 AVE INFO: AVE_Session_HEVC_Destroy Exit 0xc73d30020 0
2026-08-08 13:11:07 Martins-MacBook-Pro Books[1640] <Error>: 11115925341 11 AVE INFO: AVE_Plugin_HEVC_Finalize Exit 0xc73d30000 160 3222 0 0
2026-08-08 13:11:07 Martins-MacBook-Pro Books[1640] <Error>: 11115926449 11 AVE : Compiled 905.40.1 in prod on Jul 11 2026 17:45:35
2026-08-08 13:11:07 Martins-MacBook-Pro Books[1640] <Error>: 11115926476 11 AVE : Temporary Path: /Users/mjwebster/Library/Containers/com.apple.iBooksX/Data/tmp/
2026-08-08 13:11:07 Martins-MacBook-Pro Books[1640] <Error>: 11115926488 11 AVE INFO: AVE_Plugin_HEVC_CreateInstance Enter 1752589105 0x1eeeb13c8 0xc70122210 0
2026-08-08 13:11:07 Martins-MacBook-Pro Books[1640] <Error>: 11115926502 12 AVE INFO: AVE_Session_HEVC_Create Enter 0xc73d30020 0x0
2026-08-08 13:11:07 Martins-MacBook-Pro Books[1640] <Error>: 11115926632 12 AVE INFO: AVE_Session_HEVC_CreatePropertyDict Enter 0xc73d30020
2026-08-08 13:11:07 Martins-MacBook-Pro Books[1640] <Error>: 11115926682 12 AVE INFO: AVE_Session_HEVC_CreatePropertyDict Exit 0xc73d30020 0
2026-08-08 13:11:07 Martins-MacBook-Pro Books[1640] <Error>: 11115926697 12 AVE INFO: AVE_Session_HEVC_Create Exit 0xc73d30020 0x0 170 195 0
2026-08-08 13:11:07 Martins-MacBook-Pro Books[1640] <Error>: 11115926709 11 AVE INFO: AVE_Plugin_HEVC_CreateInstance Exit 1752589105 0x1eeeb13c8 0xc70122210 170 0xc73d30000 0xc73d30020 402 0 0
2026-08-08 13:11:07 Martins-MacBook-Pro Books[1640] <Error>: 11115926721 11 AVE INFO: AVE_Plugin_HEVC_StartTileSession Enter 0xc73d30000 0xc70122200 0xc7e3c5e60 146 190 0x1eeeb13c8 0
2026-08-08 13:11:07 Martins-MacBook-Pro Books[1640] <Error>: 11115926731 12 AVE INFO: AVE_Session_HEVC_StartTileSession Enter 0xc73d30020 0x16d3754d0
2026-08-08 13:11:07 Martins-MacBook-Pro Books[1640] <Error>: 11115926750 12 AVE INFO: AVE_Session_HEVC_StartTileSession Exit 0xc73d30020 0x16d3754d0 0
2026-08-08 13:11:07 Martins-MacBook-Pro Books[1640] <Error>: 11115926762 11 AVE INFO: AVE_Plugin_HEVC_StartTileSession Exit 0xc73d30000 0xc70122200 0xc7e3c5e60 146 190 0x1eeeb13c8 170 41 0 0
2026-08-08 13:11:07 Martins-MacBook-Pro Books[1640] <Error>: 11115926788 11 AVE INFO: AVE_Plugin_HEVC_PrepareToEncodeTiles Enter 0xc73d30000 0 0
2026-08-08 13:11:07 Martins-MacBook-Pro Books[1640] <Error>: 11115926799 12 AVE INFO: AVE_Session_HEVC_Prepare Enter 0xc73d30020
2026-08-08 13:11:07 Martins-MacBook-Pro Books[1640] <Error>: 11115927087 12 AVE INFO: AVE_Session_HEVC_Prepare Exit 0xc73d30020 0
2026-08-08 13:11:07 Martins-MacBook-Pro Books[1640] <Error>: 11115927101 11 AVE INFO: AVE_Plugin_HEVC_PrepareToEncodeTiles Exit 0xc73d30000 0 170 313 0 0
2026-08-08 13:11:07 Martins-MacBook-Pro Books[1640] <Error>: 11115942273 11 AVE INFO: AVE_Plugin_HEVC_Invalidate Enter 0xc73d30000 0
2026-08-08 13:11:07 Martins-MacBook-Pro Books[1640] <Error>: 11115942318 12 AVE INFO: AVE_Session_HEVC_Stop Enter 0xc73d30020
2026-08-08 13:11:07 Martins-MacBook-Pro Books[1640] <Error>: 11115942438 12 AVE INFO: AVE_Session_HEVC_Stop Exit 0xc73d30020 0
2026-08-08 13:11:07 Martins-MacBook-Pro Books[1640] <Error>: 11115942456 11 AVE INFO: AVE_Plugin_HEVC_Invalidate Exit 0xc73d30000 170 183 0 0
2026-08-08 13:11:07 Martins-MacBook-Pro Books[1640] <Error>: 11115942472 11 AVE INFO: AVE_Plugin_HEVC_Finalize Enter 0xc73d30000 0
2026-08-08 13:11:07 Martins-MacBook-Pro Books[1640] <Error>: 11115942482 12 AVE INFO: AVE_Session_HEVC_Destroy Enter 0xc73d30020
2026-08-08 13:11:07 Martins-MacBook-Pro Books[1640] <Error>: 11115944019 2 AVE : ID: 170 Type: 1 Enc: 2 | Input: 1 Proc: 1 Drop: 0
2026-08-08 13:11:07 Martins-MacBook-Pro Books[1640] <Error>: 11115945857 12 AVE INFO: AVE_Session_HEVC_Destroy Exit 0xc73d30020 0
2026-08-08 13:11:07 Martins-MacBook-Pro Books[1640] <Error>: 11115945877 11 AVE INFO: AVE_Plugin_HEVC_Finalize Exit 0xc73d30000 170 3405 0 0
2026-08-08 13:11:07 Martins-MacBook-Pro Books[1640] <Error>: 11115947537 11 AVE : Compiled 905.40.1 in prod on Jul 11 2026 17:45:35
2026-08-08 13:11:07 Martins-MacBook-Pro Books[1640] <Error>: 11115947568 11 AVE : Temporary Path: /Users/mjwebster/Library/Containers/com.apple.iBooksX/Data/tmp/
2026-08-08 13:11:07 Martins-MacBook-Pro Books[1640] <Error>: 11115947580 11 AVE INFO: AVE_Plugin_HEVC_CreateInstance Enter 1752589105 0x1eeeb13c8 0xc70122210 0
2026-08-08 13:11:07 Martins-MacBook-Pro Books[1640] <Error>: 11115947597 12 AVE INFO: AVE_Session_HEVC_Create Enter 0xc73d30020 0x0
2026-08-08 13:11:07 Martins-MacBook-Pro Books[1640] <Error>: 11115947756 12 AVE INFO: AVE_Session_HEVC_CreatePropertyDict Enter 0xc73d30020
2026-08-08 13:11:07 Martins-MacBook-Pro Books[1640] <Error>: 11115947818 12 AVE INFO: AVE_Session_HEVC_CreatePropertyDict Exit 0xc73d30020 0
2026-08-08 13:11:07 Martins-MacBook-Pro Books[1640] <Error>: 11115947831 12 AVE INFO: AVE_Session_HEVC_Create Exit 0xc73d30020 0x0 180 234 0
2026-08-08 13:11:07 Martins-MacBook-Pro Books[1640] <Error>: 11115947842 11 AVE INFO: AVE_Plugin_HEVC_CreateInstance Exit 1752589105 0x1eeeb13c8 0xc70122210 180 0xc73d30000 0xc73d30020 515 0 0
2026-08-08 13:11:07 Martins-MacBook-Pro Books[1640] <Error>: 11115947853 11 AVE INFO: AVE_Plugin_HEVC_StartTileSession Enter 0xc73d30000 0xc70122200 0xc7b413880 146 214 0x1eeeb13c8 0
2026-08-08 13:11:07 Martins-MacBook-Pro Books[1640] <Error>: 11115947865 12 AVE INFO: AVE_Session_HEVC_StartTileSession Enter 0xc73d30020 0x16d3754d0
2026-08-08 13:11:07 Martins-MacBook-Pro Books[1640] <Error>: 11115947885 12 AVE INFO: AVE_Session_HEVC_StartTileSession Exit 0xc73d30020 0x16d3754d0 0
2026-08-08 13:11:07 Martins-MacBook-Pro Books[1640] <Error>: 11115947897 11 AVE INFO: AVE_Plugin_HEVC_StartTileSession Exit 0xc73d30000 0xc70122200 0xc7b413880 146 214 0x1eeeb13c8 180 44 0 0
2026-08-08 13:11:07 Martins-MacBook-Pro Books[1640] <Error>: 11115947927 11 AVE INFO: AVE_Plugin_HEVC_PrepareToEncodeTiles Enter 0xc73d30000 0 0
2026-08-08 13:11:07 Martins-MacBook-Pro Books[1640] <Error>: 11115947938 12 AVE INFO: AVE_Session_HEVC_Prepare Enter 0xc73d30020
2026-08-08 13:11:07 Martins-MacBook-Pro Books[1640] <Error>: 11115948274 12 AVE INFO: AVE_Session_HEVC_Prepare Exit 0xc73d30020 0
2026-08-08 13:11:07 Martins-MacBook-Pro Books[1640] <Error>: 11115948288 11 AVE INFO: AVE_Plugin_HEVC_PrepareToEncodeTiles Exit 0xc73d30000 0 180 361 0 0
2026-08-08 13:11:07 Martins-MacBook-Pro Books[1640] <Error>: 11115963617 11 AVE INFO: AVE_Plugin_HEVC_Invalidate Enter 0xc73d30000 0
2026-08-08 13:11:07 Martins-MacBook-Pro Books[1640] <Error>: 11115963659 12 AVE INFO: AVE_Session_HEVC_Stop Enter 0xc73d30020
2026-08-08 13:11:07 Martins-MacBook-Pro Books[1640] <Error>: 11115963784 12 AVE INFO: AVE_Session_HEVC_Stop Exit 0xc73d30020 0
2026-08-08 13:11:07 Martins-MacBook-Pro Books[1640] <Error>: 11115963801 11 AVE INFO: AVE_Plugin_HEVC_Invalidate Exit 0xc73d30000 180 184 0 0
2026-08-08 13:11:07 Martins-MacBook-Pro Books[1640] <Error>: 11115963814 11 AVE INFO: AVE_Plugin_HEVC_Finalize Enter 0xc73d30000 0
2026-08-08 13:11:07 Martins-MacBook-Pro Books[1640] <Error>: 11115963824 12 AVE INFO: AVE_Session_HEVC_Destroy Enter 0xc73d30020
2026-08-08 13:11:07 Martins-MacBook-Pro Books[1640] <Error>: 11115965314 2 AVE : ID: 180 Type: 1 Enc: 2 | Input: 1 Proc: 1 Drop: 0
2026-08-08 13:11:07 Martins-MacBook-Pro Books[1640] <Error>: 11115967152 12 AVE INFO: AVE_Session_HEVC_Destroy Exit 0xc73d30020 0
2026-08-08 13:11:07 Martins-MacBook-Pro Books[1640] <Error>: 11115967176 11 AVE INFO: AVE_Plugin_HEVC_Finalize Exit 0xc73d30000 180 3362 0 0
2026-08-08 13:11:07 Martins-MacBook-Pro Books[1640] <Error>: 11116284977 11 AVE : Compiled 905.40.1 in prod on Jul 11 2026 17:45:35
2026-08-08 13:11:07 Martins-MacBook-Pro Books[1640] <Error>: 11116285032 11 AVE : Temporary Path: /Users/mjwebster/Library/Containers/com.apple.iBooksX/Data/tmp/
2026-08-08 13:11:07 Martins-MacBook-Pro Books[1640] <Error>: 11116285047 11 AVE INFO: AVE_Plugin_HEVC_CreateInstance Enter 1752589105 0x1eeeb13c8 0xc70123710 0
2026-08-08 13:11:07 Martins-MacBook-Pro Books[1640] <Error>: 11116285069 12 AVE INFO: AVE_Session_HEVC_Create Enter 0xc73a60020 0x0
2026-08-08 13:11:07 Martins-MacBook-Pro Books[1640] <Error>: 11116285267 12 AVE INFO: AVE_Session_HEVC_CreatePropertyDict Enter 0xc73a60020
2026-08-08 13:11:07 Martins-MacBook-Pro Books[1640] <Error>: 11116285344 12 AVE INFO: AVE_Session_HEVC_CreatePropertyDict Exit 0xc73a60020 0
2026-08-08 13:11:07 Martins-MacBook-Pro Books[1640] <Error>: 11116285361 12 AVE INFO: AVE_Session_HEVC_Create Exit 0xc73a60020 0x0 190 292 0
2026-08-08 13:11:07 Martins-MacBook-Pro Books[1640] <Error>: 11116285375 11 AVE INFO: AVE_Plugin_HEVC_CreateInstance Exit 1752589105 0x1eeeb13c8 0xc70123710 190 0xc73a60000 0xc73a60020 626 0 0
2026-08-08 13:11:07 Martins-MacBook-Pro Books[1640] <Error>: 11116285391 11 AVE INFO: AVE_Plugin_HEVC_StartTileSession Enter 0xc73a60000 0xc70123700 0xc7d25ce40 198 300 0x1eeeb13c8 0
2026-08-08 13:11:07 Martins-MacBook-Pro Books[1640] <Error>: 11116285404 12 AVE INFO: AVE_Session_HEVC_StartTileSession Enter 0xc73a60020 0x16e3dd4d0
2026-08-08 13:11:07 Martins-MacBook-Pro Books[1640] <Error>: 11116285429 12 AVE INFO: AVE_Session_HEVC_StartTileSession Exit 0xc73a60020 0x16e3dd4d0 0
2026-08-08 13:11:07 Martins-MacBook-Pro Books[1640] <Error>: 11116285443 11 AVE INFO: AVE_Plugin_HEVC_StartTileSession Exit 0xc73a60000 0xc70123700 0xc7d25ce40 198 300 0x1eeeb13c8 190 52 0 0
2026-08-08 13:11:07 Martins-MacBook-Pro Books[1640] <Error>: 11116285478 11 AVE INFO: AVE_Plugin_HEVC_PrepareToEncodeTiles Enter 0xc73a60000 0 0
2026-08-08 13:11:07 Martins-MacBook-Pro Books[1640] <Error>: 11116285493 12 AVE INFO: AVE_Session_HEVC_Prepare Enter 0xc73a60020
2026-08-08 13:11:07 Martins-MacBook-Pro Books[1640] <Error>: 11116285948 12 AVE INFO: AVE_Session_HEVC_Prepare Exit 0xc73a60020 0
2026-08-08 13:11:07 Martins-MacBook-Pro Books[1640] <Error>: 11116285967 11 AVE INFO: AVE_Plugin_HEVC_PrepareToEncodeTiles Exit 0xc73a60000 0 190 489 0 0
2026-08-08 13:11:07 Martins-MacBook-Pro Books[1640] <Error>: 11116300915 11 AVE INFO: AVE_Plugin_HEVC_Invalidate Enter 0xc73a60000 0
2026-08-08 13:11:07 Martins-MacBook-Pro Books[1640] <Error>: 11116300968 12 AVE INFO: AVE_Session_HEVC_Stop Enter 0xc73a60020
2026-08-08 13:11:07 Martins-MacBook-Pro Books[1640] <Error>: 11116301124 12 AVE INFO: AVE_Session_HEVC_Stop Exit 0xc73a60020 0
2026-08-08 13:11:07 Martins-MacBook-Pro Books[1640] <Error>: 11116301143 11 AVE INFO: AVE_Plugin_HEVC_Invalidate Exit 0xc73a60000 190 228 0 0
2026-08-08 13:11:07 Martins-MacBook-Pro Books[1640] <Error>: 11116301157 11 AVE INFO: AVE_Plugin_HEVC_Finalize Enter 0xc73a60000 0
2026-08-08 13:11:07 Martins-MacBook-Pro Books[1640] <Error>: 11116301169 12 AVE INFO: AVE_Session_HEVC_Destroy Enter 0xc73a60020
2026-08-08 13:11:07 Martins-MacBook-Pro Books[1640] <Error>: 11116302760 2 AVE : ID: 190 Type: 1 Enc: 2 | Input: 1 Proc: 1 Drop: 0
2026-08-08 13:11:07 Martins-MacBook-Pro Books[1640] <Error>: 11116304745 12 AVE INFO: AVE_Session_HEVC_Destroy Exit 0xc73a60020 0
2026-08-08 13:11:07 Martins-MacBook-Pro Books[1640] <Error>: 11116304785 11 AVE INFO: AVE_Plugin_HEVC_Finalize Exit 0xc73a60000 190 3628 0 0
2026-08-08 13:11:07 Martins-MacBook-Pro Books[1640] <Error>: 11116306700 11 AVE : Compiled 905.40.1 in prod on Jul 11 2026 17:45:35
2026-08-08 13:11:07 Martins-MacBook-Pro Books[1640] <Error>: 11116306733 11 AVE : Temporary Path: /Users/mjwebster/Library/Containers/com.apple.iBooksX/Data/tmp/
2026-08-08 13:11:07 Martins-MacBook-Pro Books[1640] <Error>: 11116306747 11 AVE INFO: AVE_Plugin_HEVC_CreateInstance Enter 1752589105 0x1eeeb13c8 0xc70123710 0
2026-08-08 13:11:07 Martins-MacBook-Pro Books[1640] <Error>: 11116306764 12 AVE INFO: AVE_Session_HEVC_Create Enter 0xc73d30020 0x0
2026-08-08 13:11:07 Martins-MacBook-Pro Books[1640] <Error>: 11116306951 12 AVE INFO: AVE_Session_HEVC_CreatePropertyDict Enter 0xc73d30020
2026-08-08 13:11:07 Martins-MacBook-Pro Books[1640] <Error>: 11116307021 12 AVE INFO: AVE_Session_HEVC_CreatePropertyDict Exit 0xc73d30020 0
2026-08-08 13:11:07 Martins-MacBook-Pro Books[1640] <Error>: 11116307037 12 AVE INFO: AVE_Session_HEVC_Create Exit 0xc73d30020 0x0 200 273 0
2026-08-08 13:11:07 Martins-MacBook-Pro Books[1640] <Error>: 11116307049 11 AVE INFO: AVE_Plugin_HEVC_CreateInstance Exit 1752589105 0x1eeeb13c8 0xc70123710 200 0xc73d30000 0xc73d30020 546 0 0
2026-08-08 13:11:07 Martins-MacBook-Pro Books[1640] <Error>: 11116307062 11 AVE INFO: AVE_Plugin_HEVC_StartTileSession Enter 0xc73d30000 0xc70123700 0xc7d18c7c0 146 220 0x1eeeb13c8 0
2026-08-08 13:11:07 Martins-MacBook-Pro Books[1640] <Error>: 11116307073 12 AVE INFO: AVE_Session_HEVC_StartTileSession Enter 0xc73d30020 0x16e3dd4d0
2026-08-08 13:11:07 Martins-MacBook-Pro Books[1640] <Error>: 11116307097 12 AVE INFO: AVE_Session_HEVC_StartTileSession Exit 0xc73d30020 0x16e3dd4d0 0
2026-08-08 13:11:07 Martins-MacBook-Pro Books[1640] <Error>: 11116307109 11 AVE INFO: AVE_Plugin_HEVC_StartTileSession Exit 0xc73d30000 0xc70123700 0xc7d18c7c0 146 220 0x1eeeb13c8 200 47 0 0
2026-08-08 13:11:07 Martins-MacBook-Pro Books[1640] <Error>: 11116307144 11 AVE INFO: AVE_Plugin_HEVC_PrepareToEncodeTiles Enter 0xc73d30000 0 0
2026-08-08 13:11:07 Martins-MacBook-Pro Books[1640] <Error>: 11116307157 12 AVE INFO: AVE_Session_HEVC_Prepare Enter 0xc73d30020
2026-08-08 13:11:07 Martins-MacBook-Pro Books[1640] <Error>: 11116307525 12 AVE INFO: AVE_Session_HEVC_Prepare Exit 0xc73d30020 0
2026-08-08 13:11:07 Martins-MacBook-Pro Books[1640] <Error>: 11116307540 11 AVE INFO: AVE_Plugin_HEVC_PrepareToEncodeTiles Exit 0xc73d30000 0 200 396 0 0
2026-08-08 13:11:07 Martins-MacBook-Pro Books[1640] <Error>: 11116323505 11 AVE INFO: AVE_Plugin_HEVC_Invalidate Enter 0xc73d30000 0
2026-08-08 13:11:07 Martins-MacBook-Pro Books[1640] <Error>: 11116323541 12 AVE INFO: AVE_Session_HEVC_Stop Enter 0xc73d30020
2026-08-08 13:11:07 Martins-MacBook-Pro Books[1640] <Error>: 11116323685 12 AVE INFO: AVE_Session_HEVC_Stop Exit 0xc73d30020 0
2026-08-08 13:11:07 Martins-MacBook-Pro Books[1640] <Error>: 11116323707 11 AVE INFO: AVE_Plugin_HEVC_Invalidate Exit 0xc73d30000 200 202 0 0
2026-08-08 13:11:07 Martins-MacBook-Pro Books[1640] <Error>: 11116323720 11 AVE INFO: AVE_Plugin_HEVC_Finalize Enter 0xc73d30000 0
2026-08-08 13:11:07 Martins-MacBook-Pro Books[1640] <Error>: 11116323731 12 AVE INFO: AVE_Session_HEVC_Destroy Enter 0xc73d30020
2026-08-08 13:11:07 Martins-MacBook-Pro Books[1640] <Error>: 11116325343 2 AVE : ID: 200 Type: 1 Enc: 2 | Input: 1 Proc: 1 Drop: 0
2026-08-08 13:11:07 Martins-MacBook-Pro Books[1640] <Error>: 11116327355 12 AVE INFO: AVE_Session_HEVC_Destroy Exit 0xc73d30020 0
2026-08-08 13:11:07 Martins-MacBook-Pro Books[1640] <Error>: 11116327389 11 AVE INFO: AVE_Plugin_HEVC_Finalize Exit 0xc73d30000 200 3669 0 0
2026-08-08 13:11:07 Martins-MacBook-Pro Books[1640] <Error>: 11116330249 11 AVE : Compiled 905.40.1 in prod on Jul 11 2026 17:45:35
2026-08-08 13:11:07 Martins-MacBook-Pro Books[1640] <Error>: 11116330283 11 AVE : Temporary Path: /Users/mjwebster/Library/Containers/com.apple.iBooksX/Data/tmp/
2026-08-08 13:11:07 Martins-MacBook-Pro Books[1640] <Error>: 11116330296 11 AVE INFO: AVE_Plugin_HEVC_CreateInstance Enter 1752589105 0x1eeeb13c8 0xc70123710 0
2026-08-08 13:11:07 Martins-MacBook-Pro Books[1640] <Error>: 11116330312 12 AVE INFO: AVE_Session_HEVC_Create Enter 0xc73d30020 0x0
2026-08-08 13:11:07 Martins-MacBook-Pro Books[1640] <Error>: 11116330504 12 AVE INFO: AVE_Session_HEVC_CreatePropertyDict Enter 0xc73d30020
2026-08-08 13:11:07 Martins-MacBook-Pro Books[1640] <Error>: 11116330571 12 AVE INFO: AVE_Session_HEVC_CreatePropertyDict Exit 0xc73d30020 0
2026-08-08 13:11:07 Martins-MacBook-Pro Books[1640] <Error>: 11116330585 12 AVE INFO: AVE_Session_HEVC_Create Exit 0xc73d30020 0x0 210 273 0
2026-08-08 13:11:07 Martins-MacBook-Pro Books[1640] <Error>: 11116330601 11 AVE INFO: AVE_Plugin_HEVC_CreateInstance Exit 1752589105 0x1eeeb13c8 0xc70123710 210 0xc73d30000 0xc73d30020 562 0 0
2026-08-08 13:11:07 Martins-MacBook-Pro Books[1640] <Error>: 11116330615 11 AVE INFO: AVE_Plugin_HEVC_StartTileSession Enter 0xc73d30000 0xc70123700 0xc7e3c5600 146 220 0x1eeeb13c8 0
2026-08-08 13:11:07 Martins-MacBook-Pro Books[1640] <Error>: 11116330628 12 AVE INFO: AVE_Session_HEVC_StartTileSession Enter 0xc73d30020 0x16e3dd4d0
2026-08-08 13:11:07 Martins-MacBook-Pro Books[1640] <Error>: 11116330651 12 AVE INFO: AVE_Session_HEVC_StartTileSession Exit 0xc73d30020 0x16e3dd4d0 0
2026-08-08 13:11:07 Martins-MacBook-Pro Books[1640] <Error>: 11116330664 11 AVE INFO: AVE_Plugin_HEVC_StartTileSession Exit 0xc73d30000 0xc70123700 0xc7e3c5600 146 220 0x1eeeb13c8 210 49 0 0
2026-08-08 13:11:07 Martins-MacBook-Pro Books[1640] <Error>: 11116330694 11 AVE INFO: AVE_Plugin_HEVC_PrepareToEncodeTiles Enter 0xc73d30000 0 0
2026-08-08 13:11:07 Martins-MacBook-Pro Books[1640] <Error>: 11116330710 12 AVE INFO: AVE_Session_HEVC_Prepare Enter 0xc73d30020
2026-08-08 13:11:07 Martins-MacBook-Pro Books[1640] <Error>: 11116331089 12 AVE INFO: AVE_Session_HEVC_Prepare Exit 0xc73d30020 0
2026-08-08 13:11:07 Martins-MacBook-Pro Books[1640] <Error>: 11116331104 11 AVE INFO: AVE_Plugin_HEVC_PrepareToEncodeTiles Exit 0xc73d30000 0 210 410 0 0
2026-08-08 13:11:07 Martins-MacBook-Pro Books[1640] <Error>: 11116345132 11 AVE INFO: AVE_Plugin_HEVC_Invalidate Enter 0xc73d30000 0
2026-08-08 13:11:07 Martins-MacBook-Pro Books[1640] <Error>: 11116345163 12 AVE INFO: AVE_Session_HEVC_Stop Enter 0xc73d30020
2026-08-08 13:11:07 Martins-MacBook-Pro Books[1640] <Error>: 11116345294 12 AVE INFO: AVE_Session_HEVC_Stop Exit 0xc73d30020 0
2026-08-08 13:11:07 Martins-MacBook-Pro Books[1640] <Error>: 11116345314 11 AVE INFO: AVE_Plugin_HEVC_Invalidate Exit 0xc73d30000 210 181 0 0
2026-08-08 13:11:07 Martins-MacBook-Pro Books[1640] <Error>: 11116345327 11 AVE INFO: AVE_Plugin_HEVC_Finalize Enter 0xc73d30000 0
2026-08-08 13:11:07 Martins-MacBook-Pro Books[1640] <Error>: 11116345339 12 AVE INFO: AVE_Session_HEVC_Destroy Enter 0xc73d30020
2026-08-08 13:11:07 Martins-MacBook-Pro Books[1640] <Error>: 11116346826 2 AVE : ID: 210 Type: 1 Enc: 2 | Input: 1 Proc: 1 Drop: 0
2026-08-08 13:11:07 Martins-MacBook-Pro Books[1640] <Error>: 11116348755 12 AVE INFO: AVE_Session_HEVC_Destroy Exit 0xc73d30020 0
2026-08-08 13:11:07 Martins-MacBook-Pro Books[1640] <Error>: 11116348783 11 AVE INFO: AVE_Plugin_HEVC_Finalize Exit 0xc73d30000 210 3456 0 0
2026-08-08 13:11:08 Martins-MacBook-Pro Books[1640] <Error>: 11116571724 11 AVE : Compiled 905.40.1 in prod on Jul 11 2026 17:45:35
2026-08-08 13:11:08 Martins-MacBook-Pro Books[1640] <Error>: 11116571795 11 AVE : Temporary Path: /Users/mjwebster/Library/Containers/com.apple.iBooksX/Data/tmp/
2026-08-08 13:11:08 Martins-MacBook-Pro Books[1640] <Error>: 11116571812 11 AVE INFO: AVE_Plugin_HEVC_CreateInstance Enter 1752589105 0x1eeeb13c8 0xc70120290 0
2026-08-08 13:11:08 Martins-MacBook-Pro Books[1640] <Error>: 11116571829 12 AVE INFO: AVE_Session_HEVC_Create Enter 0xc73d30020 0x0
2026-08-08 13:11:08 Martins-MacBook-Pro Books[1640] <Error>: 11116572030 12 AVE INFO: AVE_Session_HEVC_CreatePropertyDict Enter 0xc73d30020
2026-08-08 13:11:08 Martins-MacBook-Pro Books[1640] <Error>: 11116572105 12 AVE INFO: AVE_Session_HEVC_CreatePropertyDict Exit 0xc73d30020 0
2026-08-08 13:11:08 Martins-MacBook-Pro Books[1640] <Error>: 11116572121 12 AVE INFO: AVE_Session_HEVC_Create Exit 0xc73d30020 0x0 220 292 0
2026-08-08 13:11:08 Martins-MacBook-Pro Books[1640] <Error>: 11116572134 11 AVE INFO: AVE_Plugin_HEVC_CreateInstance Exit 1752589105 0x1eeeb13c8 0xc70120290 220 0xc73d30000 0xc73d30020 625 0 0
2026-08-08 13:11:08 Martins-MacBook-Pro Books[1640] <Error>: 11116572148 11 AVE INFO: AVE_Plugin_HEVC_StartTileSession Enter 0xc73d30000 0xc70120280 0xc7d9cfaa0 146 190 0x1eeeb13c8 0
2026-08-08 13:11:08 Martins-MacBook-Pro Books[1640] <Error>: 11116572162 12 AVE INFO: AVE_Session_HEVC_StartTileSession Enter 0xc73d30020 0x16d1d14d0
2026-08-08 13:11:08 Martins-MacBook-Pro Books[1640] <Error>: 11116572183 12 AVE INFO: AVE_Session_HEVC_StartTileSession Exit 0xc73d30020 0x16d1d14d0 0
2026-08-08 13:11:08 Martins-MacBook-Pro Books[1640] <Error>: 11116572200 11 AVE INFO: AVE_Plugin_HEVC_StartTileSession Exit 0xc73d30000 0xc70120280 0xc7d9cfaa0 146 190 0x1eeeb13c8 220 52 0 0
2026-08-08 13:11:08 Martins-MacBook-Pro Books[1640] <Error>: 11116572232 11 AVE INFO: AVE_Plugin_HEVC_PrepareToEncodeTiles Enter 0xc73d30000 0 0
2026-08-08 13:11:08 Martins-MacBook-Pro Books[1640] <Error>: 11116572247 12 AVE INFO: AVE_Session_HEVC_Prepare Enter 0xc73d30020
2026-08-08 13:11:08 Martins-MacBook-Pro Books[1640] <Error>: 11116572664 12 AVE INFO: AVE_Session_HEVC_Prepare Exit 0xc73d30020 0
2026-08-08 13:11:08 Martins-MacBook-Pro Books[1640] <Error>: 11116572681 11 AVE INFO: AVE_Plugin_HEVC_PrepareToEncodeTiles Exit 0xc73d30000 0 220 449 0 0
2026-08-08 13:11:08 Martins-MacBook-Pro Books[1640] <Error>: 11116588014 11 AVE INFO: AVE_Plugin_HEVC_Invalidate Enter 0xc73d30000 0
2026-08-08 13:11:08 Martins-MacBook-Pro Books[1640] <Error>: 11116588052 12 AVE INFO: AVE_Session_HEVC_Stop Enter 0xc73d30020
2026-08-08 13:11:08 Martins-MacBook-Pro Books[1640] <Error>: 11116588182 12 AVE INFO: AVE_Session_HEVC_Stop Exit 0xc73d30020 0
2026-08-08 13:11:08 Martins-MacBook-Pro Books[1640] <Error>: 11116588202 11 AVE INFO: AVE_Plugin_HEVC_Invalidate Exit 0xc73d30000 220 188 0 0
2026-08-08 13:11:08 Martins-MacBook-Pro Books[1640] <Error>: 11116588216 11 AVE INFO: AVE_Plugin_HEVC_Finalize Enter 0xc73d30000 0
2026-08-08 13:11:08 Martins-MacBook-Pro Books[1640] <Error>: 11116588228 12 AVE INFO: AVE_Session_HEVC_Destroy Enter 0xc73d30020
2026-08-08 13:11:08 Martins-MacBook-Pro Books[1640] <Error>: 11116589771 2 AVE : ID: 220 Type: 1 Enc: 2 | Input: 1 Proc: 1 Drop: 0
2026-08-08 13:11:08 Martins-MacBook-Pro Books[1640] <Error>: 11116591732 12 AVE INFO: AVE_Session_HEVC_Destroy Exit 0xc73d30020 0
2026-08-08 13:11:08 Martins-MacBook-Pro Books[1640] <Error>: 11116591759 11 AVE INFO: AVE_Plugin_HEVC_Finalize Exit 0xc73d30000 220 3543 0 0
2026-08-08 13:11:08 Martins-MacBook-Pro Books[1640] <Error>: 11116977789 11 AVE : Compiled 905.40.1 in prod on Jul 11 2026 17:45:35
2026-08-08 13:11:08 Martins-MacBook-Pro Books[1640] <Error>: 11116977881 11 AVE : Temporary Path: /Users/mjwebster/Library/Containers/com.apple.iBooksX/Data/tmp/
2026-08-08 13:11:08 Martins-MacBook-Pro Books[1640] <Error>: 11116977906 11 AVE INFO: AVE_Plugin_HEVC_CreateInstance Enter 1752589105 0x1eeeb13c8 0xc71d9b110 0
2026-08-08 13:11:08 Martins-MacBook-Pro Books[1640] <Error>: 11116977933 12 AVE INFO: AVE_Session_HEVC_Create Enter 0xc73d30020 0x0
2026-08-08 13:11:08 Martins-MacBook-Pro Books[1640] <Error>: 11116978287 12 AVE INFO: AVE_Session_HEVC_CreatePropertyDict Enter 0xc73d30020
2026-08-08 13:11:08 Martins-MacBook-Pro Books[1640] <Error>: 11116978423 12 AVE INFO: AVE_Session_HEVC_CreatePropertyDict Exit 0xc73d30020 0
2026-08-08 13:11:08 Martins-MacBook-Pro Books[1640] <Error>: 11116978452 12 AVE INFO: AVE_Session_HEVC_Create Exit 0xc73d30020 0x0 230 519 0
2026-08-08 13:11:08 Martins-MacBook-Pro Books[1640] <Error>: 11116978475 11 AVE INFO: AVE_Plugin_HEVC_CreateInstance Exit 1752589105 0x1eeeb13c8 0xc71d9b110 230 0xc73d30000 0xc73d30020 1104 0 0
2026-08-08 13:11:08 Martins-MacBook-Pro Books[1640] <Error>: 11116978500 11 AVE INFO: AVE_Plugin_HEVC_StartTileSession Enter 0xc73d30000 0xc71d9b100 0xc7d25ce40 376 598 0x1eeeb13c8 0
2026-08-08 13:11:08 Martins-MacBook-Pro Books[1640] <Error>: 11116978522 12 AVE INFO: AVE_Session_HEVC_StartTileSession Enter 0xc73d30020 0x16d9794d0
2026-08-08 13:11:08 Martins-MacBook-Pro Books[1640] <Error>: 11116978564 12 AVE INFO: AVE_Session_HEVC_StartTileSession Exit 0xc73d30020 0x16d9794d0 0
2026-08-08 13:11:08 Martins-MacBook-Pro Books[1640] <Error>: 11116978586 11 AVE INFO: AVE_Plugin_HEVC_StartTileSession Exit 0xc73d30000 0xc71d9b100 0xc7d25ce40 376 598 0x1eeeb13c8 230 86 0 0
2026-08-08 13:11:08 Martins-MacBook-Pro Books[1640] <Error>: 11116978649 11 AVE INFO: AVE_Plugin_HEVC_PrepareToEncodeTiles Enter 0xc73d30000 0 0
2026-08-08 13:11:08 Martins-MacBook-Pro Books[1640] <Error>: 11116978674 12 AVE INFO: AVE_Session_HEVC_Prepare Enter 0xc73d30020
2026-08-08 13:11:08 Martins-MacBook-Pro Books[1640] <Error>: 11116979574 12 AVE INFO: AVE_Session_HEVC_Prepare Exit 0xc73d30020 0
2026-08-08 13:11:08 Martins-MacBook-Pro Books[1640] <Error>: 11116979609 11 AVE INFO: AVE_Plugin_HEVC_PrepareToEncodeTiles Exit 0xc73d30000 0 230 960 0 0
2026-08-08 13:11:08 Martins-MacBook-Pro Books[1640] <Error>: 11116993851 11 AVE INFO: AVE_Plugin_HEVC_Invalidate Enter 0xc73d30000 0
2026-08-08 13:11:08 Martins-MacBook-Pro Books[1640] <Error>: 11116993907 12 AVE INFO: AVE_Session_HEVC_Stop Enter 0xc73d30020
2026-08-08 13:11:08 Martins-MacBook-Pro Books[1640] <Error>: 11116994071 12 AVE INFO: AVE_Session_HEVC_Stop Exit 0xc73d30020 0
2026-08-08 13:11:08 Martins-MacBook-Pro Books[1640] <Error>: 11116994096 11 AVE INFO: AVE_Plugin_HEVC_Invalidate Exit 0xc73d30000 230 245 0 0
2026-08-08 13:11:08 Martins-MacBook-Pro Books[1640] <Error>: 11116994115 11 AVE INFO: AVE_Plugin_HEVC_Finalize Enter 0xc73d30000 0
2026-08-08 13:11:08 Martins-MacBook-Pro Books[1640] <Error>: 11116994130 12 AVE INFO: AVE_Session_HEVC_Destroy Enter 0xc73d30020
2026-08-08 13:11:08 Martins-MacBook-Pro Books[1640] <Error>: 11116995679 2 AVE : ID: 230 Type: 1 Enc: 2 | Input: 1 Proc: 1 Drop: 0
2026-08-08 13:11:08 Martins-MacBook-Pro Books[1640] <Error>: 11116998102 12 AVE INFO: AVE_Session_HEVC_Destroy Exit 0xc73d30020 0
2026-08-08 13:11:08 Martins-MacBook-Pro Books[1640] <Error>: 11116998157 11 AVE INFO: AVE_Plugin_HEVC_Finalize Exit 0xc73d30000 230 4042 0 0
2026-08-08 13:11:08 Martins-MacBook-Pro Books[1640] <Error>: 11117001286 11 AVE : Compiled 905.40.1 in prod on Jul 11 2026 17:45:35
2026-08-08 13:11:08 Martins-MacBook-Pro Books[1640] <Error>: 11117001343 11 AVE : Temporary Path: /Users/mjwebster/Library/Containers/com.apple.iBooksX/Data/tmp/
2026-08-08 13:11:08 Martins-MacBook-Pro Books[1640] <Error>: 11117001363 11 AVE INFO: AVE_Plugin_HEVC_CreateInstance Enter 1752589105 0x1eeeb13c8 0xc70222a50 0
2026-08-08 13:11:08 Martins-MacBook-Pro Books[1640] <Error>: 11117001387 12 AVE INFO: AVE_Session_HEVC_Create Enter 0xc73d30020 0x0
2026-08-08 13:11:08 Martins-MacBook-Pro Books[1640] <Error>: 11117001600 12 AVE INFO: AVE_Session_HEVC_CreatePropertyDict Enter 0xc73d30020
2026-08-08 13:11:08 Martins-MacBook-Pro Books[1640] <Error>: 11117001689 12 AVE INFO: AVE_Session_HEVC_CreatePropertyDict Exit 0xc73d30020 0
2026-08-08 13:11:08 Martins-MacBook-Pro Books[1640] <Error>: 11117001708 12 AVE INFO: AVE_Session_HEVC_Create Exit 0xc73d30020 0x0 240 321 0
2026-08-08 13:11:08 Martins-MacBook-Pro Books[1640] <Error>: 11117001723 11 AVE INFO: AVE_Plugin_HEVC_CreateInstance Exit 1752589105 0x1eeeb13c8 0xc70222a50 240 0xc73d30000 0xc73d30020 719 0 0
2026-08-08 13:11:08 Martins-MacBook-Pro Books[1640] <Error>: 11117001741 11 AVE INFO: AVE_Plugin_HEVC_StartTileSession Enter 0xc73d30000 0xc70222a40 0xc7cdba440 142 226 0x1eeeb13c8 0
2026-08-08 13:11:08 Martins-MacBook-Pro Books[1640] <Error>: 11117001757 12 AVE INFO: AVE_Session_HEVC_StartTileSession Enter 0xc73d30020 0x16d9794d0
2026-08-08 13:11:08 Martins-MacBook-Pro Books[1640] <Error>: 11117001785 12 AVE INFO: AVE_Session_HEVC_StartTileSession Exit 0xc73d30020 0x16d9794d0 0
2026-08-08 13:11:08 Martins-MacBook-Pro Books[1640] <Error>: 11117001804 11 AVE INFO: AVE_Plugin_HEVC_StartTileSession Exit 0xc73d30000 0xc70222a40 0xc7cdba440 142 226 0x1eeeb13c8 240 63 0 0
2026-08-08 13:11:08 Martins-MacBook-Pro Books[1640] <Error>: 11117001842 11 AVE INFO: AVE_Plugin_HEVC_PrepareToEncodeTiles Enter 0xc73d30000 0 0
2026-08-08 13:11:08 Martins-MacBook-Pro Books[1640] <Error>: 11117001858 12 AVE INFO: AVE_Session_HEVC_Prepare Enter 0xc73d30020
2026-08-08 13:11:08 Martins-MacBook-Pro Books[1640] <Error>: 11117002331 12 AVE INFO: AVE_Session_HEVC_Prepare Exit 0xc73d30020 0
2026-08-08 13:11:08 Martins-MacBook-Pro Books[1640] <Error>: 11117002351 11 AVE INFO: AVE_Plugin_HEVC_PrepareToEncodeTiles Exit 0xc73d30000 0 240 509 0 0
2026-08-08 13:11:08 Martins-MacBook-Pro Books[1640] <Error>: 11117018555 11 AVE INFO: AVE_Plugin_HEVC_Invalidate Enter 0xc73d30000 0
2026-08-08 13:11:08 Martins-MacBook-Pro Books[1640] <Error>: 11117018607 12 AVE INFO: AVE_Session_HEVC_Stop Enter 0xc73d30020
2026-08-08 13:11:08 Martins-MacBook-Pro Books[1640] <Error>: 11117018768 12 AVE INFO: AVE_Session_HEVC_Stop Exit 0xc73d30020 0
2026-08-08 13:11:08 Martins-MacBook-Pro Books[1640] <Error>: 11117018789 11 AVE INFO: AVE_Plugin_HEVC_Invalidate Exit 0xc73d30000 240 234 0 0
2026-08-08 13:11:08 Martins-MacBook-Pro Books[1640] <Error>: 11117018803 11 AVE INFO: AVE_Plugin_HEVC_Finalize Enter 0xc73d30000 0
2026-08-08 13:11:08 Martins-MacBook-Pro Books[1640] <Error>: 11117018816 12 AVE INFO: AVE_Session_HEVC_Destroy Enter 0xc73d30020
2026-08-08 13:11:08 Martins-MacBook-Pro Books[1640] <Error>: 11117020325 2 AVE : ID: 240 Type: 1 Enc: 2 | Input: 1 Proc: 1 Drop: 0
2026-08-08 13:11:08 Martins-MacBook-Pro Books[1640] <Error>: 11117022292 12 AVE INFO: AVE_Session_HEVC_Destroy Exit 0xc73d30020 0
2026-08-08 13:11:08 Martins-MacBook-Pro Books[1640] <Error>: 11117022322 11 AVE INFO: AVE_Plugin_HEVC_Finalize Exit 0xc73d30000 240 3519 0 0
2026-08-08 13:16:47 Martins-MacBook-Pro syslogd[574] <Notice>: ASL Sender Statistics
2026-08-08 13:29:26 Martins-MacBook-Pro syslogd[574] <Notice>: ASL Sender Statistics
2026-08-08 13:39:51 Martins-MacBook-Pro syslogd[574] <Notice>: ASL Sender Statistics
2026-08-08 13:50:16 Martins-MacBook-Pro syslogd[574] <Notice>: ASL Sender Statistics
2026-08-08 14:00:43 Martins-MacBook-Pro syslogd[574] <Notice>: ASL Sender Statistics
2026-08-08 14:10:52 Martins-MacBook-Pro syslogd[574] <Notice>: ASL Sender Statistics
2026-08-08 14:20:53 Martins-MacBook-Pro syslogd[574] <Notice>: ASL Sender Statistics
2026-08-08 14:31:05 Martins-MacBook-Pro syslogd[574] <Notice>: ASL Sender Statistics
2026-08-08 14:41:43 Martins-MacBook-Pro syslogd[574] <Notice>: ASL Sender Statistics
2026-08-08 14:42:27 Martins-MacBook-Pro Messages[1643] <Error>: 16567570801 11 AVE : Compiled 905.40.1 in prod on Jul 11 2026 17:45:35
2026-08-08 14:42:27 Martins-MacBook-Pro Messages[1643] <Error>: 16567570843 11 AVE : Temporary Path: /Users/mjwebster/Library/Containers/com.apple.MobileSMS/Data/tmp/
2026-08-08 14:42:27 Martins-MacBook-Pro Messages[1643] <Error>: 16567570857 11 AVE INFO: AVE_Plugin_HEVC_CreateInstance Enter 1752589105 0x1eeeb13c8 0x70000098eb8f110 0
2026-08-08 14:42:27 Martins-MacBook-Pro Messages[1643] <Error>: 16567571151 12 AVE INFO: AVE_Session_HEVC_Create Enter 0x98bddc020 0x0
2026-08-08 14:42:27 Martins-MacBook-Pro Messages[1643] <Error>: 16567571453 12 AVE INFO: AVE_Session_HEVC_CreatePropertyDict Enter 0x98bddc020
2026-08-08 14:42:27 Martins-MacBook-Pro Messages[1643] <Error>: 16567571578 12 AVE INFO: AVE_Session_HEVC_CreatePropertyDict Exit 0x98bddc020 0
2026-08-08 14:42:27 Martins-MacBook-Pro Messages[1643] <Error>: 16567571603 12 AVE INFO: AVE_Session_HEVC_Create Exit 0x98bddc020 0x0 250 452 0
2026-08-08 14:42:27 Martins-MacBook-Pro Messages[1643] <Error>: 16567571613 11 AVE INFO: AVE_Plugin_HEVC_CreateInstance Exit 1752589105 0x1eeeb13c8 0x70000098eb8f110 250 0x98bddc000 0x98bddc020 1053 0 0
2026-08-08 14:42:27 Martins-MacBook-Pro Messages[1643] <Error>: 16567571637 11 AVE INFO: AVE_Plugin_HEVC_StartTileSession Enter 0x98bddc000 0x70000098eb8f100 0x40000098e996100 256 256 0x1eeeb13c8 0
2026-08-08 14:42:27 Martins-MacBook-Pro Messages[1643] <Error>: 16567571666 12 AVE INFO: AVE_Session_HEVC_StartTileSession Enter 0x98bddc020 0x10e485530
2026-08-08 14:42:27 Martins-MacBook-Pro Messages[1643] <Error>: 16567571744 12 AVE INFO: AVE_Session_HEVC_StartTileSession Exit 0x98bddc020 0x10e485530 0
2026-08-08 14:42:27 Martins-MacBook-Pro Messages[1643] <Error>: 16567571767 11 AVE INFO: AVE_Plugin_HEVC_StartTileSession Exit 0x98bddc000 0x70000098eb8f100 0x40000098e996100 256 256 0x1eeeb13c8 250 130 0 0
2026-08-08 14:42:27 Martins-MacBook-Pro Messages[1643] <Error>: 16567571846 11 AVE INFO: AVE_Plugin_HEVC_PrepareToEncodeTiles Enter 0x98bddc000 0 0
2026-08-08 14:42:27 Martins-MacBook-Pro Messages[1643] <Error>: 16567571858 12 AVE INFO: AVE_Session_HEVC_Prepare Enter 0x98bddc020
2026-08-08 14:42:27 Martins-MacBook-Pro Messages[1643] <Error>: 16567572276 12 AVE INFO: AVE_Session_HEVC_Prepare Exit 0x98bddc020 0
2026-08-08 14:42:27 Martins-MacBook-Pro Messages[1643] <Error>: 16567572296 11 AVE INFO: AVE_Plugin_HEVC_PrepareToEncodeTiles Exit 0x98bddc000 0 250 450 0 0
2026-08-08 14:42:27 Martins-MacBook-Pro Messages[1643] <Error>: 16567583164 11 AVE INFO: AVE_Plugin_HEVC_Invalidate Enter 0x98bddc000 0
2026-08-08 14:42:27 Martins-MacBook-Pro Messages[1643] <Error>: 16567583199 12 AVE INFO: AVE_Session_HEVC_Stop Enter 0x98bddc020
2026-08-08 14:42:27 Martins-MacBook-Pro Messages[1643] <Error>: 16567583328 12 AVE INFO: AVE_Session_HEVC_Stop Exit 0x98bddc020 0
2026-08-08 14:42:27 Martins-MacBook-Pro Messages[1643] <Error>: 16567583340 11 AVE INFO: AVE_Plugin_HEVC_Invalidate Exit 0x98bddc000 250 176 0 0
2026-08-08 14:42:27 Martins-MacBook-Pro Messages[1643] <Error>: 16567583355 11 AVE INFO: AVE_Plugin_HEVC_Finalize Enter 0x98bddc000 0
2026-08-08 14:42:27 Martins-MacBook-Pro Messages[1643] <Error>: 16567583364 12 AVE INFO: AVE_Session_HEVC_Destroy Enter 0x98bddc020
2026-08-08 14:42:27 Martins-MacBook-Pro Messages[1643] <Error>: 16567584836 2 AVE : ID: 250 Type: 1 Enc: 2 | Input: 1 Proc: 1 Drop: 0
2026-08-08 14:42:27 Martins-MacBook-Pro Messages[1643] <Error>: 16567586579 12 AVE INFO: AVE_Session_HEVC_Destroy Exit 0x98bddc020 0
2026-08-08 14:42:27 Martins-MacBook-Pro Messages[1643] <Error>: 16567586609 11 AVE INFO: AVE_Plugin_HEVC_Finalize Exit 0x98bddc000 250 3254 0 0
2026-08-08 14:42:27 Martins-MacBook-Pro Messages[1643] <Error>: 16567587261 11 AVE : Compiled 905.40.1 in prod on Jul 11 2026 17:45:35
2026-08-08 14:42:27 Martins-MacBook-Pro Messages[1643] <Error>: 16567587289 11 AVE : Temporary Path: /Users/mjwebster/Library/Containers/com.apple.MobileSMS/Data/tmp/
2026-08-08 14:42:27 Martins-MacBook-Pro Messages[1643] <Error>: 16567587302 11 AVE INFO: AVE_Plugin_HEVC_CreateInstance Enter 1752589105 0x1eeeb13c8 0x50000098eb8f110 0
2026-08-08 14:42:27 Martins-MacBook-Pro Messages[1643] <Error>: 16567587320 12 AVE INFO: AVE_Session_HEVC_Create Enter 0x98bddc020 0x0
2026-08-08 14:42:27 Martins-MacBook-Pro Messages[1643] <Error>: 16567587469 12 AVE INFO: AVE_Session_HEVC_CreatePropertyDict Enter 0x98bddc020
2026-08-08 14:42:27 Martins-MacBook-Pro Messages[1643] <Error>: 16567587525 12 AVE INFO: AVE_Session_HEVC_CreatePropertyDict Exit 0x98bddc020 0
2026-08-08 14:42:27 Martins-MacBook-Pro Messages[1643] <Error>: 16567587537 12 AVE INFO: AVE_Session_HEVC_Create Exit 0x98bddc020 0x0 260 217 0
2026-08-08 14:42:27 Martins-MacBook-Pro Messages[1643] <Error>: 16567587548 11 AVE INFO: AVE_Plugin_HEVC_CreateInstance Exit 1752589105 0x1eeeb13c8 0x50000098eb8f110 260 0x98bddc000 0x98bddc020 454 0 0
2026-08-08 14:42:27 Martins-MacBook-Pro Messages[1643] <Error>: 16567587559 11 AVE INFO: AVE_Plugin_HEVC_StartTileSession Enter 0x98bddc000 0x50000098eb8f100 0x40000098d2c3fc0 256 256 0x1eeeb13c8 0
2026-08-08 14:42:27 Martins-MacBook-Pro Messages[1643] <Error>: 16567587569 12 AVE INFO: AVE_Session_HEVC_StartTileSession Enter 0x98bddc020 0x10e4854b0
2026-08-08 14:42:27 Martins-MacBook-Pro Messages[1643] <Error>: 16567587588 12 AVE INFO: AVE_Session_HEVC_StartTileSession Exit 0x98bddc020 0x10e4854b0 0
2026-08-08 14:42:27 Martins-MacBook-Pro Messages[1643] <Error>: 16567587599 11 AVE INFO: AVE_Plugin_HEVC_StartTileSession Exit 0x98bddc000 0x50000098eb8f100 0x40000098d2c3fc0 256 256 0x1eeeb13c8 260 40 0 0
2026-08-08 14:42:27 Martins-MacBook-Pro Messages[1643] <Error>: 16567587625 11 AVE INFO: AVE_Plugin_HEVC_PrepareToEncodeTiles Enter 0x98bddc000 0 0
2026-08-08 14:42:27 Martins-MacBook-Pro Messages[1643] <Error>: 16567587638 12 AVE INFO: AVE_Session_HEVC_Prepare Enter 0x98bddc020
2026-08-08 14:42:27 Martins-MacBook-Pro Messages[1643] <Error>: 16567587963 12 AVE INFO: AVE_Session_HEVC_Prepare Exit 0x98bddc020 0
2026-08-08 14:42:27 Martins-MacBook-Pro Messages[1643] <Error>: 16567587978 11 AVE INFO: AVE_Plugin_HEVC_PrepareToEncodeTiles Exit 0x98bddc000 0 260 352 0 0
2026-08-08 14:42:27 Martins-MacBook-Pro Messages[1643] <Error>: 16567599436 11 AVE INFO: AVE_Plugin_HEVC_Invalidate Enter 0x98bddc000 0
2026-08-08 14:42:27 Martins-MacBook-Pro Messages[1643] <Error>: 16567599470 12 AVE INFO: AVE_Session_HEVC_Stop Enter 0x98bddc020
2026-08-08 14:42:27 Martins-MacBook-Pro Messages[1643] <Error>: 16567599609 12 AVE INFO: AVE_Session_HEVC_Stop Exit 0x98bddc020 0
2026-08-08 14:42:27 Martins-MacBook-Pro Messages[1643] <Error>: 16567599625 11 AVE INFO: AVE_Plugin_HEVC_Invalidate Exit 0x98bddc000 260 189 0 0
2026-08-08 14:42:27 Martins-MacBook-Pro Messages[1643] <Error>: 16567599637 11 AVE INFO: AVE_Plugin_HEVC_Finalize Enter 0x98bddc000 0
2026-08-08 14:42:27 Martins-MacBook-Pro Messages[1643] <Error>: 16567599648 12 AVE INFO: AVE_Session_HEVC_Destroy Enter 0x98bddc020
2026-08-08 14:42:27 Martins-MacBook-Pro Messages[1643] <Error>: 16567601151 2 AVE : ID: 260 Type: 1 Enc: 2 | Input: 1 Proc: 1 Drop: 0
2026-08-08 14:42:27 Martins-MacBook-Pro Messages[1643] <Error>: 16567602722 12 AVE INFO: AVE_Session_HEVC_Destroy Exit 0x98bddc020 0
2026-08-08 14:42:27 Martins-MacBook-Pro Messages[1643] <Error>: 16567602739 11 AVE INFO: AVE_Plugin_HEVC_Finalize Exit 0x98bddc000 260 3102 0 0
2026-08-08 14:53:34 Martins-MacBook-Pro syslogd[574] <Notice>: ASL Sender Statistics
2026-08-08 15:03:34 Martins-MacBook-Pro syslogd[574] <Notice>: ASL Sender Statistics
2026-08-08 15:16:10 Martins-MacBook-Pro syslogd[574] <Notice>: ASL Sender Statistics
2026-08-08 15:26:13 Martins-MacBook-Pro syslogd[574] <Notice>: ASL Sender Statistics
2026-08-08 15:37:08 Martins-MacBook-Pro syslogd[574] <Notice>: ASL Sender Statistics
2026-08-08 15:47:46 Martins-MacBook-Pro syslogd[574] <Notice>: ASL Sender Statistics
2026-08-08 15:58:14 Martins-MacBook-Pro syslogd[574] <Notice>: ASL Sender Statistics
2026-08-08 16:08:14 Martins-MacBook-Pro syslogd[574] <Notice>: ASL Sender Statistics
2026-08-08 16:18:39 Martins-MacBook-Pro syslogd[574] <Notice>: ASL Sender Statistics
2026-08-08 16:29:07 Martins-MacBook-Pro syslogd[574] <Notice>: ASL Sender Statistics
2026-08-08 16:43:20 Martins-MacBook-Pro syslogd[574] <Notice>: ASL Sender Statistics
2026-08-08 16:55:26 Martins-MacBook-Pro syslogd[574] <Notice>: ASL Sender Statistics
2026-08-08 17:05:55 Martins-MacBook-Pro syslogd[574] <Notice>: ASL Sender Statistics
2026-08-08 17:16:04 Martins-MacBook-Pro syslogd[574] <Notice>: ASL Sender Statistics
2026-08-08 17:26:42 Martins-MacBook-Pro syslogd[574] <Notice>: ASL Sender Statistics
2026-08-08 17:36:42 Martins-MacBook-Pro syslogd[574] <Notice>: ASL Sender Statistics
2026-08-08 17:46:48 Martins-MacBook-Pro syslogd[574] <Notice>: ASL Sender Statistics
2026-08-08 18:06:27 Martins-MacBook-Pro syslogd[574] <Notice>: ASL Sender Statistics
2026-08-08 18:23:07 Martins-MacBook-Pro syslogd[574] <Notice>: ASL Sender Statistics
2026-08-08 18:39:28 Martins-MacBook-Pro syslogd[574] <Notice>: ASL Sender Statistics
2026-08-08 18:57:25 Martins-MacBook-Pro syslogd[574] <Notice>: ASL Sender Statistics
2026-08-08 19:11:45 Martins-MacBook-Pro syslogd[574] <Notice>: ASL Sender Statistics
2026-08-08 19:34:20 Martins-MacBook-Pro syslogd[574] <Notice>: ASL Sender Statistics
2026-08-08 19:52:00 Martins-MacBook-Pro syslogd[574] <Notice>: ASL Sender Statistics
2026-08-08 20:09:54 Martins-MacBook-Pro syslogd[574] <Notice>: ASL Sender Statistics
2026-08-08 20:27:56 Martins-MacBook-Pro syslogd[574] <Notice>: ASL Sender Statistics
2026-08-08 20:45:30 Martins-MacBook-Pro syslogd[574] <Notice>: ASL Sender Statistics
2026-08-08 21:01:46 Martins-MacBook-Pro syslogd[574] <Notice>: ASL Sender Statistics
2026-08-08 21:13:56 Martins-MacBook-Pro syslogd[574] <Notice>: ASL Sender Statistics
2026-08-08 21:32:09 Martins-MacBook-Pro syslogd[574] <Notice>: ASL Sender Statistics
2026-08-08 21:32:09 Martins-MacBook-Pro syslogd[574] <Notice>: Configuration Notice:
ASL Module "com.apple.cdscheduler" claims selected messages.
Those messages may not appear in standard system log files or in the ASL database.
2026-08-08 21:32:09 Martins-MacBook-Pro syslogd[574] <Notice>: Configuration Notice:
ASL Module "com.apple.install" claims selected messages.
Those messages may not appear in standard system log files or in the ASL database.
2026-08-08 21:32:09 Martins-MacBook-Pro syslogd[574] <Notice>: Configuration Notice:
ASL Module "com.apple.authd" sharing output destination "/var/log/asl" with ASL Module "com.apple.asl".
Output parameters from ASL Module "com.apple.asl" override any specified in ASL Module "com.apple.authd".
2026-08-08 21:32:09 Martins-MacBook-Pro syslogd[574] <Notice>: Configuration Notice:
ASL Module "com.apple.authd" sharing output destination "/var/log/system.log" with ASL Module "com.apple.asl".
Output parameters from ASL Module "com.apple.asl" override any specified in ASL Module "com.apple.authd".
2026-08-08 21:32:09 Martins-MacBook-Pro syslogd[574] <Notice>: Configuration Notice:
ASL Module "com.apple.authd" claims selected messages.
Those messages may not appear in standard system log files or in the ASL database.
2026-08-08 21:32:09 Martins-MacBook-Pro syslogd[574] <Notice>: Configuration Notice:
ASL Module "com.apple.eventmonitor" claims selected messages.
Those messages may not appear in standard system log files or in the ASL database.
2026-08-08 21:32:09 Martins-MacBook-Pro syslogd[574] <Notice>: Configuration Notice:
ASL Module "com.apple.mail" claims selected messages.
Those messages may not appear in standard system log files or in the ASL database.
2026-08-08 21:32:09 Martins-MacBook-Pro syslogd[574] <Notice>: Configuration Notice:
ASL Module "com.apple.performance" claims selected messages.
Those messages may not appear in standard system log files or in the ASL database.
2026-08-08 21:32:09 Martins-MacBook-Pro syslogd[574] <Notice>: Configuration Notice:
ASL Module "com.apple.iokit.power" claims selected messages.
Those messages may not appear in standard system log files or in the ASL database.
2026-08-08 21:32:09 Martins-MacBook-Pro syslogd[574] <Notice>: Configuration Notice:
ASL Module "com.apple.contacts.ContactsAutocomplete" claims selected messages.
Those messages may not appear in standard system log files or in the ASL database.
2026-08-08 21:32:09 Martins-MacBook-Pro syslogd[574] <Notice>: Configuration Notice:
ASL Module "com.apple.mkb" sharing output destination "/private/var/log/keybagd.log" with ASL Module "com.apple.mkb.internal".
Output parameters from ASL Module "com.apple.mkb.internal" override any specified in ASL Module "com.apple.mkb".
2026-08-08 21:32:09 Martins-MacBook-Pro syslogd[574] <Notice>: Configuration Notice:
ASL Module "com.apple.mkb" claims selected messages.
Those messages may not appear in standard system log files or in the ASL database.
2026-08-08 21:32:09 Martins-MacBook-Pro syslogd[574] <Notice>: Configuration Notice:
ASL Module "com.apple.MessageTracer" claims selected messages.
Those messages may not appear in standard system log files or in the ASL database.
2026-08-08 21:47:53 Martins-MacBook-Pro syslogd[574] <Notice>: ASL Sender Statistics
2026-08-08 22:04:02 Martins-MacBook-Pro syslogd[574] <Notice>: ASL Sender Statistics
2026-08-08 22:18:24 Martins-MacBook-Pro syslogd[574] <Notice>: ASL Sender Statistics
2026-08-08 22:35:39 Martins-MacBook-Pro syslogd[574] <Notice>: ASL Sender Statistics
2026-08-08 22:47:38 Martins-MacBook-Pro syslogd[574] <Notice>: ASL Sender Statistics
2026-08-08 23:04:27 Martins-MacBook-Pro syslogd[574] <Notice>: ASL Sender Statistics
2026-08-08 23:19:24 Martins-MacBook-Pro syslogd[574] <Notice>: ASL Sender Statistics
2026-08-08 23:35:10 Martins-MacBook-Pro syslogd[574] <Notice>: ASL Sender Statistics
2026-08-08 23:51:56 Martins-MacBook-Pro syslogd[574] <Notice>: ASL Sender Statistics
2026-08-09 00:09:08 Martins-MacBook-Pro syslogd[574] <Notice>: ASL Sender Statistics
2026-08-09 00:20:24 Martins-MacBook-Pro syslogd[574] <Notice>: ASL Sender Statistics
2026-08-09 00:38:42 Martins-MacBook-Pro syslogd[574] <Notice>: ASL Sender Statistics
2026-08-09 00:54:52 Martins-MacBook-Pro syslogd[574] <Notice>: ASL Sender Statistics
2026-08-09 01:12:18 Martins-MacBook-Pro syslogd[574] <Notice>: ASL Sender Statistics
2026-08-09 01:39:57 Martins-MacBook-Pro syslogd[574] <Notice>: ASL Sender Statistics
2026-08-09 01:57:00 Martins-MacBook-Pro syslogd[574] <Notice>: ASL Sender Statistics
2026-08-09 02:07:12 Martins-MacBook-Pro syslogd[574] <Notice>: ASL Sender Statistics
2026-08-09 02:17:12 Martins-MacBook-Pro syslogd[574] <Notice>: ASL Sender Statistics
2026-08-09 02:27:19 Martins-MacBook-Pro syslogd[574] <Notice>: ASL Sender Statistics
2026-08-09 02:37:33 Martins-MacBook-Pro syslogd[574] <Notice>: ASL Sender Statistics
2026-08-09 02:48:23 Martins-MacBook-Pro syslogd[574] <Notice>: ASL Sender Statistics
2026-08-09 02:58:44 Martins-MacBook-Pro syslogd[574] <Notice>: ASL Sender Statistics
2026-08-09 03:16:37 Martins-MacBook-Pro syslogd[574] <Notice>: ASL Sender Statistics
2026-08-09 03:28:57 Martins-MacBook-Pro syslogd[574] <Notice>: ASL Sender Statistics
2026-08-09 03:39:19 Martins-MacBook-Pro syslogd[574] <Notice>: ASL Sender Statistics
2026-08-09 03:49:19 Martins-MacBook-Pro syslogd[574] <Notice>: ASL Sender Statistics
2026-08-09 04:10:03 Martins-MacBook-Pro syslogd[574] <Notice>: ASL Sender Statistics
2026-08-09 04:23:28 Martins-MacBook-Pro syslogd[574] <Notice>: ASL Sender Statistics
2026-08-09 04:49:07 Martins-MacBook-Pro syslogd[574] <Notice>: ASL Sender Statistics
2026-08-09 05:04:41 Martins-MacBook-Pro syslogd[574] <Notice>: ASL Sender Statistics
2026-08-09 05:21:33 Martins-MacBook-Pro syslogd[574] <Notice>: ASL Sender Statistics
2026-08-09 05:35:01 Martins-MacBook-Pro syslogd[574] <Notice>: ASL Sender Statistics
2026-08-09 05:45:09 Martins-MacBook-Pro syslogd[574] <Notice>: ASL Sender Statistics
2026-08-09 06:10:17 Martins-MacBook-Pro syslogd[574] <Notice>: ASL Sender Statistics
2026-08-09 06:25:17 Martins-MacBook-Pro syslogd[574] <Notice>: ASL Sender Statistics
2026-08-09 06:46:02 Martins-MacBook-Pro syslogd[574] <Notice>: ASL Sender Statistics
2026-08-09 07:05:38 Martins-MacBook-Pro syslogd[574] <Notice>: ASL Sender Statistics
2026-08-09 07:21:13 Martins-MacBook-Pro syslogd[574] <Notice>: ASL Sender Statistics
2026-08-09 07:37:40 Martins-MacBook-Pro syslogd[574] <Notice>: ASL Sender Statistics
2026-08-09 07:54:06 Martins-MacBook-Pro syslogd[574] <Notice>: ASL Sender Statistics
2026-08-09 08:11:55 Martins-MacBook-Pro syslogd[574] <Notice>: ASL Sender Statistics
2026-08-09 08:28:54 Martins-MacBook-Pro syslogd[574] <Notice>: ASL Sender Statistics
2026-08-09 08:46:07 Martins-MacBook-Pro syslogd[574] <Notice>: ASL Sender Statistics
2026-08-09 08:56:09 Martins-MacBook-Pro syslogd[574] <Notice>: ASL Sender Statistics
2026-08-09 09:11:59 Martins-MacBook-Pro syslogd[574] <Notice>: ASL Sender Statistics
2026-08-09 09:28:43 Martins-MacBook-Pro syslogd[574] <Notice>: ASL Sender Statistics
2026-08-09 09:44:25 Martins-MacBook-Pro syslogd[574] <Notice>: ASL Sender Statistics
2026-08-09 09:56:53 Martins-MacBook-Pro syslogd[574] <Notice>: ASL Sender Statistics
2026-08-09 10:12:23 Martins-MacBook-Pro syslogd[574] <Notice>: ASL Sender Statistics
2026-08-09 10:22:28 Martins-MacBook-Pro Books[1640] <Error>: 37273548048 11 AVE : Compiled 905.40.1 in prod on Jul 11 2026 17:45:35
2026-08-09 10:22:28 Martins-MacBook-Pro Books[1640] <Error>: 37273548109 11 AVE : Temporary Path: /Users/mjwebster/Library/Containers/com.apple.iBooksX/Data/tmp/
2026-08-09 10:22:28 Martins-MacBook-Pro Books[1640] <Error>: 37273548128 11 AVE INFO: AVE_Plugin_HEVC_CreateInstance Enter 1752589105 0x1eeeb13c8 0xc6fa196d0 0
2026-08-09 10:22:28 Martins-MacBook-Pro Books[1640] <Error>: 37273548151 12 AVE INFO: AVE_Session_HEVC_Create Enter 0xc74388020 0x0
2026-08-09 10:22:28 Martins-MacBook-Pro syslogd[574] <Notice>: ASL Sender Statistics
2026-08-09 10:22:28 Martins-MacBook-Pro Books[1640] <Error>: 37273548352 12 AVE INFO: AVE_Session_HEVC_CreatePropertyDict Enter 0xc74388020
2026-08-09 10:22:28 Martins-MacBook-Pro Books[1640] <Error>: 37273548424 12 AVE INFO: AVE_Session_HEVC_CreatePropertyDict Exit 0xc74388020 0
2026-08-09 10:22:28 Martins-MacBook-Pro Books[1640] <Error>: 37273548438 12 AVE INFO: AVE_Session_HEVC_Create Exit 0xc74388020 0x0 540 287 0
2026-08-09 10:22:28 Martins-MacBook-Pro Books[1640] <Error>: 37273548447 11 AVE INFO: AVE_Plugin_HEVC_CreateInstance Exit 1752589105 0x1eeeb13c8 0xc6fa196d0 540 0xc74388000 0xc74388020 876 0 0
2026-08-09 10:22:28 Martins-MacBook-Pro Books[1640] <Error>: 37273548460 11 AVE INFO: AVE_Plugin_HEVC_StartTileSession Enter 0xc74388000 0xc6fa196c0 0xc7e089d00 142 220 0x1eeeb13c8 0
2026-08-09 10:22:28 Martins-MacBook-Pro Books[1640] <Error>: 37273548837 12 AVE INFO: AVE_Session_HEVC_StartTileSession Enter 0xc74388020 0x16e3514d0
2026-08-09 10:22:28 Martins-MacBook-Pro Books[1640] <Error>: 37273548864 12 AVE INFO: AVE_Session_HEVC_StartTileSession Exit 0xc74388020 0x16e3514d0 0
2026-08-09 10:22:28 Martins-MacBook-Pro Books[1640] <Error>: 37273548876 11 AVE INFO: AVE_Plugin_HEVC_StartTileSession Exit 0xc74388000 0xc6fa196c0 0xc7e089d00 142 220 0x1eeeb13c8 540 416 0 0
2026-08-09 10:22:28 Martins-MacBook-Pro Books[1640] <Error>: 37273549626 11 AVE INFO: AVE_Plugin_HEVC_PrepareToEncodeTiles Enter 0xc74388000 0 0
2026-08-09 10:22:28 Martins-MacBook-Pro Books[1640] <Error>: 37273549644 12 AVE INFO: AVE_Session_HEVC_Prepare Enter 0xc74388020
2026-08-09 10:22:28 Martins-MacBook-Pro Books[1640] <Error>: 37273550446 12 AVE INFO: AVE_Session_HEVC_Prepare Exit 0xc74388020 0
2026-08-09 10:22:28 Martins-MacBook-Pro Books[1640] <Error>: 37273550478 11 AVE INFO: AVE_Plugin_HEVC_PrepareToEncodeTiles Exit 0xc74388000 0 540 852 0 0
2026-08-09 10:22:28 Martins-MacBook-Pro Books[1640] <Error>: 37273569103 11 AVE INFO: AVE_Plugin_HEVC_Invalidate Enter 0xc74388000 0
2026-08-09 10:22:28 Martins-MacBook-Pro Books[1640] <Error>: 37273569146 12 AVE INFO: AVE_Session_HEVC_Stop Enter 0xc74388020
2026-08-09 10:22:28 Martins-MacBook-Pro Books[1640] <Error>: 37273569252 12 AVE INFO: AVE_Session_HEVC_Stop Exit 0xc74388020 0
2026-08-09 10:22:28 Martins-MacBook-Pro Books[1640] <Error>: 37273569272 11 AVE INFO: AVE_Plugin_HEVC_Invalidate Exit 0xc74388000 540 169 0 0
2026-08-09 10:22:28 Martins-MacBook-Pro Books[1640] <Error>: 37273569285 11 AVE INFO: AVE_Plugin_HEVC_Finalize Enter 0xc74388000 0
2026-08-09 10:22:28 Martins-MacBook-Pro Books[1640] <Error>: 37273569295 12 AVE INFO: AVE_Session_HEVC_Destroy Enter 0xc74388020
2026-08-09 10:22:28 Martins-MacBook-Pro Books[1640] <Error>: 37273570724 2 AVE : ID: 540 Type: 1 Enc: 2 | Input: 1 Proc: 1 Drop: 0
2026-08-09 10:22:28 Martins-MacBook-Pro Books[1640] <Error>: 37273572470 12 AVE INFO: AVE_Session_HEVC_Destroy Exit 0xc74388020 0
2026-08-09 10:22:28 Martins-MacBook-Pro Books[1640] <Error>: 37273572502 11 AVE INFO: AVE_Plugin_HEVC_Finalize Exit 0xc74388000 540 3217 0 0
2026-08-09 10:22:28 Martins-MacBook-Pro Books[1640] <Error>: 37273578728 11 AVE : Compiled 905.40.1 in prod on Jul 11 2026 17:45:35
2026-08-09 10:22:28 Martins-MacBook-Pro Books[1640] <Error>: 37273578778 11 AVE : Temporary Path: /Users/mjwebster/Library/Containers/com.apple.iBooksX/Data/tmp/
2026-08-09 10:22:28 Martins-MacBook-Pro Books[1640] <Error>: 37273578789 11 AVE INFO: AVE_Plugin_HEVC_CreateInstance Enter 1752589105 0x1eeeb13c8 0xc745c7950 0
2026-08-09 10:22:28 Martins-MacBook-Pro Books[1640] <Error>: 37273578804 12 AVE INFO: AVE_Session_HEVC_Create Enter 0xc743dc020 0x0
2026-08-09 10:22:28 Martins-MacBook-Pro Books[1640] <Error>: 37273578969 12 AVE INFO: AVE_Session_HEVC_CreatePropertyDict Enter 0xc743dc020
2026-08-09 10:22:28 Martins-MacBook-Pro Books[1640] <Error>: 37273579017 12 AVE INFO: AVE_Session_HEVC_CreatePropertyDict Exit 0xc743dc020 0
2026-08-09 10:22:28 Martins-MacBook-Pro Books[1640] <Error>: 37273579029 12 AVE INFO: AVE_Session_HEVC_Create Exit 0xc743dc020 0x0 550 225 0
2026-08-09 10:22:28 Martins-MacBook-Pro Books[1640] <Error>: 37273579038 11 AVE INFO: AVE_Plugin_HEVC_CreateInstance Exit 1752589105 0x1eeeb13c8 0xc745c7950 550 0xc743dc000 0xc743dc020 487 0 0
2026-08-09 10:22:28 Martins-MacBook-Pro Books[1640] <Error>: 37273579048 11 AVE INFO: AVE_Plugin_HEVC_StartTileSession Enter 0xc743dc000 0xc745c7940 0xc7e7b4720 142 168 0x1eeeb13c8 0
2026-08-09 10:22:28 Martins-MacBook-Pro Books[1640] <Error>: 37273579058 12 AVE INFO: AVE_Session_HEVC_StartTileSession Enter 0xc743dc020 0x16e3514d0
2026-08-09 10:22:28 Martins-MacBook-Pro Books[1640] <Error>: 37273579076 12 AVE INFO: AVE_Session_HEVC_StartTileSession Exit 0xc743dc020 0x16e3514d0 0
2026-08-09 10:22:28 Martins-MacBook-Pro Books[1640] <Error>: 37273579088 11 AVE INFO: AVE_Plugin_HEVC_StartTileSession Exit 0xc743dc000 0xc745c7940 0xc7e7b4720 142 168 0x1eeeb13c8 550 40 0 0
2026-08-09 10:22:28 Martins-MacBook-Pro Books[1640] <Error>: 37273579119 11 AVE INFO: AVE_Plugin_HEVC_PrepareToEncodeTiles Enter 0xc743dc000 0 0
2026-08-09 10:22:28 Martins-MacBook-Pro Books[1640] <Error>: 37273579136 12 AVE INFO: AVE_Session_HEVC_Prepare Enter 0xc743dc020
2026-08-09 10:22:28 Martins-MacBook-Pro Books[1640] <Error>: 37273579480 12 AVE INFO: AVE_Session_HEVC_Prepare Exit 0xc743dc020 0
2026-08-09 10:22:28 Martins-MacBook-Pro Books[1640] <Error>: 37273579493 11 AVE INFO: AVE_Plugin_HEVC_PrepareToEncodeTiles Exit 0xc743dc000 0 550 374 0 0
2026-08-09 10:22:28 Martins-MacBook-Pro Books[1640] <Error>: 37273593306 11 AVE INFO: AVE_Plugin_HEVC_Invalidate Enter 0xc743dc000 0
2026-08-09 10:22:28 Martins-MacBook-Pro Books[1640] <Error>: 37273593347 12 AVE INFO: AVE_Session_HEVC_Stop Enter 0xc743dc020
2026-08-09 10:22:28 Martins-MacBook-Pro Books[1640] <Error>: 37273593480 12 AVE INFO: AVE_Session_HEVC_Stop Exit 0xc743dc020 0
2026-08-09 10:22:28 Martins-MacBook-Pro Books[1640] <Error>: 37273593496 11 AVE INFO: AVE_Plugin_HEVC_Invalidate Exit 0xc743dc000 550 190 0 0
2026-08-09 10:22:28 Martins-MacBook-Pro Books[1640] <Error>: 37273593519 11 AVE INFO: AVE_Plugin_HEVC_Finalize Enter 0xc743dc000 0
2026-08-09 10:22:28 Martins-MacBook-Pro Books[1640] <Error>: 37273593528 12 AVE INFO: AVE_Session_HEVC_Destroy Enter 0xc743dc020
2026-08-09 10:22:28 Martins-MacBook-Pro Books[1640] <Error>: 37273595057 2 AVE : ID: 550 Type: 1 Enc: 2 | Input: 1 Proc: 1 Drop: 0
2026-08-09 10:22:28 Martins-MacBook-Pro Books[1640] <Error>: 37273596922 12 AVE INFO: AVE_Session_HEVC_Destroy Exit 0xc743dc020 0
2026-08-09 10:22:28 Martins-MacBook-Pro Books[1640] <Error>: 37273596948 11 AVE INFO: AVE_Plugin_HEVC_Finalize Exit 0xc743dc000 550 3429 0 0
2026-08-09 10:22:28 Martins-MacBook-Pro Books[1640] <Error>: 37273598840 11 AVE : Compiled 905.40.1 in prod on Jul 11 2026 17:45:35
2026-08-09 10:22:28 Martins-MacBook-Pro Books[1640] <Error>: 37273598887 11 AVE : Temporary Path: /Users/mjwebster/Library/Containers/com.apple.iBooksX/Data/tmp/
2026-08-09 10:22:28 Martins-MacBook-Pro Books[1640] <Error>: 37273598899 11 AVE INFO: AVE_Plugin_HEVC_CreateInstance Enter 1752589105 0x1eeeb13c8 0xc745c7950 0
2026-08-09 10:22:28 Martins-MacBook-Pro Books[1640] <Error>: 37273598916 12 AVE INFO: AVE_Session_HEVC_Create Enter 0xc743dc020 0x0
2026-08-09 10:22:28 Martins-MacBook-Pro Books[1640] <Error>: 37273599187 12 AVE INFO: AVE_Session_HEVC_CreatePropertyDict Enter 0xc743dc020
2026-08-09 10:22:28 Martins-MacBook-Pro Books[1640] <Error>: 37273599262 12 AVE INFO: AVE_Session_HEVC_CreatePropertyDict Exit 0xc743dc020 0
2026-08-09 10:22:28 Martins-MacBook-Pro Books[1640] <Error>: 37273599277 12 AVE INFO: AVE_Session_HEVC_Create Exit 0xc743dc020 0x0 560 361 0
2026-08-09 10:22:28 Martins-MacBook-Pro Books[1640] <Error>: 37273599288 11 AVE INFO: AVE_Plugin_HEVC_CreateInstance Exit 1752589105 0x1eeeb13c8 0xc745c7950 560 0xc743dc000 0xc743dc020 631 0 0
2026-08-09 10:22:28 Martins-MacBook-Pro Books[1640] <Error>: 37273599303 11 AVE INFO: AVE_Plugin_HEVC_StartTileSession Enter 0xc743dc000 0xc745c7940 0xc7e7b45e0 142 168 0x1eeeb13c8 0
2026-08-09 10:22:28 Martins-MacBook-Pro Books[1640] <Error>: 37273599314 12 AVE INFO: AVE_Session_HEVC_StartTileSession Enter 0xc743dc020 0x16e3514d0
2026-08-09 10:22:28 Martins-MacBook-Pro Books[1640] <Error>: 37273599335 12 AVE INFO: AVE_Session_HEVC_StartTileSession Exit 0xc743dc020 0x16e3514d0 0
2026-08-09 10:22:28 Martins-MacBook-Pro Books[1640] <Error>: 37273599355 11 AVE INFO: AVE_Plugin_HEVC_StartTileSession Exit 0xc743dc000 0xc745c7940 0xc7e7b45e0 142 168 0x1eeeb13c8 560 52 0 0
2026-08-09 10:22:28 Martins-MacBook-Pro Books[1640] <Error>: 37273599390 11 AVE INFO: AVE_Plugin_HEVC_PrepareToEncodeTiles Enter 0xc743dc000 0 0
2026-08-09 10:22:28 Martins-MacBook-Pro Books[1640] <Error>: 37273599402 12 AVE INFO: AVE_Session_HEVC_Prepare Enter 0xc743dc020
2026-08-09 10:22:28 Martins-MacBook-Pro Books[1640] <Error>: 37273599988 12 AVE INFO: AVE_Session_HEVC_Prepare Exit 0xc743dc020 0
2026-08-09 10:22:28 Martins-MacBook-Pro Books[1640] <Error>: 37273600016 11 AVE INFO: AVE_Plugin_HEVC_PrepareToEncodeTiles Exit 0xc743dc000 0 560 626 0 0
2026-08-09 10:22:28 Martins-MacBook-Pro Books[1640] <Error>: 37273612124 11 AVE INFO: AVE_Plugin_HEVC_Invalidate Enter 0xc743dc000 0
2026-08-09 10:22:28 Martins-MacBook-Pro Books[1640] <Error>: 37273612177 12 AVE INFO: AVE_Session_HEVC_Stop Enter 0xc743dc020
2026-08-09 10:22:28 Martins-MacBook-Pro Books[1640] <Error>: 37273612296 12 AVE INFO: AVE_Session_HEVC_Stop Exit 0xc743dc020 0
2026-08-09 10:22:28 Martins-MacBook-Pro Books[1640] <Error>: 37273612313 11 AVE INFO: AVE_Plugin_HEVC_Invalidate Exit 0xc743dc000 560 189 0 0
2026-08-09 10:22:28 Martins-MacBook-Pro Books[1640] <Error>: 37273612323 11 AVE INFO: AVE_Plugin_HEVC_Finalize Enter 0xc743dc000 0
2026-08-09 10:22:28 Martins-MacBook-Pro Books[1640] <Error>: 37273612332 12 AVE INFO: AVE_Session_HEVC_Destroy Enter 0xc743dc020
2026-08-09 10:22:28 Martins-MacBook-Pro Books[1640] <Error>: 37273613805 2 AVE : ID: 560 Type: 1 Enc: 2 | Input: 1 Proc: 1 Drop: 0
2026-08-09 10:22:28 Martins-MacBook-Pro Books[1640] <Error>: 37273615576 12 AVE INFO: AVE_Session_HEVC_Destroy Exit 0xc743dc020 0
2026-08-09 10:22:28 Martins-MacBook-Pro Books[1640] <Error>: 37273615596 11 AVE INFO: AVE_Plugin_HEVC_Finalize Exit 0xc743dc000 560 3273 0 0
2026-08-09 10:22:28 Martins-MacBook-Pro Books[1640] <Error>: 37273616993 11 AVE : Compiled 905.40.1 in prod on Jul 11 2026 17:45:35
2026-08-09 10:22:28 Martins-MacBook-Pro Books[1640] <Error>: 37273617021 11 AVE : Temporary Path: /Users/mjwebster/Library/Containers/com.apple.iBooksX/Data/tmp/
2026-08-09 10:22:28 Martins-MacBook-Pro Books[1640] <Error>: 37273617033 11 AVE INFO: AVE_Plugin_HEVC_CreateInstance Enter 1752589105 0x1eeeb13c8 0xc745c7950 0
2026-08-09 10:22:28 Martins-MacBook-Pro Books[1640] <Error>: 37273617048 12 AVE INFO: AVE_Session_HEVC_Create Enter 0xc743dc020 0x0
2026-08-09 10:22:28 Martins-MacBook-Pro Books[1640] <Error>: 37273617227 12 AVE INFO: AVE_Session_HEVC_CreatePropertyDict Enter 0xc743dc020
2026-08-09 10:22:28 Martins-MacBook-Pro Books[1640] <Error>: 37273617282 12 AVE INFO: AVE_Session_HEVC_CreatePropertyDict Exit 0xc743dc020 0
2026-08-09 10:22:28 Martins-MacBook-Pro Books[1640] <Error>: 37273617297 12 AVE INFO: AVE_Session_HEVC_Create Exit 0xc743dc020 0x0 570 249 0
2026-08-09 10:22:28 Martins-MacBook-Pro Books[1640] <Error>: 37273617308 11 AVE INFO: AVE_Plugin_HEVC_CreateInstance Exit 1752589105 0x1eeeb13c8 0xc745c7950 570 0xc743dc000 0xc743dc020 477 0 0
2026-08-09 10:22:28 Martins-MacBook-Pro Books[1640] <Error>: 37273617318 11 AVE INFO: AVE_Plugin_HEVC_StartTileSession Enter 0xc743dc000 0xc745c7940 0xc7ba117c0 142 168 0x1eeeb13c8 0
2026-08-09 10:22:28 Martins-MacBook-Pro Books[1640] <Error>: 37273617328 12 AVE INFO: AVE_Session_HEVC_StartTileSession Enter 0xc743dc020 0x16e3514d0
2026-08-09 10:22:28 Martins-MacBook-Pro Books[1640] <Error>: 37273617346 12 AVE INFO: AVE_Session_HEVC_StartTileSession Exit 0xc743dc020 0x16e3514d0 0
2026-08-09 10:22:28 Martins-MacBook-Pro Books[1640] <Error>: 37273617355 11 AVE INFO: AVE_Plugin_HEVC_StartTileSession Exit 0xc743dc000 0xc745c7940 0xc7ba117c0 142 168 0x1eeeb13c8 570 37 0 0
2026-08-09 10:22:28 Martins-MacBook-Pro Books[1640] <Error>: 37273617391 11 AVE INFO: AVE_Plugin_HEVC_PrepareToEncodeTiles Enter 0xc743dc000 0 0
2026-08-09 10:22:28 Martins-MacBook-Pro Books[1640] <Error>: 37273617401 12 AVE INFO: AVE_Session_HEVC_Prepare Enter 0xc743dc020
2026-08-09 10:22:28 Martins-MacBook-Pro Books[1640] <Error>: 37273617721 12 AVE INFO: AVE_Session_HEVC_Prepare Exit 0xc743dc020 0
2026-08-09 10:22:28 Martins-MacBook-Pro Books[1640] <Error>: 37273617733 11 AVE INFO: AVE_Plugin_HEVC_PrepareToEncodeTiles Exit 0xc743dc000 0 570 342 0 0
2026-08-09 10:22:28 Martins-MacBook-Pro Books[1640] <Error>: 37273632920 11 AVE INFO: AVE_Plugin_HEVC_Invalidate Enter 0xc743dc000 0
2026-08-09 10:22:28 Martins-MacBook-Pro Books[1640] <Error>: 37273632954 12 AVE INFO: AVE_Session_HEVC_Stop Enter 0xc743dc020
2026-08-09 10:22:28 Martins-MacBook-Pro Books[1640] <Error>: 37273633067 12 AVE INFO: AVE_Session_HEVC_Stop Exit 0xc743dc020 0
2026-08-09 10:22:28 Martins-MacBook-Pro Books[1640] <Error>: 37273633083 11 AVE INFO: AVE_Plugin_HEVC_Invalidate Exit 0xc743dc000 570 163 0 0
2026-08-09 10:22:28 Martins-MacBook-Pro Books[1640] <Error>: 37273633094 11 AVE INFO: AVE_Plugin_HEVC_Finalize Enter 0xc743dc000 0
2026-08-09 10:22:28 Martins-MacBook-Pro Books[1640] <Error>: 37273633103 12 AVE INFO: AVE_Session_HEVC_Destroy Enter 0xc743dc020
2026-08-09 10:22:28 Martins-MacBook-Pro Books[1640] <Error>: 37273634572 2 AVE : ID: 570 Type: 1 Enc: 2 | Input: 1 Proc: 1 Drop: 0
2026-08-09 10:22:28 Martins-MacBook-Pro Books[1640] <Error>: 37273636362 12 AVE INFO: AVE_Session_HEVC_Destroy Exit 0xc743dc020 0
2026-08-09 10:22:28 Martins-MacBook-Pro Books[1640] <Error>: 37273636380 11 AVE INFO: AVE_Plugin_HEVC_Finalize Exit 0xc743dc000 570 3286 0 0
2026-08-09 10:22:28 Martins-MacBook-Pro Books[1640] <Error>: 37273641168 11 AVE : Compiled 905.40.1 in prod on Jul 11 2026 17:45:35
2026-08-09 10:22:28 Martins-MacBook-Pro Books[1640] <Error>: 37273641220 11 AVE : Temporary Path: /Users/mjwebster/Library/Containers/com.apple.iBooksX/Data/tmp/
2026-08-09 10:22:28 Martins-MacBook-Pro Books[1640] <Error>: 37273641232 11 AVE INFO: AVE_Plugin_HEVC_CreateInstance Enter 1752589105 0x1eeeb13c8 0xc745c7950 0
2026-08-09 10:22:28 Martins-MacBook-Pro Books[1640] <Error>: 37273641248 12 AVE INFO: AVE_Session_HEVC_Create Enter 0xc743dc020 0x0
2026-08-09 10:22:28 Martins-MacBook-Pro Books[1640] <Error>: 37273641426 12 AVE INFO: AVE_Session_HEVC_CreatePropertyDict Enter 0xc743dc020
2026-08-09 10:22:28 Martins-MacBook-Pro Books[1640] <Error>: 37273641481 12 AVE INFO: AVE_Session_HEVC_CreatePropertyDict Exit 0xc743dc020 0
2026-08-09 10:22:28 Martins-MacBook-Pro Books[1640] <Error>: 37273641493 12 AVE INFO: AVE_Session_HEVC_Create Exit 0xc743dc020 0x0 580 245 0
2026-08-09 10:22:28 Martins-MacBook-Pro Books[1640] <Error>: 37273641503 11 AVE INFO: AVE_Plugin_HEVC_CreateInstance Exit 1752589105 0x1eeeb13c8 0xc745c7950 580 0xc743dc000 0xc743dc020 493 0 0
2026-08-09 10:22:28 Martins-MacBook-Pro Books[1640] <Error>: 37273641513 11 AVE INFO: AVE_Plugin_HEVC_StartTileSession Enter 0xc743dc000 0xc745c7940 0xc7e7b4d00 142 190 0x1eeeb13c8 0
2026-08-09 10:22:28 Martins-MacBook-Pro Books[1640] <Error>: 37273641523 12 AVE INFO: AVE_Session_HEVC_StartTileSession Enter 0xc743dc020 0x16e3514d0
2026-08-09 10:22:28 Martins-MacBook-Pro Books[1640] <Error>: 37273641541 12 AVE INFO: AVE_Session_HEVC_StartTileSession Exit 0xc743dc020 0x16e3514d0 0
2026-08-09 10:22:28 Martins-MacBook-Pro Books[1640] <Error>: 37273641553 11 AVE INFO: AVE_Plugin_HEVC_StartTileSession Exit 0xc743dc000 0xc745c7940 0xc7e7b4d00 142 190 0x1eeeb13c8 580 40 0 0
2026-08-09 10:22:28 Martins-MacBook-Pro Books[1640] <Error>: 37273641578 11 AVE INFO: AVE_Plugin_HEVC_PrepareToEncodeTiles Enter 0xc743dc000 0 0
2026-08-09 10:22:28 Martins-MacBook-Pro Books[1640] <Error>: 37273641590 12 AVE INFO: AVE_Session_HEVC_Prepare Enter 0xc743dc020
2026-08-09 10:22:28 Martins-MacBook-Pro Books[1640] <Error>: 37273641931 12 AVE INFO: AVE_Session_HEVC_Prepare Exit 0xc743dc020 0
2026-08-09 10:22:28 Martins-MacBook-Pro Books[1640] <Error>: 37273641945 11 AVE INFO: AVE_Plugin_HEVC_PrepareToEncodeTiles Exit 0xc743dc000 0 580 367 0 0
2026-08-09 10:22:28 Martins-MacBook-Pro Books[1640] <Error>: 37273657297 11 AVE INFO: AVE_Plugin_HEVC_Invalidate Enter 0xc743dc000 0
2026-08-09 10:22:28 Martins-MacBook-Pro Books[1640] <Error>: 37273657325 12 AVE INFO: AVE_Session_HEVC_Stop Enter 0xc743dc020
2026-08-09 10:22:28 Martins-MacBook-Pro Books[1640] <Error>: 37273657472 12 AVE INFO: AVE_Session_HEVC_Stop Exit 0xc743dc020 0
2026-08-09 10:22:28 Martins-MacBook-Pro Books[1640] <Error>: 37273657489 11 AVE INFO: AVE_Plugin_HEVC_Invalidate Exit 0xc743dc000 580 192 0 0
2026-08-09 10:22:28 Martins-MacBook-Pro Books[1640] <Error>: 37273657499 11 AVE INFO: AVE_Plugin_HEVC_Finalize Enter 0xc743dc000 0
2026-08-09 10:22:28 Martins-MacBook-Pro Books[1640] <Error>: 37273657512 12 AVE INFO: AVE_Session_HEVC_Destroy Enter 0xc743dc020
2026-08-09 10:22:28 Martins-MacBook-Pro Books[1640] <Error>: 37273659043 2 AVE : ID: 580 Type: 1 Enc: 2 | Input: 1 Proc: 1 Drop: 0
2026-08-09 10:22:28 Martins-MacBook-Pro Books[1640] <Error>: 37273660987 12 AVE INFO: AVE_Session_HEVC_Destroy Exit 0xc743dc020 0
2026-08-09 10:22:28 Martins-MacBook-Pro Books[1640] <Error>: 37273661009 11 AVE INFO: AVE_Plugin_HEVC_Finalize Exit 0xc743dc000 580 3510 0 0
2026-08-09 10:22:28 Martins-MacBook-Pro Books[1640] <Error>: 37273662542 11 AVE : Compiled 905.40.1 in prod on Jul 11 2026 17:45:35
2026-08-09 10:22:28 Martins-MacBook-Pro Books[1640] <Error>: 37273662568 11 AVE : Temporary Path: /Users/mjwebster/Library/Containers/com.apple.iBooksX/Data/tmp/
2026-08-09 10:22:28 Martins-MacBook-Pro Books[1640] <Error>: 37273662579 11 AVE INFO: AVE_Plugin_HEVC_CreateInstance Enter 1752589105 0x1eeeb13c8 0xc745c7950 0
2026-08-09 10:22:28 Martins-MacBook-Pro Books[1640] <Error>: 37273662595 12 AVE INFO: AVE_Session_HEVC_Create Enter 0xc743dc020 0x0
2026-08-09 10:22:28 Martins-MacBook-Pro Books[1640] <Error>: 37273662760 12 AVE INFO: AVE_Session_HEVC_CreatePropertyDict Enter 0xc743dc020
2026-08-09 10:22:28 Martins-MacBook-Pro Books[1640] <Error>: 37273662807 12 AVE INFO: AVE_Session_HEVC_CreatePropertyDict Exit 0xc743dc020 0
2026-08-09 10:22:28 Martins-MacBook-Pro Books[1640] <Error>: 37273662824 12 AVE INFO: AVE_Session_HEVC_Create Exit 0xc743dc020 0x0 590 228 0
2026-08-09 10:22:28 Martins-MacBook-Pro Books[1640] <Error>: 37273662832 11 AVE INFO: AVE_Plugin_HEVC_CreateInstance Exit 1752589105 0x1eeeb13c8 0xc745c7950 590 0xc743dc000 0xc743dc020 448 0 0
2026-08-09 10:22:28 Martins-MacBook-Pro Books[1640] <Error>: 37273662844 11 AVE INFO: AVE_Plugin_HEVC_StartTileSession Enter 0xc743dc000 0xc745c7940 0xc7e7b5f40 142 190 0x1eeeb13c8 0
2026-08-09 10:22:28 Martins-MacBook-Pro Books[1640] <Error>: 37273662854 12 AVE INFO: AVE_Session_HEVC_StartTileSession Enter 0xc743dc020 0x16e3514d0
2026-08-09 10:22:28 Martins-MacBook-Pro Books[1640] <Error>: 37273662870 12 AVE INFO: AVE_Session_HEVC_StartTileSession Exit 0xc743dc020 0x16e3514d0 0
2026-08-09 10:22:28 Martins-MacBook-Pro Books[1640] <Error>: 37273662883 11 AVE INFO: AVE_Plugin_HEVC_StartTileSession Exit 0xc743dc000 0xc745c7940 0xc7e7b5f40 142 190 0x1eeeb13c8 590 38 0 0
2026-08-09 10:22:28 Martins-MacBook-Pro Books[1640] <Error>: 37273662908 11 AVE INFO: AVE_Plugin_HEVC_PrepareToEncodeTiles Enter 0xc743dc000 0 0
2026-08-09 10:22:28 Martins-MacBook-Pro Books[1640] <Error>: 37273662918 12 AVE INFO: AVE_Session_HEVC_Prepare Enter 0xc743dc020
2026-08-09 10:22:28 Martins-MacBook-Pro Books[1640] <Error>: 37273663239 12 AVE INFO: AVE_Session_HEVC_Prepare Exit 0xc743dc020 0
2026-08-09 10:22:28 Martins-MacBook-Pro Books[1640] <Error>: 37273663251 11 AVE INFO: AVE_Plugin_HEVC_PrepareToEncodeTiles Exit 0xc743dc000 0 590 343 0 0
2026-08-09 10:22:28 Martins-MacBook-Pro Books[1640] <Error>: 37273678758 11 AVE INFO: AVE_Plugin_HEVC_Invalidate Enter 0xc743dc000 0
2026-08-09 10:22:28 Martins-MacBook-Pro Books[1640] <Error>: 37273678794 12 AVE INFO: AVE_Session_HEVC_Stop Enter 0xc743dc020
2026-08-09 10:22:28 Martins-MacBook-Pro Books[1640] <Error>: 37273678919 12 AVE INFO: AVE_Session_HEVC_Stop Exit 0xc743dc020 0
2026-08-09 10:22:28 Martins-MacBook-Pro Books[1640] <Error>: 37273678936 11 AVE INFO: AVE_Plugin_HEVC_Invalidate Exit 0xc743dc000 590 178 0 0
2026-08-09 10:22:28 Martins-MacBook-Pro Books[1640] <Error>: 37273678948 11 AVE INFO: AVE_Plugin_HEVC_Finalize Enter 0xc743dc000 0
2026-08-09 10:22:28 Martins-MacBook-Pro Books[1640] <Error>: 37273678959 12 AVE INFO: AVE_Session_HEVC_Destroy Enter 0xc743dc020
2026-08-09 10:22:28 Martins-MacBook-Pro Books[1640] <Error>: 37273680454 2 AVE : ID: 590 Type: 1 Enc: 2 | Input: 1 Proc: 1 Drop: 0
2026-08-09 10:22:28 Martins-MacBook-Pro Books[1640] <Error>: 37273682454 12 AVE INFO: AVE_Session_HEVC_Destroy Exit 0xc743dc020 0
2026-08-09 10:22:28 Martins-MacBook-Pro Books[1640] <Error>: 37273682509 11 AVE INFO: AVE_Plugin_HEVC_Finalize Exit 0xc743dc000 590 3561 0 0
2026-08-09 10:22:28 Martins-MacBook-Pro Books[1640] <Error>: 37273684277 11 AVE : Compiled 905.40.1 in prod on Jul 11 2026 17:45:35
2026-08-09 10:22:28 Martins-MacBook-Pro Books[1640] <Error>: 37273684307 11 AVE : Temporary Path: /Users/mjwebster/Library/Containers/com.apple.iBooksX/Data/tmp/
2026-08-09 10:22:28 Martins-MacBook-Pro Books[1640] <Error>: 37273684319 11 AVE INFO: AVE_Plugin_HEVC_CreateInstance Enter 1752589105 0x1eeeb13c8 0xc745c7950 0
2026-08-09 10:22:28 Martins-MacBook-Pro Books[1640] <Error>: 37273684334 12 AVE INFO: AVE_Session_HEVC_Create Enter 0xc743dc020 0x0
2026-08-09 10:22:28 Martins-MacBook-Pro Books[1640] <Error>: 37273684500 12 AVE INFO: AVE_Session_HEVC_CreatePropertyDict Enter 0xc743dc020
2026-08-09 10:22:28 Martins-MacBook-Pro Books[1640] <Error>: 37273684554 12 AVE INFO: AVE_Session_HEVC_CreatePropertyDict Exit 0xc743dc020 0
2026-08-09 10:22:28 Martins-MacBook-Pro Books[1640] <Error>: 37273684568 12 AVE INFO: AVE_Session_HEVC_Create Exit 0xc743dc020 0x0 600 234 0
2026-08-09 10:22:28 Martins-MacBook-Pro Books[1640] <Error>: 37273684578 11 AVE INFO: AVE_Plugin_HEVC_CreateInstance Exit 1752589105 0x1eeeb13c8 0xc745c7950 600 0xc743dc000 0xc743dc020 467 0 0
2026-08-09 10:22:28 Martins-MacBook-Pro Books[1640] <Error>: 37273684590 11 AVE INFO: AVE_Plugin_HEVC_StartTileSession Enter 0xc743dc000 0xc745c7940 0xc7e4b2540 142 168 0x1eeeb13c8 0
2026-08-09 10:22:28 Martins-MacBook-Pro Books[1640] <Error>: 37273684600 12 AVE INFO: AVE_Session_HEVC_StartTileSession Enter 0xc743dc020 0x16e3514d0
2026-08-09 10:22:28 Martins-MacBook-Pro Books[1640] <Error>: 37273684616 12 AVE INFO: AVE_Session_HEVC_StartTileSession Exit 0xc743dc020 0x16e3514d0 0
2026-08-09 10:22:28 Martins-MacBook-Pro Books[1640] <Error>: 37273684627 11 AVE INFO: AVE_Plugin_HEVC_StartTileSession Exit 0xc743dc000 0xc745c7940 0xc7e4b2540 142 168 0x1eeeb13c8 600 37 0 0
2026-08-09 10:22:28 Martins-MacBook-Pro Books[1640] <Error>: 37273684652 11 AVE INFO: AVE_Plugin_HEVC_PrepareToEncodeTiles Enter 0xc743dc000 0 0
2026-08-09 10:22:28 Martins-MacBook-Pro Books[1640] <Error>: 37273684665 12 AVE INFO: AVE_Session_HEVC_Prepare Enter 0xc743dc020
2026-08-09 10:22:28 Martins-MacBook-Pro Books[1640] <Error>: 37273685016 12 AVE INFO: AVE_Session_HEVC_Prepare Exit 0xc743dc020 0
2026-08-09 10:22:28 Martins-MacBook-Pro Books[1640] <Error>: 37273685028 11 AVE INFO: AVE_Plugin_HEVC_PrepareToEncodeTiles Exit 0xc743dc000 0 600 376 0 0
2026-08-09 10:22:28 Martins-MacBook-Pro Books[1640] <Error>: 37273698650 11 AVE INFO: AVE_Plugin_HEVC_Invalidate Enter 0xc743dc000 0
2026-08-09 10:22:28 Martins-MacBook-Pro Books[1640] <Error>: 37273698680 12 AVE INFO: AVE_Session_HEVC_Stop Enter 0xc743dc020
2026-08-09 10:22:28 Martins-MacBook-Pro Books[1640] <Error>: 37273698810 12 AVE INFO: AVE_Session_HEVC_Stop Exit 0xc743dc020 0
2026-08-09 10:22:28 Martins-MacBook-Pro Books[1640] <Error>: 37273698834 11 AVE INFO: AVE_Plugin_HEVC_Invalidate Exit 0xc743dc000 600 184 0 0
2026-08-09 10:22:28 Martins-MacBook-Pro Books[1640] <Error>: 37273698846 11 AVE INFO: AVE_Plugin_HEVC_Finalize Enter 0xc743dc000 0
2026-08-09 10:22:28 Martins-MacBook-Pro Books[1640] <Error>: 37273698856 12 AVE INFO: AVE_Session_HEVC_Destroy Enter 0xc743dc020
2026-08-09 10:22:28 Martins-MacBook-Pro Books[1640] <Error>: 37273700404 2 AVE : ID: 600 Type: 1 Enc: 2 | Input: 1 Proc: 1 Drop: 0
2026-08-09 10:22:28 Martins-MacBook-Pro Books[1640] <Error>: 37273702361 12 AVE INFO: AVE_Session_HEVC_Destroy Exit 0xc743dc020 0
2026-08-09 10:22:28 Martins-MacBook-Pro Books[1640] <Error>: 37273702379 11 AVE INFO: AVE_Plugin_HEVC_Finalize Exit 0xc743dc000 600 3533 0 0
2026-08-09 10:22:28 Martins-MacBook-Pro Books[1640] <Error>: 37273703908 11 AVE : Compiled 905.40.1 in prod on Jul 11 2026 17:45:35
2026-08-09 10:22:28 Martins-MacBook-Pro Books[1640] <Error>: 37273703935 11 AVE : Temporary Path: /Users/mjwebster/Library/Containers/com.apple.iBooksX/Data/tmp/
2026-08-09 10:22:28 Martins-MacBook-Pro Books[1640] <Error>: 37273703951 11 AVE INFO: AVE_Plugin_HEVC_CreateInstance Enter 1752589105 0x1eeeb13c8 0xc745c7950 0
2026-08-09 10:22:28 Martins-MacBook-Pro Books[1640] <Error>: 37273703967 12 AVE INFO: AVE_Session_HEVC_Create Enter 0xc743dc020 0x0
2026-08-09 10:22:28 Martins-MacBook-Pro Books[1640] <Error>: 37273704115 12 AVE INFO: AVE_Session_HEVC_CreatePropertyDict Enter 0xc743dc020
2026-08-09 10:22:28 Martins-MacBook-Pro Books[1640] <Error>: 37273704163 12 AVE INFO: AVE_Session_HEVC_CreatePropertyDict Exit 0xc743dc020 0
2026-08-09 10:22:28 Martins-MacBook-Pro Books[1640] <Error>: 37273704175 12 AVE INFO: AVE_Session_HEVC_Create Exit 0xc743dc020 0x0 610 208 0
2026-08-09 10:22:28 Martins-MacBook-Pro Books[1640] <Error>: 37273704186 11 AVE INFO: AVE_Plugin_HEVC_CreateInstance Exit 1752589105 0x1eeeb13c8 0xc745c7950 610 0xc743dc000 0xc743dc020 439 0 0
2026-08-09 10:22:28 Martins-MacBook-Pro Books[1640] <Error>: 37273704197 11 AVE INFO: AVE_Plugin_HEVC_StartTileSession Enter 0xc743dc000 0xc745c7940 0xc7cc5de60 142 190 0x1eeeb13c8 0
2026-08-09 10:22:28 Martins-MacBook-Pro Books[1640] <Error>: 37273704206 12 AVE INFO: AVE_Session_HEVC_StartTileSession Enter 0xc743dc020 0x16e3514d0
2026-08-09 10:22:28 Martins-MacBook-Pro Books[1640] <Error>: 37273704224 12 AVE INFO: AVE_Session_HEVC_StartTileSession Exit 0xc743dc020 0x16e3514d0 0
2026-08-09 10:22:28 Martins-MacBook-Pro Books[1640] <Error>: 37273704235 11 AVE INFO: AVE_Plugin_HEVC_StartTileSession Exit 0xc743dc000 0xc745c7940 0xc7cc5de60 142 190 0x1eeeb13c8 610 38 0 0
2026-08-09 10:22:28 Martins-MacBook-Pro Books[1640] <Error>: 37273704261 11 AVE INFO: AVE_Plugin_HEVC_PrepareToEncodeTiles Enter 0xc743dc000 0 0
2026-08-09 10:22:28 Martins-MacBook-Pro Books[1640] <Error>: 37273704272 12 AVE INFO: AVE_Session_HEVC_Prepare Enter 0xc743dc020
2026-08-09 10:22:28 Martins-MacBook-Pro Books[1640] <Error>: 37273704570 12 AVE INFO: AVE_Session_HEVC_Prepare Exit 0xc743dc020 0
2026-08-09 10:22:28 Martins-MacBook-Pro Books[1640] <Error>: 37273704582 11 AVE INFO: AVE_Plugin_HEVC_PrepareToEncodeTiles Exit 0xc743dc000 0 610 321 0 0
2026-08-09 10:22:28 Martins-MacBook-Pro Books[1640] <Error>: 37273720951 11 AVE INFO: AVE_Plugin_HEVC_Invalidate Enter 0xc743dc000 0
2026-08-09 10:22:28 Martins-MacBook-Pro Books[1640] <Error>: 37273720992 12 AVE INFO: AVE_Session_HEVC_Stop Enter 0xc743dc020
2026-08-09 10:22:28 Martins-MacBook-Pro Books[1640] <Error>: 37273721129 12 AVE INFO: AVE_Session_HEVC_Stop Exit 0xc743dc020 0
2026-08-09 10:22:28 Martins-MacBook-Pro Books[1640] <Error>: 37273721148 11 AVE INFO: AVE_Plugin_HEVC_Invalidate Exit 0xc743dc000 610 197 0 0
2026-08-09 10:22:28 Martins-MacBook-Pro Books[1640] <Error>: 37273721161 11 AVE INFO: AVE_Plugin_HEVC_Finalize Enter 0xc743dc000 0
2026-08-09 10:22:28 Martins-MacBook-Pro Books[1640] <Error>: 37273721172 12 AVE INFO: AVE_Session_HEVC_Destroy Enter 0xc743dc020
2026-08-09 10:22:28 Martins-MacBook-Pro Books[1640] <Error>: 37273722696 2 AVE : ID: 610 Type: 1 Enc: 2 | Input: 1 Proc: 1 Drop: 0
2026-08-09 10:22:28 Martins-MacBook-Pro Books[1640] <Error>: 37273724720 12 AVE INFO: AVE_Session_HEVC_Destroy Exit 0xc743dc020 0
2026-08-09 10:22:28 Martins-MacBook-Pro Books[1640] <Error>: 37273724749 11 AVE INFO: AVE_Plugin_HEVC_Finalize Exit 0xc743dc000 610 3588 0 0
2026-08-09 10:22:28 Martins-MacBook-Pro Books[1640] <Error>: 37273726312 11 AVE : Compiled 905.40.1 in prod on Jul 11 2026 17:45:35
2026-08-09 10:22:28 Martins-MacBook-Pro Books[1640] <Error>: 37273726339 11 AVE : Temporary Path: /Users/mjwebster/Library/Containers/com.apple.iBooksX/Data/tmp/
2026-08-09 10:22:28 Martins-MacBook-Pro Books[1640] <Error>: 37273726352 11 AVE INFO: AVE_Plugin_HEVC_CreateInstance Enter 1752589105 0x1eeeb13c8 0xc745c7950 0
2026-08-09 10:22:28 Martins-MacBook-Pro Books[1640] <Error>: 37273726368 12 AVE INFO: AVE_Session_HEVC_Create Enter 0xc743dc020 0x0
2026-08-09 10:22:28 Martins-MacBook-Pro Books[1640] <Error>: 37273726541 12 AVE INFO: AVE_Session_HEVC_CreatePropertyDict Enter 0xc743dc020
2026-08-09 10:22:28 Martins-MacBook-Pro Books[1640] <Error>: 37273726594 12 AVE INFO: AVE_Session_HEVC_CreatePropertyDict Exit 0xc743dc020 0
2026-08-09 10:22:28 Martins-MacBook-Pro Books[1640] <Error>: 37273726607 12 AVE INFO: AVE_Session_HEVC_Create Exit 0xc743dc020 0x0 620 239 0
2026-08-09 10:22:28 Martins-MacBook-Pro Books[1640] <Error>: 37273726620 11 AVE INFO: AVE_Plugin_HEVC_CreateInstance Exit 1752589105 0x1eeeb13c8 0xc745c7950 620 0xc743dc000 0xc743dc020 483 0 0
2026-08-09 10:22:28 Martins-MacBook-Pro Books[1640] <Error>: 37273726633 11 AVE INFO: AVE_Plugin_HEVC_StartTileSession Enter 0xc743dc000 0xc745c7940 0xc7e4b2220 142 190 0x1eeeb13c8 0
2026-08-09 10:22:28 Martins-MacBook-Pro Books[1640] <Error>: 37273726643 12 AVE INFO: AVE_Session_HEVC_StartTileSession Enter 0xc743dc020 0x16e3514d0
2026-08-09 10:22:28 Martins-MacBook-Pro Books[1640] <Error>: 37273726664 12 AVE INFO: AVE_Session_HEVC_StartTileSession Exit 0xc743dc020 0x16e3514d0 0
2026-08-09 10:22:28 Martins-MacBook-Pro Books[1640] <Error>: 37273726676 11 AVE INFO: AVE_Plugin_HEVC_StartTileSession Exit 0xc743dc000 0xc745c7940 0xc7e4b2220 142 190 0x1eeeb13c8 620 43 0 0
2026-08-09 10:22:28 Martins-MacBook-Pro Books[1640] <Error>: 37273726703 11 AVE INFO: AVE_Plugin_HEVC_PrepareToEncodeTiles Enter 0xc743dc000 0 0
2026-08-09 10:22:28 Martins-MacBook-Pro Books[1640] <Error>: 37273726714 12 AVE INFO: AVE_Session_HEVC_Prepare Enter 0xc743dc020
2026-08-09 10:22:28 Martins-MacBook-Pro Books[1640] <Error>: 37273727040 12 AVE INFO: AVE_Session_HEVC_Prepare Exit 0xc743dc020 0
2026-08-09 10:22:28 Martins-MacBook-Pro Books[1640] <Error>: 37273727053 11 AVE INFO: AVE_Plugin_HEVC_PrepareToEncodeTiles Exit 0xc743dc000 0 620 350 0 0
2026-08-09 10:22:28 Martins-MacBook-Pro Books[1640] <Error>: 37273742394 11 AVE INFO: AVE_Plugin_HEVC_Invalidate Enter 0xc743dc000 0
2026-08-09 10:22:28 Martins-MacBook-Pro Books[1640] <Error>: 37273742428 12 AVE INFO: AVE_Session_HEVC_Stop Enter 0xc743dc020
2026-08-09 10:22:28 Martins-MacBook-Pro Books[1640] <Error>: 37273742561 12 AVE INFO: AVE_Session_HEVC_Stop Exit 0xc743dc020 0
2026-08-09 10:22:28 Martins-MacBook-Pro Books[1640] <Error>: 37273742580 11 AVE INFO: AVE_Plugin_HEVC_Invalidate Exit 0xc743dc000 620 186 0 0
2026-08-09 10:22:28 Martins-MacBook-Pro Books[1640] <Error>: 37273742591 11 AVE INFO: AVE_Plugin_HEVC_Finalize Enter 0xc743dc000 0
2026-08-09 10:22:28 Martins-MacBook-Pro Books[1640] <Error>: 37273742602 12 AVE INFO: AVE_Session_HEVC_Destroy Enter 0xc743dc020
2026-08-09 10:22:28 Martins-MacBook-Pro Books[1640] <Error>: 37273744205 2 AVE : ID: 620 Type: 1 Enc: 2 | Input: 1 Proc: 1 Drop: 0
2026-08-09 10:22:28 Martins-MacBook-Pro Books[1640] <Error>: 37273746078 12 AVE INFO: AVE_Session_HEVC_Destroy Exit 0xc743dc020 0
2026-08-09 10:22:28 Martins-MacBook-Pro Books[1640] <Error>: 37273746098 11 AVE INFO: AVE_Plugin_HEVC_Finalize Exit 0xc743dc000 620 3507 0 0
2026-08-09 10:22:28 Martins-MacBook-Pro Books[1640] <Error>: 37273747404 11 AVE : Compiled 905.40.1 in prod on Jul 11 2026 17:45:35
2026-08-09 10:22:28 Martins-MacBook-Pro Books[1640] <Error>: 37273747431 11 AVE : Temporary Path: /Users/mjwebster/Library/Containers/com.apple.iBooksX/Data/tmp/
2026-08-09 10:22:28 Martins-MacBook-Pro Books[1640] <Error>: 37273747441 11 AVE INFO: AVE_Plugin_HEVC_CreateInstance Enter 1752589105 0x1eeeb13c8 0xc745c7950 0
2026-08-09 10:22:28 Martins-MacBook-Pro Books[1640] <Error>: 37273747456 12 AVE INFO: AVE_Session_HEVC_Create Enter 0xc743dc020 0x0
2026-08-09 10:22:28 Martins-MacBook-Pro Books[1640] <Error>: 37273747605 12 AVE INFO: AVE_Session_HEVC_CreatePropertyDict Enter 0xc743dc020
2026-08-09 10:22:28 Martins-MacBook-Pro Books[1640] <Error>: 37273747654 12 AVE INFO: AVE_Session_HEVC_CreatePropertyDict Exit 0xc743dc020 0
2026-08-09 10:22:28 Martins-MacBook-Pro Books[1640] <Error>: 37273747668 12 AVE INFO: AVE_Session_HEVC_Create Exit 0xc743dc020 0x0 630 212 0
2026-08-09 10:22:28 Martins-MacBook-Pro Books[1640] <Error>: 37273747679 11 AVE INFO: AVE_Plugin_HEVC_CreateInstance Exit 1752589105 0x1eeeb13c8 0xc745c7950 630 0xc743dc000 0xc743dc020 440 0 0
2026-08-09 10:22:28 Martins-MacBook-Pro Books[1640] <Error>: 37273747689 11 AVE INFO: AVE_Plugin_HEVC_StartTileSession Enter 0xc743dc000 0xc745c7940 0xc7e446160 142 190 0x1eeeb13c8 0
2026-08-09 10:22:28 Martins-MacBook-Pro Books[1640] <Error>: 37273747701 12 AVE INFO: AVE_Session_HEVC_StartTileSession Enter 0xc743dc020 0x16e3514d0
2026-08-09 10:22:28 Martins-MacBook-Pro Books[1640] <Error>: 37273747718 12 AVE INFO: AVE_Session_HEVC_StartTileSession Exit 0xc743dc020 0x16e3514d0 0
2026-08-09 10:22:28 Martins-MacBook-Pro Books[1640] <Error>: 37273747729 11 AVE INFO: AVE_Plugin_HEVC_StartTileSession Exit 0xc743dc000 0xc745c7940 0xc7e446160 142 190 0x1eeeb13c8 630 40 0 0
2026-08-09 10:22:28 Martins-MacBook-Pro Books[1640] <Error>: 37273747757 11 AVE INFO: AVE_Plugin_HEVC_PrepareToEncodeTiles Enter 0xc743dc000 0 0
2026-08-09 10:22:28 Martins-MacBook-Pro Books[1640] <Error>: 37273747768 12 AVE INFO: AVE_Session_HEVC_Prepare Enter 0xc743dc020
2026-08-09 10:22:28 Martins-MacBook-Pro Books[1640] <Error>: 37273748075 12 AVE INFO: AVE_Session_HEVC_Prepare Exit 0xc743dc020 0
2026-08-09 10:22:28 Martins-MacBook-Pro Books[1640] <Error>: 37273748087 11 AVE INFO: AVE_Plugin_HEVC_PrepareToEncodeTiles Exit 0xc743dc000 0 630 330 0 0
2026-08-09 10:22:28 Martins-MacBook-Pro Books[1640] <Error>: 37273761082 11 AVE INFO: AVE_Plugin_HEVC_Invalidate Enter 0xc743dc000 0
2026-08-09 10:22:28 Martins-MacBook-Pro Books[1640] <Error>: 37273761108 12 AVE INFO: AVE_Session_HEVC_Stop Enter 0xc743dc020
2026-08-09 10:22:28 Martins-MacBook-Pro Books[1640] <Error>: 37273761251 12 AVE INFO: AVE_Session_HEVC_Stop Exit 0xc743dc020 0
2026-08-09 10:22:28 Martins-MacBook-Pro Books[1640] <Error>: 37273761271 11 AVE INFO: AVE_Plugin_HEVC_Invalidate Exit 0xc743dc000 630 189 0 0
2026-08-09 10:22:28 Martins-MacBook-Pro Books[1640] <Error>: 37273761284 11 AVE INFO: AVE_Plugin_HEVC_Finalize Enter 0xc743dc000 0
2026-08-09 10:22:28 Martins-MacBook-Pro Books[1640] <Error>: 37273761294 12 AVE INFO: AVE_Session_HEVC_Destroy Enter 0xc743dc020
2026-08-09 10:22:28 Martins-MacBook-Pro Books[1640] <Error>: 37273762782 2 AVE : ID: 630 Type: 1 Enc: 2 | Input: 1 Proc: 1 Drop: 0
2026-08-09 10:22:28 Martins-MacBook-Pro Books[1640] <Error>: 37273764573 12 AVE INFO: AVE_Session_HEVC_Destroy Exit 0xc743dc020 0
2026-08-09 10:22:28 Martins-MacBook-Pro Books[1640] <Error>: 37273764601 11 AVE INFO: AVE_Plugin_HEVC_Finalize Exit 0xc743dc000 630 3317 0 0
2026-08-09 10:46:04 Martins-MacBook-Pro syslogd[574] <Notice>: ASL Sender Statistics
2026-08-09 10:56:25 Martins-MacBook-Pro syslogd[574] <Notice>: ASL Sender Statistics
2026-08-09 11:06:40 Martins-MacBook-Pro syslogd[574] <Notice>: ASL Sender Statistics
2026-08-09 11:23:55 Martins-MacBook-Pro syslogd[574] <Notice>: ASL Sender Statistics
2026-08-09 11:39:37 Martins-MacBook-Pro syslogd[574] <Notice>: ASL Sender Statistics
2026-08-09 11:57:47 Martins-MacBook-Pro syslogd[574] <Notice>: ASL Sender Statistics
2026-08-09 12:15:20 Martins-MacBook-Pro syslogd[574] <Notice>: ASL Sender Statistics
2026-08-09 12:33:42 Martins-MacBook-Pro syslogd[574] <Notice>: ASL Sender Statistics
2026-08-09 12:49:18 Martins-MacBook-Pro syslogd[574] <Notice>: ASL Sender Statistics
2026-08-09 13:02:44 Martins-MacBook-Pro syslogd[574] <Notice>: ASL Sender Statistics
2026-08-09 13:25:18 Martins-MacBook-Pro syslogd[574] <Notice>: ASL Sender Statistics
2026-08-09 13:41:18 Martins-MacBook-Pro syslogd[574] <Notice>: ASL Sender Statistics
2026-08-09 13:57:59 Martins-MacBook-Pro syslogd[574] <Notice>: ASL Sender Statistics
2026-08-09 14:08:40 Martins-MacBook-Pro syslogd[574] <Notice>: ASL Sender Statistics
2026-08-09 14:26:15 Martins-MacBook-Pro syslogd[574] <Notice>: ASL Sender Statistics
2026-08-09 14:43:37 Martins-MacBook-Pro syslogd[574] <Notice>: ASL Sender Statistics
2026-08-09 14:55:42 Martins-MacBook-Pro syslogd[574] <Notice>: ASL Sender Statistics
2026-08-09 15:06:27 Martins-MacBook-Pro syslogd[574] <Notice>: ASL Sender Statistics
2026-08-09 15:29:33 Martins-MacBook-Pro syslogd[574] <Notice>: ASL Sender Statistics
2026-08-09 15:46:40 Martins-MacBook-Pro syslogd[574] <Notice>: ASL Sender Statistics
2026-08-09 16:10:00 Martins-MacBook-Pro syslogd[574] <Notice>: ASL Sender Statistics
2026-08-09 16:26:28 Martins-MacBook-Pro syslogd[574] <Notice>: ASL Sender Statistics
2026-08-09 16:42:57 Martins-MacBook-Pro syslogd[574] <Notice>: ASL Sender Statistics
2026-08-09 16:53:21 Martins-MacBook-Pro syslogd[574] <Notice>: ASL Sender Statistics
2026-08-09 17:04:34 Martins-MacBook-Pro syslogd[574] <Notice>: ASL Sender Statistics
2026-08-09 17:15:44 Martins-MacBook-Pro syslogd[574] <Notice>: ASL Sender Statistics
2026-08-09 17:25:44 Martins-MacBook-Pro syslogd[574] <Notice>: ASL Sender Statistics
2026-08-09 17:35:52 Martins-MacBook-Pro syslogd[574] <Notice>: ASL Sender Statistics
2026-08-09 17:46:27 Martins-MacBook-Pro syslogd[574] <Notice>: ASL Sender Statistics
2026-08-09 17:56:27 Martins-MacBook-Pro syslogd[574] <Notice>: ASL Sender Statistics
2026-08-09 18:07:19 Martins-MacBook-Pro syslogd[574] <Notice>: ASL Sender Statistics
2026-08-09 18:17:38 Martins-MacBook-Pro syslogd[574] <Notice>: ASL Sender Statistics
2026-08-09 18:30:04 Martins-MacBook-Pro syslogd[574] <Notice>: ASL Sender Statistics
2026-08-09 18:36:34 Martins-MacBook-Pro Messages[1643] <Error>: 46564380805 11 AVE : Compiled 905.40.1 in prod on Jul 11 2026 17:45:35
2026-08-09 18:36:34 Martins-MacBook-Pro Messages[1643] <Error>: 46564380948 11 AVE : Temporary Path: /Users/mjwebster/Library/Containers/com.apple.MobileSMS/Data/tmp/
2026-08-09 18:36:34 Martins-MacBook-Pro Messages[1643] <Error>: 46564380961 11 AVE INFO: AVE_Plugin_HEVC_CreateInstance Enter 1752589105 0x1eeeb13c8 0xe0000099057c7d0 0
2026-08-09 18:36:34 Martins-MacBook-Pro Messages[1643] <Error>: 46564381682 12 AVE INFO: AVE_Session_HEVC_Create Enter 0x98bc1c020 0x0
2026-08-09 18:36:34 Martins-MacBook-Pro Messages[1643] <Error>: 46564382936 12 AVE INFO: AVE_Session_HEVC_CreatePropertyDict Enter 0x98bc1c020
2026-08-09 18:36:34 Martins-MacBook-Pro Messages[1643] <Error>: 46564383954 12 AVE INFO: AVE_Session_HEVC_CreatePropertyDict Exit 0x98bc1c020 0
2026-08-09 18:36:34 Martins-MacBook-Pro Messages[1643] <Error>: 46564384372 12 AVE INFO: AVE_Session_HEVC_Create Exit 0x98bc1c020 0x0 640 2690 0
2026-08-09 18:36:34 Martins-MacBook-Pro Messages[1643] <Error>: 46564384395 11 AVE INFO: AVE_Plugin_HEVC_CreateInstance Exit 1752589105 0x1eeeb13c8 0xe0000099057c7d0 640 0x98bc1c000 0x98bc1c020 5412 0 0
2026-08-09 18:36:34 Martins-MacBook-Pro Messages[1643] <Error>: 46564384420 11 AVE INFO: AVE_Plugin_HEVC_StartTileSession Enter 0x98bc1c000 0xe0000099057c7c0 0xd00000990e3a520 256 256 0x1eeeb13c8 0
2026-08-09 18:36:34 Martins-MacBook-Pro Messages[1643] <Error>: 46564384455 12 AVE INFO: AVE_Session_HEVC_StartTileSession Enter 0x98bc1c020 0x10e085530
2026-08-09 18:36:34 Martins-MacBook-Pro Messages[1643] <Error>: 46564384599 12 AVE INFO: AVE_Session_HEVC_StartTileSession Exit 0x98bc1c020 0x10e085530 0
2026-08-09 18:36:34 Martins-MacBook-Pro Messages[1643] <Error>: 46564384619 11 AVE INFO: AVE_Plugin_HEVC_StartTileSession Exit 0x98bc1c000 0xe0000099057c7c0 0xd00000990e3a520 256 256 0x1eeeb13c8 640 199 0 0
2026-08-09 18:36:34 Martins-MacBook-Pro Messages[1643] <Error>: 46564384853 11 AVE INFO: AVE_Plugin_HEVC_PrepareToEncodeTiles Enter 0x98bc1c000 0 0
2026-08-09 18:36:34 Martins-MacBook-Pro Messages[1643] <Error>: 46564384866 12 AVE INFO: AVE_Session_HEVC_Prepare Enter 0x98bc1c020
2026-08-09 18:36:34 Martins-MacBook-Pro Messages[1643] <Error>: 46564385366 12 AVE INFO: AVE_Session_HEVC_Prepare Exit 0x98bc1c020 0
2026-08-09 18:36:34 Martins-MacBook-Pro Messages[1643] <Error>: 46564385383 11 AVE INFO: AVE_Plugin_HEVC_PrepareToEncodeTiles Exit 0x98bc1c000 0 640 530 0 0
2026-08-09 18:36:34 Martins-MacBook-Pro Messages[1643] <Error>: 46564398112 11 AVE INFO: AVE_Plugin_HEVC_Invalidate Enter 0x98bc1c000 0
2026-08-09 18:36:34 Martins-MacBook-Pro Messages[1643] <Error>: 46564398154 12 AVE INFO: AVE_Session_HEVC_Stop Enter 0x98bc1c020
2026-08-09 18:36:34 Martins-MacBook-Pro Messages[1643] <Error>: 46564398295 12 AVE INFO: AVE_Session_HEVC_Stop Exit 0x98bc1c020 0
2026-08-09 18:36:34 Martins-MacBook-Pro Messages[1643] <Error>: 46564398317 11 AVE INFO: AVE_Plugin_HEVC_Invalidate Exit 0x98bc1c000 640 205 0 0
2026-08-09 18:36:34 Martins-MacBook-Pro Messages[1643] <Error>: 46564398332 11 AVE INFO: AVE_Plugin_HEVC_Finalize Enter 0x98bc1c000 0
2026-08-09 18:36:34 Martins-MacBook-Pro Messages[1643] <Error>: 46564398345 12 AVE INFO: AVE_Session_HEVC_Destroy Enter 0x98bc1c020
2026-08-09 18:36:34 Martins-MacBook-Pro Messages[1643] <Error>: 46564399828 2 AVE : ID: 640 Type: 1 Enc: 2 | Input: 1 Proc: 1 Drop: 0
2026-08-09 18:36:34 Martins-MacBook-Pro Messages[1643] <Error>: 46564401751 12 AVE INFO: AVE_Session_HEVC_Destroy Exit 0x98bc1c020 0
2026-08-09 18:36:34 Martins-MacBook-Pro Messages[1643] <Error>: 46564401788 11 AVE INFO: AVE_Plugin_HEVC_Finalize Exit 0x98bc1c000 640 3456 0 0
2026-08-09 18:36:34 Martins-MacBook-Pro Messages[1643] <Error>: 46564402734 11 AVE : Compiled 905.40.1 in prod on Jul 11 2026 17:45:35
2026-08-09 18:36:34 Martins-MacBook-Pro Messages[1643] <Error>: 46564402770 11 AVE : Temporary Path: /Users/mjwebster/Library/Containers/com.apple.MobileSMS/Data/tmp/
2026-08-09 18:36:34 Martins-MacBook-Pro Messages[1643] <Error>: 46564402783 11 AVE INFO: AVE_Plugin_HEVC_CreateInstance Enter 1752589105 0x1eeeb13c8 0x40000099057c7d0 0
2026-08-09 18:36:34 Martins-MacBook-Pro Messages[1643] <Error>: 46564402800 12 AVE INFO: AVE_Session_HEVC_Create Enter 0x98bc1c020 0x0
2026-08-09 18:36:34 Martins-MacBook-Pro Messages[1643] <Error>: 46564402985 12 AVE INFO: AVE_Session_HEVC_CreatePropertyDict Enter 0x98bc1c020
2026-08-09 18:36:34 Martins-MacBook-Pro Messages[1643] <Error>: 46564403039 12 AVE INFO: AVE_Session_HEVC_CreatePropertyDict Exit 0x98bc1c020 0
2026-08-09 18:36:34 Martins-MacBook-Pro Messages[1643] <Error>: 46564403051 12 AVE INFO: AVE_Session_HEVC_Create Exit 0x98bc1c020 0x0 650 251 0
2026-08-09 18:36:34 Martins-MacBook-Pro Messages[1643] <Error>: 46564403061 11 AVE INFO: AVE_Plugin_HEVC_CreateInstance Exit 1752589105 0x1eeeb13c8 0x40000099057c7d0 650 0x98bc1c000 0x98bc1c020 503 0 0
2026-08-09 18:36:34 Martins-MacBook-Pro Messages[1643] <Error>: 46564403073 11 AVE INFO: AVE_Plugin_HEVC_StartTileSession Enter 0x98bc1c000 0x40000099057c7c0 0xd00000990c2caa0 256 256 0x1eeeb13c8 0
2026-08-09 18:36:34 Martins-MacBook-Pro Messages[1643] <Error>: 46564403085 12 AVE INFO: AVE_Session_HEVC_StartTileSession Enter 0x98bc1c020 0x10e0854b0
2026-08-09 18:36:34 Martins-MacBook-Pro Messages[1643] <Error>: 46564403104 12 AVE INFO: AVE_Session_HEVC_StartTileSession Exit 0x98bc1c020 0x10e0854b0 0
2026-08-09 18:36:34 Martins-MacBook-Pro Messages[1643] <Error>: 46564403114 11 AVE INFO: AVE_Plugin_HEVC_StartTileSession Exit 0x98bc1c000 0x40000099057c7c0 0xd00000990c2caa0 256 256 0x1eeeb13c8 650 41 0 0
2026-08-09 18:36:34 Martins-MacBook-Pro Messages[1643] <Error>: 46564403141 11 AVE INFO: AVE_Plugin_HEVC_PrepareToEncodeTiles Enter 0x98bc1c000 0 0
2026-08-09 18:36:34 Martins-MacBook-Pro Messages[1643] <Error>: 46564403150 12 AVE INFO: AVE_Session_HEVC_Prepare Enter 0x98bc1c020
2026-08-09 18:36:34 Martins-MacBook-Pro Messages[1643] <Error>: 46564403517 12 AVE INFO: AVE_Session_HEVC_Prepare Exit 0x98bc1c020 0
2026-08-09 18:36:34 Martins-MacBook-Pro Messages[1643] <Error>: 46564403534 11 AVE INFO: AVE_Plugin_HEVC_PrepareToEncodeTiles Exit 0x98bc1c000 0 650 393 0 0
2026-08-09 18:36:34 Martins-MacBook-Pro Messages[1643] <Error>: 46564414705 11 AVE INFO: AVE_Plugin_HEVC_Invalidate Enter 0x98bc1c000 0
2026-08-09 18:36:34 Martins-MacBook-Pro Messages[1643] <Error>: 46564414752 12 AVE INFO: AVE_Session_HEVC_Stop Enter 0x98bc1c020
2026-08-09 18:36:34 Martins-MacBook-Pro Messages[1643] <Error>: 46564414875 12 AVE INFO: AVE_Session_HEVC_Stop Exit 0x98bc1c020 0
2026-08-09 18:36:34 Martins-MacBook-Pro Messages[1643] <Error>: 46564414901 11 AVE INFO: AVE_Plugin_HEVC_Invalidate Exit 0x98bc1c000 650 196 0 0
2026-08-09 18:36:34 Martins-MacBook-Pro Messages[1643] <Error>: 46564414915 11 AVE INFO: AVE_Plugin_HEVC_Finalize Enter 0x98bc1c000 0
2026-08-09 18:36:34 Martins-MacBook-Pro Messages[1643] <Error>: 46564414927 12 AVE INFO: AVE_Session_HEVC_Destroy Enter 0x98bc1c020
2026-08-09 18:36:34 Martins-MacBook-Pro Messages[1643] <Error>: 46564416461 2 AVE : ID: 650 Type: 1 Enc: 2 | Input: 1 Proc: 1 Drop: 0
2026-08-09 18:36:34 Martins-MacBook-Pro Messages[1643] <Error>: 46564418366 12 AVE INFO: AVE_Session_HEVC_Destroy Exit 0x98bc1c020 0
2026-08-09 18:36:34 Martins-MacBook-Pro Messages[1643] <Error>: 46564418397 11 AVE INFO: AVE_Plugin_HEVC_Finalize Exit 0x98bc1c000 650 3482 0 0
2026-08-09 18:40:44 Martins-MacBook-Pro syslogd[574] <Notice>: ASL Sender Statistics
2026-08-09 18:55:09 Martins-MacBook-Pro syslogd[574] <Notice>: ASL Sender Statistics
2026-08-09 19:21:05 Martins-MacBook-Pro syslogd[574] <Notice>: ASL Sender Statistics
2026-08-09 19:38:39 Martins-MacBook-Pro syslogd[574] <Notice>: ASL Sender Statistics
2026-08-09 19:55:34 Martins-MacBook-Pro syslogd[574] <Notice>: ASL Sender Statistics
2026-08-09 20:13:13 Martins-MacBook-Pro syslogd[574] <Notice>: ASL Sender Statistics
2026-08-09 20:31:23 Martins-MacBook-Pro syslogd[574] <Notice>: ASL Sender Statistics
2026-08-09 20:47:12 Martins-MacBook-Pro syslogd[574] <Notice>: ASL Sender Statistics
2026-08-09 21:04:33 Martins-MacBook-Pro syslogd[574] <Notice>: ASL Sender Statistics
2026-08-09 21:21:22 Martins-MacBook-Pro syslogd[574] <Notice>: ASL Sender Statistics
2026-08-09 21:37:59 Martins-MacBook-Pro syslogd[574] <Notice>: ASL Sender Statistics
2026-08-09 21:37:59 Martins-MacBook-Pro syslogd[574] <Notice>: Configuration Notice:
ASL Module "com.apple.cdscheduler" claims selected messages.
Those messages may not appear in standard system log files or in the ASL database.
2026-08-09 21:37:59 Martins-MacBook-Pro syslogd[574] <Notice>: Configuration Notice:
ASL Module "com.apple.install" claims selected messages.
Those messages may not appear in standard system log files or in the ASL database.
2026-08-09 21:37:59 Martins-MacBook-Pro syslogd[574] <Notice>: Configuration Notice:
ASL Module "com.apple.authd" sharing output destination "/var/log/asl" with ASL Module "com.apple.asl".
Output parameters from ASL Module "com.apple.asl" override any specified in ASL Module "com.apple.authd".
2026-08-09 21:37:59 Martins-MacBook-Pro syslogd[574] <Notice>: Configuration Notice:
ASL Module "com.apple.authd" sharing output destination "/var/log/system.log" with ASL Module "com.apple.asl".
Output parameters from ASL Module "com.apple.asl" override any specified in ASL Module "com.apple.authd".
2026-08-09 21:37:59 Martins-MacBook-Pro syslogd[574] <Notice>: Configuration Notice:
ASL Module "com.apple.authd" claims selected messages.
Those messages may not appear in standard system log files or in the ASL database.
2026-08-09 21:37:59 Martins-MacBook-Pro syslogd[574] <Notice>: Configuration Notice:
ASL Module "com.apple.eventmonitor" claims selected messages.
Those messages may not appear in standard system log files or in the ASL database.
2026-08-09 21:37:59 Martins-MacBook-Pro syslogd[574] <Notice>: Configuration Notice:
ASL Module "com.apple.mail" claims selected messages.
Those messages may not appear in standard system log files or in the ASL database.
2026-08-09 21:37:59 Martins-MacBook-Pro syslogd[574] <Notice>: Configuration Notice:
ASL Module "com.apple.performance" claims selected messages.
Those messages may not appear in standard system log files or in the ASL database.
2026-08-09 21:37:59 Martins-MacBook-Pro syslogd[574] <Notice>: Configuration Notice:
ASL Module "com.apple.iokit.power" claims selected messages.
Those messages may not appear in standard system log files or in the ASL database.
2026-08-09 21:37:59 Martins-MacBook-Pro syslogd[574] <Notice>: Configuration Notice:
ASL Module "com.apple.contacts.ContactsAutocomplete" claims selected messages.
Those messages may not appear in standard system log files or in the ASL database.
2026-08-09 21:37:59 Martins-MacBook-Pro syslogd[574] <Notice>: Configuration Notice:
ASL Module "com.apple.mkb" sharing output destination "/private/var/log/keybagd.log" with ASL Module "com.apple.mkb.internal".
Output parameters from ASL Module "com.apple.mkb.internal" override any specified in ASL Module "com.apple.mkb".
2026-08-09 21:37:59 Martins-MacBook-Pro syslogd[574] <Notice>: Configuration Notice:
ASL Module "com.apple.mkb" claims selected messages.
Those messages may not appear in standard system log files or in the ASL database.
2026-08-09 21:37:59 Martins-MacBook-Pro syslogd[574] <Notice>: Configuration Notice:
ASL Module "com.apple.MessageTracer" claims selected messages.
Those messages may not appear in standard system log files or in the ASL database.
2026-08-09 21:54:53 Martins-MacBook-Pro syslogd[574] <Notice>: ASL Sender Statistics
2026-08-09 22:05:33 Martins-MacBook-Pro syslogd[574] <Notice>: ASL Sender Statistics
2026-08-09 22:28:50 Martins-MacBook-Pro syslogd[574] <Notice>: ASL Sender Statistics
2026-08-09 22:46:45 Martins-MacBook-Pro syslogd[574] <Notice>: ASL Sender Statistics
2026-08-09 23:03:19 Martins-MacBook-Pro syslogd[574] <Notice>: ASL Sender Statistics
2026-08-09 23:23:22 Martins-MacBook-Pro syslogd[574] <Notice>: ASL Sender Statistics
2026-08-09 23:40:10 Martins-MacBook-Pro syslogd[574] <Notice>: ASL Sender Statistics
2026-08-09 23:56:16 Martins-MacBook-Pro syslogd[574] <Notice>: ASL Sender Statistics
2026-08-10 00:07:33 Martins-MacBook-Pro syslogd[574] <Notice>: ASL Sender Statistics
2026-08-10 00:23:05 Martins-MacBook-Pro syslogd[574] <Notice>: ASL Sender Statistics
2026-08-10 00:39:29 Martins-MacBook-Pro syslogd[574] <Notice>: ASL Sender Statistics
2026-08-10 00:55:43 Martins-MacBook-Pro syslogd[574] <Notice>: ASL Sender Statistics
2026-08-10 01:08:33 Martins-MacBook-Pro syslogd[574] <Notice>: ASL Sender Statistics
2026-08-10 01:26:16 Martins-MacBook-Pro syslogd[574] <Notice>: ASL Sender Statistics
2026-08-10 01:43:46 Martins-MacBook-Pro syslogd[574] <Notice>: ASL Sender Statistics
2026-08-10 02:00:27 Martins-MacBook-Pro syslogd[574] <Notice>: ASL Sender Statistics
2026-08-10 02:25:53 Martins-MacBook-Pro syslogd[574] <Notice>: ASL Sender Statistics
2026-08-10 02:37:38 Martins-MacBook-Pro syslogd[574] <Notice>: ASL Sender Statistics
2026-08-10 02:48:31 Martins-MacBook-Pro syslogd[574] <Notice>: ASL Sender Statistics
2026-08-10 03:04:03 Martins-MacBook-Pro syslogd[574] <Notice>: ASL Sender Statistics
2026-08-10 03:28:39 Martins-MacBook-Pro syslogd[574] <Notice>: ASL Sender Statistics
2026-08-10 03:46:51 Martins-MacBook-Pro syslogd[574] <Notice>: ASL Sender Statistics
2026-08-10 04:03:10 Martins-MacBook-Pro syslogd[574] <Notice>: ASL Sender Statistics
2026-08-10 04:27:11 Martins-MacBook-Pro syslogd[574] <Notice>: ASL Sender Statistics
2026-08-10 04:37:11 Martins-MacBook-Pro syslogd[574] <Notice>: ASL Sender Statistics
2026-08-10 04:51:13 Martins-MacBook-Pro syslogd[574] <Notice>: ASL Sender Statistics
2026-08-10 05:07:50 Martins-MacBook-Pro syslogd[574] <Notice>: ASL Sender Statistics
2026-08-10 05:25:05 Martins-MacBook-Pro syslogd[574] <Notice>: ASL Sender Statistics
2026-08-10 05:35:19 Martins-MacBook-Pro syslogd[574] <Notice>: ASL Sender Statistics
2026-08-10 05:45:31 Martins-MacBook-Pro syslogd[574] <Notice>: ASL Sender Statistics
2026-08-10 05:57:05 Martins-MacBook-Pro syslogd[574] <Notice>: ASL Sender Statistics
2026-08-10 06:07:12 Martins-MacBook-Pro syslogd[574] <Notice>: ASL Sender Statistics
2026-08-10 06:17:46 Martins-MacBook-Pro syslogd[574] <Notice>: ASL Sender Statistics
2026-08-10 06:28:41 Martins-MacBook-Pro syslogd[574] <Notice>: ASL Sender Statistics
2026-08-10 06:38:48 Martins-MacBook-Pro syslogd[574] <Notice>: ASL Sender Statistics
2026-08-10 06:48:58 Martins-MacBook-Pro syslogd[574] <Notice>: ASL Sender Statistics
2026-08-10 06:59:09 Martins-MacBook-Pro syslogd[574] <Notice>: ASL Sender Statistics
2026-08-10 07:09:53 Martins-MacBook-Pro syslogd[574] <Notice>: ASL Sender Statistics
2026-08-10 07:20:20 Martins-MacBook-Pro syslogd[574] <Notice>: ASL Sender Statistics
2026-08-10 07:30:34 Martins-MacBook-Pro syslogd[574] <Notice>: ASL Sender Statistics
2026-08-10 07:40:54 Martins-MacBook-Pro syslogd[574] <Notice>: ASL Sender Statistics
2026-08-10 07:51:45 Martins-MacBook-Pro syslogd[574] <Notice>: ASL Sender Statistics
2026-08-10 08:02:33 Martins-MacBook-Pro syslogd[574] <Notice>: ASL Sender Statistics
2026-08-10 08:11:02 Martins-MacBook-Pro Books[1640] <Error>: 59846568351 11 AVE : Compiled 905.40.1 in prod on Jul 11 2026 17:45:35
2026-08-10 08:11:02 Martins-MacBook-Pro Books[1640] <Error>: 59846568954 11 AVE : Temporary Path: /Users/mjwebster/Library/Containers/com.apple.iBooksX/Data/tmp/
2026-08-10 08:11:02 Martins-MacBook-Pro Books[1640] <Error>: 59846568993 11 AVE INFO: AVE_Plugin_HEVC_CreateInstance Enter 1752589105 0x1eeeb13c8 0xc6d6d6690 0
2026-08-10 08:11:02 Martins-MacBook-Pro Books[1640] <Error>: 59846569022 12 AVE INFO: AVE_Session_HEVC_Create Enter 0xc73c94020 0x0
2026-08-10 08:11:02 Martins-MacBook-Pro Books[1640] <Error>: 59846569756 12 AVE INFO: AVE_Session_HEVC_CreatePropertyDict Enter 0xc73c94020
2026-08-10 08:11:02 Martins-MacBook-Pro Books[1640] <Error>: 59846570413 12 AVE INFO: AVE_Session_HEVC_CreatePropertyDict Exit 0xc73c94020 0
2026-08-10 08:11:02 Martins-MacBook-Pro Books[1640] <Error>: 59846570442 12 AVE INFO: AVE_Session_HEVC_Create Exit 0xc73c94020 0x0 720 1420 0
2026-08-10 08:11:02 Martins-MacBook-Pro Books[1640] <Error>: 59846570454 11 AVE INFO: AVE_Plugin_HEVC_CreateInstance Exit 1752589105 0x1eeeb13c8 0xc6d6d6690 720 0xc73c94000 0xc73c94020 2809 0 0
2026-08-10 08:11:02 Martins-MacBook-Pro Books[1640] <Error>: 59846570676 11 AVE INFO: AVE_Plugin_HEVC_StartTileSession Enter 0xc73c94000 0xc6d6d6680 0xc7e437720 142 214 0x1eeeb13c8 0
2026-08-10 08:11:02 Martins-MacBook-Pro Books[1640] <Error>: 59846570877 12 AVE INFO: AVE_Session_HEVC_StartTileSession Enter 0xc73c94020 0x16d8ed4d0
2026-08-10 08:11:02 Martins-MacBook-Pro Books[1640] <Error>: 59846570921 12 AVE INFO: AVE_Session_HEVC_StartTileSession Exit 0xc73c94020 0x16d8ed4d0 0
2026-08-10 08:11:02 Martins-MacBook-Pro Books[1640] <Error>: 59846570933 11 AVE INFO: AVE_Plugin_HEVC_StartTileSession Exit 0xc73c94000 0xc6d6d6680 0xc7e437720 142 214 0x1eeeb13c8 720 257 0 0
2026-08-10 08:11:02 Martins-MacBook-Pro Books[1640] <Error>: 59846571230 11 AVE INFO: AVE_Plugin_HEVC_PrepareToEncodeTiles Enter 0xc73c94000 0 0
2026-08-10 08:11:02 Martins-MacBook-Pro Books[1640] <Error>: 59846571244 12 AVE INFO: AVE_Session_HEVC_Prepare Enter 0xc73c94020
2026-08-10 08:11:02 Martins-MacBook-Pro Books[1640] <Error>: 59846572075 12 AVE INFO: AVE_Session_HEVC_Prepare Exit 0xc73c94020 0
2026-08-10 08:11:02 Martins-MacBook-Pro Books[1640] <Error>: 59846572097 11 AVE INFO: AVE_Plugin_HEVC_PrepareToEncodeTiles Exit 0xc73c94000 0 720 867 0 0
2026-08-10 08:11:02 Martins-MacBook-Pro Books[1640] <Error>: 59846586334 11 AVE INFO: AVE_Plugin_HEVC_Invalidate Enter 0xc73c94000 0
2026-08-10 08:11:02 Martins-MacBook-Pro Books[1640] <Error>: 59846586377 12 AVE INFO: AVE_Session_HEVC_Stop Enter 0xc73c94020
2026-08-10 08:11:02 Martins-MacBook-Pro Books[1640] <Error>: 59846586468 12 AVE INFO: AVE_Session_HEVC_Stop Exit 0xc73c94020 0
2026-08-10 08:11:02 Martins-MacBook-Pro Books[1640] <Error>: 59846586483 11 AVE INFO: AVE_Plugin_HEVC_Invalidate Exit 0xc73c94000 720 149 0 0
2026-08-10 08:11:02 Martins-MacBook-Pro Books[1640] <Error>: 59846586496 11 AVE INFO: AVE_Plugin_HEVC_Finalize Enter 0xc73c94000 0
2026-08-10 08:11:02 Martins-MacBook-Pro Books[1640] <Error>: 59846586505 12 AVE INFO: AVE_Session_HEVC_Destroy Enter 0xc73c94020
2026-08-10 08:11:02 Martins-MacBook-Pro Books[1640] <Error>: 59846587914 2 AVE : ID: 720 Type: 1 Enc: 2 | Input: 1 Proc: 1 Drop: 0
2026-08-10 08:11:02 Martins-MacBook-Pro Books[1640] <Error>: 59846589559 12 AVE INFO: AVE_Session_HEVC_Destroy Exit 0xc73c94020 0
2026-08-10 08:11:02 Martins-MacBook-Pro Books[1640] <Error>: 59846589588 11 AVE INFO: AVE_Plugin_HEVC_Finalize Exit 0xc73c94000 720 3092 0 0
2026-08-10 08:11:02 Martins-MacBook-Pro Books[1640] <Error>: 59846591273 11 AVE : Compiled 905.40.1 in prod on Jul 11 2026 17:45:35
2026-08-10 08:11:02 Martins-MacBook-Pro Books[1640] <Error>: 59846591306 11 AVE : Temporary Path: /Users/mjwebster/Library/Containers/com.apple.iBooksX/Data/tmp/
2026-08-10 08:11:02 Martins-MacBook-Pro Books[1640] <Error>: 59846591318 11 AVE INFO: AVE_Plugin_HEVC_CreateInstance Enter 1752589105 0x1eeeb13c8 0xc6d6d6690 0
2026-08-10 08:11:02 Martins-MacBook-Pro Books[1640] <Error>: 59846591335 12 AVE INFO: AVE_Session_HEVC_Create Enter 0xc73c94020 0x0
2026-08-10 08:11:02 Martins-MacBook-Pro Books[1640] <Error>: 59846591487 12 AVE INFO: AVE_Session_HEVC_CreatePropertyDict Enter 0xc73c94020
2026-08-10 08:11:02 Martins-MacBook-Pro Books[1640] <Error>: 59846591540 12 AVE INFO: AVE_Session_HEVC_CreatePropertyDict Exit 0xc73c94020 0
2026-08-10 08:11:02 Martins-MacBook-Pro Books[1640] <Error>: 59846591552 12 AVE INFO: AVE_Session_HEVC_Create Exit 0xc73c94020 0x0 730 217 0
2026-08-10 08:11:02 Martins-MacBook-Pro Books[1640] <Error>: 59846591561 11 AVE INFO: AVE_Plugin_HEVC_CreateInstance Exit 1752589105 0x1eeeb13c8 0xc6d6d6690 730 0xc73c94000 0xc73c94020 444 0 0
2026-08-10 08:11:02 Martins-MacBook-Pro Books[1640] <Error>: 59846591572 11 AVE INFO: AVE_Plugin_HEVC_StartTileSession Enter 0xc73c94000 0xc6d6d6680 0xc7d44a100 142 220 0x1eeeb13c8 0
2026-08-10 08:11:02 Martins-MacBook-Pro Books[1640] <Error>: 59846591581 12 AVE INFO: AVE_Session_HEVC_StartTileSession Enter 0xc73c94020 0x16d8ed4d0
2026-08-10 08:11:02 Martins-MacBook-Pro Books[1640] <Error>: 59846591598 12 AVE INFO: AVE_Session_HEVC_StartTileSession Exit 0xc73c94020 0x16d8ed4d0 0
2026-08-10 08:11:02 Martins-MacBook-Pro Books[1640] <Error>: 59846591612 11 AVE INFO: AVE_Plugin_HEVC_StartTileSession Exit 0xc73c94000 0xc6d6d6680 0xc7d44a100 142 220 0x1eeeb13c8 730 40 0 0
2026-08-10 08:11:02 Martins-MacBook-Pro Books[1640] <Error>: 59846591638 11 AVE INFO: AVE_Plugin_HEVC_PrepareToEncodeTiles Enter 0xc73c94000 0 0
2026-08-10 08:11:02 Martins-MacBook-Pro Books[1640] <Error>: 59846591650 12 AVE INFO: AVE_Session_HEVC_Prepare Enter 0xc73c94020
2026-08-10 08:11:02 Martins-MacBook-Pro Books[1640] <Error>: 59846591967 12 AVE INFO: AVE_Session_HEVC_Prepare Exit 0xc73c94020 0
2026-08-10 08:11:02 Martins-MacBook-Pro Books[1640] <Error>: 59846591979 11 AVE INFO: AVE_Plugin_HEVC_PrepareToEncodeTiles Exit 0xc73c94000 0 730 341 0 0
2026-08-10 08:11:02 Martins-MacBook-Pro Books[1640] <Error>: 59846607344 11 AVE INFO: AVE_Plugin_HEVC_Invalidate Enter 0xc73c94000 0
2026-08-10 08:11:02 Martins-MacBook-Pro Books[1640] <Error>: 59846607387 12 AVE INFO: AVE_Session_HEVC_Stop Enter 0xc73c94020
2026-08-10 08:11:02 Martins-MacBook-Pro Books[1640] <Error>: 59846607513 12 AVE INFO: AVE_Session_HEVC_Stop Exit 0xc73c94020 0
2026-08-10 08:11:02 Martins-MacBook-Pro Books[1640] <Error>: 59846607527 11 AVE INFO: AVE_Plugin_HEVC_Invalidate Exit 0xc73c94000 730 183 0 0
2026-08-10 08:11:02 Martins-MacBook-Pro Books[1640] <Error>: 59846607538 11 AVE INFO: AVE_Plugin_HEVC_Finalize Enter 0xc73c94000 0
2026-08-10 08:11:02 Martins-MacBook-Pro Books[1640] <Error>: 59846607547 12 AVE INFO: AVE_Session_HEVC_Destroy Enter 0xc73c94020
2026-08-10 08:11:02 Martins-MacBook-Pro Books[1640] <Error>: 59846609047 2 AVE : ID: 730 Type: 1 Enc: 2 | Input: 1 Proc: 1 Drop: 0
2026-08-10 08:11:02 Martins-MacBook-Pro Books[1640] <Error>: 59846610817 12 AVE INFO: AVE_Session_HEVC_Destroy Exit 0xc73c94020 0
2026-08-10 08:11:02 Martins-MacBook-Pro Books[1640] <Error>: 59846610839 11 AVE INFO: AVE_Plugin_HEVC_Finalize Exit 0xc73c94000 730 3301 0 0
2026-08-10 08:11:02 Martins-MacBook-Pro Books[1640] <Error>: 59846613674 11 AVE : Compiled 905.40.1 in prod on Jul 11 2026 17:45:35
2026-08-10 08:11:02 Martins-MacBook-Pro Books[1640] <Error>: 59846613700 11 AVE : Temporary Path: /Users/mjwebster/Library/Containers/com.apple.iBooksX/Data/tmp/
2026-08-10 08:11:02 Martins-MacBook-Pro Books[1640] <Error>: 59846613710 11 AVE INFO: AVE_Plugin_HEVC_CreateInstance Enter 1752589105 0x1eeeb13c8 0xc6d6d6690 0
2026-08-10 08:11:02 Martins-MacBook-Pro Books[1640] <Error>: 59846613725 12 AVE INFO: AVE_Session_HEVC_Create Enter 0xc73c94020 0x0
2026-08-10 08:11:02 Martins-MacBook-Pro Books[1640] <Error>: 59846613855 12 AVE INFO: AVE_Session_HEVC_CreatePropertyDict Enter 0xc73c94020
2026-08-10 08:11:02 Martins-MacBook-Pro Books[1640] <Error>: 59846613901 12 AVE INFO: AVE_Session_HEVC_CreatePropertyDict Exit 0xc73c94020 0
2026-08-10 08:11:02 Martins-MacBook-Pro Books[1640] <Error>: 59846613912 12 AVE INFO: AVE_Session_HEVC_Create Exit 0xc73c94020 0x0 740 187 0
2026-08-10 08:11:02 Martins-MacBook-Pro Books[1640] <Error>: 59846613922 11 AVE INFO: AVE_Plugin_HEVC_CreateInstance Exit 1752589105 0x1eeeb13c8 0xc6d6d6690 740 0xc73c94000 0xc73c94020 396 0 0
2026-08-10 08:11:02 Martins-MacBook-Pro Books[1640] <Error>: 59846613932 11 AVE INFO: AVE_Plugin_HEVC_StartTileSession Enter 0xc73c94000 0xc6d6d6680 0xc7d16a280 142 184 0x1eeeb13c8 0
2026-08-10 08:11:02 Martins-MacBook-Pro Books[1640] <Error>: 59846613941 12 AVE INFO: AVE_Session_HEVC_StartTileSession Enter 0xc73c94020 0x16d8ed4d0
2026-08-10 08:11:02 Martins-MacBook-Pro Books[1640] <Error>: 59846613957 12 AVE INFO: AVE_Session_HEVC_StartTileSession Exit 0xc73c94020 0x16d8ed4d0 0
2026-08-10 08:11:02 Martins-MacBook-Pro Books[1640] <Error>: 59846613967 11 AVE INFO: AVE_Plugin_HEVC_StartTileSession Exit 0xc73c94000 0xc6d6d6680 0xc7d16a280 142 184 0x1eeeb13c8 740 35 0 0
2026-08-10 08:11:02 Martins-MacBook-Pro Books[1640] <Error>: 59846613988 11 AVE INFO: AVE_Plugin_HEVC_PrepareToEncodeTiles Enter 0xc73c94000 0 0
2026-08-10 08:11:02 Martins-MacBook-Pro Books[1640] <Error>: 59846613998 12 AVE INFO: AVE_Session_HEVC_Prepare Enter 0xc73c94020
2026-08-10 08:11:02 Martins-MacBook-Pro Books[1640] <Error>: 59846614278 12 AVE INFO: AVE_Session_HEVC_Prepare Exit 0xc73c94020 0
2026-08-10 08:11:02 Martins-MacBook-Pro Books[1640] <Error>: 59846614291 11 AVE INFO: AVE_Plugin_HEVC_PrepareToEncodeTiles Exit 0xc73c94000 0 740 303 0 0
2026-08-10 08:11:02 Martins-MacBook-Pro Books[1640] <Error>: 59846629569 11 AVE INFO: AVE_Plugin_HEVC_Invalidate Enter 0xc73c94000 0
2026-08-10 08:11:02 Martins-MacBook-Pro Books[1640] <Error>: 59846629593 12 AVE INFO: AVE_Session_HEVC_Stop Enter 0xc73c94020
2026-08-10 08:11:02 Martins-MacBook-Pro Books[1640] <Error>: 59846629713 12 AVE INFO: AVE_Session_HEVC_Stop Exit 0xc73c94020 0
2026-08-10 08:11:02 Martins-MacBook-Pro Books[1640] <Error>: 59846629729 11 AVE INFO: AVE_Plugin_HEVC_Invalidate Exit 0xc73c94000 740 160 0 0
2026-08-10 08:11:02 Martins-MacBook-Pro Books[1640] <Error>: 59846629740 11 AVE INFO: AVE_Plugin_HEVC_Finalize Enter 0xc73c94000 0
2026-08-10 08:11:02 Martins-MacBook-Pro Books[1640] <Error>: 59846629749 12 AVE INFO: AVE_Session_HEVC_Destroy Enter 0xc73c94020
2026-08-10 08:11:02 Martins-MacBook-Pro Books[1640] <Error>: 59846631248 2 AVE : ID: 740 Type: 1 Enc: 2 | Input: 1 Proc: 1 Drop: 0
2026-08-10 08:11:02 Martins-MacBook-Pro Books[1640] <Error>: 59846632894 12 AVE INFO: AVE_Session_HEVC_Destroy Exit 0xc73c94020 0
2026-08-10 08:11:02 Martins-MacBook-Pro Books[1640] <Error>: 59846632917 11 AVE INFO: AVE_Plugin_HEVC_Finalize Exit 0xc73c94000 740 3177 0 0
2026-08-10 08:11:02 Martins-MacBook-Pro Books[1640] <Error>: 59846634469 11 AVE : Compiled 905.40.1 in prod on Jul 11 2026 17:45:35
2026-08-10 08:11:02 Martins-MacBook-Pro Books[1640] <Error>: 59846634494 11 AVE : Temporary Path: /Users/mjwebster/Library/Containers/com.apple.iBooksX/Data/tmp/
2026-08-10 08:11:02 Martins-MacBook-Pro Books[1640] <Error>: 59846634506 11 AVE INFO: AVE_Plugin_HEVC_CreateInstance Enter 1752589105 0x1eeeb13c8 0xc6d6d6690 0
2026-08-10 08:11:02 Martins-MacBook-Pro Books[1640] <Error>: 59846634520 12 AVE INFO: AVE_Session_HEVC_Create Enter 0xc73c94020 0x0
2026-08-10 08:11:02 Martins-MacBook-Pro Books[1640] <Error>: 59846634653 12 AVE INFO: AVE_Session_HEVC_CreatePropertyDict Enter 0xc73c94020
2026-08-10 08:11:02 Martins-MacBook-Pro Books[1640] <Error>: 59846634698 12 AVE INFO: AVE_Session_HEVC_CreatePropertyDict Exit 0xc73c94020 0
2026-08-10 08:11:02 Martins-MacBook-Pro Books[1640] <Error>: 59846634710 12 AVE INFO: AVE_Session_HEVC_Create Exit 0xc73c94020 0x0 750 190 0
2026-08-10 08:11:02 Martins-MacBook-Pro Books[1640] <Error>: 59846634721 11 AVE INFO: AVE_Plugin_HEVC_CreateInstance Exit 1752589105 0x1eeeb13c8 0xc6d6d6690 750 0xc73c94000 0xc73c94020 390 0 0
2026-08-10 08:11:02 Martins-MacBook-Pro Books[1640] <Error>: 59846634730 11 AVE INFO: AVE_Plugin_HEVC_StartTileSession Enter 0xc73c94000 0xc6d6d6680 0xc79bb9e00 142 220 0x1eeeb13c8 0
2026-08-10 08:11:02 Martins-MacBook-Pro Books[1640] <Error>: 59846634740 12 AVE INFO: AVE_Session_HEVC_StartTileSession Enter 0xc73c94020 0x16d8ed4d0
2026-08-10 08:11:02 Martins-MacBook-Pro Books[1640] <Error>: 59846634756 12 AVE INFO: AVE_Session_HEVC_StartTileSession Exit 0xc73c94020 0x16d8ed4d0 0
2026-08-10 08:11:02 Martins-MacBook-Pro Books[1640] <Error>: 59846634766 11 AVE INFO: AVE_Plugin_HEVC_StartTileSession Exit 0xc73c94000 0xc6d6d6680 0xc79bb9e00 142 220 0x1eeeb13c8 750 36 0 0
2026-08-10 08:11:02 Martins-MacBook-Pro Books[1640] <Error>: 59846634790 11 AVE INFO: AVE_Plugin_HEVC_PrepareToEncodeTiles Enter 0xc73c94000 0 0
2026-08-10 08:11:02 Martins-MacBook-Pro Books[1640] <Error>: 59846634802 12 AVE INFO: AVE_Session_HEVC_Prepare Enter 0xc73c94020
2026-08-10 08:11:02 Martins-MacBook-Pro Books[1640] <Error>: 59846635081 12 AVE INFO: AVE_Session_HEVC_Prepare Exit 0xc73c94020 0
2026-08-10 08:11:02 Martins-MacBook-Pro Books[1640] <Error>: 59846635095 11 AVE INFO: AVE_Plugin_HEVC_PrepareToEncodeTiles Exit 0xc73c94000 0 750 305 0 0
2026-08-10 08:11:02 Martins-MacBook-Pro Books[1640] <Error>: 59846650070 11 AVE INFO: AVE_Plugin_HEVC_Invalidate Enter 0xc73c94000 0
2026-08-10 08:11:02 Martins-MacBook-Pro Books[1640] <Error>: 59846650103 12 AVE INFO: AVE_Session_HEVC_Stop Enter 0xc73c94020
2026-08-10 08:11:02 Martins-MacBook-Pro Books[1640] <Error>: 59846650225 12 AVE INFO: AVE_Session_HEVC_Stop Exit 0xc73c94020 0
2026-08-10 08:11:02 Martins-MacBook-Pro Books[1640] <Error>: 59846650241 11 AVE INFO: AVE_Plugin_HEVC_Invalidate Exit 0xc73c94000 750 171 0 0
2026-08-10 08:11:02 Martins-MacBook-Pro Books[1640] <Error>: 59846650253 11 AVE INFO: AVE_Plugin_HEVC_Finalize Enter 0xc73c94000 0
2026-08-10 08:11:02 Martins-MacBook-Pro Books[1640] <Error>: 59846650262 12 AVE INFO: AVE_Session_HEVC_Destroy Enter 0xc73c94020
2026-08-10 08:11:02 Martins-MacBook-Pro Books[1640] <Error>: 59846651769 2 AVE : ID: 750 Type: 1 Enc: 2 | Input: 1 Proc: 1 Drop: 0
2026-08-10 08:11:02 Martins-MacBook-Pro Books[1640] <Error>: 59846653580 12 AVE INFO: AVE_Session_HEVC_Destroy Exit 0xc73c94020 0
2026-08-10 08:11:02 Martins-MacBook-Pro Books[1640] <Error>: 59846653612 11 AVE INFO: AVE_Plugin_HEVC_Finalize Exit 0xc73c94000 750 3359 0 0
2026-08-10 08:11:03 Martins-MacBook-Pro Books[1640] <Error>: 59847763437 11 AVE : Compiled 905.40.1 in prod on Jul 11 2026 17:45:35
2026-08-10 08:11:03 Martins-MacBook-Pro Books[1640] <Error>: 59847763632 11 AVE : Temporary Path: /Users/mjwebster/Library/Containers/com.apple.iBooksX/Data/tmp/
2026-08-10 08:11:03 Martins-MacBook-Pro Books[1640] <Error>: 59847763648 11 AVE INFO: AVE_Plugin_HEVC_CreateInstance Enter 1752589105 0x1eeeb13c8 0xc6d6d7710 0
2026-08-10 08:11:03 Martins-MacBook-Pro Books[1640] <Error>: 59847763669 12 AVE INFO: AVE_Session_HEVC_Create Enter 0xc73a78020 0x0
2026-08-10 08:11:03 Martins-MacBook-Pro Books[1640] <Error>: 59847763871 12 AVE INFO: AVE_Session_HEVC_CreatePropertyDict Enter 0xc73a78020
2026-08-10 08:11:03 Martins-MacBook-Pro Books[1640] <Error>: 59847763931 12 AVE INFO: AVE_Session_HEVC_CreatePropertyDict Exit 0xc73a78020 0
2026-08-10 08:11:03 Martins-MacBook-Pro Books[1640] <Error>: 59847763944 12 AVE INFO: AVE_Session_HEVC_Create Exit 0xc73a78020 0x0 760 275 0
2026-08-10 08:11:03 Martins-MacBook-Pro Books[1640] <Error>: 59847763953 11 AVE INFO: AVE_Plugin_HEVC_CreateInstance Exit 1752589105 0x1eeeb13c8 0xc6d6d7710 760 0xc73a78000 0xc73a78020 677 0 0
2026-08-10 08:11:03 Martins-MacBook-Pro Books[1640] <Error>: 59847763967 11 AVE INFO: AVE_Plugin_HEVC_StartTileSession Enter 0xc73a78000 0xc6d6d7700 0xc7e3e52e0 138 222 0x1eeeb13c8 0
2026-08-10 08:11:03 Martins-MacBook-Pro Books[1640] <Error>: 59847763978 12 AVE INFO: AVE_Session_HEVC_StartTileSession Enter 0xc73a78020 0x174f494d0
2026-08-10 08:11:03 Martins-MacBook-Pro Books[1640] <Error>: 59847763998 12 AVE INFO: AVE_Session_HEVC_StartTileSession Exit 0xc73a78020 0x174f494d0 0
2026-08-10 08:11:03 Martins-MacBook-Pro Books[1640] <Error>: 59847764009 11 AVE INFO: AVE_Plugin_HEVC_StartTileSession Exit 0xc73a78000 0xc6d6d7700 0xc7e3e52e0 138 222 0x1eeeb13c8 760 42 0 0
2026-08-10 08:11:03 Martins-MacBook-Pro Books[1640] <Error>: 59847764037 11 AVE INFO: AVE_Plugin_HEVC_PrepareToEncodeTiles Enter 0xc73a78000 0 0
2026-08-10 08:11:03 Martins-MacBook-Pro Books[1640] <Error>: 59847764049 12 AVE INFO: AVE_Session_HEVC_Prepare Enter 0xc73a78020
2026-08-10 08:11:03 Martins-MacBook-Pro Books[1640] <Error>: 59847764422 12 AVE INFO: AVE_Session_HEVC_Prepare Exit 0xc73a78020 0
2026-08-10 08:11:03 Martins-MacBook-Pro Books[1640] <Error>: 59847764440 11 AVE INFO: AVE_Plugin_HEVC_PrepareToEncodeTiles Exit 0xc73a78000 0 760 403 0 0
2026-08-10 08:11:04 Martins-MacBook-Pro Books[1640] <Error>: 59847780435 11 AVE INFO: AVE_Plugin_HEVC_Invalidate Enter 0xc73a78000 0
2026-08-10 08:11:04 Martins-MacBook-Pro Books[1640] <Error>: 59847780492 12 AVE INFO: AVE_Session_HEVC_Stop Enter 0xc73a78020
2026-08-10 08:11:04 Martins-MacBook-Pro Books[1640] <Error>: 59847780641 12 AVE INFO: AVE_Session_HEVC_Stop Exit 0xc73a78020 0
2026-08-10 08:11:04 Martins-MacBook-Pro Books[1640] <Error>: 59847780660 11 AVE INFO: AVE_Plugin_HEVC_Invalidate Exit 0xc73a78000 760 224 0 0
2026-08-10 08:11:04 Martins-MacBook-Pro Books[1640] <Error>: 59847780673 11 AVE INFO: AVE_Plugin_HEVC_Finalize Enter 0xc73a78000 0
2026-08-10 08:11:04 Martins-MacBook-Pro Books[1640] <Error>: 59847780682 12 AVE INFO: AVE_Session_HEVC_Destroy Enter 0xc73a78020
2026-08-10 08:11:04 Martins-MacBook-Pro Books[1640] <Error>: 59847782216 2 AVE : ID: 760 Type: 1 Enc: 2 | Input: 1 Proc: 1 Drop: 0
2026-08-10 08:11:04 Martins-MacBook-Pro Books[1640] <Error>: 59847783971 12 AVE INFO: AVE_Session_HEVC_Destroy Exit 0xc73a78020 0
2026-08-10 08:11:04 Martins-MacBook-Pro Books[1640] <Error>: 59847783999 11 AVE INFO: AVE_Plugin_HEVC_Finalize Exit 0xc73a78000 760 3327 0 0
2026-08-10 08:11:04 Martins-MacBook-Pro Books[1640] <Error>: 59847785440 11 AVE : Compiled 905.40.1 in prod on Jul 11 2026 17:45:35
2026-08-10 08:11:04 Martins-MacBook-Pro Books[1640] <Error>: 59847785472 11 AVE : Temporary Path: /Users/mjwebster/Library/Containers/com.apple.iBooksX/Data/tmp/
2026-08-10 08:11:04 Martins-MacBook-Pro Books[1640] <Error>: 59847785486 11 AVE INFO: AVE_Plugin_HEVC_CreateInstance Enter 1752589105 0x1eeeb13c8 0xc6d6d7710 0
2026-08-10 08:11:04 Martins-MacBook-Pro Books[1640] <Error>: 59847785502 12 AVE INFO: AVE_Session_HEVC_Create Enter 0xc73a78020 0x0
2026-08-10 08:11:04 Martins-MacBook-Pro Books[1640] <Error>: 59847785693 12 AVE INFO: AVE_Session_HEVC_CreatePropertyDict Enter 0xc73a78020
2026-08-10 08:11:04 Martins-MacBook-Pro Books[1640] <Error>: 59847785744 12 AVE INFO: AVE_Session_HEVC_CreatePropertyDict Exit 0xc73a78020 0
2026-08-10 08:11:04 Martins-MacBook-Pro Books[1640] <Error>: 59847785756 12 AVE INFO: AVE_Session_HEVC_Create Exit 0xc73a78020 0x0 770 254 0
2026-08-10 08:11:04 Martins-MacBook-Pro Books[1640] <Error>: 59847785767 11 AVE INFO: AVE_Plugin_HEVC_CreateInstance Exit 1752589105 0x1eeeb13c8 0xc6d6d7710 770 0xc73a78000 0xc73a78020 496 0 0
2026-08-10 08:11:04 Martins-MacBook-Pro Books[1640] <Error>: 59847785777 11 AVE INFO: AVE_Plugin_HEVC_StartTileSession Enter 0xc73a78000 0xc6d6d7700 0xc7e44e280 142 228 0x1eeeb13c8 0
2026-08-10 08:11:04 Martins-MacBook-Pro Books[1640] <Error>: 59847785789 12 AVE INFO: AVE_Session_HEVC_StartTileSession Enter 0xc73a78020 0x174f494d0
2026-08-10 08:11:04 Martins-MacBook-Pro Books[1640] <Error>: 59847785808 12 AVE INFO: AVE_Session_HEVC_StartTileSession Exit 0xc73a78020 0x174f494d0 0
2026-08-10 08:11:04 Martins-MacBook-Pro Books[1640] <Error>: 59847785820 11 AVE INFO: AVE_Plugin_HEVC_StartTileSession Exit 0xc73a78000 0xc6d6d7700 0xc7e44e280 142 228 0x1eeeb13c8 770 43 0 0
2026-08-10 08:11:04 Martins-MacBook-Pro Books[1640] <Error>: 59847785848 11 AVE INFO: AVE_Plugin_HEVC_PrepareToEncodeTiles Enter 0xc73a78000 0 0
2026-08-10 08:11:04 Martins-MacBook-Pro Books[1640] <Error>: 59847785861 12 AVE INFO: AVE_Session_HEVC_Prepare Enter 0xc73a78020
2026-08-10 08:11:04 Martins-MacBook-Pro Books[1640] <Error>: 59847786185 12 AVE INFO: AVE_Session_HEVC_Prepare Exit 0xc73a78020 0
2026-08-10 08:11:04 Martins-MacBook-Pro Books[1640] <Error>: 59847786198 11 AVE INFO: AVE_Plugin_HEVC_PrepareToEncodeTiles Exit 0xc73a78000 0 770 350 0 0
2026-08-10 08:11:04 Martins-MacBook-Pro Books[1640] <Error>: 59847802133 11 AVE INFO: AVE_Plugin_HEVC_Invalidate Enter 0xc73a78000 0
2026-08-10 08:11:04 Martins-MacBook-Pro Books[1640] <Error>: 59847802160 12 AVE INFO: AVE_Session_HEVC_Stop Enter 0xc73a78020
2026-08-10 08:11:04 Martins-MacBook-Pro Books[1640] <Error>: 59847802294 12 AVE INFO: AVE_Session_HEVC_Stop Exit 0xc73a78020 0
2026-08-10 08:11:04 Martins-MacBook-Pro Books[1640] <Error>: 59847802312 11 AVE INFO: AVE_Plugin_HEVC_Invalidate Exit 0xc73a78000 770 179 0 0
2026-08-10 08:11:04 Martins-MacBook-Pro Books[1640] <Error>: 59847802323 11 AVE INFO: AVE_Plugin_HEVC_Finalize Enter 0xc73a78000 0
2026-08-10 08:11:04 Martins-MacBook-Pro Books[1640] <Error>: 59847802334 12 AVE INFO: AVE_Session_HEVC_Destroy Enter 0xc73a78020
2026-08-10 08:11:04 Martins-MacBook-Pro Books[1640] <Error>: 59847803828 2 AVE : ID: 770 Type: 1 Enc: 2 | Input: 1 Proc: 1 Drop: 0
2026-08-10 08:11:04 Martins-MacBook-Pro Books[1640] <Error>: 59847805421 12 AVE INFO: AVE_Session_HEVC_Destroy Exit 0xc73a78020 0
2026-08-10 08:11:04 Martins-MacBook-Pro Books[1640] <Error>: 59847805439 11 AVE INFO: AVE_Plugin_HEVC_Finalize Exit 0xc73a78000 770 3116 0 0
2026-08-10 08:11:04 Martins-MacBook-Pro Books[1640] <Error>: 59847808876 11 AVE : Compiled 905.40.1 in prod on Jul 11 2026 17:45:35
2026-08-10 08:11:04 Martins-MacBook-Pro Books[1640] <Error>: 59847808905 11 AVE : Temporary Path: /Users/mjwebster/Library/Containers/com.apple.iBooksX/Data/tmp/
2026-08-10 08:11:04 Martins-MacBook-Pro Books[1640] <Error>: 59847808917 11 AVE INFO: AVE_Plugin_HEVC_CreateInstance Enter 1752589105 0x1eeeb13c8 0xc6d6d7710 0
2026-08-10 08:11:04 Martins-MacBook-Pro Books[1640] <Error>: 59847808931 12 AVE INFO: AVE_Session_HEVC_Create Enter 0xc73a78020 0x0
2026-08-10 08:11:04 Martins-MacBook-Pro Books[1640] <Error>: 59847809072 12 AVE INFO: AVE_Session_HEVC_CreatePropertyDict Enter 0xc73a78020
2026-08-10 08:11:04 Martins-MacBook-Pro Books[1640] <Error>: 59847809122 12 AVE INFO: AVE_Session_HEVC_CreatePropertyDict Exit 0xc73a78020 0
2026-08-10 08:11:04 Martins-MacBook-Pro Books[1640] <Error>: 59847809134 12 AVE INFO: AVE_Session_HEVC_Create Exit 0xc73a78020 0x0 780 203 0
2026-08-10 08:11:04 Martins-MacBook-Pro Books[1640] <Error>: 59847809144 11 AVE INFO: AVE_Plugin_HEVC_CreateInstance Exit 1752589105 0x1eeeb13c8 0xc6d6d7710 780 0xc73a78000 0xc73a78020 415 0 0
2026-08-10 08:11:04 Martins-MacBook-Pro Books[1640] <Error>: 59847809154 11 AVE INFO: AVE_Plugin_HEVC_StartTileSession Enter 0xc73a78000 0xc6d6d7700 0xc7e4077e0 142 226 0x1eeeb13c8 0
2026-08-10 08:11:04 Martins-MacBook-Pro Books[1640] <Error>: 59847809166 12 AVE INFO: AVE_Session_HEVC_StartTileSession Enter 0xc73a78020 0x174f494d0
2026-08-10 08:11:04 Martins-MacBook-Pro Books[1640] <Error>: 59847809185 12 AVE INFO: AVE_Session_HEVC_StartTileSession Exit 0xc73a78020 0x174f494d0 0
2026-08-10 08:11:04 Martins-MacBook-Pro Books[1640] <Error>: 59847809196 11 AVE INFO: AVE_Plugin_HEVC_StartTileSession Exit 0xc73a78000 0xc6d6d7700 0xc7e4077e0 142 226 0x1eeeb13c8 780 42 0 0
2026-08-10 08:11:04 Martins-MacBook-Pro Books[1640] <Error>: 59847809221 11 AVE INFO: AVE_Plugin_HEVC_PrepareToEncodeTiles Enter 0xc73a78000 0 0
2026-08-10 08:11:04 Martins-MacBook-Pro Books[1640] <Error>: 59847809232 12 AVE INFO: AVE_Session_HEVC_Prepare Enter 0xc73a78020
2026-08-10 08:11:04 Martins-MacBook-Pro Books[1640] <Error>: 59847809531 12 AVE INFO: AVE_Session_HEVC_Prepare Exit 0xc73a78020 0
2026-08-10 08:11:04 Martins-MacBook-Pro Books[1640] <Error>: 59847809546 11 AVE INFO: AVE_Plugin_HEVC_PrepareToEncodeTiles Exit 0xc73a78000 0 780 325 0 0
2026-08-10 08:11:04 Martins-MacBook-Pro Books[1640] <Error>: 59847825156 11 AVE INFO: AVE_Plugin_HEVC_Invalidate Enter 0xc73a78000 0
2026-08-10 08:11:04 Martins-MacBook-Pro Books[1640] <Error>: 59847825180 12 AVE INFO: AVE_Session_HEVC_Stop Enter 0xc73a78020
2026-08-10 08:11:04 Martins-MacBook-Pro Books[1640] <Error>: 59847825313 12 AVE INFO: AVE_Session_HEVC_Stop Exit 0xc73a78020 0
2026-08-10 08:11:04 Martins-MacBook-Pro Books[1640] <Error>: 59847825331 11 AVE INFO: AVE_Plugin_HEVC_Invalidate Exit 0xc73a78000 780 175 0 0
2026-08-10 08:11:04 Martins-MacBook-Pro Books[1640] <Error>: 59847825343 11 AVE INFO: AVE_Plugin_HEVC_Finalize Enter 0xc73a78000 0
2026-08-10 08:11:04 Martins-MacBook-Pro Books[1640] <Error>: 59847825353 12 AVE INFO: AVE_Session_HEVC_Destroy Enter 0xc73a78020
2026-08-10 08:11:04 Martins-MacBook-Pro Books[1640] <Error>: 59847826903 2 AVE : ID: 780 Type: 1 Enc: 2 | Input: 1 Proc: 1 Drop: 0
2026-08-10 08:11:04 Martins-MacBook-Pro Books[1640] <Error>: 59847828511 12 AVE INFO: AVE_Session_HEVC_Destroy Exit 0xc73a78020 0
2026-08-10 08:11:04 Martins-MacBook-Pro Books[1640] <Error>: 59847828529 11 AVE INFO: AVE_Plugin_HEVC_Finalize Exit 0xc73a78000 780 3186 0 0
2026-08-10 08:11:04 Martins-MacBook-Pro Books[1640] <Error>: 59847829648 11 AVE : Compiled 905.40.1 in prod on Jul 11 2026 17:45:35
2026-08-10 08:11:04 Martins-MacBook-Pro Books[1640] <Error>: 59847829674 11 AVE : Temporary Path: /Users/mjwebster/Library/Containers/com.apple.iBooksX/Data/tmp/
2026-08-10 08:11:04 Martins-MacBook-Pro Books[1640] <Error>: 59847829686 11 AVE INFO: AVE_Plugin_HEVC_CreateInstance Enter 1752589105 0x1eeeb13c8 0xc6d6d7710 0
2026-08-10 08:11:04 Martins-MacBook-Pro Books[1640] <Error>: 59847829699 12 AVE INFO: AVE_Session_HEVC_Create Enter 0xc73a78020 0x0
2026-08-10 08:11:04 Martins-MacBook-Pro Books[1640] <Error>: 59847829829 12 AVE INFO: AVE_Session_HEVC_CreatePropertyDict Enter 0xc73a78020
2026-08-10 08:11:04 Martins-MacBook-Pro Books[1640] <Error>: 59847829878 12 AVE INFO: AVE_Session_HEVC_CreatePropertyDict Exit 0xc73a78020 0
2026-08-10 08:11:04 Martins-MacBook-Pro Books[1640] <Error>: 59847829892 12 AVE INFO: AVE_Session_HEVC_Create Exit 0xc73a78020 0x0 790 193 0
2026-08-10 08:11:04 Martins-MacBook-Pro Books[1640] <Error>: 59847829902 11 AVE INFO: AVE_Plugin_HEVC_CreateInstance Exit 1752589105 0x1eeeb13c8 0xc6d6d7710 790 0xc73a78000 0xc73a78020 384 0 0
2026-08-10 08:11:04 Martins-MacBook-Pro Books[1640] <Error>: 59847829914 11 AVE INFO: AVE_Plugin_HEVC_StartTileSession Enter 0xc73a78000 0xc6d6d7700 0xc7e3e5880 138 220 0x1eeeb13c8 0
2026-08-10 08:11:04 Martins-MacBook-Pro Books[1640] <Error>: 59847829924 12 AVE INFO: AVE_Session_HEVC_StartTileSession Enter 0xc73a78020 0x174f494d0
2026-08-10 08:11:04 Martins-MacBook-Pro Books[1640] <Error>: 59847829940 12 AVE INFO: AVE_Session_HEVC_StartTileSession Exit 0xc73a78020 0x174f494d0 0
2026-08-10 08:11:04 Martins-MacBook-Pro Books[1640] <Error>: 59847829952 11 AVE INFO: AVE_Plugin_HEVC_StartTileSession Exit 0xc73a78000 0xc6d6d7700 0xc7e3e5880 138 220 0x1eeeb13c8 790 38 0 0
2026-08-10 08:11:04 Martins-MacBook-Pro Books[1640] <Error>: 59847829975 11 AVE INFO: AVE_Plugin_HEVC_PrepareToEncodeTiles Enter 0xc73a78000 0 0
2026-08-10 08:11:04 Martins-MacBook-Pro Books[1640] <Error>: 59847829990 12 AVE INFO: AVE_Session_HEVC_Prepare Enter 0xc73a78020
2026-08-10 08:11:04 Martins-MacBook-Pro Books[1640] <Error>: 59847830292 12 AVE INFO: AVE_Session_HEVC_Prepare Exit 0xc73a78020 0
2026-08-10 08:11:04 Martins-MacBook-Pro Books[1640] <Error>: 59847830305 11 AVE INFO: AVE_Plugin_HEVC_PrepareToEncodeTiles Exit 0xc73a78000 0 790 330 0 0
2026-08-10 08:11:04 Martins-MacBook-Pro Books[1640] <Error>: 59847845502 11 AVE INFO: AVE_Plugin_HEVC_Invalidate Enter 0xc73a78000 0
2026-08-10 08:11:04 Martins-MacBook-Pro Books[1640] <Error>: 59847845526 12 AVE INFO: AVE_Session_HEVC_Stop Enter 0xc73a78020
2026-08-10 08:11:04 Martins-MacBook-Pro Books[1640] <Error>: 59847845653 12 AVE INFO: AVE_Session_HEVC_Stop Exit 0xc73a78020 0
2026-08-10 08:11:04 Martins-MacBook-Pro Books[1640] <Error>: 59847845670 11 AVE INFO: AVE_Plugin_HEVC_Invalidate Exit 0xc73a78000 790 168 0 0
2026-08-10 08:11:04 Martins-MacBook-Pro Books[1640] <Error>: 59847845682 11 AVE INFO: AVE_Plugin_HEVC_Finalize Enter 0xc73a78000 0
2026-08-10 08:11:04 Martins-MacBook-Pro Books[1640] <Error>: 59847845693 12 AVE INFO: AVE_Session_HEVC_Destroy Enter 0xc73a78020
2026-08-10 08:11:04 Martins-MacBook-Pro Books[1640] <Error>: 59847847239 2 AVE : ID: 790 Type: 1 Enc: 2 | Input: 1 Proc: 1 Drop: 0
2026-08-10 08:11:04 Martins-MacBook-Pro Books[1640] <Error>: 59847848930 12 AVE INFO: AVE_Session_HEVC_Destroy Exit 0xc73a78020 0
2026-08-10 08:11:04 Martins-MacBook-Pro Books[1640] <Error>: 59847848955 11 AVE INFO: AVE_Plugin_HEVC_Finalize Exit 0xc73a78000 790 3273 0 0
2026-08-10 08:11:04 Martins-MacBook-Pro Books[1640] <Error>: 59848315365 11 AVE : Compiled 905.40.1 in prod on Jul 11 2026 17:45:35
2026-08-10 08:11:04 Martins-MacBook-Pro Books[1640] <Error>: 59848315452 11 AVE : Temporary Path: /Users/mjwebster/Library/Containers/com.apple.iBooksX/Data/tmp/
2026-08-10 08:11:04 Martins-MacBook-Pro Books[1640] <Error>: 59848315476 11 AVE INFO: AVE_Plugin_HEVC_CreateInstance Enter 1752589105 0x1eeeb13c8 0xc6d6d7590 0
2026-08-10 08:11:04 Martins-MacBook-Pro Books[1640] <Error>: 59848315513 12 AVE INFO: AVE_Session_HEVC_Create Enter 0xc73a78020 0x0
2026-08-10 08:11:04 Martins-MacBook-Pro Books[1640] <Error>: 59848315832 12 AVE INFO: AVE_Session_HEVC_CreatePropertyDict Enter 0xc73a78020
2026-08-10 08:11:04 Martins-MacBook-Pro Books[1640] <Error>: 59848315932 12 AVE INFO: AVE_Session_HEVC_CreatePropertyDict Exit 0xc73a78020 0
2026-08-10 08:11:04 Martins-MacBook-Pro Books[1640] <Error>: 59848315954 12 AVE INFO: AVE_Session_HEVC_Create Exit 0xc73a78020 0x0 800 441 0
2026-08-10 08:11:04 Martins-MacBook-Pro Books[1640] <Error>: 59848315972 11 AVE INFO: AVE_Plugin_HEVC_CreateInstance Exit 1752589105 0x1eeeb13c8 0xc6d6d7590 800 0xc73a78000 0xc73a78020 1092 0 0
2026-08-10 08:11:04 Martins-MacBook-Pro Books[1640] <Error>: 59848315993 11 AVE INFO: AVE_Plugin_HEVC_StartTileSession Enter 0xc73a78000 0xc6d6d7580 0xc7e45de40 376 598 0x1eeeb13c8 0
2026-08-10 08:11:04 Martins-MacBook-Pro Books[1640] <Error>: 59848316014 12 AVE INFO: AVE_Session_HEVC_StartTileSession Enter 0xc73a78020 0x16d48d4d0
2026-08-10 08:11:04 Martins-MacBook-Pro Books[1640] <Error>: 59848316045 12 AVE INFO: AVE_Session_HEVC_StartTileSession Exit 0xc73a78020 0x16d48d4d0 0
2026-08-10 08:11:04 Martins-MacBook-Pro Books[1640] <Error>: 59848316065 11 AVE INFO: AVE_Plugin_HEVC_StartTileSession Exit 0xc73a78000 0xc6d6d7580 0xc7e45de40 376 598 0x1eeeb13c8 800 72 0 0
2026-08-10 08:11:04 Martins-MacBook-Pro Books[1640] <Error>: 59848316111 11 AVE INFO: AVE_Plugin_HEVC_PrepareToEncodeTiles Enter 0xc73a78000 0 0
2026-08-10 08:11:04 Martins-MacBook-Pro Books[1640] <Error>: 59848316132 12 AVE INFO: AVE_Session_HEVC_Prepare Enter 0xc73a78020
2026-08-10 08:11:04 Martins-MacBook-Pro Books[1640] <Error>: 59848316943 12 AVE INFO: AVE_Session_HEVC_Prepare Exit 0xc73a78020 0
2026-08-10 08:11:04 Martins-MacBook-Pro Books[1640] <Error>: 59848316994 11 AVE INFO: AVE_Plugin_HEVC_PrepareToEncodeTiles Exit 0xc73a78000 0 800 883 0 0
2026-08-10 08:11:04 Martins-MacBook-Pro Books[1640] <Error>: 59848334277 11 AVE INFO: AVE_Plugin_HEVC_Invalidate Enter 0xc73a78000 0
2026-08-10 08:11:04 Martins-MacBook-Pro Books[1640] <Error>: 59848334381 12 AVE INFO: AVE_Session_HEVC_Stop Enter 0xc73a78020
2026-08-10 08:11:04 Martins-MacBook-Pro Books[1640] <Error>: 59848334551 12 AVE INFO: AVE_Session_HEVC_Stop Exit 0xc73a78020 0
2026-08-10 08:11:04 Martins-MacBook-Pro Books[1640] <Error>: 59848334712 11 AVE INFO: AVE_Plugin_HEVC_Invalidate Exit 0xc73a78000 800 435 0 0
2026-08-10 08:11:04 Martins-MacBook-Pro Books[1640] <Error>: 59848334747 11 AVE INFO: AVE_Plugin_HEVC_Finalize Enter 0xc73a78000 0
2026-08-10 08:11:04 Martins-MacBook-Pro Books[1640] <Error>: 59848334768 12 AVE INFO: AVE_Session_HEVC_Destroy Enter 0xc73a78020
2026-08-10 08:11:04 Martins-MacBook-Pro Books[1640] <Error>: 59848336334 2 AVE : ID: 800 Type: 1 Enc: 2 | Input: 1 Proc: 1 Drop: 0
2026-08-10 08:11:04 Martins-MacBook-Pro Books[1640] <Error>: 59848338790 12 AVE INFO: AVE_Session_HEVC_Destroy Exit 0xc73a78020 0
2026-08-10 08:11:04 Martins-MacBook-Pro Books[1640] <Error>: 59848338840 11 AVE INFO: AVE_Plugin_HEVC_Finalize Exit 0xc73a78000 800 4093 0 0
2026-08-10 08:11:04 Martins-MacBook-Pro Books[1640] <Error>: 59848341053 11 AVE : Compiled 905.40.1 in prod on Jul 11 2026 17:45:35
2026-08-10 08:11:04 Martins-MacBook-Pro Books[1640] <Error>: 59848341104 11 AVE : Temporary Path: /Users/mjwebster/Library/Containers/com.apple.iBooksX/Data/tmp/
2026-08-10 08:11:04 Martins-MacBook-Pro Books[1640] <Error>: 59848341123 11 AVE INFO: AVE_Plugin_HEVC_CreateInstance Enter 1752589105 0x1eeeb13c8 0xc6d6d7a10 0
2026-08-10 08:11:04 Martins-MacBook-Pro Books[1640] <Error>: 59848341146 12 AVE INFO: AVE_Session_HEVC_Create Enter 0xc73a78020 0x0
2026-08-10 08:11:04 Martins-MacBook-Pro Books[1640] <Error>: 59848341367 12 AVE INFO: AVE_Session_HEVC_CreatePropertyDict Enter 0xc73a78020
2026-08-10 08:11:04 Martins-MacBook-Pro Books[1640] <Error>: 59848341449 12 AVE INFO: AVE_Session_HEVC_CreatePropertyDict Exit 0xc73a78020 0
2026-08-10 08:11:04 Martins-MacBook-Pro Books[1640] <Error>: 59848341466 12 AVE INFO: AVE_Session_HEVC_Create Exit 0xc73a78020 0x0 810 319 0
2026-08-10 08:11:04 Martins-MacBook-Pro Books[1640] <Error>: 59848341480 11 AVE INFO: AVE_Plugin_HEVC_CreateInstance Exit 1752589105 0x1eeeb13c8 0xc6d6d7a10 810 0xc73a78000 0xc73a78020 657 0 0
2026-08-10 08:11:04 Martins-MacBook-Pro Books[1640] <Error>: 59848341496 11 AVE INFO: AVE_Plugin_HEVC_StartTileSession Enter 0xc73a78000 0xc6d6d7a00 0xc7d44a120 138 220 0x1eeeb13c8 0
2026-08-10 08:11:04 Martins-MacBook-Pro Books[1640] <Error>: 59848341514 12 AVE INFO: AVE_Session_HEVC_StartTileSession Enter 0xc73a78020 0x16d48d4d0
2026-08-10 08:11:04 Martins-MacBook-Pro Books[1640] <Error>: 59848341538 12 AVE INFO: AVE_Session_HEVC_StartTileSession Exit 0xc73a78020 0x16d48d4d0 0
2026-08-10 08:11:04 Martins-MacBook-Pro Books[1640] <Error>: 59848341552 11 AVE INFO: AVE_Plugin_HEVC_StartTileSession Exit 0xc73a78000 0xc6d6d7a00 0xc7d44a120 138 220 0x1eeeb13c8 810 56 0 0
2026-08-10 08:11:04 Martins-MacBook-Pro Books[1640] <Error>: 59848341590 11 AVE INFO: AVE_Plugin_HEVC_PrepareToEncodeTiles Enter 0xc73a78000 0 0
2026-08-10 08:11:04 Martins-MacBook-Pro Books[1640] <Error>: 59848341606 12 AVE INFO: AVE_Session_HEVC_Prepare Enter 0xc73a78020
2026-08-10 08:11:04 Martins-MacBook-Pro Books[1640] <Error>: 59848342106 12 AVE INFO: AVE_Session_HEVC_Prepare Exit 0xc73a78020 0
2026-08-10 08:11:04 Martins-MacBook-Pro Books[1640] <Error>: 59848342127 11 AVE INFO: AVE_Plugin_HEVC_PrepareToEncodeTiles Exit 0xc73a78000 0 810 537 0 0
2026-08-10 08:11:04 Martins-MacBook-Pro Books[1640] <Error>: 59848357633 11 AVE INFO: AVE_Plugin_HEVC_Invalidate Enter 0xc73a78000 0
2026-08-10 08:11:04 Martins-MacBook-Pro Books[1640] <Error>: 59848357673 12 AVE INFO: AVE_Session_HEVC_Stop Enter 0xc73a78020
2026-08-10 08:11:04 Martins-MacBook-Pro Books[1640] <Error>: 59848357839 12 AVE INFO: AVE_Session_HEVC_Stop Exit 0xc73a78020 0
2026-08-10 08:11:04 Martins-MacBook-Pro Books[1640] <Error>: 59848357861 11 AVE INFO: AVE_Plugin_HEVC_Invalidate Exit 0xc73a78000 810 228 0 0
2026-08-10 08:11:04 Martins-MacBook-Pro Books[1640] <Error>: 59848357879 11 AVE INFO: AVE_Plugin_HEVC_Finalize Enter 0xc73a78000 0
2026-08-10 08:11:04 Martins-MacBook-Pro Books[1640] <Error>: 59848357893 12 AVE INFO: AVE_Session_HEVC_Destroy Enter 0xc73a78020
2026-08-10 08:11:04 Martins-MacBook-Pro Books[1640] <Error>: 59848359446 2 AVE : ID: 810 Type: 1 Enc: 2 | Input: 1 Proc: 1 Drop: 0
2026-08-10 08:11:04 Martins-MacBook-Pro Books[1640] <Error>: 59848361509 12 AVE INFO: AVE_Session_HEVC_Destroy Exit 0xc73a78020 0
2026-08-10 08:11:04 Martins-MacBook-Pro Books[1640] <Error>: 59848361539 11 AVE INFO: AVE_Plugin_HEVC_Finalize Exit 0xc73a78000 810 3660 0 0
2026-08-10 08:11:04 Martins-MacBook-Pro Books[1640] <Error>: 59848365611 11 AVE : Compiled 905.40.1 in prod on Jul 11 2026 17:45:35
2026-08-10 08:11:04 Martins-MacBook-Pro Books[1640] <Error>: 59848365655 11 AVE : Temporary Path: /Users/mjwebster/Library/Containers/com.apple.iBooksX/Data/tmp/
2026-08-10 08:11:04 Martins-MacBook-Pro Books[1640] <Error>: 59848365670 11 AVE INFO: AVE_Plugin_HEVC_CreateInstance Enter 1752589105 0x1eeeb13c8 0xc6e0e6d50 0
2026-08-10 08:11:04 Martins-MacBook-Pro Books[1640] <Error>: 59848365690 12 AVE INFO: AVE_Session_HEVC_Create Enter 0xc76e48020 0x0
2026-08-10 08:11:04 Martins-MacBook-Pro Books[1640] <Error>: 59848365877 12 AVE INFO: AVE_Session_HEVC_CreatePropertyDict Enter 0xc76e48020
2026-08-10 08:11:04 Martins-MacBook-Pro Books[1640] <Error>: 59848365948 12 AVE INFO: AVE_Session_HEVC_CreatePropertyDict Exit 0xc76e48020 0
2026-08-10 08:11:04 Martins-MacBook-Pro Books[1640] <Error>: 59848365963 12 AVE INFO: AVE_Session_HEVC_Create Exit 0xc76e48020 0x0 820 273 0
2026-08-10 08:11:04 Martins-MacBook-Pro Books[1640] <Error>: 59848365976 11 AVE INFO: AVE_Plugin_HEVC_CreateInstance Exit 1752589105 0x1eeeb13c8 0xc6e0e6d50 820 0xc76e48000 0xc76e48020 566 0 0
2026-08-10 08:11:04 Martins-MacBook-Pro Books[1640] <Error>: 59848365991 11 AVE INFO: AVE_Plugin_HEVC_StartTileSession Enter 0xc76e48000 0xc6e0e6d40 0xc7e45cbe0 142 226 0x1eeeb13c8 0
2026-08-10 08:11:04 Martins-MacBook-Pro Books[1640] <Error>: 59848366005 12 AVE INFO: AVE_Session_HEVC_StartTileSession Enter 0xc76e48020 0x16d48d4d0
2026-08-10 08:11:04 Martins-MacBook-Pro Books[1640] <Error>: 59848366027 12 AVE INFO: AVE_Session_HEVC_StartTileSession Exit 0xc76e48020 0x16d48d4d0 0
2026-08-10 08:11:04 Martins-MacBook-Pro Books[1640] <Error>: 59848366042 11 AVE INFO: AVE_Plugin_HEVC_StartTileSession Exit 0xc76e48000 0xc6e0e6d40 0xc7e45cbe0 142 226 0x1eeeb13c8 820 51 0 0
2026-08-10 08:11:04 Martins-MacBook-Pro Books[1640] <Error>: 59848366075 11 AVE INFO: AVE_Plugin_HEVC_PrepareToEncodeTiles Enter 0xc76e48000 0 0
2026-08-10 08:11:04 Martins-MacBook-Pro Books[1640] <Error>: 59848366090 12 AVE INFO: AVE_Session_HEVC_Prepare Enter 0xc76e48020
2026-08-10 08:11:04 Martins-MacBook-Pro Books[1640] <Error>: 59848366504 12 AVE INFO: AVE_Session_HEVC_Prepare Exit 0xc76e48020 0
2026-08-10 08:11:04 Martins-MacBook-Pro Books[1640] <Error>: 59848366524 11 AVE INFO: AVE_Plugin_HEVC_PrepareToEncodeTiles Exit 0xc76e48000 0 820 449 0 0
2026-08-10 08:11:04 Martins-MacBook-Pro Books[1640] <Error>: 59848381876 11 AVE INFO: AVE_Plugin_HEVC_Invalidate Enter 0xc76e48000 0
2026-08-10 08:11:04 Martins-MacBook-Pro Books[1640] <Error>: 59848381923 12 AVE INFO: AVE_Session_HEVC_Stop Enter 0xc76e48020
2026-08-10 08:11:04 Martins-MacBook-Pro Books[1640] <Error>: 59848382062 12 AVE INFO: AVE_Session_HEVC_Stop Exit 0xc76e48020 0
2026-08-10 08:11:04 Martins-MacBook-Pro Books[1640] <Error>: 59848382083 11 AVE INFO: AVE_Plugin_HEVC_Invalidate Exit 0xc76e48000 820 207 0 0
2026-08-10 08:11:04 Martins-MacBook-Pro Books[1640] <Error>: 59848382098 11 AVE INFO: AVE_Plugin_HEVC_Finalize Enter 0xc76e48000 0
2026-08-10 08:11:04 Martins-MacBook-Pro Books[1640] <Error>: 59848382112 12 AVE INFO: AVE_Session_HEVC_Destroy Enter 0xc76e48020
2026-08-10 08:11:04 Martins-MacBook-Pro Books[1640] <Error>: 59848383679 2 AVE : ID: 820 Type: 1 Enc: 2 | Input: 1 Proc: 1 Drop: 0
2026-08-10 08:11:04 Martins-MacBook-Pro Books[1640] <Error>: 59848385721 12 AVE INFO: AVE_Session_HEVC_Destroy Exit 0xc76e48020 0
2026-08-10 08:11:04 Martins-MacBook-Pro Books[1640] <Error>: 59848385746 11 AVE INFO: AVE_Plugin_HEVC_Finalize Exit 0xc76e48000 820 3648 0 0
2026-08-10 08:11:04 Martins-MacBook-Pro Books[1640] <Error>: 59848387988 11 AVE : Compiled 905.40.1 in prod on Jul 11 2026 17:45:35
2026-08-10 08:11:04 Martins-MacBook-Pro Books[1640] <Error>: 59848388026 11 AVE : Temporary Path: /Users/mjwebster/Library/Containers/com.apple.iBooksX/Data/tmp/
2026-08-10 08:11:04 Martins-MacBook-Pro Books[1640] <Error>: 59848388040 11 AVE INFO: AVE_Plugin_HEVC_CreateInstance Enter 1752589105 0x1eeeb13c8 0xc6e0e6d50 0
2026-08-10 08:11:04 Martins-MacBook-Pro Books[1640] <Error>: 59848388059 12 AVE INFO: AVE_Session_HEVC_Create Enter 0xc73ba0020 0x0
2026-08-10 08:11:04 Martins-MacBook-Pro Books[1640] <Error>: 59848388365 12 AVE INFO: AVE_Session_HEVC_CreatePropertyDict Enter 0xc73ba0020
2026-08-10 08:11:04 Martins-MacBook-Pro Books[1640] <Error>: 59848388443 12 AVE INFO: AVE_Session_HEVC_CreatePropertyDict Exit 0xc73ba0020 0
2026-08-10 08:11:04 Martins-MacBook-Pro Books[1640] <Error>: 59848388457 12 AVE INFO: AVE_Session_HEVC_Create Exit 0xc73ba0020 0x0 830 398 0
2026-08-10 08:11:04 Martins-MacBook-Pro Books[1640] <Error>: 59848388469 11 AVE INFO: AVE_Plugin_HEVC_CreateInstance Exit 1752589105 0x1eeeb13c8 0xc6e0e6d50 830 0xc73ba0000 0xc73ba0020 677 0 0
2026-08-10 08:11:04 Martins-MacBook-Pro Books[1640] <Error>: 59848388484 11 AVE INFO: AVE_Plugin_HEVC_StartTileSession Enter 0xc73ba0000 0xc6e0e6d40 0xc79e1ce40 376 598 0x1eeeb13c8 0
2026-08-10 08:11:04 Martins-MacBook-Pro Books[1640] <Error>: 59848388496 12 AVE INFO: AVE_Session_HEVC_StartTileSession Enter 0xc73ba0020 0x16d48d4d0
2026-08-10 08:11:04 Martins-MacBook-Pro Books[1640] <Error>: 59848388517 12 AVE INFO: AVE_Session_HEVC_StartTileSession Exit 0xc73ba0020 0x16d48d4d0 0
2026-08-10 08:11:04 Martins-MacBook-Pro Books[1640] <Error>: 59848388530 11 AVE INFO: AVE_Plugin_HEVC_StartTileSession Exit 0xc73ba0000 0xc6e0e6d40 0xc79e1ce40 376 598 0x1eeeb13c8 830 46 0 0
2026-08-10 08:11:04 Martins-MacBook-Pro Books[1640] <Error>: 59848388570 11 AVE INFO: AVE_Plugin_HEVC_PrepareToEncodeTiles Enter 0xc73ba0000 0 0
2026-08-10 08:11:04 Martins-MacBook-Pro Books[1640] <Error>: 59848388584 12 AVE INFO: AVE_Session_HEVC_Prepare Enter 0xc73ba0020
2026-08-10 08:11:04 Martins-MacBook-Pro Books[1640] <Error>: 59848389125 12 AVE INFO: AVE_Session_HEVC_Prepare Exit 0xc73ba0020 0
2026-08-10 08:11:04 Martins-MacBook-Pro Books[1640] <Error>: 59848389152 11 AVE INFO: AVE_Plugin_HEVC_PrepareToEncodeTiles Exit 0xc73ba0000 0 830 582 0 0
2026-08-10 08:11:04 Martins-MacBook-Pro Books[1640] <Error>: 59848402828 11 AVE INFO: AVE_Plugin_HEVC_Invalidate Enter 0xc73ba0000 0
2026-08-10 08:11:04 Martins-MacBook-Pro Books[1640] <Error>: 59848402872 12 AVE INFO: AVE_Session_HEVC_Stop Enter 0xc73ba0020
2026-08-10 08:11:04 Martins-MacBook-Pro Books[1640] <Error>: 59848402999 12 AVE INFO: AVE_Session_HEVC_Stop Exit 0xc73ba0020 0
2026-08-10 08:11:04 Martins-MacBook-Pro Books[1640] <Error>: 59848403021 11 AVE INFO: AVE_Plugin_HEVC_Invalidate Exit 0xc73ba0000 830 193 0 0
2026-08-10 08:11:04 Martins-MacBook-Pro Books[1640] <Error>: 59848403032 11 AVE INFO: AVE_Plugin_HEVC_Finalize Enter 0xc73ba0000 0
2026-08-10 08:11:04 Martins-MacBook-Pro Books[1640] <Error>: 59848403043 12 AVE INFO: AVE_Session_HEVC_Destroy Enter 0xc73ba0020
2026-08-10 08:11:04 Martins-MacBook-Pro Books[1640] <Error>: 59848404640 2 AVE : ID: 830 Type: 1 Enc: 2 | Input: 1 Proc: 1 Drop: 0
2026-08-10 08:11:04 Martins-MacBook-Pro Books[1640] <Error>: 59848407041 12 AVE INFO: AVE_Session_HEVC_Destroy Exit 0xc73ba0020 0
2026-08-10 08:11:04 Martins-MacBook-Pro Books[1640] <Error>: 59848407070 11 AVE INFO: AVE_Plugin_HEVC_Finalize Exit 0xc73ba0000 830 4038 0 0
2026-08-10 08:11:04 Martins-MacBook-Pro Books[1640] <Error>: 59848409230 11 AVE : Compiled 905.40.1 in prod on Jul 11 2026 17:45:35
2026-08-10 08:11:04 Martins-MacBook-Pro Books[1640] <Error>: 59848409264 11 AVE : Temporary Path: /Users/mjwebster/Library/Containers/com.apple.iBooksX/Data/tmp/
2026-08-10 08:11:04 Martins-MacBook-Pro Books[1640] <Error>: 59848409277 11 AVE INFO: AVE_Plugin_HEVC_CreateInstance Enter 1752589105 0x1eeeb13c8 0xc6e0e6d50 0
2026-08-10 08:11:04 Martins-MacBook-Pro Books[1640] <Error>: 59848409293 12 AVE INFO: AVE_Session_HEVC_Create Enter 0xc73ba0020 0x0
2026-08-10 08:11:04 Martins-MacBook-Pro Books[1640] <Error>: 59848409461 12 AVE INFO: AVE_Session_HEVC_CreatePropertyDict Enter 0xc73ba0020
2026-08-10 08:11:04 Martins-MacBook-Pro Books[1640] <Error>: 59848409518 12 AVE INFO: AVE_Session_HEVC_CreatePropertyDict Exit 0xc73ba0020 0
2026-08-10 08:11:04 Martins-MacBook-Pro Books[1640] <Error>: 59848409532 12 AVE INFO: AVE_Session_HEVC_Create Exit 0xc73ba0020 0x0 840 239 0
2026-08-10 08:11:04 Martins-MacBook-Pro Books[1640] <Error>: 59848409544 11 AVE INFO: AVE_Plugin_HEVC_CreateInstance Exit 1752589105 0x1eeeb13c8 0xc6e0e6d50 840 0xc73ba0000 0xc73ba0020 497 0 0
2026-08-10 08:11:04 Martins-MacBook-Pro Books[1640] <Error>: 59848409556 11 AVE INFO: AVE_Plugin_HEVC_StartTileSession Enter 0xc73ba0000 0xc6e0e6d40 0xc7d36e460 138 220 0x1eeeb13c8 0
2026-08-10 08:11:04 Martins-MacBook-Pro Books[1640] <Error>: 59848409574 12 AVE INFO: AVE_Session_HEVC_StartTileSession Enter 0xc73ba0020 0x16d48d4d0
2026-08-10 08:11:04 Martins-MacBook-Pro Books[1640] <Error>: 59848409594 12 AVE INFO: AVE_Session_HEVC_StartTileSession Exit 0xc73ba0020 0x16d48d4d0 0
2026-08-10 08:11:04 Martins-MacBook-Pro Books[1640] <Error>: 59848409606 11 AVE INFO: AVE_Plugin_HEVC_StartTileSession Exit 0xc73ba0000 0xc6e0e6d40 0xc7d36e460 138 220 0x1eeeb13c8 840 50 0 0
2026-08-10 08:11:04 Martins-MacBook-Pro Books[1640] <Error>: 59848409638 11 AVE INFO: AVE_Plugin_HEVC_PrepareToEncodeTiles Enter 0xc73ba0000 0 0
2026-08-10 08:11:04 Martins-MacBook-Pro Books[1640] <Error>: 59848409651 12 AVE INFO: AVE_Session_HEVC_Prepare Enter 0xc73ba0020
2026-08-10 08:11:04 Martins-MacBook-Pro Books[1640] <Error>: 59848410011 12 AVE INFO: AVE_Session_HEVC_Prepare Exit 0xc73ba0020 0
2026-08-10 08:11:04 Martins-MacBook-Pro Books[1640] <Error>: 59848410024 11 AVE INFO: AVE_Plugin_HEVC_PrepareToEncodeTiles Exit 0xc73ba0000 0 840 386 0 0
2026-08-10 08:11:04 Martins-MacBook-Pro Books[1640] <Error>: 59848425784 11 AVE INFO: AVE_Plugin_HEVC_Invalidate Enter 0xc73ba0000 0
2026-08-10 08:11:04 Martins-MacBook-Pro Books[1640] <Error>: 59848425829 12 AVE INFO: AVE_Session_HEVC_Stop Enter 0xc73ba0020
2026-08-10 08:11:04 Martins-MacBook-Pro Books[1640] <Error>: 59848425954 12 AVE INFO: AVE_Session_HEVC_Stop Exit 0xc73ba0020 0
2026-08-10 08:11:04 Martins-MacBook-Pro Books[1640] <Error>: 59848425974 11 AVE INFO: AVE_Plugin_HEVC_Invalidate Exit 0xc73ba0000 840 190 0 0
2026-08-10 08:11:04 Martins-MacBook-Pro Books[1640] <Error>: 59848425988 11 AVE INFO: AVE_Plugin_HEVC_Finalize Enter 0xc73ba0000 0
2026-08-10 08:11:04 Martins-MacBook-Pro Books[1640] <Error>: 59848425998 12 AVE INFO: AVE_Session_HEVC_Destroy Enter 0xc73ba0020
2026-08-10 08:11:04 Martins-MacBook-Pro Books[1640] <Error>: 59848427540 2 AVE : ID: 840 Type: 1 Enc: 2 | Input: 1 Proc: 1 Drop: 0
2026-08-10 08:11:04 Martins-MacBook-Pro Books[1640] <Error>: 59848429475 12 AVE INFO: AVE_Session_HEVC_Destroy Exit 0xc73ba0020 0
2026-08-10 08:11:04 Martins-MacBook-Pro Books[1640] <Error>: 59848429499 11 AVE INFO: AVE_Plugin_HEVC_Finalize Exit 0xc73ba0000 840 3511 0 0
2026-08-10 08:11:04 Martins-MacBook-Pro Books[1640] <Error>: 59848430999 11 AVE : Compiled 905.40.1 in prod on Jul 11 2026 17:45:35
2026-08-10 08:11:04 Martins-MacBook-Pro Books[1640] <Error>: 59848431034 11 AVE : Temporary Path: /Users/mjwebster/Library/Containers/com.apple.iBooksX/Data/tmp/
2026-08-10 08:11:04 Martins-MacBook-Pro Books[1640] <Error>: 59848431172 11 AVE INFO: AVE_Plugin_HEVC_CreateInstance Enter 1752589105 0x1eeeb13c8 0xc6e0e6d50 0
2026-08-10 08:11:04 Martins-MacBook-Pro Books[1640] <Error>: 59848431190 12 AVE INFO: AVE_Session_HEVC_Create Enter 0xc73ba0020 0x0
2026-08-10 08:11:04 Martins-MacBook-Pro Books[1640] <Error>: 59848431368 12 AVE INFO: AVE_Session_HEVC_CreatePropertyDict Enter 0xc73ba0020
2026-08-10 08:11:04 Martins-MacBook-Pro Books[1640] <Error>: 59848431424 12 AVE INFO: AVE_Session_HEVC_CreatePropertyDict Exit 0xc73ba0020 0
2026-08-10 08:11:04 Martins-MacBook-Pro Books[1640] <Error>: 59848431438 12 AVE INFO: AVE_Session_HEVC_Create Exit 0xc73ba0020 0x0 850 248 0
2026-08-10 08:11:04 Martins-MacBook-Pro Books[1640] <Error>: 59848431450 11 AVE INFO: AVE_Plugin_HEVC_CreateInstance Exit 1752589105 0x1eeeb13c8 0xc6e0e6d50 850 0xc73ba0000 0xc73ba0020 640 0 0
2026-08-10 08:11:04 Martins-MacBook-Pro Books[1640] <Error>: 59848431464 11 AVE INFO: AVE_Plugin_HEVC_StartTileSession Enter 0xc73ba0000 0xc6e0e6d40 0xc7e3bb740 138 220 0x1eeeb13c8 0
2026-08-10 08:11:04 Martins-MacBook-Pro Books[1640] <Error>: 59848431478 12 AVE INFO: AVE_Session_HEVC_StartTileSession Enter 0xc73ba0020 0x16d48d4d0
2026-08-10 08:11:04 Martins-MacBook-Pro Books[1640] <Error>: 59848431497 12 AVE INFO: AVE_Session_HEVC_StartTileSession Exit 0xc73ba0020 0x16d48d4d0 0
2026-08-10 08:11:04 Martins-MacBook-Pro Books[1640] <Error>: 59848431510 11 AVE INFO: AVE_Plugin_HEVC_StartTileSession Exit 0xc73ba0000 0xc6e0e6d40 0xc7e3bb740 138 220 0x1eeeb13c8 850 45 0 0
2026-08-10 08:11:04 Martins-MacBook-Pro Books[1640] <Error>: 59848431540 11 AVE INFO: AVE_Plugin_HEVC_PrepareToEncodeTiles Enter 0xc73ba0000 0 0
2026-08-10 08:11:04 Martins-MacBook-Pro Books[1640] <Error>: 59848431553 12 AVE INFO: AVE_Session_HEVC_Prepare Enter 0xc73ba0020
2026-08-10 08:11:04 Martins-MacBook-Pro Books[1640] <Error>: 59848431906 12 AVE INFO: AVE_Session_HEVC_Prepare Exit 0xc73ba0020 0
2026-08-10 08:11:04 Martins-MacBook-Pro Books[1640] <Error>: 59848431921 11 AVE INFO: AVE_Plugin_HEVC_PrepareToEncodeTiles Exit 0xc73ba0000 0 850 380 0 0
2026-08-10 08:11:04 Martins-MacBook-Pro Books[1640] <Error>: 59848447833 11 AVE INFO: AVE_Plugin_HEVC_Invalidate Enter 0xc73ba0000 0
2026-08-10 08:11:04 Martins-MacBook-Pro Books[1640] <Error>: 59848447873 12 AVE INFO: AVE_Session_HEVC_Stop Enter 0xc73ba0020
2026-08-10 08:11:04 Martins-MacBook-Pro Books[1640] <Error>: 59848448026 12 AVE INFO: AVE_Session_HEVC_Stop Exit 0xc73ba0020 0
2026-08-10 08:11:04 Martins-MacBook-Pro Books[1640] <Error>: 59848448044 11 AVE INFO: AVE_Plugin_HEVC_Invalidate Exit 0xc73ba0000 850 210 0 0
2026-08-10 08:11:04 Martins-MacBook-Pro Books[1640] <Error>: 59848448056 11 AVE INFO: AVE_Plugin_HEVC_Finalize Enter 0xc73ba0000 0
2026-08-10 08:11:04 Martins-MacBook-Pro Books[1640] <Error>: 59848448067 12 AVE INFO: AVE_Session_HEVC_Destroy Enter 0xc73ba0020
2026-08-10 08:11:04 Martins-MacBook-Pro Books[1640] <Error>: 59848449559 2 AVE : ID: 850 Type: 1 Enc: 2 | Input: 1 Proc: 1 Drop: 0
2026-08-10 08:11:04 Martins-MacBook-Pro Books[1640] <Error>: 59848451405 12 AVE INFO: AVE_Session_HEVC_Destroy Exit 0xc73ba0020 0
2026-08-10 08:11:04 Martins-MacBook-Pro Books[1640] <Error>: 59848451425 11 AVE INFO: AVE_Plugin_HEVC_Finalize Exit 0xc73ba0000 850 3369 0 0
2026-08-10 08:11:04 Martins-MacBook-Pro Books[1640] <Error>: 59848452882 11 AVE : Compiled 905.40.1 in prod on Jul 11 2026 17:45:35
2026-08-10 08:11:04 Martins-MacBook-Pro Books[1640] <Error>: 59848452907 11 AVE : Temporary Path: /Users/mjwebster/Library/Containers/com.apple.iBooksX/Data/tmp/
2026-08-10 08:11:04 Martins-MacBook-Pro Books[1640] <Error>: 59848452919 11 AVE INFO: AVE_Plugin_HEVC_CreateInstance Enter 1752589105 0x1eeeb13c8 0xc6e0e6d50 0
2026-08-10 08:11:04 Martins-MacBook-Pro Books[1640] <Error>: 59848452933 12 AVE INFO: AVE_Session_HEVC_Create Enter 0xc73ba0020 0x0
2026-08-10 08:11:04 Martins-MacBook-Pro Books[1640] <Error>: 59848453095 12 AVE INFO: AVE_Session_HEVC_CreatePropertyDict Enter 0xc73ba0020
2026-08-10 08:11:04 Martins-MacBook-Pro Books[1640] <Error>: 59848453152 12 AVE INFO: AVE_Session_HEVC_CreatePropertyDict Exit 0xc73ba0020 0
2026-08-10 08:11:04 Martins-MacBook-Pro Books[1640] <Error>: 59848453166 12 AVE INFO: AVE_Session_HEVC_Create Exit 0xc73ba0020 0x0 860 233 0
2026-08-10 08:11:04 Martins-MacBook-Pro Books[1640] <Error>: 59848453177 11 AVE INFO: AVE_Plugin_HEVC_CreateInstance Exit 1752589105 0x1eeeb13c8 0xc6e0e6d50 860 0xc73ba0000 0xc73ba0020 467 0 0
2026-08-10 08:11:04 Martins-MacBook-Pro Books[1640] <Error>: 59848453190 11 AVE INFO: AVE_Plugin_HEVC_StartTileSession Enter 0xc73ba0000 0xc6e0e6d40 0xc7e45cbe0 142 226 0x1eeeb13c8 0
2026-08-10 08:11:04 Martins-MacBook-Pro Books[1640] <Error>: 59848453201 12 AVE INFO: AVE_Session_HEVC_StartTileSession Enter 0xc73ba0020 0x16d48d4d0
2026-08-10 08:11:04 Martins-MacBook-Pro Books[1640] <Error>: 59848453221 12 AVE INFO: AVE_Session_HEVC_StartTileSession Exit 0xc73ba0020 0x16d48d4d0 0
2026-08-10 08:11:04 Martins-MacBook-Pro Books[1640] <Error>: 59848453232 11 AVE INFO: AVE_Plugin_HEVC_StartTileSession Exit 0xc73ba0000 0xc6e0e6d40 0xc7e45cbe0 142 226 0x1eeeb13c8 860 42 0 0
2026-08-10 08:11:04 Martins-MacBook-Pro Books[1640] <Error>: 59848453260 11 AVE INFO: AVE_Plugin_HEVC_PrepareToEncodeTiles Enter 0xc73ba0000 0 0
2026-08-10 08:11:04 Martins-MacBook-Pro Books[1640] <Error>: 59848453273 12 AVE INFO: AVE_Session_HEVC_Prepare Enter 0xc73ba0020
2026-08-10 08:11:04 Martins-MacBook-Pro Books[1640] <Error>: 59848453607 12 AVE INFO: AVE_Session_HEVC_Prepare Exit 0xc73ba0020 0
2026-08-10 08:11:04 Martins-MacBook-Pro Books[1640] <Error>: 59848453623 11 AVE INFO: AVE_Plugin_HEVC_PrepareToEncodeTiles Exit 0xc73ba0000 0 860 363 0 0
2026-08-10 08:11:04 Martins-MacBook-Pro Books[1640] <Error>: 59848465873 11 AVE INFO: AVE_Plugin_HEVC_Invalidate Enter 0xc73ba0000 0
2026-08-10 08:11:04 Martins-MacBook-Pro Books[1640] <Error>: 59848465895 12 AVE INFO: AVE_Session_HEVC_Stop Enter 0xc73ba0020
2026-08-10 08:11:04 Martins-MacBook-Pro Books[1640] <Error>: 59848466013 12 AVE INFO: AVE_Session_HEVC_Stop Exit 0xc73ba0020 0
2026-08-10 08:11:04 Martins-MacBook-Pro Books[1640] <Error>: 59848466030 11 AVE INFO: AVE_Plugin_HEVC_Invalidate Exit 0xc73ba0000 860 157 0 0
2026-08-10 08:11:04 Martins-MacBook-Pro Books[1640] <Error>: 59848466042 11 AVE INFO: AVE_Plugin_HEVC_Finalize Enter 0xc73ba0000 0
2026-08-10 08:11:04 Martins-MacBook-Pro Books[1640] <Error>: 59848466054 12 AVE INFO: AVE_Session_HEVC_Destroy Enter 0xc73ba0020
2026-08-10 08:11:04 Martins-MacBook-Pro Books[1640] <Error>: 59848467520 2 AVE : ID: 860 Type: 1 Enc: 2 | Input: 1 Proc: 1 Drop: 0
2026-08-10 08:11:04 Martins-MacBook-Pro Books[1640] <Error>: 59848469250 12 AVE INFO: AVE_Session_HEVC_Destroy Exit 0xc73ba0020 0
2026-08-10 08:11:04 Martins-MacBook-Pro Books[1640] <Error>: 59848469270 11 AVE INFO: AVE_Plugin_HEVC_Finalize Exit 0xc73ba0000 860 3227 0 0
2026-08-10 08:11:04 Martins-MacBook-Pro Books[1640] <Error>: 59848471301 11 AVE : Compiled 905.40.1 in prod on Jul 11 2026 17:45:35
2026-08-10 08:11:04 Martins-MacBook-Pro Books[1640] <Error>: 59848471339 11 AVE : Temporary Path: /Users/mjwebster/Library/Containers/com.apple.iBooksX/Data/tmp/
2026-08-10 08:11:04 Martins-MacBook-Pro Books[1640] <Error>: 59848471354 11 AVE INFO: AVE_Plugin_HEVC_CreateInstance Enter 1752589105 0x1eeeb13c8 0xc6e0e6d50 0
2026-08-10 08:11:04 Martins-MacBook-Pro Books[1640] <Error>: 59848471371 12 AVE INFO: AVE_Session_HEVC_Create Enter 0xc73ba0020 0x0
2026-08-10 08:11:04 Martins-MacBook-Pro Books[1640] <Error>: 59848471584 12 AVE INFO: AVE_Session_HEVC_CreatePropertyDict Enter 0xc73ba0020
2026-08-10 08:11:04 Martins-MacBook-Pro Books[1640] <Error>: 59848471645 12 AVE INFO: AVE_Session_HEVC_CreatePropertyDict Exit 0xc73ba0020 0
2026-08-10 08:11:04 Martins-MacBook-Pro Books[1640] <Error>: 59848471661 12 AVE INFO: AVE_Session_HEVC_Create Exit 0xc73ba0020 0x0 870 290 0
2026-08-10 08:11:04 Martins-MacBook-Pro Books[1640] <Error>: 59848471673 11 AVE INFO: AVE_Plugin_HEVC_CreateInstance Exit 1752589105 0x1eeeb13c8 0xc6e0e6d50 870 0xc73ba0000 0xc73ba0020 544 0 0
2026-08-10 08:11:04 Martins-MacBook-Pro Books[1640] <Error>: 59848471686 11 AVE INFO: AVE_Plugin_HEVC_StartTileSession Enter 0xc73ba0000 0xc6e0e6d40 0xc7d4daea0 376 598 0x1eeeb13c8 0
2026-08-10 08:11:04 Martins-MacBook-Pro Books[1640] <Error>: 59848471697 12 AVE INFO: AVE_Session_HEVC_StartTileSession Enter 0xc73ba0020 0x16d48d4d0
2026-08-10 08:11:04 Martins-MacBook-Pro Books[1640] <Error>: 59848471718 12 AVE INFO: AVE_Session_HEVC_StartTileSession Exit 0xc73ba0020 0x16d48d4d0 0
2026-08-10 08:11:04 Martins-MacBook-Pro Books[1640] <Error>: 59848471731 11 AVE INFO: AVE_Plugin_HEVC_StartTileSession Exit 0xc73ba0000 0xc6e0e6d40 0xc7d4daea0 376 598 0x1eeeb13c8 870 45 0 0
2026-08-10 08:11:04 Martins-MacBook-Pro Books[1640] <Error>: 59848471760 11 AVE INFO: AVE_Plugin_HEVC_PrepareToEncodeTiles Enter 0xc73ba0000 0 0
2026-08-10 08:11:04 Martins-MacBook-Pro Books[1640] <Error>: 59848471772 12 AVE INFO: AVE_Session_HEVC_Prepare Enter 0xc73ba0020
2026-08-10 08:11:04 Martins-MacBook-Pro Books[1640] <Error>: 59848472158 12 AVE INFO: AVE_Session_HEVC_Prepare Exit 0xc73ba0020 0
2026-08-10 08:11:04 Martins-MacBook-Pro Books[1640] <Error>: 59848472173 11 AVE INFO: AVE_Plugin_HEVC_PrepareToEncodeTiles Exit 0xc73ba0000 0 870 413 0 0
2026-08-10 08:11:04 Martins-MacBook-Pro Books[1640] <Error>: 59848487528 11 AVE INFO: AVE_Plugin_HEVC_Invalidate Enter 0xc73ba0000 0
2026-08-10 08:11:04 Martins-MacBook-Pro Books[1640] <Error>: 59848487550 12 AVE INFO: AVE_Session_HEVC_Stop Enter 0xc73ba0020
2026-08-10 08:11:04 Martins-MacBook-Pro Books[1640] <Error>: 59848487663 12 AVE INFO: AVE_Session_HEVC_Stop Exit 0xc73ba0020 0
2026-08-10 08:11:04 Martins-MacBook-Pro Books[1640] <Error>: 59848487681 11 AVE INFO: AVE_Plugin_HEVC_Invalidate Exit 0xc73ba0000 870 152 0 0
2026-08-10 08:11:04 Martins-MacBook-Pro Books[1640] <Error>: 59848487694 11 AVE INFO: AVE_Plugin_HEVC_Finalize Enter 0xc73ba0000 0
2026-08-10 08:11:04 Martins-MacBook-Pro Books[1640] <Error>: 59848487705 12 AVE INFO: AVE_Session_HEVC_Destroy Enter 0xc73ba0020
2026-08-10 08:11:04 Martins-MacBook-Pro Books[1640] <Error>: 59848489201 2 AVE : ID: 870 Type: 1 Enc: 2 | Input: 1 Proc: 1 Drop: 0
2026-08-10 08:11:04 Martins-MacBook-Pro Books[1640] <Error>: 59848490913 12 AVE INFO: AVE_Session_HEVC_Destroy Exit 0xc73ba0020 0
2026-08-10 08:11:04 Martins-MacBook-Pro Books[1640] <Error>: 59848490932 11 AVE INFO: AVE_Plugin_HEVC_Finalize Exit 0xc73ba0000 870 3238 0 0
2026-08-10 08:12:44 Martins-MacBook-Pro syslogd[574] <Notice>: ASL Sender Statistics
2026-08-10 08:23:44 Martins-MacBook-Pro syslogd[574] <Notice>: ASL Sender Statistics
2026-08-10 08:35:24 Martins-MacBook-Pro syslogd[574] <Notice>: ASL Sender Statistics
2026-08-10 08:45:29 Martins-MacBook-Pro syslogd[574] <Notice>: ASL Sender Statistics
2026-08-10 08:56:25 Martins-MacBook-Pro syslogd[574] <Notice>: ASL Sender Statistics
2026-08-10 09:06:59 Martins-MacBook-Pro syslogd[574] <Notice>: ASL Sender Statistics
2026-08-10 09:17:39 Martins-MacBook-Pro syslogd[574] <Notice>: ASL Sender Statistics
2026-08-10 09:30:21 Martins-MacBook-Pro syslogd[574] <Notice>: ASL Sender Statistics
2026-08-10 09:45:21 Martins-MacBook-Pro syslogd[574] <Notice>: ASL Sender Statistics
2026-08-10 10:00:00 Martins-MacBook-Pro syslogd[574] <Notice>: ASL Sender Statistics
2026-08-10 10:14:52 Martins-MacBook-Pro syslogd[574] <Notice>: ASL Sender Statistics
2026-08-10 10:26:03 Martins-MacBook-Pro syslogd[574] <Notice>: ASL Sender Statistics
2026-08-10 10:38:55 Martins-MacBook-Pro syslogd[574] <Notice>: ASL Sender Statistics
2026-08-10 10:51:04 Martins-MacBook-Pro syslogd[574] <Notice>: ASL Sender Statistics
2026-08-10 11:01:28 Martins-MacBook-Pro syslogd[574] <Notice>: ASL Sender Statistics
2026-08-10 11:11:39 Martins-MacBook-Pro syslogd[574] <Notice>: ASL Sender Statistics
2026-08-10 11:21:44 Martins-MacBook-Pro syslogd[574] <Notice>: ASL Sender Statistics
2026-08-10 11:31:48 Martins-MacBook-Pro syslogd[574] <Notice>: ASL Sender Statistics
2026-08-10 11:44:55 Martins-MacBook-Pro syslogd[574] <Notice>: ASL Sender Statistics
2026-08-10 11:57:05 Martins-MacBook-Pro syslogd[574] <Notice>: ASL Sender Statistics
2026-08-10 12:07:25 Martins-MacBook-Pro syslogd[574] <Notice>: ASL Sender Statistics
2026-08-10 12:17:25 Martins-MacBook-Pro syslogd[574] <Notice>: ASL Sender Statistics
2026-08-10 12:27:34 Martins-MacBook-Pro syslogd[574] <Notice>: ASL Sender Statistics
2026-08-10 12:40:13 Martins-MacBook-Pro syslogd[574] <Notice>: ASL Sender Statistics
2026-08-10 12:50:55 Martins-MacBook-Pro syslogd[574] <Notice>: ASL Sender Statistics
2026-08-10 13:02:26 Martins-MacBook-Pro syslogd[574] <Notice>: ASL Sender Statistics
2026-08-10 13:16:11 Martins-MacBook-Pro syslogd[574] <Notice>: ASL Sender Statistics
2026-08-10 13:26:11 Martins-MacBook-Pro syslogd[574] <Notice>: ASL Sender Statistics
2026-08-10 13:35:57 Martins-MacBook-Pro login[17755] <Notice>: USER_PROCESS: 17755 ttys000
2026-08-10 13:36:43 Martins-MacBook-Pro login[17755] <Notice>: DEAD_PROCESS: 17755 ttys000
2026-08-10 13:36:43 Martins-MacBook-Pro syslogd[574] <Notice>: ASL Sender Statistics
2026-08-10 13:50:33 Martins-MacBook-Pro syslogd[574] <Notice>: ASL Sender Statistics
2026-08-10 14:00:35 Martins-MacBook-Pro syslogd[574] <Notice>: ASL Sender Statistics
2026-08-10 14:10:52 Martins-MacBook-Pro syslogd[574] <Notice>: ASL Sender Statistics
2026-08-10 14:21:15 Martins-MacBook-Pro syslogd[574] <Notice>: ASL Sender Statistics
2026-08-10 14:33:42 Martins-MacBook-Pro syslogd[574] <Notice>: ASL Sender Statistics
2026-08-10 14:43:48 Martins-MacBook-Pro syslogd[574] <Notice>: ASL Sender Statistics
2026-08-10 14:57:20 Martins-MacBook-Pro syslogd[574] <Notice>: ASL Sender Statistics
2026-08-10 15:08:44 Martins-MacBook-Pro syslogd[574] <Notice>: ASL Sender Statistics
2026-08-10 15:18:46 Martins-MacBook-Pro syslogd[574] <Notice>: ASL Sender Statistics
2026-08-10 15:34:07 Martins-MacBook-Pro syslogd[574] <Notice>: ASL Sender Statistics
2026-08-10 15:41:10 Martins-MacBook-Pro Kindle[18532] <Critical>: IOS: Using PageGenerator path for new BookSession (document/settings pair)
2026-08-10 15:41:10 Martins-MacBook-Pro Kindle[18532] <Critical>: IOS: Using PageGenerator path for new BookSession (document/settings pair)
2026-08-10 15:44:29 Martins-MacBook-Pro syslogd[574] <Notice>: ASL Sender Statistics
2026-08-10 15:55:08 Martins-MacBook-Pro syslogd[574] <Notice>: ASL Sender Statistics
2026-08-10 15:56:33 Martins-MacBook-Pro sessionlogoutd[18826] <Notice>: DEAD_PROCESS: 614 console
2026-08-10 15:56:33 Martins-MacBook-Pro shutdown[18828] <Notice>: SHUTDOWN_TIME: 1786402593 141193
2026-08-10 15:56:50 Martins-MacBook-Pro bootlog[0] <Notice>: BOOT_TIME 1786402610 401672
2026-08-10 15:57:09 Martins-MacBook-Pro syslogd[382] <Notice>: Configuration Notice:
ASL Module "com.apple.cdscheduler" claims selected messages.
Those messages may not appear in standard system log files or in the ASL database.
2026-08-10 15:57:09 Martins-MacBook-Pro syslogd[382] <Notice>: Configuration Notice:
ASL Module "com.apple.install" claims selected messages.
Those messages may not appear in standard system log files or in the ASL database.
2026-08-10 15:57:09 Martins-MacBook-Pro syslogd[382] <Notice>: Configuration Notice:
ASL Module "com.apple.authd" sharing output destination "/var/log/asl" with ASL Module "com.apple.asl".
Output parameters from ASL Module "com.apple.asl" override any specified in ASL Module "com.apple.authd".
2026-08-10 15:57:09 Martins-MacBook-Pro syslogd[382] <Notice>: Configuration Notice:
ASL Module "com.apple.authd" sharing output destination "/var/log/system.log" with ASL Module "com.apple.asl".
Output parameters from ASL Module "com.apple.asl" override any specified in ASL Module "com.apple.authd".
2026-08-10 15:57:09 Martins-MacBook-Pro syslogd[382] <Notice>: Configuration Notice:
ASL Module "com.apple.authd" claims selected messages.
Those messages may not appear in standard system log files or in the ASL database.
2026-08-10 15:57:09 Martins-MacBook-Pro syslogd[382] <Notice>: Configuration Notice:
ASL Module "com.apple.eventmonitor" claims selected messages.
Those messages may not appear in standard system log files or in the ASL database.
2026-08-10 15:57:09 Martins-MacBook-Pro syslogd[382] <Notice>: Configuration Notice:
ASL Module "com.apple.mail" claims selected messages.
Those messages may not appear in standard system log files or in the ASL database.
2026-08-10 15:57:09 Martins-MacBook-Pro syslogd[382] <Notice>: Configuration Notice:
ASL Module "com.apple.performance" claims selected messages.
Those messages may not appear in standard system log files or in the ASL database.
2026-08-10 15:57:09 Martins-MacBook-Pro syslogd[382] <Notice>: Configuration Notice:
ASL Module "com.apple.iokit.power" claims selected messages.
Those messages may not appear in standard system log files or in the ASL database.
2026-08-10 15:57:09 Martins-MacBook-Pro syslogd[382] <Notice>: Configuration Notice:
ASL Module "com.apple.contacts.ContactsAutocomplete" claims selected messages.
Those messages may not appear in standard system log files or in the ASL database.
2026-08-10 15:57:09 Martins-MacBook-Pro syslogd[382] <Notice>: Configuration Notice:
ASL Module "com.apple.mkb" sharing output destination "/private/var/log/keybagd.log" with ASL Module "com.apple.mkb.internal".
Output parameters from ASL Module "com.apple.mkb.internal" override any specified in ASL Module "com.apple.mkb".
2026-08-10 15:57:09 Martins-MacBook-Pro syslogd[382] <Notice>: Configuration Notice:
ASL Module "com.apple.mkb" claims selected messages.
Those messages may not appear in standard system log files or in the ASL database.
2026-08-10 15:57:09 Martins-MacBook-Pro syslogd[382] <Notice>: Configuration Notice:
ASL Module "com.apple.MessageTracer" claims selected messages.
Those messages may not appear in standard system log files or in the ASL database.
2026-08-10 15:57:09 Martins-MacBook-Pro syslogd[382] <Notice>: ASL Sender Statistics
2026-08-10 15:57:11 Martins-MacBook-Pro loginwindow[421] <Notice>: USER_PROCESS: 421 console
2026-08-10 16:12:13 Martins-MacBook-Pro syslogd[382] <Notice>: ASL Sender Statistics
2026-08-10 16:30:51 Martins-MacBook-Pro syslogd[382] <Notice>: ASL Sender Statistics
2026-08-10 16:46:30 Martins-MacBook-Pro syslogd[382] <Notice>: ASL Sender Statistics
2026-08-10 16:58:52 Martins-MacBook-Pro syslogd[382] <Notice>: ASL Sender Statistics
2026-08-10 17:09:07 Martins-MacBook-Pro syslogd[382] <Notice>: ASL Sender Statistics
2026-08-10 17:19:10 Martins-MacBook-Pro syslogd[382] <Notice>: ASL Sender Statistics
2026-08-10 17:30:54 Martins-MacBook-Pro syslogd[382] <Notice>: ASL Sender Statistics
2026-08-10 17:40:55 Martins-MacBook-Pro syslogd[382] <Notice>: ASL Sender Statistics
2026-08-10 17:46:34 Martins-MacBook-Pro Podcasts[1650] <Error>: 2764860071 11 AVE : Compiled 905.40.1 in prod on Jul 11 2026 17:45:35
2026-08-10 17:46:34 Martins-MacBook-Pro Podcasts[1650] <Error>: 2764860309 11 AVE : Temporary Path: /Users/mjwebster/Library/Containers/com.apple.podcasts/Data/tmp/
2026-08-10 17:46:34 Martins-MacBook-Pro Podcasts[1650] <Error>: 2764860322 11 AVE INFO: AVE_Plugin_HEVC_CreateInstance Enter 1752589105 0x1fa9f13c8 0xaf8689250 0
2026-08-10 17:46:34 Martins-MacBook-Pro Podcasts[1650] <Error>: 2764861104 12 AVE INFO: AVE_Session_HEVC_Create Enter 0xaf4e94020 0x0
2026-08-10 17:46:34 Martins-MacBook-Pro Podcasts[1650] <Error>: 2764862414 12 AVE INFO: AVE_Session_HEVC_CreatePropertyDict Enter 0xaf4e94020
2026-08-10 17:46:34 Martins-MacBook-Pro Podcasts[1650] <Error>: 2764863143 12 AVE INFO: AVE_Session_HEVC_CreatePropertyDict Exit 0xaf4e94020 0
2026-08-10 17:46:34 Martins-MacBook-Pro Podcasts[1650] <Error>: 2764863329 12 AVE INFO: AVE_Session_HEVC_Create Exit 0xaf4e94020 0x0 10 2225 0
2026-08-10 17:46:34 Martins-MacBook-Pro Podcasts[1650] <Error>: 2764863347 11 AVE INFO: AVE_Plugin_HEVC_CreateInstance Exit 1752589105 0x1fa9f13c8 0xaf8689250 10 0xaf4e94000 0xaf4e94020 4401 0 0
2026-08-10 17:46:34 Martins-MacBook-Pro Podcasts[1650] <Error>: 2764863431 11 AVE INFO: AVE_Plugin_HEVC_StartTileSession Enter 0xaf4e94000 0xaf8689240 0xaf686f280 288 288 0x1fa9f13c8 0
2026-08-10 17:46:34 Martins-MacBook-Pro Podcasts[1650] <Error>: 2764863463 12 AVE INFO: AVE_Session_HEVC_StartTileSession Enter 0xaf4e94020 0x1703c6d10
2026-08-10 17:46:34 Martins-MacBook-Pro Podcasts[1650] <Error>: 2764863576 12 AVE INFO: AVE_Session_HEVC_StartTileSession Exit 0xaf4e94020 0x1703c6d10 0
2026-08-10 17:46:34 Martins-MacBook-Pro Podcasts[1650] <Error>: 2764863595 11 AVE INFO: AVE_Plugin_HEVC_StartTileSession Exit 0xaf4e94000 0xaf8689240 0xaf686f280 288 288 0x1fa9f13c8 10 164 0 0
2026-08-10 17:46:34 Martins-MacBook-Pro Podcasts[1650] <Error>: 2764863752 11 AVE INFO: AVE_Plugin_HEVC_PrepareToEncodeTiles Enter 0xaf4e94000 0 0
2026-08-10 17:46:34 Martins-MacBook-Pro Podcasts[1650] <Error>: 2764863764 12 AVE INFO: AVE_Session_HEVC_Prepare Enter 0xaf4e94020
2026-08-10 17:46:34 Martins-MacBook-Pro Podcasts[1650] <Error>: 2764864120 12 AVE INFO: AVE_Session_HEVC_Prepare Exit 0xaf4e94020 0
2026-08-10 17:46:34 Martins-MacBook-Pro Podcasts[1650] <Error>: 2764864133 11 AVE INFO: AVE_Plugin_HEVC_PrepareToEncodeTiles Exit 0xaf4e94000 0 10 381 0 0
2026-08-10 17:46:34 Martins-MacBook-Pro Podcasts[1650] <Error>: 2764875396 11 AVE INFO: AVE_Plugin_HEVC_Invalidate Enter 0xaf4e94000 0
2026-08-10 17:46:34 Martins-MacBook-Pro Podcasts[1650] <Error>: 2764875433 12 AVE INFO: AVE_Session_HEVC_Stop Enter 0xaf4e94020
2026-08-10 17:46:34 Martins-MacBook-Pro Podcasts[1650] <Error>: 2764875556 12 AVE INFO: AVE_Session_HEVC_Stop Exit 0xaf4e94020 0
2026-08-10 17:46:34 Martins-MacBook-Pro Podcasts[1650] <Error>: 2764875572 11 AVE INFO: AVE_Plugin_HEVC_Invalidate Exit 0xaf4e94000 10 176 0 0
2026-08-10 17:46:34 Martins-MacBook-Pro Podcasts[1650] <Error>: 2764875584 11 AVE INFO: AVE_Plugin_HEVC_Finalize Enter 0xaf4e94000 0
2026-08-10 17:46:34 Martins-MacBook-Pro Podcasts[1650] <Error>: 2764875592 12 AVE INFO: AVE_Session_HEVC_Destroy Enter 0xaf4e94020
2026-08-10 17:46:34 Martins-MacBook-Pro Podcasts[1650] <Error>: 2764877085 2 AVE : ID: 10 Type: 1 Enc: 2 | Input: 1 Proc: 1 Drop: 0
2026-08-10 17:46:34 Martins-MacBook-Pro Podcasts[1650] <Error>: 2764878868 12 AVE INFO: AVE_Session_HEVC_Destroy Exit 0xaf4e94020 0
2026-08-10 17:46:34 Martins-MacBook-Pro Podcasts[1650] <Error>: 2764878891 11 AVE INFO: AVE_Plugin_HEVC_Finalize Exit 0xaf4e94000 10 3307 0 0
2026-08-10 17:52:58 Martins-MacBook-Pro syslogd[382] <Notice>: ASL Sender Statistics
2026-08-10 18:03:03 Martins-MacBook-Pro syslogd[382] <Notice>: ASL Sender Statistics
2026-08-10 18:14:22 Martins-MacBook-Pro syslogd[382] <Notice>: ASL Sender Statistics
2026-08-10 18:30:08 Martins-MacBook-Pro syslogd[382] <Notice>: ASL Sender Statistics
2026-08-10 18:40:12 Martins-MacBook-Pro syslogd[382] <Notice>: ASL Sender Statistics
2026-08-10 18:51:37 Martins-MacBook-Pro syslogd[382] <Notice>: ASL Sender Statistics
2026-08-10 19:13:18 Martins-MacBook-Pro syslogd[382] <Notice>: ASL Sender Statistics
2026-08-10 19:30:28 Martins-MacBook-Pro syslogd[382] <Notice>: ASL Sender Statistics
2026-08-10 19:48:34 Martins-MacBook-Pro syslogd[382] <Notice>: ASL Sender Statistics
2026-08-10 20:12:31 Martins-MacBook-Pro syslogd[382] <Notice>: ASL Sender Statistics
2026-08-10 20:30:48 Martins-MacBook-Pro syslogd[382] <Notice>: ASL Sender Statistics
2026-08-10 20:48:53 Martins-MacBook-Pro syslogd[382] <Notice>: ASL Sender Statistics
2026-08-10 21:01:10 Martins-MacBook-Pro syslogd[382] <Notice>: ASL Sender Statistics
2026-08-10 21:17:14 Martins-MacBook-Pro syslogd[382] <Notice>: ASL Sender Statistics
2026-08-10 21:33:40 Martins-MacBook-Pro syslogd[382] <Notice>: ASL Sender Statistics
2026-08-10 21:33:40 Martins-MacBook-Pro syslogd[382] <Notice>: Configuration Notice:
ASL Module "com.apple.cdscheduler" claims selected messages.
Those messages may not appear in standard system log files or in the ASL database.
2026-08-10 21:33:40 Martins-MacBook-Pro syslogd[382] <Notice>: Configuration Notice:
ASL Module "com.apple.install" claims selected messages.
Those messages may not appear in standard system log files or in the ASL database.
2026-08-10 21:33:40 Martins-MacBook-Pro syslogd[382] <Notice>: Configuration Notice:
ASL Module "com.apple.authd" sharing output destination "/var/log/asl" with ASL Module "com.apple.asl".
Output parameters from ASL Module "com.apple.asl" override any specified in ASL Module "com.apple.authd".
2026-08-10 21:33:40 Martins-MacBook-Pro syslogd[382] <Notice>: Configuration Notice:
ASL Module "com.apple.authd" sharing output destination "/var/log/system.log" with ASL Module "com.apple.asl".
Output parameters from ASL Module "com.apple.asl" override any specified in ASL Module "com.apple.authd".
2026-08-10 21:33:40 Martins-MacBook-Pro syslogd[382] <Notice>: Configuration Notice:
ASL Module "com.apple.authd" claims selected messages.
Those messages may not appear in standard system log files or in the ASL database.
2026-08-10 21:33:40 Martins-MacBook-Pro syslogd[382] <Notice>: Configuration Notice:
ASL Module "com.apple.eventmonitor" claims selected messages.
Those messages may not appear in standard system log files or in the ASL database.
2026-08-10 21:33:40 Martins-MacBook-Pro syslogd[382] <Notice>: Configuration Notice:
ASL Module "com.apple.mail" claims selected messages.
Those messages may not appear in standard system log files or in the ASL database.
2026-08-10 21:33:40 Martins-MacBook-Pro syslogd[382] <Notice>: Configuration Notice:
ASL Module "com.apple.performance" claims selected messages.
Those messages may not appear in standard system log files or in the ASL database.
2026-08-10 21:33:40 Martins-MacBook-Pro syslogd[382] <Notice>: Configuration Notice:
ASL Module "com.apple.iokit.power" claims selected messages.
Those messages may not appear in standard system log files or in the ASL database.
2026-08-10 21:33:40 Martins-MacBook-Pro syslogd[382] <Notice>: Configuration Notice:
ASL Module "com.apple.contacts.ContactsAutocomplete" claims selected messages.
Those messages may not appear in standard system log files or in the ASL database.
2026-08-10 21:33:40 Martins-MacBook-Pro syslogd[382] <Notice>: Configuration Notice:
ASL Module "com.apple.mkb" sharing output destination "/private/var/log/keybagd.log" with ASL Module "com.apple.mkb.internal".
Output parameters from ASL Module "com.apple.mkb.internal" override any specified in ASL Module "com.apple.mkb".
2026-08-10 21:33:40 Martins-MacBook-Pro syslogd[382] <Notice>: Configuration Notice:
ASL Module "com.apple.mkb" claims selected messages.
Those messages may not appear in standard system log files or in the ASL database.
2026-08-10 21:33:40 Martins-MacBook-Pro syslogd[382] <Notice>: Configuration Notice:
ASL Module "com.apple.MessageTracer" claims selected messages.
Those messages may not appear in standard system log files or in the ASL database.
2026-08-10 21:51:29 Martins-MacBook-Pro syslogd[382] <Notice>: ASL Sender Statistics
2026-08-10 22:02:10 Martins-MacBook-Pro syslogd[382] <Notice>: ASL Sender Statistics
2026-08-10 22:18:04 Martins-MacBook-Pro syslogd[382] <Notice>: ASL Sender Statistics
2026-08-10 22:34:31 Martins-MacBook-Pro syslogd[382] <Notice>: ASL Sender Statistics
2026-08-10 22:50:17 Martins-MacBook-Pro syslogd[382] <Notice>: ASL Sender Statistics
2026-08-10 23:03:10 Martins-MacBook-Pro syslogd[382] <Notice>: ASL Sender Statistics
2026-08-10 23:22:11 Martins-MacBook-Pro syslogd[382] <Notice>: ASL Sender Statistics
2026-08-10 23:38:44 Martins-MacBook-Pro syslogd[382] <Notice>: ASL Sender Statistics
2026-08-10 23:56:26 Martins-MacBook-Pro syslogd[382] <Notice>: ASL Sender Statistics
2026-08-11 00:10:12 Martins-MacBook-Pro syslogd[382] <Notice>: ASL Sender Statistics
2026-08-11 00:21:26 Martins-MacBook-Pro syslogd[382] <Notice>: ASL Sender Statistics
2026-08-11 00:39:17 Martins-MacBook-Pro syslogd[382] <Notice>: ASL Sender Statistics
2026-08-11 00:57:52 Martins-MacBook-Pro syslogd[382] <Notice>: ASL Sender Statistics
2026-08-11 01:23:13 Martins-MacBook-Pro syslogd[382] <Notice>: ASL Sender Statistics
2026-08-11 01:38:53 Martins-MacBook-Pro syslogd[382] <Notice>: ASL Sender Statistics
2026-08-11 01:57:03 Martins-MacBook-Pro syslogd[382] <Notice>: ASL Sender Statistics
2026-08-11 02:13:18 Martins-MacBook-Pro syslogd[382] <Notice>: ASL Sender Statistics
2026-08-11 02:23:30 Martins-MacBook-Pro syslogd[382] <Notice>: ASL Sender Statistics
2026-08-11 02:43:44 Martins-MacBook-Pro syslogd[382] <Notice>: ASL Sender Statistics
2026-08-11 02:53:48 Martins-MacBook-Pro syslogd[382] <Notice>: ASL Sender Statistics
2026-08-11 03:13:51 Martins-MacBook-Pro syslogd[382] <Notice>: ASL Sender Statistics
2026-08-11 03:24:48 Martins-MacBook-Pro syslogd[382] <Notice>: ASL Sender Statistics
2026-08-11 03:36:05 Martins-MacBook-Pro syslogd[382] <Notice>: ASL Sender Statistics
2026-08-11 03:46:13 Martins-MacBook-Pro syslogd[382] <Notice>: ASL Sender Statistics
2026-08-11 03:56:20 Martins-MacBook-Pro syslogd[382] <Notice>: ASL Sender Statistics
2026-08-11 04:14:57 Martins-MacBook-Pro syslogd[382] <Notice>: ASL Sender Statistics
2026-08-11 04:25:24 Martins-MacBook-Pro syslogd[382] <Notice>: ASL Sender Statistics
2026-08-11 04:36:06 Martins-MacBook-Pro syslogd[382] <Notice>: ASL Sender Statistics
2026-08-11 04:52:23 Martins-MacBook-Pro syslogd[382] <Notice>: ASL Sender Statistics
2026-08-11 05:09:03 Martins-MacBook-Pro syslogd[382] <Notice>: ASL Sender Statistics
2026-08-11 05:25:52 Martins-MacBook-Pro syslogd[382] <Notice>: ASL Sender Statistics
2026-08-11 05:35:55 Martins-MacBook-Pro syslogd[382] <Notice>: ASL Sender Statistics
2026-08-11 05:54:58 Martins-MacBook-Pro syslogd[382] <Notice>: ASL Sender Statistics
2026-08-11 06:14:14 Martins-MacBook-Pro syslogd[382] <Notice>: ASL Sender Statistics
2026-08-11 06:37:55 Martins-MacBook-Pro syslogd[382] <Notice>: ASL Sender Statistics
2026-08-11 06:47:57 Martins-MacBook-Pro syslogd[382] <Notice>: ASL Sender Statistics
2026-08-11 06:58:10 Martins-MacBook-Pro syslogd[382] <Notice>: ASL Sender Statistics
2026-08-11 07:08:17 Martins-MacBook-Pro syslogd[382] <Notice>: ASL Sender Statistics
2026-08-11 07:18:52 Martins-MacBook-Pro syslogd[382] <Notice>: ASL Sender Statistics
2026-08-11 07:31:29 Martins-MacBook-Pro syslogd[382] <Notice>: ASL Sender Statistics
2026-08-11 07:41:34 Martins-MacBook-Pro syslogd[382] <Notice>: ASL Sender Statistics
2026-08-11 07:52:02 Martins-MacBook-Pro syslogd[382] <Notice>: ASL Sender Statistics
2026-08-11 08:02:02 Martins-MacBook-Pro syslogd[382] <Notice>: ASL Sender Statistics
2026-08-11 08:12:03 Martins-MacBook-Pro syslogd[382] <Notice>: ASL Sender Statistics
2026-08-11 08:22:04 Martins-MacBook-Pro syslogd[382] <Notice>: ASL Sender Statistics
2026-08-11 08:32:14 Martins-MacBook-Pro syslogd[382] <Notice>: ASL Sender Statistics
2026-08-11 08:43:16 Martins-MacBook-Pro syslogd[382] <Notice>: ASL Sender Statistics
2026-08-11 08:53:33 Martins-MacBook-Pro syslogd[382] <Notice>: ASL Sender Statistics
2026-08-11 09:03:55 Martins-MacBook-Pro syslogd[382] <Notice>: ASL Sender Statistics
2026-08-11 09:13:55 Martins-MacBook-Pro syslogd[382] <Notice>: ASL Sender Statistics
2026-08-11 09:23:56 Martins-MacBook-Pro syslogd[382] <Notice>: ASL Sender Statistics
2026-08-11 09:35:16 Martins-MacBook-Pro syslogd[382] <Notice>: ASL Sender Statistics
2026-08-11 09:46:49 Martins-MacBook-Pro syslogd[382] <Notice>: ASL Sender Statistics
2026-08-11 10:00:26 Martins-MacBook-Pro syslogd[382] <Notice>: ASL Sender Statistics
2026-08-11 10:10:57 Martins-MacBook-Pro syslogd[382] <Notice>: ASL Sender Statistics
2026-08-11 10:29:03 Martins-MacBook-Pro syslogd[382] <Notice>: ASL Sender Statistics
2026-08-11 10:39:04 Martins-MacBook-Pro syslogd[382] <Notice>: ASL Sender Statistics
2026-08-11 11:02:12 Martins-MacBook-Pro syslogd[382] <Notice>: ASL Sender Statistics
2026-08-11 11:19:29 Martins-MacBook-Pro syslogd[382] <Notice>: ASL Sender Statistics
2026-08-11 11:30:15 Martins-MacBook-Pro syslogd[382] <Notice>: ASL Sender Statistics
2026-08-11 11:40:19 Martins-MacBook-Pro syslogd[382] <Notice>: ASL Sender Statistics
2026-08-11 11:50:22 Martins-MacBook-Pro syslogd[382] <Notice>: ASL Sender Statistics
2026-08-11 12:07:50 Martins-MacBook-Pro syslogd[382] <Notice>: ASL Sender Statistics
2026-08-11 12:17:59 Martins-MacBook-Pro syslogd[382] <Notice>: ASL Sender Statistics
2026-08-11 12:28:12 Martins-MacBook-Pro syslogd[382] <Notice>: ASL Sender Statistics
2026-08-11 12:38:12 Martins-MacBook-Pro syslogd[382] <Notice>: ASL Sender Statistics
2026-08-11 12:48:12 Martins-MacBook-Pro syslogd[382] <Notice>: ASL Sender Statistics
2026-08-11 12:58:12 Martins-MacBook-Pro syslogd[382] <Notice>: ASL Sender Statistics
2026-08-11 13:08:12 Martins-MacBook-Pro syslogd[382] <Notice>: ASL Sender Statistics
2026-08-11 13:18:12 Martins-MacBook-Pro syslogd[382] <Notice>: ASL Sender Statistics
2026-08-11 13:28:12 Martins-MacBook-Pro syslogd[382] <Notice>: ASL Sender Statistics
2026-08-11 13:38:12 Martins-MacBook-Pro syslogd[382] <Notice>: ASL Sender Statistics
2026-08-11 13:48:12 Martins-MacBook-Pro syslogd[382] <Notice>: ASL Sender Statistics
2026-08-11 13:57:17 Martins-MacBook-Pro Messages[2206] <Error>: 35143420071 11 AVE : Compiled 905.40.1 in prod on Jul 11 2026 17:45:35
2026-08-11 13:57:17 Martins-MacBook-Pro Messages[2206] <Error>: 35143420108 11 AVE : Temporary Path: /Users/mjwebster/Library/Containers/com.apple.MobileSMS/Data/tmp/
2026-08-11 13:57:17 Martins-MacBook-Pro Messages[2206] <Error>: 35143420120 11 AVE INFO: AVE_Plugin_HEVC_CreateInstance Enter 1752589105 0x1fa9f13c8 0x700000745a72210 0
2026-08-11 13:57:17 Martins-MacBook-Pro Messages[2206] <Error>: 35143420158 12 AVE INFO: AVE_Session_HEVC_Create Enter 0x74aa88020 0x0
2026-08-11 13:57:17 Martins-MacBook-Pro Messages[2206] <Error>: 35143420398 12 AVE INFO: AVE_Session_HEVC_CreatePropertyDict Enter 0x74aa88020
2026-08-11 13:57:17 Martins-MacBook-Pro Messages[2206] <Error>: 35143420502 12 AVE INFO: AVE_Session_HEVC_CreatePropertyDict Exit 0x74aa88020 0
2026-08-11 13:57:17 Martins-MacBook-Pro Messages[2206] <Error>: 35143420522 12 AVE INFO: AVE_Session_HEVC_Create Exit 0x74aa88020 0x0 1990 364 0
2026-08-11 13:57:17 Martins-MacBook-Pro Messages[2206] <Error>: 35143420535 11 AVE INFO: AVE_Plugin_HEVC_CreateInstance Exit 1752589105 0x1fa9f13c8 0x700000745a72210 1990 0x74aa88000 0x74aa88020 682 0 0
2026-08-11 13:57:17 Martins-MacBook-Pro Messages[2206] <Error>: 35143420557 11 AVE INFO: AVE_Plugin_HEVC_StartTileSession Enter 0x74aa88000 0x700000745a72200 0xb0000074e23e2e0 256 256 0x1fa9f13c8 0
2026-08-11 13:57:17 Martins-MacBook-Pro Messages[2206] <Error>: 35143420584 12 AVE INFO: AVE_Session_HEVC_StartTileSession Enter 0x74aa88020 0x143e85530
2026-08-11 13:57:17 Martins-MacBook-Pro Messages[2206] <Error>: 35143420633 12 AVE INFO: AVE_Session_HEVC_StartTileSession Exit 0x74aa88020 0x143e85530 0
2026-08-11 13:57:17 Martins-MacBook-Pro Messages[2206] <Error>: 35143420644 11 AVE INFO: AVE_Plugin_HEVC_StartTileSession Exit 0x74aa88000 0x700000745a72200 0xb0000074e23e2e0 256 256 0x1fa9f13c8 1990 87 0 0
2026-08-11 13:57:17 Martins-MacBook-Pro Messages[2206] <Error>: 35143420721 11 AVE INFO: AVE_Plugin_HEVC_PrepareToEncodeTiles Enter 0x74aa88000 0 0
2026-08-11 13:57:17 Martins-MacBook-Pro Messages[2206] <Error>: 35143420732 12 AVE INFO: AVE_Session_HEVC_Prepare Enter 0x74aa88020
2026-08-11 13:57:17 Martins-MacBook-Pro Messages[2206] <Error>: 35143421132 12 AVE INFO: AVE_Session_HEVC_Prepare Exit 0x74aa88020 0
2026-08-11 13:57:17 Martins-MacBook-Pro Messages[2206] <Error>: 35143421146 11 AVE INFO: AVE_Plugin_HEVC_PrepareToEncodeTiles Exit 0x74aa88000 0 1990 425 0 0
2026-08-11 13:57:17 Martins-MacBook-Pro Messages[2206] <Error>: 35143433789 11 AVE INFO: AVE_Plugin_HEVC_Invalidate Enter 0x74aa88000 0
2026-08-11 13:57:17 Martins-MacBook-Pro Messages[2206] <Error>: 35143433829 12 AVE INFO: AVE_Session_HEVC_Stop Enter 0x74aa88020
2026-08-11 13:57:17 Martins-MacBook-Pro Messages[2206] <Error>: 35143433960 12 AVE INFO: AVE_Session_HEVC_Stop Exit 0x74aa88020 0
2026-08-11 13:57:17 Martins-MacBook-Pro Messages[2206] <Error>: 35143433986 11 AVE INFO: AVE_Plugin_HEVC_Invalidate Exit 0x74aa88000 1990 197 0 0
2026-08-11 13:57:17 Martins-MacBook-Pro Messages[2206] <Error>: 35143434001 11 AVE INFO: AVE_Plugin_HEVC_Finalize Enter 0x74aa88000 0
2026-08-11 13:57:17 Martins-MacBook-Pro Messages[2206] <Error>: 35143434013 12 AVE INFO: AVE_Session_HEVC_Destroy Enter 0x74aa88020
2026-08-11 13:57:17 Martins-MacBook-Pro Messages[2206] <Error>: 35143435533 2 AVE : ID: 1990 Type: 1 Enc: 2 | Input: 1 Proc: 1 Drop: 0
2026-08-11 13:57:17 Martins-MacBook-Pro Messages[2206] <Error>: 35143437291 12 AVE INFO: AVE_Session_HEVC_Destroy Exit 0x74aa88020 0
2026-08-11 13:57:17 Martins-MacBook-Pro Messages[2206] <Error>: 35143437314 11 AVE INFO: AVE_Plugin_HEVC_Finalize Exit 0x74aa88000 1990 3313 0 0
2026-08-11 13:57:17 Martins-MacBook-Pro Messages[2206] <Error>: 35143437758 11 AVE : Compiled 905.40.1 in prod on Jul 11 2026 17:45:35
2026-08-11 13:57:17 Martins-MacBook-Pro Messages[2206] <Error>: 35143437784 11 AVE : Temporary Path: /Users/mjwebster/Library/Containers/com.apple.MobileSMS/Data/tmp/
2026-08-11 13:57:17 Martins-MacBook-Pro Messages[2206] <Error>: 35143437797 11 AVE INFO: AVE_Plugin_HEVC_CreateInstance Enter 1752589105 0x1fa9f13c8 0xb00000745a72210 0
2026-08-11 13:57:17 Martins-MacBook-Pro Messages[2206] <Error>: 35143437812 12 AVE INFO: AVE_Session_HEVC_Create Enter 0x74aa88020 0x0
2026-08-11 13:57:17 Martins-MacBook-Pro Messages[2206] <Error>: 35143437970 12 AVE INFO: AVE_Session_HEVC_CreatePropertyDict Enter 0x74aa88020
2026-08-11 13:57:17 Martins-MacBook-Pro Messages[2206] <Error>: 35143438021 12 AVE INFO: AVE_Session_HEVC_CreatePropertyDict Exit 0x74aa88020 0
2026-08-11 13:57:17 Martins-MacBook-Pro Messages[2206] <Error>: 35143438038 12 AVE INFO: AVE_Session_HEVC_Create Exit 0x74aa88020 0x0 2000 226 0
2026-08-11 13:57:17 Martins-MacBook-Pro Messages[2206] <Error>: 35143438047 11 AVE INFO: AVE_Plugin_HEVC_CreateInstance Exit 1752589105 0x1fa9f13c8 0xb00000745a72210 2000 0x74aa88000 0x74aa88020 454 0 0
2026-08-11 13:57:17 Martins-MacBook-Pro Messages[2206] <Error>: 35143438061 11 AVE INFO: AVE_Plugin_HEVC_StartTileSession Enter 0x74aa88000 0xb00000745a72200 0xe0000074c20b000 256 256 0x1fa9f13c8 0
2026-08-11 13:57:17 Martins-MacBook-Pro Messages[2206] <Error>: 35143438071 12 AVE INFO: AVE_Session_HEVC_StartTileSession Enter 0x74aa88020 0x143e854b0
2026-08-11 13:57:17 Martins-MacBook-Pro Messages[2206] <Error>: 35143438087 12 AVE INFO: AVE_Session_HEVC_StartTileSession Exit 0x74aa88020 0x143e854b0 0
2026-08-11 13:57:17 Martins-MacBook-Pro Messages[2206] <Error>: 35143438099 11 AVE INFO: AVE_Plugin_HEVC_StartTileSession Exit 0x74aa88000 0xb00000745a72200 0xe0000074c20b000 256 256 0x1fa9f13c8 2000 38 0 0
2026-08-11 13:57:17 Martins-MacBook-Pro Messages[2206] <Error>: 35143438127 11 AVE INFO: AVE_Plugin_HEVC_PrepareToEncodeTiles Enter 0x74aa88000 0 0
2026-08-11 13:57:17 Martins-MacBook-Pro Messages[2206] <Error>: 35143438139 12 AVE INFO: AVE_Session_HEVC_Prepare Enter 0x74aa88020
2026-08-11 13:57:17 Martins-MacBook-Pro Messages[2206] <Error>: 35143438457 12 AVE INFO: AVE_Session_HEVC_Prepare Exit 0x74aa88020 0
2026-08-11 13:57:17 Martins-MacBook-Pro Messages[2206] <Error>: 35143438473 11 AVE INFO: AVE_Plugin_HEVC_PrepareToEncodeTiles Exit 0x74aa88000 0 2000 346 0 0
2026-08-11 13:57:17 Martins-MacBook-Pro Messages[2206] <Error>: 35143449706 11 AVE INFO: AVE_Plugin_HEVC_Invalidate Enter 0x74aa88000 0
2026-08-11 13:57:17 Martins-MacBook-Pro Messages[2206] <Error>: 35143449749 12 AVE INFO: AVE_Session_HEVC_Stop Enter 0x74aa88020
2026-08-11 13:57:17 Martins-MacBook-Pro Messages[2206] <Error>: 35143449872 12 AVE INFO: AVE_Session_HEVC_Stop Exit 0x74aa88020 0
2026-08-11 13:57:17 Martins-MacBook-Pro Messages[2206] <Error>: 35143449891 11 AVE INFO: AVE_Plugin_HEVC_Invalidate Exit 0x74aa88000 2000 185 0 0
2026-08-11 13:57:17 Martins-MacBook-Pro Messages[2206] <Error>: 35143449903 11 AVE INFO: AVE_Plugin_HEVC_Finalize Enter 0x74aa88000 0
2026-08-11 13:57:17 Martins-MacBook-Pro Messages[2206] <Error>: 35143449912 12 AVE INFO: AVE_Session_HEVC_Destroy Enter 0x74aa88020
2026-08-11 13:57:17 Martins-MacBook-Pro Messages[2206] <Error>: 35143451376 2 AVE : ID: 2000 Type: 1 Enc: 2 | Input: 1 Proc: 1 Drop: 0
2026-08-11 13:57:17 Martins-MacBook-Pro Messages[2206] <Error>: 35143453084 12 AVE INFO: AVE_Session_HEVC_Destroy Exit 0x74aa88020 0
2026-08-11 13:57:17 Martins-MacBook-Pro Messages[2206] <Error>: 35143453105 11 AVE INFO: AVE_Plugin_HEVC_Finalize Exit 0x74aa88000 2000 3202 0 0
2026-08-11 13:59:31 Martins-MacBook-Pro syslogd[382] <Notice>: ASL Sender Statistics
2026-08-11 14:09:31 Martins-MacBook-Pro syslogd[382] <Notice>: ASL Sender Statistics
2026-08-11 14:19:41 Martins-MacBook-Pro syslogd[382] <Notice>: ASL Sender Statistics
2026-08-11 14:32:52 Martins-MacBook-Pro syslogd[382] <Notice>: ASL Sender Statistics
2026-08-11 14:43:19 Martins-MacBook-Pro syslogd[382] <Notice>: ASL Sender Statistics
2026-08-11 14:53:43 Martins-MacBook-Pro syslogd[382] <Notice>: ASL Sender Statistics
2026-08-11 15:04:19 Martins-MacBook-Pro syslogd[382] <Notice>: ASL Sender Statistics
2026-08-11 15:24:30 Martins-MacBook-Pro syslogd[382] <Notice>: ASL Sender Statistics
2026-08-11 15:37:03 Martins-MacBook-Pro syslogd[382] <Notice>: ASL Sender Statistics
2026-08-11 15:47:06 Martins-MacBook-Pro syslogd[382] <Notice>: ASL Sender Statistics
2026-08-11 15:57:27 Martins-MacBook-Pro syslogd[382] <Notice>: ASL Sender Statistics
2026-08-11 16:07:31 Martins-MacBook-Pro syslogd[382] <Notice>: ASL Sender Statistics
2026-08-11 16:17:41 Martins-MacBook-Pro syslogd[382] <Notice>: ASL Sender Statistics
2026-08-11 16:27:56 Martins-MacBook-Pro syslogd[382] <Notice>: ASL Sender Statistics
2026-08-11 16:40:11 Martins-MacBook-Pro syslogd[382] <Notice>: ASL Sender Statistics
2026-08-11 16:53:57 Martins-MacBook-Pro syslogd[382] <Notice>: ASL Sender Statistics
2026-08-11 17:03:59 Martins-MacBook-Pro syslogd[382] <Notice>: ASL Sender Statistics
2026-08-11 17:14:33 Martins-MacBook-Pro syslogd[382] <Notice>: ASL Sender Statistics
2026-08-11 17:31:54 Martins-MacBook-Pro syslogd[382] <Notice>: ASL Sender Statistics
2026-08-11 17:47:21 Martins-MacBook-Pro syslogd[382] <Notice>: ASL Sender Statistics
2026-08-11 17:58:45 Martins-MacBook-Pro syslogd[382] <Notice>: ASL Sender Statistics
2026-08-11 18:07:07 Martins-MacBook-Pro Messages[2206] <Error>: 45858671396 11 AVE : Compiled 905.40.1 in prod on Jul 11 2026 17:45:35
2026-08-11 18:07:07 Martins-MacBook-Pro Messages[2206] <Error>: 45858672268 11 AVE : Temporary Path: /Users/mjwebster/Library/Containers/com.apple.MobileSMS/Data/tmp/
2026-08-11 18:07:07 Martins-MacBook-Pro Messages[2206] <Error>: 45858672291 11 AVE INFO: AVE_Plugin_HEVC_CreateInstance Enter 1752589105 0x1fa9f13c8 0xc00000745a4dfd0 0
2026-08-11 18:07:07 Martins-MacBook-Pro Messages[2206] <Error>: 45858673070 12 AVE INFO: AVE_Session_HEVC_Create Enter 0x74abd8020 0x0
2026-08-11 18:07:07 Martins-MacBook-Pro Messages[2206] <Error>: 45858674646 12 AVE INFO: AVE_Session_HEVC_CreatePropertyDict Enter 0x74abd8020
2026-08-11 18:07:07 Martins-MacBook-Pro Messages[2206] <Error>: 45858675490 12 AVE INFO: AVE_Session_HEVC_CreatePropertyDict Exit 0x74abd8020 0
2026-08-11 18:07:07 Martins-MacBook-Pro Messages[2206] <Error>: 45858675523 12 AVE INFO: AVE_Session_HEVC_Create Exit 0x74abd8020 0x0 2010 2453 0
2026-08-11 18:07:07 Martins-MacBook-Pro Messages[2206] <Error>: 45858675535 11 AVE INFO: AVE_Plugin_HEVC_CreateInstance Exit 1752589105 0x1fa9f13c8 0xc00000745a4dfd0 2010 0x74abd8000 0x74abd8020 5543 0 0
2026-08-11 18:07:07 Martins-MacBook-Pro Messages[2206] <Error>: 45858675615 11 AVE INFO: AVE_Plugin_HEVC_StartTileSession Enter 0x74abd8000 0xc00000745a4dfc0 0x40000074e811500 256 256 0x1fa9f13c8 0
2026-08-11 18:07:07 Martins-MacBook-Pro Messages[2206] <Error>: 45858675683 12 AVE INFO: AVE_Session_HEVC_StartTileSession Enter 0x74abd8020 0x163285530
2026-08-11 18:07:07 Martins-MacBook-Pro Messages[2206] <Error>: 45858675905 12 AVE INFO: AVE_Session_HEVC_StartTileSession Exit 0x74abd8020 0x163285530 0
2026-08-11 18:07:07 Martins-MacBook-Pro Messages[2206] <Error>: 45858675956 11 AVE INFO: AVE_Plugin_HEVC_StartTileSession Exit 0x74abd8000 0xc00000745a4dfc0 0x40000074e811500 256 256 0x1fa9f13c8 2010 341 0 0
2026-08-11 18:07:07 Martins-MacBook-Pro Messages[2206] <Error>: 45858676315 11 AVE INFO: AVE_Plugin_HEVC_PrepareToEncodeTiles Enter 0x74abd8000 0 0
2026-08-11 18:07:07 Martins-MacBook-Pro Messages[2206] <Error>: 45858676330 12 AVE INFO: AVE_Session_HEVC_Prepare Enter 0x74abd8020
2026-08-11 18:07:07 Martins-MacBook-Pro Messages[2206] <Error>: 45858676886 12 AVE INFO: AVE_Session_HEVC_Prepare Exit 0x74abd8020 0
2026-08-11 18:07:07 Martins-MacBook-Pro Messages[2206] <Error>: 45858676922 11 AVE INFO: AVE_Plugin_HEVC_PrepareToEncodeTiles Exit 0x74abd8000 0 2010 607 0 0
2026-08-11 18:07:07 Martins-MacBook-Pro Messages[2206] <Error>: 45858688664 11 AVE INFO: AVE_Plugin_HEVC_Invalidate Enter 0x74abd8000 0
2026-08-11 18:07:07 Martins-MacBook-Pro Messages[2206] <Error>: 45858688708 12 AVE INFO: AVE_Session_HEVC_Stop Enter 0x74abd8020
2026-08-11 18:07:07 Martins-MacBook-Pro Messages[2206] <Error>: 45858688831 12 AVE INFO: AVE_Session_HEVC_Stop Exit 0x74abd8020 0
2026-08-11 18:07:07 Martins-MacBook-Pro Messages[2206] <Error>: 45858688858 11 AVE INFO: AVE_Plugin_HEVC_Invalidate Exit 0x74abd8000 2010 194 0 0
2026-08-11 18:07:07 Martins-MacBook-Pro Messages[2206] <Error>: 45858688874 11 AVE INFO: AVE_Plugin_HEVC_Finalize Enter 0x74abd8000 0
2026-08-11 18:07:07 Martins-MacBook-Pro Messages[2206] <Error>: 45858688884 12 AVE INFO: AVE_Session_HEVC_Destroy Enter 0x74abd8020
2026-08-11 18:07:07 Martins-MacBook-Pro Messages[2206] <Error>: 45858690393 2 AVE : ID: 2010 Type: 1 Enc: 2 | Input: 1 Proc: 1 Drop: 0
2026-08-11 18:07:07 Martins-MacBook-Pro Messages[2206] <Error>: 45858692272 12 AVE INFO: AVE_Session_HEVC_Destroy Exit 0x74abd8020 0
2026-08-11 18:07:07 Martins-MacBook-Pro Messages[2206] <Error>: 45858692309 11 AVE INFO: AVE_Plugin_HEVC_Finalize Exit 0x74abd8000 2010 3434 0 0
2026-08-11 18:07:07 Martins-MacBook-Pro Messages[2206] <Error>: 45858692989 11 AVE : Compiled 905.40.1 in prod on Jul 11 2026 17:45:35
2026-08-11 18:07:07 Martins-MacBook-Pro Messages[2206] <Error>: 45858693026 11 AVE : Temporary Path: /Users/mjwebster/Library/Containers/com.apple.MobileSMS/Data/tmp/
2026-08-11 18:07:07 Martins-MacBook-Pro Messages[2206] <Error>: 45858693038 11 AVE INFO: AVE_Plugin_HEVC_CreateInstance Enter 1752589105 0x1fa9f13c8 0xa00000745a4dfd0 0
2026-08-11 18:07:07 Martins-MacBook-Pro Messages[2206] <Error>: 45858693063 12 AVE INFO: AVE_Session_HEVC_Create Enter 0x74abd8020 0x0
2026-08-11 18:07:07 Martins-MacBook-Pro Messages[2206] <Error>: 45858693235 12 AVE INFO: AVE_Session_HEVC_CreatePropertyDict Enter 0x74abd8020
2026-08-11 18:07:07 Martins-MacBook-Pro Messages[2206] <Error>: 45858693287 12 AVE INFO: AVE_Session_HEVC_CreatePropertyDict Exit 0x74abd8020 0
2026-08-11 18:07:07 Martins-MacBook-Pro Messages[2206] <Error>: 45858693299 12 AVE INFO: AVE_Session_HEVC_Create Exit 0x74abd8020 0x0 2020 236 0
2026-08-11 18:07:07 Martins-MacBook-Pro Messages[2206] <Error>: 45858693309 11 AVE INFO: AVE_Plugin_HEVC_CreateInstance Exit 1752589105 0x1fa9f13c8 0xa00000745a4dfd0 2020 0x74abd8000 0x74abd8020 488 0 0
2026-08-11 18:07:07 Martins-MacBook-Pro Messages[2206] <Error>: 45858693322 11 AVE INFO: AVE_Plugin_HEVC_StartTileSession Enter 0x74abd8000 0xa00000745a4dfc0 0x40000074d879280 256 256 0x1fa9f13c8 0
2026-08-11 18:07:07 Martins-MacBook-Pro Messages[2206] <Error>: 45858693334 12 AVE INFO: AVE_Session_HEVC_StartTileSession Enter 0x74abd8020 0x1632854b0
2026-08-11 18:07:07 Martins-MacBook-Pro Messages[2206] <Error>: 45858693353 12 AVE INFO: AVE_Session_HEVC_StartTileSession Exit 0x74abd8020 0x1632854b0 0
2026-08-11 18:07:07 Martins-MacBook-Pro Messages[2206] <Error>: 45858693365 11 AVE INFO: AVE_Plugin_HEVC_StartTileSession Exit 0x74abd8000 0xa00000745a4dfc0 0x40000074d879280 256 256 0x1fa9f13c8 2020 43 0 0
2026-08-11 18:07:07 Martins-MacBook-Pro Messages[2206] <Error>: 45858693391 11 AVE INFO: AVE_Plugin_HEVC_PrepareToEncodeTiles Enter 0x74abd8000 0 0
2026-08-11 18:07:07 Martins-MacBook-Pro Messages[2206] <Error>: 45858693403 12 AVE INFO: AVE_Session_HEVC_Prepare Enter 0x74abd8020
2026-08-11 18:07:07 Martins-MacBook-Pro Messages[2206] <Error>: 45858693769 12 AVE INFO: AVE_Session_HEVC_Prepare Exit 0x74abd8020 0
2026-08-11 18:07:07 Martins-MacBook-Pro Messages[2206] <Error>: 45858693787 11 AVE INFO: AVE_Plugin_HEVC_PrepareToEncodeTiles Exit 0x74abd8000 0 2020 396 0 0
2026-08-11 18:07:07 Martins-MacBook-Pro Messages[2206] <Error>: 45858704956 11 AVE INFO: AVE_Plugin_HEVC_Invalidate Enter 0x74abd8000 0
2026-08-11 18:07:07 Martins-MacBook-Pro Messages[2206] <Error>: 45858704996 12 AVE INFO: AVE_Session_HEVC_Stop Enter 0x74abd8020
2026-08-11 18:07:07 Martins-MacBook-Pro Messages[2206] <Error>: 45858705107 12 AVE INFO: AVE_Session_HEVC_Stop Exit 0x74abd8020 0
2026-08-11 18:07:07 Martins-MacBook-Pro Messages[2206] <Error>: 45858705124 11 AVE INFO: AVE_Plugin_HEVC_Invalidate Exit 0x74abd8000 2020 168 0 0
2026-08-11 18:07:07 Martins-MacBook-Pro Messages[2206] <Error>: 45858705135 11 AVE INFO: AVE_Plugin_HEVC_Finalize Enter 0x74abd8000 0
2026-08-11 18:07:07 Martins-MacBook-Pro Messages[2206] <Error>: 45858705145 12 AVE INFO: AVE_Session_HEVC_Destroy Enter 0x74abd8020
2026-08-11 18:07:07 Martins-MacBook-Pro Messages[2206] <Error>: 45858706642 2 AVE : ID: 2020 Type: 1 Enc: 2 | Input: 1 Proc: 1 Drop: 0
2026-08-11 18:07:07 Martins-MacBook-Pro Messages[2206] <Error>: 45858708404 12 AVE INFO: AVE_Session_HEVC_Destroy Exit 0x74abd8020 0
2026-08-11 18:07:07 Martins-MacBook-Pro Messages[2206] <Error>: 45858708427 11 AVE INFO: AVE_Plugin_HEVC_Finalize Exit 0x74abd8000 2020 3292 0 0
2026-08-11 18:10:45 Martins-MacBook-Pro syslogd[382] <Notice>: ASL Sender Statistics
2026-08-11 18:23:46 Martins-MacBook-Pro syslogd[382] <Notice>: ASL Sender Statistics
2026-08-11 18:33:49 Martins-MacBook-Pro syslogd[382] <Notice>: ASL Sender Statistics
2026-08-11 18:43:53 Martins-MacBook-Pro syslogd[382] <Notice>: ASL Sender Statistics
2026-08-11 18:54:58 Martins-MacBook-Pro syslogd[382] <Notice>: ASL Sender Statistics
2026-08-11 19:05:00 Martins-MacBook-Pro syslogd[382] <Notice>: ASL Sender Statistics
2026-08-11 19:24:12 Martins-MacBook-Pro syslogd[382] <Notice>: ASL Sender Statistics
2026-08-11 19:38:02 Martins-MacBook-Pro syslogd[382] <Notice>: ASL Sender Statistics
2026-08-11 19:55:36 Martins-MacBook-Pro syslogd[382] <Notice>: ASL Sender Statistics
2026-08-11 20:12:17 Martins-MacBook-Pro syslogd[382] <Notice>: ASL Sender Statistics
2026-08-11 20:37:02 Martins-MacBook-Pro syslogd[382] <Notice>: ASL Sender Statistics
2026-08-11 20:54:05 Martins-MacBook-Pro syslogd[382] <Notice>: ASL Sender Statistics
2026-08-11 21:09:44 Martins-MacBook-Pro syslogd[382] <Notice>: ASL Sender Statistics
2026-08-11 21:26:45 Martins-MacBook-Pro syslogd[382] <Notice>: ASL Sender Statistics
2026-08-11 21:46:38 Martins-MacBook-Pro syslogd[382] <Notice>: ASL Sender Statistics
2026-08-11 21:46:38 Martins-MacBook-Pro syslogd[382] <Notice>: Configuration Notice:
ASL Module "com.apple.cdscheduler" claims selected messages.
Those messages may not appear in standard system log files or in the ASL database.
2026-08-11 21:46:38 Martins-MacBook-Pro syslogd[382] <Notice>: Configuration Notice:
ASL Module "com.apple.install" claims selected messages.
Those messages may not appear in standard system log files or in the ASL database.
2026-08-11 21:46:38 Martins-MacBook-Pro syslogd[382] <Notice>: Configuration Notice:
ASL Module "com.apple.authd" sharing output destination "/var/log/asl" with ASL Module "com.apple.asl".
Output parameters from ASL Module "com.apple.asl" override any specified in ASL Module "com.apple.authd".
2026-08-11 21:46:38 Martins-MacBook-Pro syslogd[382] <Notice>: Configuration Notice:
ASL Module "com.apple.authd" sharing output destination "/var/log/system.log" with ASL Module "com.apple.asl".
Output parameters from ASL Module "com.apple.asl" override any specified in ASL Module "com.apple.authd".
2026-08-11 21:46:38 Martins-MacBook-Pro syslogd[382] <Notice>: Configuration Notice:
ASL Module "com.apple.authd" claims selected messages.
Those messages may not appear in standard system log files or in the ASL database.
2026-08-11 21:46:38 Martins-MacBook-Pro syslogd[382] <Notice>: Configuration Notice:
ASL Module "com.apple.eventmonitor" claims selected messages.
Those messages may not appear in standard system log files or in the ASL database.
2026-08-11 21:46:38 Martins-MacBook-Pro syslogd[382] <Notice>: Configuration Notice:
ASL Module "com.apple.mail" claims selected messages.
Those messages may not appear in standard system log files or in the ASL database.
2026-08-11 21:46:38 Martins-MacBook-Pro syslogd[382] <Notice>: Configuration Notice:
ASL Module "com.apple.performance" claims selected messages.
Those messages may not appear in standard system log files or in the ASL database.
2026-08-11 21:46:38 Martins-MacBook-Pro syslogd[382] <Notice>: Configuration Notice:
ASL Module "com.apple.iokit.power" claims selected messages.
Those messages may not appear in standard system log files or in the ASL database.
2026-08-11 21:46:38 Martins-MacBook-Pro syslogd[382] <Notice>: Configuration Notice:
ASL Module "com.apple.contacts.ContactsAutocomplete" claims selected messages.
Those messages may not appear in standard system log files or in the ASL database.
2026-08-11 21:46:38 Martins-MacBook-Pro syslogd[382] <Notice>: Configuration Notice:
ASL Module "com.apple.mkb" sharing output destination "/private/var/log/keybagd.log" with ASL Module "com.apple.mkb.internal".
Output parameters from ASL Module "com.apple.mkb.internal" override any specified in ASL Module "com.apple.mkb".
2026-08-11 21:46:38 Martins-MacBook-Pro syslogd[382] <Notice>: Configuration Notice:
ASL Module "com.apple.mkb" claims selected messages.
Those messages may not appear in standard system log files or in the ASL database.
2026-08-11 21:46:38 Martins-MacBook-Pro syslogd[382] <Notice>: Configuration Notice:
ASL Module "com.apple.MessageTracer" claims selected messages.
Those messages may not appear in standard system log files or in the ASL database.
2026-08-11 22:03:51 Martins-MacBook-Pro syslogd[382] <Notice>: ASL Sender Statistics
2026-08-11 22:29:23 Martins-MacBook-Pro syslogd[382] <Notice>: ASL Sender Statistics
2026-08-11 22:47:02 Martins-MacBook-Pro syslogd[382] <Notice>: ASL Sender Statistics
2026-08-11 23:04:40 Martins-MacBook-Pro syslogd[382] <Notice>: ASL Sender Statistics
2026-08-11 23:30:13 Martins-MacBook-Pro syslogd[382] <Notice>: ASL Sender Statistics
2026-08-11 23:50:04 Martins-MacBook-Pro syslogd[382] <Notice>: ASL Sender Statistics
2026-08-12 00:06:19 Martins-MacBook-Pro syslogd[382] <Notice>: ASL Sender Statistics
2026-08-12 00:29:26 Martins-MacBook-Pro syslogd[382] <Notice>: ASL Sender Statistics
2026-08-12 00:46:34 Martins-MacBook-Pro syslogd[382] <Notice>: ASL Sender Statistics
2026-08-12 01:05:18 Martins-MacBook-Pro syslogd[382] <Notice>: ASL Sender Statistics
2026-08-12 01:31:30 Martins-MacBook-Pro syslogd[382] <Notice>: ASL Sender Statistics
2026-08-12 01:47:43 Martins-MacBook-Pro syslogd[382] <Notice>: ASL Sender Statistics
2026-08-12 02:05:13 Martins-MacBook-Pro syslogd[382] <Notice>: ASL Sender Statistics
2026-08-12 02:15:20 Martins-MacBook-Pro syslogd[382] <Notice>: ASL Sender Statistics
2026-08-12 02:25:27 Martins-MacBook-Pro syslogd[382] <Notice>: ASL Sender Statistics
2026-08-12 02:35:30 Martins-MacBook-Pro syslogd[382] <Notice>: ASL Sender Statistics
2026-08-12 03:01:36 Martins-MacBook-Pro syslogd[382] <Notice>: ASL Sender Statistics
2026-08-12 03:11:36 Martins-MacBook-Pro syslogd[382] <Notice>: ASL Sender Statistics
2026-08-12 03:23:03 Martins-MacBook-Pro syslogd[382] <Notice>: ASL Sender Statistics
2026-08-12 03:33:08 Martins-MacBook-Pro syslogd[382] <Notice>: ASL Sender Statistics
2026-08-12 03:46:29 Martins-MacBook-Pro syslogd[382] <Notice>: ASL Sender Statistics
2026-08-12 04:00:00 Martins-MacBook-Pro syslogd[382] <Notice>: ASL Sender Statistics
2026-08-12 04:18:28 Martins-MacBook-Pro syslogd[382] <Notice>: ASL Sender Statistics
2026-08-12 04:29:26 Martins-MacBook-Pro syslogd[382] <Notice>: ASL Sender Statistics
2026-08-12 04:41:22 Martins-MacBook-Pro syslogd[382] <Notice>: ASL Sender Statistics
2026-08-12 05:02:26 Martins-MacBook-Pro syslogd[382] <Notice>: ASL Sender Statistics
2026-08-12 05:20:07 Martins-MacBook-Pro syslogd[382] <Notice>: ASL Sender Statistics
2026-08-12 05:30:08 Martins-MacBook-Pro syslogd[382] <Notice>: ASL Sender Statistics
2026-08-12 05:45:58 Martins-MacBook-Pro syslogd[382] <Notice>: ASL Sender Statistics
2026-08-12 05:58:36 Martins-MacBook-Pro syslogd[382] <Notice>: ASL Sender Statistics
2026-08-12 06:15:21 Martins-MacBook-Pro syslogd[382] <Notice>: ASL Sender Statistics
2026-08-12 06:31:26 Martins-MacBook-Pro syslogd[382] <Notice>: ASL Sender Statistics
2026-08-12 06:41:53 Martins-MacBook-Pro syslogd[382] <Notice>: ASL Sender Statistics
2026-08-12 06:51:57 Martins-MacBook-Pro syslogd[382] <Notice>: ASL Sender Statistics
2026-08-12 07:09:31 Martins-MacBook-Pro syslogd[382] <Notice>: ASL Sender Statistics
2026-08-12 07:19:35 Martins-MacBook-Pro syslogd[382] <Notice>: ASL Sender Statistics
2026-08-12 07:29:50 Martins-MacBook-Pro syslogd[382] <Notice>: ASL Sender Statistics
2026-08-12 07:40:02 Martins-MacBook-Pro syslogd[382] <Notice>: ASL Sender Statistics
2026-08-12 07:50:02 Martins-MacBook-Pro syslogd[382] <Notice>: ASL Sender Statistics
2026-08-12 08:00:09 Martins-MacBook-Pro syslogd[382] <Notice>: ASL Sender Statistics
2026-08-12 08:13:16 Martins-MacBook-Pro syslogd[382] <Notice>: ASL Sender Statistics
2026-08-12 08:23:36 Martins-MacBook-Pro syslogd[382] <Notice>: ASL Sender Statistics
2026-08-12 08:34:58 Martins-MacBook-Pro syslogd[382] <Notice>: ASL Sender Statistics
2026-08-12 08:46:39 Martins-MacBook-Pro syslogd[382] <Notice>: ASL Sender Statistics
2026-08-12 08:58:03 Martins-MacBook-Pro syslogd[382] <Notice>: ASL Sender Statistics
2026-08-12 09:08:37 Martins-MacBook-Pro syslogd[382] <Notice>: ASL Sender Statistics
2026-08-12 09:20:44 Martins-MacBook-Pro syslogd[382] <Notice>: ASL Sender Statistics
2026-08-12 09:31:50 Martins-MacBook-Pro syslogd[382] <Notice>: ASL Sender Statistics
2026-08-12 09:43:36 Martins-MacBook-Pro syslogd[382] <Notice>: ASL Sender Statistics
2026-08-12 09:53:51 Martins-MacBook-Pro syslogd[382] <Notice>: ASL Sender Statistics
2026-08-12 10:03:53 Martins-MacBook-Pro syslogd[382] <Notice>: ASL Sender Statistics
2026-08-12 10:19:27 Martins-MacBook-Pro syslogd[382] <Notice>: ASL Sender Statistics
2026-08-12 10:29:34 Martins-MacBook-Pro syslogd[382] <Notice>: ASL Sender Statistics
2026-08-12 10:40:41 Martins-MacBook-Pro syslogd[382] <Notice>: ASL Sender Statistics
2026-08-12 10:51:05 Martins-MacBook-Pro syslogd[382] <Notice>: ASL Sender Statistics
2026-08-12 11:01:20 Martins-MacBook-Pro syslogd[382] <Notice>: ASL Sender Statistics
2026-08-12 11:11:53 Martins-MacBook-Pro syslogd[382] <Notice>: ASL Sender Statistics
2026-08-12 11:22:12 Martins-MacBook-Pro syslogd[382] <Notice>: ASL Sender Statistics
2026-08-12 11:33:09 Martins-MacBook-Pro syslogd[382] <Notice>: ASL Sender Statistics
2026-08-12 11:44:24 Martins-MacBook-Pro syslogd[382] <Notice>: ASL Sender Statistics
2026-08-12 12:08:09 Martins-MacBook-Pro syslogd[382] <Notice>: ASL Sender Statistics
2026-08-12 12:25:52 Martins-MacBook-Pro syslogd[382] <Notice>: ASL Sender Statistics
2026-08-12 12:36:08 Martins-MacBook-Pro syslogd[382] <Notice>: ASL Sender Statistics
2026-08-12 12:46:29 Martins-MacBook-Pro syslogd[382] <Notice>: ASL Sender Statistics
2026-08-12 12:56:51 Martins-MacBook-Pro syslogd[382] <Notice>: ASL Sender Statistics
2026-08-12 13:07:12 Martins-MacBook-Pro syslogd[382] <Notice>: ASL Sender Statistics
2026-08-12 13:17:15 Martins-MacBook-Pro syslogd[382] <Notice>: ASL Sender Statistics
2026-08-12 13:27:39 Martins-MacBook-Pro syslogd[382] <Notice>: ASL Sender Statistics
2026-08-12 13:40:56 Martins-MacBook-Pro syslogd[382] <Notice>: ASL Sender Statistics
2026-08-12 13:51:35 Martins-MacBook-Pro syslogd[382] <Notice>: ASL Sender Statistics
2026-08-12 14:01:37 Martins-MacBook-Pro syslogd[382] <Notice>: ASL Sender Statistics
2026-08-12 14:11:52 Martins-MacBook-Pro syslogd[382] <Notice>: ASL Sender Statistics
2026-08-12 14:21:56 Martins-MacBook-Pro syslogd[382] <Notice>: ASL Sender Statistics
2026-08-12 14:32:53 Martins-MacBook-Pro syslogd[382] <Notice>: ASL Sender Statistics
2026-08-12 14:43:56 Martins-MacBook-Pro syslogd[382] <Notice>: ASL Sender Statistics
2026-08-12 14:54:57 Martins-MacBook-Pro syslogd[382] <Notice>: ASL Sender Statistics
2026-08-12 15:06:08 Martins-MacBook-Pro syslogd[382] <Notice>: ASL Sender Statistics
2026-08-12 15:16:08 Martins-MacBook-Pro syslogd[382] <Notice>: ASL Sender Statistics
2026-08-12 15:26:08 Martins-MacBook-Pro syslogd[382] <Notice>: ASL Sender Statistics
2026-08-12 15:36:08 Martins-MacBook-Pro syslogd[382] <Notice>: ASL Sender Statistics
2026-08-12 15:46:10 Martins-MacBook-Pro syslogd[382] <Notice>: ASL Sender Statistics
2026-08-12 15:56:41 Martins-MacBook-Pro syslogd[382] <Notice>: ASL Sender Statistics
2026-08-12 16:07:13 Martins-MacBook-Pro syslogd[382] <Notice>: ASL Sender Statistics
2026-08-12 16:17:23 Martins-MacBook-Pro syslogd[382] <Notice>: ASL Sender Statistics
2026-08-12 16:27:45 Martins-MacBook-Pro syslogd[382] <Notice>: ASL Sender Statistics
2026-08-12 16:38:14 Martins-MacBook-Pro syslogd[382] <Notice>: ASL Sender Statistics
2026-08-12 16:49:26 Martins-MacBook-Pro syslogd[382] <Notice>: ASL Sender Statistics
2026-08-12 17:00:00 Martins-MacBook-Pro syslogd[382] <Notice>: ASL Sender Statistics
2026-08-12 17:11:00 Martins-MacBook-Pro syslogd[382] <Notice>: ASL Sender Statistics
2026-08-12 17:21:01 Martins-MacBook-Pro syslogd[382] <Notice>: ASL Sender Statistics
2026-08-12 17:32:18 Martins-MacBook-Pro syslogd[382] <Notice>: ASL Sender Statistics
2026-08-12 17:43:25 Martins-MacBook-Pro syslogd[382] <Notice>: ASL Sender Statistics
2026-08-12 18:02:38 Martins-MacBook-Pro syslogd[382] <Notice>: ASL Sender Statistics
2026-08-12 18:18:44 Martins-MacBook-Pro syslogd[382] <Notice>: ASL Sender Statistics
2026-08-12 18:28:45 Martins-MacBook-Pro syslogd[382] <Notice>: ASL Sender Statistics
2026-08-12 18:38:45 Martins-MacBook-Pro syslogd[382] <Notice>: ASL Sender Statistics
2026-08-12 18:49:01 Martins-MacBook-Pro syslogd[382] <Notice>: ASL Sender Statistics
2026-08-12 18:59:25 Martins-MacBook-Pro syslogd[382] <Notice>: ASL Sender Statistics
2026-08-12 19:09:29 Martins-MacBook-Pro syslogd[382] <Notice>: ASL Sender Statistics
2026-08-12 19:19:49 Martins-MacBook-Pro syslogd[382] <Notice>: ASL Sender Statistics
2026-08-12 19:37:22 Martins-MacBook-Pro syslogd[382] <Notice>: ASL Sender Statistics
2026-08-12 19:55:21 Martins-MacBook-Pro syslogd[382] <Notice>: ASL Sender Statistics
2026-08-12 20:05:30 Martins-MacBook-Pro syslogd[382] <Notice>: ASL Sender Statistics
2026-08-12 20:23:50 Martins-MacBook-Pro syslogd[382] <Notice>: ASL Sender Statistics
2026-08-12 20:41:15 Martins-MacBook-Pro syslogd[382] <Notice>: ASL Sender Statistics
2026-08-12 20:58:32 Martins-MacBook-Pro syslogd[382] <Notice>: ASL Sender Statistics
2026-08-12 21:10:30 Martins-MacBook-Pro syslogd[382] <Notice>: ASL Sender Statistics
2026-08-12 21:26:46 Martins-MacBook-Pro syslogd[382] <Notice>: ASL Sender Statistics
2026-08-12 21:45:30 Martins-MacBook-Pro syslogd[382] <Notice>: ASL Sender Statistics
2026-08-12 21:45:30 Martins-MacBook-Pro syslogd[382] <Notice>: Configuration Notice:
ASL Module "com.apple.cdscheduler" claims selected messages.
Those messages may not appear in standard system log files or in the ASL database.
2026-08-12 21:45:30 Martins-MacBook-Pro syslogd[382] <Notice>: Configuration Notice:
ASL Module "com.apple.install" claims selected messages.
Those messages may not appear in standard system log files or in the ASL database.
2026-08-12 21:45:30 Martins-MacBook-Pro syslogd[382] <Notice>: Configuration Notice:
ASL Module "com.apple.authd" sharing output destination "/var/log/asl" with ASL Module "com.apple.asl".
Output parameters from ASL Module "com.apple.asl" override any specified in ASL Module "com.apple.authd".
2026-08-12 21:45:30 Martins-MacBook-Pro syslogd[382] <Notice>: Configuration Notice:
ASL Module "com.apple.authd" sharing output destination "/var/log/system.log" with ASL Module "com.apple.asl".
Output parameters from ASL Module "com.apple.asl" override any specified in ASL Module "com.apple.authd".
2026-08-12 21:45:30 Martins-MacBook-Pro syslogd[382] <Notice>: Configuration Notice:
ASL Module "com.apple.authd" claims selected messages.
Those messages may not appear in standard system log files or in the ASL database.
2026-08-12 21:45:30 Martins-MacBook-Pro syslogd[382] <Notice>: Configuration Notice:
ASL Module "com.apple.eventmonitor" claims selected messages.
Those messages may not appear in standard system log files or in the ASL database.
2026-08-12 21:45:30 Martins-MacBook-Pro syslogd[382] <Notice>: Configuration Notice:
ASL Module "com.apple.mail" claims selected messages.
Those messages may not appear in standard system log files or in the ASL database.
2026-08-12 21:45:30 Martins-MacBook-Pro syslogd[382] <Notice>: Configuration Notice:
ASL Module "com.apple.performance" claims selected messages.
Those messages may not appear in standard system log files or in the ASL database.
2026-08-12 21:45:30 Martins-MacBook-Pro syslogd[382] <Notice>: Configuration Notice:
ASL Module "com.apple.iokit.power" claims selected messages.
Those messages may not appear in standard system log files or in the ASL database.
2026-08-12 21:45:30 Martins-MacBook-Pro syslogd[382] <Notice>: Configuration Notice:
ASL Module "com.apple.contacts.ContactsAutocomplete" claims selected messages.
Those messages may not appear in standard system log files or in the ASL database.
2026-08-12 21:45:30 Martins-MacBook-Pro syslogd[382] <Notice>: Configuration Notice:
ASL Module "com.apple.mkb" sharing output destination "/private/var/log/keybagd.log" with ASL Module "com.apple.mkb.internal".
Output parameters from ASL Module "com.apple.mkb.internal" override any specified in ASL Module "com.apple.mkb".
2026-08-12 21:45:30 Martins-MacBook-Pro syslogd[382] <Notice>: Configuration Notice:
ASL Module "com.apple.mkb" claims selected messages.
Those messages may not appear in standard system log files or in the ASL database.
2026-08-12 21:45:30 Martins-MacBook-Pro syslogd[382] <Notice>: Configuration Notice:
ASL Module "com.apple.MessageTracer" claims selected messages.
Those messages may not appear in standard system log files or in the ASL database.
2026-08-12 22:05:34 Martins-MacBook-Pro syslogd[382] <Notice>: ASL Sender Statistics
2026-08-12 22:28:20 Martins-MacBook-Pro syslogd[382] <Notice>: ASL Sender Statistics
2026-08-12 22:47:15 Martins-MacBook-Pro syslogd[382] <Notice>: ASL Sender Statistics
2026-08-12 23:05:24 Martins-MacBook-Pro syslogd[382] <Notice>: ASL Sender Statistics
2026-08-12 23:28:17 Martins-MacBook-Pro syslogd[382] <Notice>: ASL Sender Statistics
2026-08-12 23:47:51 Martins-MacBook-Pro syslogd[382] <Notice>: ASL Sender Statistics
2026-08-13 00:03:52 Martins-MacBook-Pro syslogd[382] <Notice>: ASL Sender Statistics
2026-08-13 00:14:00 Martins-MacBook-Pro syslogd[382] <Notice>: ASL Sender Statistics
2026-08-13 00:30:05 Martins-MacBook-Pro syslogd[382] <Notice>: ASL Sender Statistics
2026-08-13 00:48:40 Martins-MacBook-Pro syslogd[382] <Notice>: ASL Sender Statistics
2026-08-13 01:06:48 Martins-MacBook-Pro syslogd[382] <Notice>: ASL Sender Statistics
2026-08-13 01:28:22 Martins-MacBook-Pro syslogd[382] <Notice>: ASL Sender Statistics
2026-08-13 01:46:57 Martins-MacBook-Pro syslogd[382] <Notice>: ASL Sender Statistics
2026-08-13 02:05:20 Martins-MacBook-Pro syslogd[382] <Notice>: ASL Sender Statistics
2026-08-13 02:15:33 Martins-MacBook-Pro syslogd[382] <Notice>: ASL Sender Statistics
2026-08-13 02:32:36 Martins-MacBook-Pro syslogd[382] <Notice>: ASL Sender Statistics
2026-08-13 02:42:37 Martins-MacBook-Pro syslogd[382] <Notice>: ASL Sender Statistics
2026-08-13 03:01:20 Martins-MacBook-Pro syslogd[382] <Notice>: ASL Sender Statistics
2026-08-13 03:11:44 Martins-MacBook-Pro syslogd[382] <Notice>: ASL Sender Statistics
2026-08-13 03:21:46 Martins-MacBook-Pro syslogd[382] <Notice>: ASL Sender Statistics
2026-08-13 03:31:50 Martins-MacBook-Pro syslogd[382] <Notice>: ASL Sender Statistics
2026-08-13 03:41:50 Martins-MacBook-Pro syslogd[382] <Notice>: ASL Sender Statistics
2026-08-13 03:52:36 Martins-MacBook-Pro syslogd[382] <Notice>: ASL Sender Statistics
2026-08-13 04:11:30 Martins-MacBook-Pro syslogd[382] <Notice>: ASL Sender Statistics
2026-08-13 04:21:31 Martins-MacBook-Pro syslogd[382] <Notice>: ASL Sender Statistics
2026-08-13 04:31:46 Martins-MacBook-Pro syslogd[382] <Notice>: ASL Sender Statistics
2026-08-13 04:42:39 Martins-MacBook-Pro syslogd[382] <Notice>: ASL Sender Statistics
2026-08-13 04:56:23 Martins-MacBook-Pro syslogd[382] <Notice>: ASL Sender Statistics
2026-08-13 05:15:37 Martins-MacBook-Pro syslogd[382] <Notice>: ASL Sender Statistics
2026-08-13 05:25:51 Martins-MacBook-Pro syslogd[382] <Notice>: ASL Sender Statistics
2026-08-13 05:36:37 Martins-MacBook-Pro syslogd[382] <Notice>: ASL Sender Statistics
2026-08-13 05:46:51 Martins-MacBook-Pro syslogd[382] <Notice>: ASL Sender Statistics
2026-08-13 05:59:32 Martins-MacBook-Pro syslogd[382] <Notice>: ASL Sender Statistics
2026-08-13 06:09:59 Martins-MacBook-Pro syslogd[382] <Notice>: ASL Sender Statistics
2026-08-13 06:20:28 Martins-MacBook-Pro syslogd[382] <Notice>: ASL Sender Statistics
2026-08-13 06:30:38 Martins-MacBook-Pro syslogd[382] <Notice>: ASL Sender Statistics
2026-08-13 06:53:08 Martins-MacBook-Pro syslogd[382] <Notice>: ASL Sender Statistics
2026-08-13 07:06:48 Martins-MacBook-Pro syslogd[382] <Notice>: ASL Sender Statistics
2026-08-13 07:07:16 Martins-MacBook-Pro Messages[2206] <Error>: 107310444310 11 AVE : Compiled 905.40.1 in prod on Jul 11 2026 17:45:35
2026-08-13 07:07:16 Martins-MacBook-Pro Messages[2206] <Error>: 107310445185 11 AVE : Temporary Path: /Users/mjwebster/Library/Containers/com.apple.MobileSMS/Data/tmp/
2026-08-13 07:07:16 Martins-MacBook-Pro Messages[2206] <Error>: 107310445207 11 AVE INFO: AVE_Plugin_HEVC_CreateInstance Enter 1752589105 0x1fa9f13c8 0xd00000745a64410 0
2026-08-13 07:07:16 Martins-MacBook-Pro Messages[2206] <Error>: 107310445827 12 AVE INFO: AVE_Session_HEVC_Create Enter 0x74abd8020 0x0
2026-08-13 07:07:16 Martins-MacBook-Pro Messages[2206] <Error>: 107310447289 12 AVE INFO: AVE_Session_HEVC_CreatePropertyDict Enter 0x74abd8020
2026-08-13 07:07:16 Martins-MacBook-Pro Messages[2206] <Error>: 107310448223 12 AVE INFO: AVE_Session_HEVC_CreatePropertyDict Exit 0x74abd8020 0
2026-08-13 07:07:16 Martins-MacBook-Pro Messages[2206] <Error>: 107310448265 12 AVE INFO: AVE_Session_HEVC_Create Exit 0x74abd8020 0x0 3430 2438 0
2026-08-13 07:07:16 Martins-MacBook-Pro Messages[2206] <Error>: 107310448279 11 AVE INFO: AVE_Plugin_HEVC_CreateInstance Exit 1752589105 0x1fa9f13c8 0xd00000745a64410 3430 0x74abd8000 0x74abd8020 5564 0 0
2026-08-13 07:07:16 Martins-MacBook-Pro Messages[2206] <Error>: 107310448303 11 AVE INFO: AVE_Plugin_HEVC_StartTileSession Enter 0x74abd8000 0xd00000745a64400 0xb0000074e2485a0 256 256 0x1fa9f13c8 0
2026-08-13 07:07:16 Martins-MacBook-Pro Messages[2206] <Error>: 107310448334 12 AVE INFO: AVE_Session_HEVC_StartTileSession Enter 0x74abd8020 0x173785530
2026-08-13 07:07:16 Martins-MacBook-Pro Messages[2206] <Error>: 107310448412 12 AVE INFO: AVE_Session_HEVC_StartTileSession Exit 0x74abd8020 0x173785530 0
2026-08-13 07:07:16 Martins-MacBook-Pro Messages[2206] <Error>: 107310448438 11 AVE INFO: AVE_Plugin_HEVC_StartTileSession Exit 0x74abd8000 0xd00000745a64400 0xb0000074e2485a0 256 256 0x1fa9f13c8 3430 135 0 0
2026-08-13 07:07:16 Martins-MacBook-Pro Messages[2206] <Error>: 107310448685 11 AVE INFO: AVE_Plugin_HEVC_PrepareToEncodeTiles Enter 0x74abd8000 0 0
2026-08-13 07:07:16 Martins-MacBook-Pro Messages[2206] <Error>: 107310448698 12 AVE INFO: AVE_Session_HEVC_Prepare Enter 0x74abd8020
2026-08-13 07:07:16 Martins-MacBook-Pro Messages[2206] <Error>: 107310449147 12 AVE INFO: AVE_Session_HEVC_Prepare Exit 0x74abd8020 0
2026-08-13 07:07:16 Martins-MacBook-Pro Messages[2206] <Error>: 107310449166 11 AVE INFO: AVE_Plugin_HEVC_PrepareToEncodeTiles Exit 0x74abd8000 0 3430 481 0 0
2026-08-13 07:07:16 Martins-MacBook-Pro Messages[2206] <Error>: 107310461241 11 AVE INFO: AVE_Plugin_HEVC_Invalidate Enter 0x74abd8000 0
2026-08-13 07:07:16 Martins-MacBook-Pro Messages[2206] <Error>: 107310461287 12 AVE INFO: AVE_Session_HEVC_Stop Enter 0x74abd8020
2026-08-13 07:07:16 Martins-MacBook-Pro Messages[2206] <Error>: 107310461414 12 AVE INFO: AVE_Session_HEVC_Stop Exit 0x74abd8020 0
2026-08-13 07:07:16 Martins-MacBook-Pro Messages[2206] <Error>: 107310461427 11 AVE INFO: AVE_Plugin_HEVC_Invalidate Exit 0x74abd8000 3430 186 0 0
2026-08-13 07:07:16 Martins-MacBook-Pro Messages[2206] <Error>: 107310461441 11 AVE INFO: AVE_Plugin_HEVC_Finalize Enter 0x74abd8000 0
2026-08-13 07:07:16 Martins-MacBook-Pro Messages[2206] <Error>: 107310461451 12 AVE INFO: AVE_Session_HEVC_Destroy Enter 0x74abd8020
2026-08-13 07:07:16 Martins-MacBook-Pro Messages[2206] <Error>: 107310462968 2 AVE : ID: 3430 Type: 1 Enc: 2 | Input: 1 Proc: 1 Drop: 0
2026-08-13 07:07:16 Martins-MacBook-Pro Messages[2206] <Error>: 107310464948 12 AVE INFO: AVE_Session_HEVC_Destroy Exit 0x74abd8020 0
2026-08-13 07:07:16 Martins-MacBook-Pro Messages[2206] <Error>: 107310464987 11 AVE INFO: AVE_Plugin_HEVC_Finalize Exit 0x74abd8000 3430 3546 0 0
2026-08-13 07:07:16 Martins-MacBook-Pro Messages[2206] <Error>: 107310465717 11 AVE : Compiled 905.40.1 in prod on Jul 11 2026 17:45:35
2026-08-13 07:07:16 Martins-MacBook-Pro Messages[2206] <Error>: 107310465750 11 AVE : Temporary Path: /Users/mjwebster/Library/Containers/com.apple.MobileSMS/Data/tmp/
2026-08-13 07:07:16 Martins-MacBook-Pro Messages[2206] <Error>: 107310465761 11 AVE INFO: AVE_Plugin_HEVC_CreateInstance Enter 1752589105 0x1fa9f13c8 0x300000745a2f710 0
2026-08-13 07:07:16 Martins-MacBook-Pro Messages[2206] <Error>: 107310465777 12 AVE INFO: AVE_Session_HEVC_Create Enter 0x74abd8020 0x0
2026-08-13 07:07:16 Martins-MacBook-Pro Messages[2206] <Error>: 107310465946 12 AVE INFO: AVE_Session_HEVC_CreatePropertyDict Enter 0x74abd8020
2026-08-13 07:07:16 Martins-MacBook-Pro Messages[2206] <Error>: 107310466004 12 AVE INFO: AVE_Session_HEVC_CreatePropertyDict Exit 0x74abd8020 0
2026-08-13 07:07:16 Martins-MacBook-Pro Messages[2206] <Error>: 107310466016 12 AVE INFO: AVE_Session_HEVC_Create Exit 0x74abd8020 0x0 3440 239 0
2026-08-13 07:07:16 Martins-MacBook-Pro Messages[2206] <Error>: 107310466026 11 AVE INFO: AVE_Plugin_HEVC_CreateInstance Exit 1752589105 0x1fa9f13c8 0x300000745a2f710 3440 0x74abd8000 0x74abd8020 486 0 0
2026-08-13 07:07:16 Martins-MacBook-Pro Messages[2206] <Error>: 107310466038 11 AVE INFO: AVE_Plugin_HEVC_StartTileSession Enter 0x74abd8000 0x300000745a2f700 0x10000074eb974a0 256 256 0x1fa9f13c8 0
2026-08-13 07:07:16 Martins-MacBook-Pro Messages[2206] <Error>: 107310466049 12 AVE INFO: AVE_Session_HEVC_StartTileSession Enter 0x74abd8020 0x1737854b0
2026-08-13 07:07:16 Martins-MacBook-Pro Messages[2206] <Error>: 107310466068 12 AVE INFO: AVE_Session_HEVC_StartTileSession Exit 0x74abd8020 0x1737854b0 0
2026-08-13 07:07:16 Martins-MacBook-Pro Messages[2206] <Error>: 107310466078 11 AVE INFO: AVE_Plugin_HEVC_StartTileSession Exit 0x74abd8000 0x300000745a2f700 0x10000074eb974a0 256 256 0x1fa9f13c8 3440 40 0 0
2026-08-13 07:07:16 Martins-MacBook-Pro Messages[2206] <Error>: 107310466103 11 AVE INFO: AVE_Plugin_HEVC_PrepareToEncodeTiles Enter 0x74abd8000 0 0
2026-08-13 07:07:16 Martins-MacBook-Pro Messages[2206] <Error>: 107310466115 12 AVE INFO: AVE_Session_HEVC_Prepare Enter 0x74abd8020
2026-08-13 07:07:16 Martins-MacBook-Pro Messages[2206] <Error>: 107310466473 12 AVE INFO: AVE_Session_HEVC_Prepare Exit 0x74abd8020 0
2026-08-13 07:07:16 Martins-MacBook-Pro Messages[2206] <Error>: 107310466492 11 AVE INFO: AVE_Plugin_HEVC_PrepareToEncodeTiles Exit 0x74abd8000 0 3440 389 0 0
2026-08-13 07:07:16 Martins-MacBook-Pro Messages[2206] <Error>: 107310477687 11 AVE INFO: AVE_Plugin_HEVC_Invalidate Enter 0x74abd8000 0
2026-08-13 07:07:16 Martins-MacBook-Pro Messages[2206] <Error>: 107310477734 12 AVE INFO: AVE_Session_HEVC_Stop Enter 0x74abd8020
2026-08-13 07:07:16 Martins-MacBook-Pro Messages[2206] <Error>: 107310477854 12 AVE INFO: AVE_Session_HEVC_Stop Exit 0x74abd8020 0
2026-08-13 07:07:16 Martins-MacBook-Pro Messages[2206] <Error>: 107310477869 11 AVE INFO: AVE_Plugin_HEVC_Invalidate Exit 0x74abd8000 3440 182 0 0
2026-08-13 07:07:16 Martins-MacBook-Pro Messages[2206] <Error>: 107310477885 11 AVE INFO: AVE_Plugin_HEVC_Finalize Enter 0x74abd8000 0
2026-08-13 07:07:16 Martins-MacBook-Pro Messages[2206] <Error>: 107310477894 12 AVE INFO: AVE_Session_HEVC_Destroy Enter 0x74abd8020
2026-08-13 07:07:16 Martins-MacBook-Pro Messages[2206] <Error>: 107310479370 2 AVE : ID: 3440 Type: 1 Enc: 2 | Input: 1 Proc: 1 Drop: 0
2026-08-13 07:07:16 Martins-MacBook-Pro Messages[2206] <Error>: 107310481256 12 AVE INFO: AVE_Session_HEVC_Destroy Exit 0x74abd8020 0
2026-08-13 07:07:16 Martins-MacBook-Pro Messages[2206] <Error>: 107310481285 11 AVE INFO: AVE_Plugin_HEVC_Finalize Exit 0x74abd8000 3440 3400 0 0
2026-08-13 07:17:02 Martins-MacBook-Pro syslogd[382] <Notice>: ASL Sender Statistics
2026-08-13 07:27:35 Martins-MacBook-Pro syslogd[382] <Notice>: ASL Sender Statistics
2026-08-13 07:37:41 Martins-MacBook-Pro syslogd[382] <Notice>: ASL Sender Statistics
2026-08-13 07:47:43 Martins-MacBook-Pro syslogd[382] <Notice>: ASL Sender Statistics
2026-08-13 07:57:49 Martins-MacBook-Pro syslogd[382] <Notice>: ASL Sender Statistics
2026-08-13 08:09:02 Martins-MacBook-Pro syslogd[382] <Notice>: ASL Sender Statistics
2026-08-13 08:19:14 Martins-MacBook-Pro syslogd[382] <Notice>: ASL Sender Statistics
2026-08-13 08:29:45 Martins-MacBook-Pro syslogd[382] <Notice>: ASL Sender Statistics
2026-08-13 08:40:13 Martins-MacBook-Pro syslogd[382] <Notice>: ASL Sender Statistics
2026-08-13 08:50:14 Martins-MacBook-Pro syslogd[382] <Notice>: ASL Sender Statistics
2026-08-13 09:00:14 Martins-MacBook-Pro syslogd[382] <Notice>: ASL Sender Statistics
2026-08-13 09:10:50 Martins-MacBook-Pro syslogd[382] <Notice>: ASL Sender Statistics
2026-08-13 09:21:50 Martins-MacBook-Pro syslogd[382] <Notice>: ASL Sender Statistics
2026-08-13 09:33:30 Martins-MacBook-Pro syslogd[382] <Notice>: ASL Sender Statistics
2026-08-13 09:43:57 Martins-MacBook-Pro syslogd[382] <Notice>: ASL Sender Statistics
2026-08-13 09:56:31 Martins-MacBook-Pro syslogd[382] <Notice>: ASL Sender Statistics
2026-08-13 10:08:25 Martins-MacBook-Pro syslogd[382] <Notice>: ASL Sender Statistics
2026-08-13 10:18:33 Martins-MacBook-Pro syslogd[382] <Notice>: ASL Sender Statistics
2026-08-13 10:30:26 Martins-MacBook-Pro syslogd[382] <Notice>: ASL Sender Statistics
2026-08-13 10:42:20 Martins-MacBook-Pro syslogd[382] <Notice>: ASL Sender Statistics
2026-08-13 10:53:12 Martins-MacBook-Pro syslogd[382] <Notice>: ASL Sender Statistics
2026-08-13 11:07:54 Martins-MacBook-Pro syslogd[382] <Notice>: ASL Sender Statistics
2026-08-13 11:18:08 Martins-MacBook-Pro syslogd[382] <Notice>: ASL Sender Statistics
2026-08-13 11:28:26 Martins-MacBook-Pro syslogd[382] <Notice>: ASL Sender Statistics
2026-08-13 11:38:30 Martins-MacBook-Pro syslogd[382] <Notice>: ASL Sender Statistics
2026-08-13 11:48:37 Martins-MacBook-Pro syslogd[382] <Notice>: ASL Sender Statistics
2026-08-13 11:59:06 Martins-MacBook-Pro syslogd[382] <Notice>: ASL Sender Statistics
2026-08-13 12:11:28 Martins-MacBook-Pro syslogd[382] <Notice>: ASL Sender Statistics
2026-08-13 12:32:58 Martins-MacBook-Pro syslogd[382] <Notice>: ASL Sender Statistics
2026-08-13 12:53:04 Martins-MacBook-Pro syslogd[382] <Notice>: ASL Sender Statistics
2026-08-13 13:07:27 Martins-MacBook-Pro syslogd[382] <Notice>: ASL Sender Statistics
2026-08-13 13:17:28 Martins-MacBook-Pro syslogd[382] <Notice>: ASL Sender Statistics
2026-08-13 13:27:47 Martins-MacBook-Pro syslogd[382] <Notice>: ASL Sender Statistics
2026-08-13 13:39:06 Martins-MacBook-Pro syslogd[382] <Notice>: ASL Sender Statistics
2026-08-13 13:51:09 Martins-MacBook-Pro syslogd[382] <Notice>: ASL Sender Statistics