2026-07-30 18:45:55.6828  INFO 1 LogosApplication | Using Write-Ahead Logging for SQLite databases.
2026-07-30 18:45:55.6854  INFO 1 OurApp | Starting application (52.1, version 52.1.0.0002) on Mac OS X 26.5.2 (Arm64 running on Apple Silicon) at 1.965 seconds. Pid: 14447
2026-07-30 18:45:55.6862  INFO 1 OurApp | (Timed) Registering embedded application fonts
2026-07-30 18:45:55.7655  INFO 1 OurApp | (79ms) Registering embedded application fonts
2026-07-30 18:45:55.8003  INFO 1 OurApp | Auto-detected UI language: en-US
2026-07-30 18:45:55.8012  INFO 1 OurApp | Culture.Current.LanguageName: en-CA
2026-07-30 18:45:55.8035  INFO 1 OurApp | (Timed) Enabling Jitmap
2026-07-30 18:45:55.8191  INFO 1 OurApp | (15ms) Enabling Jitmap
2026-07-30 18:45:55.8206  INFO 1 UserManager | Opening UserManager in /Users/mjwebster/Library/Application Support/Logos4/Users.
2026-07-30 18:45:55.8296  INFO 1 LocalFileDatabase | Connection opened (5ms): /Users/mjwebster/Library/Application Support/Logos4/Users/UserManager.db
2026-07-30 18:45:55.8329  INFO 1 DependencyHelper | (Timed) Creating User Metadata manager.
2026-07-30 18:45:55.8331  INFO 1 DependencyHelper | (0ms) Creating User Metadata manager.
2026-07-30 18:45:55.8331  INFO 1 OurApp | Creating AppModel.
2026-07-30 18:45:55.8643  INFO 1 ApplicationThemeUtility | (Timed) Loading embedded theme resources
2026-07-30 18:45:55.9511 ERROR 1 ResourceDictionary | DynamicResource [SidebarBorderStyleCornerRadius] is not in the ResourceDictionary
2026-07-30 18:45:55.9511 ERROR 1 ResourceDictionary | DynamicResource [LeftSidebarBorderStyleCornerRadius] is not in the ResourceDictionary
2026-07-30 18:45:55.9512 ERROR 1 ResourceDictionary | DynamicResource [RightSidebarBorderStyleCornerRadius] is not in the ResourceDictionary
2026-07-30 18:45:55.9512 ERROR 1 ResourceDictionary | DynamicResource [TextBoxBorderStyleCornerRadius] is not in the ResourceDictionary
2026-07-30 18:45:55.9512 ERROR 1 ResourceDictionary | DynamicResource [TextBoxFocusedBorderStyleCornerRadius] is not in the ResourceDictionary
2026-07-30 18:45:55.9512 ERROR 1 ResourceDictionary | DynamicResource [TextBoxErrorBorderStyleCornerRadius] is not in the ResourceDictionary
2026-07-30 18:45:55.9512 ERROR 1 ResourceDictionary | DynamicResource [SecondaryTextBoxBorderStyleCornerRadius] is not in the ResourceDictionary
2026-07-30 18:45:55.9512 ERROR 1 ResourceDictionary | DynamicResource [TabButtonActiveBorderStyleCornerRadius] is not in the ResourceDictionary
2026-07-30 18:45:55.9513 ERROR 1 ResourceDictionary | DynamicResource [ContentTabActiveBorderStyleCornerRadius] is not in the ResourceDictionary
2026-07-30 18:45:55.9513 ERROR 1 ResourceDictionary | DynamicResource [GoBoxBorderStyleCornerRadius] is not in the ResourceDictionary
2026-07-30 18:45:55.9513 ERROR 1 ResourceDictionary | DynamicResource [PanelToolbarBorderStyleCornerRadius] is not in the ResourceDictionary
2026-07-30 18:45:55.9513 ERROR 1 ResourceDictionary | DynamicResource [ButtonInlineTabActiveBorderStyleCornerRadius] is not in the ResourceDictionary
2026-07-30 18:45:55.9513 ERROR 1 ResourceDictionary | DynamicResource [ToastInfoBorderStyleCornerRadius] is not in the ResourceDictionary
2026-07-30 18:45:55.9513 ERROR 1 ResourceDictionary | DynamicResource [ToastInfoLeftBarBorderStyleCornerRadius] is not in the ResourceDictionary
2026-07-30 18:45:55.9514 ERROR 1 ResourceDictionary | DynamicResource [ToastWarningBorderStyleCornerRadius] is not in the ResourceDictionary
2026-07-30 18:45:55.9514 ERROR 1 ResourceDictionary | DynamicResource [ToastWarningLeftBarBorderStyleCornerRadius] is not in the ResourceDictionary
2026-07-30 18:45:55.9514 ERROR 1 ResourceDictionary | DynamicResource [ToastErrorBorderStyleCornerRadius] is not in the ResourceDictionary
2026-07-30 18:45:55.9514 ERROR 1 ResourceDictionary | DynamicResource [ToastErrorLeftBarBorderStyleCornerRadius] is not in the ResourceDictionary
2026-07-30 18:45:55.9514 ERROR 1 ResourceDictionary | DynamicResource [ToastSuccessBorderStyleCornerRadius] is not in the ResourceDictionary
2026-07-30 18:45:55.9514 ERROR 1 ResourceDictionary | DynamicResource [ToastSuccessLeftBarBorderStyleCornerRadius] is not in the ResourceDictionary
2026-07-30 18:45:55.9515 ERROR 1 ResourceDictionary | DynamicResource [CardMessageBorderStyleCornerRadius] is not in the ResourceDictionary
2026-07-30 18:45:55.9515 ERROR 1 ResourceDictionary | DynamicResource [CardMessageLeftBarBorderStyleCornerRadius] is not in the ResourceDictionary
2026-07-30 18:45:55.9515 ERROR 1 ResourceDictionary | DynamicResource [CardInfoBorderStyleCornerRadius] is not in the ResourceDictionary
2026-07-30 18:45:55.9515 ERROR 1 ResourceDictionary | DynamicResource [CardInfoLeftBarBorderStyleCornerRadius] is not in the ResourceDictionary
2026-07-30 18:45:55.9516 ERROR 1 ResourceDictionary | DynamicResource [CardWarningBorderStyleCornerRadius] is not in the ResourceDictionary
2026-07-30 18:45:55.9516 ERROR 1 ResourceDictionary | DynamicResource [CardWarningLeftBarBorderStyleCornerRadius] is not in the ResourceDictionary
2026-07-30 18:45:55.9516 ERROR 1 ResourceDictionary | DynamicResource [CardErrorBorderStyleCornerRadius] is not in the ResourceDictionary
2026-07-30 18:45:55.9516 ERROR 1 ResourceDictionary | DynamicResource [CardErrorLeftBarBorderStyleCornerRadius] is not in the ResourceDictionary
2026-07-30 18:45:55.9516 ERROR 1 ResourceDictionary | DynamicResource [SearchPanelActiveResultBorderStyleCornerRadius] is not in the ResourceDictionary
2026-07-30 18:45:55.9516 ERROR 1 ResourceDictionary | DynamicResource [SearchPanelSelectedResultBorderStyleCornerRadius] is not in the ResourceDictionary
2026-07-30 18:45:55.9517 ERROR 1 ResourceDictionary | DynamicResource [SermonWriterWhiteSwatchBorderStyleCornerRadius] is not in the ResourceDictionary
2026-07-30 18:45:55.9517 ERROR 1 ResourceDictionary | DynamicResource [GenericTabActiveBorderStyleCornerRadius] is not in the ResourceDictionary
2026-07-30 18:45:55.9517 ERROR 1 ResourceDictionary | DynamicResource [CardStockBorderRadiusCornerRadius] is not in the ResourceDictionary
2026-07-30 18:45:55.9517 ERROR 1 ResourceDictionary | DynamicResource [GenericRoundedFocusOutlineBorderRadiusCornerRadius] is not in the ResourceDictionary
2026-07-30 18:45:55.9517 ERROR 1 ResourceDictionary | DynamicResource [LinkFocusOutlineBorderRadiusCornerRadius] is not in the ResourceDictionary
2026-07-30 18:45:55.9517 ERROR 1 ResourceDictionary | DynamicResource [DropdownBorderRadiusCornerRadius] is not in the ResourceDictionary
2026-07-30 18:45:55.9517 ERROR 1 ResourceDictionary | DynamicResource [PopupBorderRadiusCornerRadius] is not in the ResourceDictionary
2026-07-30 18:45:55.9517 ERROR 1 ResourceDictionary | DynamicResource [PanelTabBorderRadiusCornerRadius] is not in the ResourceDictionary
2026-07-30 18:45:55.9517 ERROR 1 ResourceDictionary | DynamicResource [ButtonBorderRadiusCornerRadius] is not in the ResourceDictionary
2026-07-30 18:45:55.9517 ERROR 1 ResourceDictionary | DynamicResource [ButtonInlineBorderRadiusCornerRadius] is not in the ResourceDictionary
2026-07-30 18:45:55.9517 ERROR 1 ResourceDictionary | DynamicResource [ButtonRoundedBorderRadiusCornerRadius] is not in the ResourceDictionary
2026-07-30 18:45:55.9517 ERROR 1 ResourceDictionary | DynamicResource [ToastBorderRadiusCornerRadius] is not in the ResourceDictionary
2026-07-30 18:45:55.9518 ERROR 1 ResourceDictionary | DynamicResource [GenericMenuBorderRadiusCornerRadius] is not in the ResourceDictionary
2026-07-30 18:45:55.9518 ERROR 1 ResourceDictionary | DynamicResource [GenericTabBorderRadiusCornerRadius] is not in the ResourceDictionary
2026-07-30 18:45:55.9518 ERROR 1 ResourceDictionary | DynamicResource [DragPreviewLabelBorderRadiusCornerRadius] is not in the ResourceDictionary
2026-07-30 18:45:55.9518 ERROR 1 ResourceDictionary | DynamicResource [DragPreviewItemBorderRadiusCornerRadius] is not in the ResourceDictionary
2026-07-30 18:45:55.9630 ERROR 1 ResourceDictionary | StaticResource [ListBoxItemStyleBase] is not in the ResourceDictionary
2026-07-30 18:45:55.9630 ERROR 1 ResourceDictionary | StaticResource [TextBoxBaseStyle] is not in the ResourceDictionary
2026-07-30 18:45:55.9631 ERROR 1 ResourceDictionary | StaticResource [PanelToolBarStyledToggleButtonStyle] is not in the ResourceDictionary
2026-07-30 18:45:55.9631 ERROR 1 ResourceDictionary | StaticResource [PanelToolBarStyledToggleButtonStyle] is not in the ResourceDictionary
2026-07-30 18:45:55.9631 ERROR 1 ResourceDictionary | StaticResource [PopupExpanderStyleBase] is not in the ResourceDictionary
2026-07-30 18:45:55.9631 ERROR 1 ResourceDictionary | StaticResource [PanelToolBarButtonStyle] is not in the ResourceDictionary
2026-07-30 18:45:55.9633  INFO 1 ApplicationThemeUtility | (99ms) Loading embedded theme resources
2026-07-30 18:45:55.9981  INFO 1 LDLS4.AppModel | Running AppModel.
2026-07-30 18:45:56.014 Logos[14447:2257600] String comparison for font name failed; expected Gentium but was Gentium-Regular
2026-07-30 18:45:56.015 Logos[14447:2257600] String comparison for font name failed; expected Gentium but was Gentium-Regular
2026-07-30 18:45:56.0497  INFO 4 DigitalLibraryServices | Initializing DigitalLibraryServices. (Shared Folder = /Users/mjwebster/Library/Application Support/Logos4/Shared, Data Folder = /Users/mjwebster/Library/Application Support/Logos4/Data/wq8ubj9r.32o, Documents Folder = /Users/mjwebster/Library/Application Support/Logos4/Documents/wq8ubj9r.32o)
2026-07-30 18:45:56.0520  INFO 4 StartupUtility | (Timed) Startup step: GetOnlineConfiguration
2026-07-30 18:45:56.0522  INFO 4 DigitalLibraryServices | (Timed) Creating local user preferences.
2026-07-30 18:45:56.0524  INFO 4 PreferencesManager | Opening PreferencesManager in /Users/mjwebster/Library/Application Support/Logos4/Documents/wq8ubj9r.32o/LocalUserPreferences.
2026-07-30 18:45:56.0530  INFO 4 LocalFileDatabase | Connection opened (0ms): /Users/mjwebster/Library/Application Support/Logos4/Documents/wq8ubj9r.32o/LocalUserPreferences/PreferencesManager.db
2026-07-30 18:45:56.0534  INFO 4 DigitalLibraryServices | (1ms) Creating local user preferences.
2026-07-30 18:45:56.0558  INFO 4 StartupUtility | (4ms) Startup step: GetOnlineConfiguration
2026-07-30 18:45:56.0559  INFO 4 StartupManager | Has valid credentials = True
2026-07-30 18:45:56.0560  INFO 4 StartupManager | Should work online = True
2026-07-30 18:45:56.0571  INFO 4 StartupUtility | (Timed) Startup step: TrySetProxy
2026-07-30 18:45:56.0607  INFO 4 ProxyUtility | System web proxy: None
2026-07-30 18:45:56.0607  INFO 4 ProxyUtility | Logos 4 web proxy: None
2026-07-30 18:45:56.0608  INFO 4 StartupUtility | (4ms) Startup step: TrySetProxy
2026-07-30 18:45:56.0612  INFO 4 StartupUtility | (Timed) Startup step: GetIsApplicationVersionValid
2026-07-30 18:45:56.0617  INFO 4 StartupUtility | (0ms) Startup step: GetIsApplicationVersionValid
2026-07-30 18:45:56.0619  INFO 1 StartupViewModel | Primary status set to 'Default'.
2026-07-30 18:45:56.0620  INFO 4 StartupUtility | (Timed) Startup step: LoadLanguageTitles
2026-07-30 18:45:56.0661  INFO 4 StartupUtility | (Timed) Startup step: InitializeDataTypes
2026-07-30 18:45:56.0662  INFO 4 StartupManager | (Timed) Loading common data types in the background.
2026-07-30 18:45:56.0666  INFO 4 StartupUtility | (Timed) Startup step: InitializeCitationEngine
2026-07-30 18:45:56.0671  INFO 4 StartupUtility | (Timed) Startup step: GetPreferredApplicationFamily
2026-07-30 18:45:56.0671  INFO 4 DigitalLibraryServices | (Timed) Creating new user preferences.
2026-07-30 18:45:56.0676  INFO 9 DataTypeManager | (Timed) Initializing data type manager.
2026-07-30 18:45:56.0680  INFO 4 LocalFileDatabase | Connection opened (0ms): /Users/mjwebster/Library/Application Support/Logos4/Documents/wq8ubj9r.32o/UserPreferences2/PreferencesManager.db
2026-07-30 18:45:56.0691  INFO 4 DigitalLibraryServices | (2ms) Creating new user preferences.
2026-07-30 18:45:56.0739  INFO 4 StartupUtility | (7ms) Startup step: GetPreferredApplicationFamily
2026-07-30 18:45:56.0760  INFO 4 DigitalLibraryServices | (Timed) Creating user dictionary manager.
2026-07-30 18:45:56.0767  INFO 4 LocalFileDatabase | Connection opened (0ms): /Users/mjwebster/Library/Application Support/Logos4/Data/wq8ubj9r.32o/UserDictionaryManager/UserDictionaries.db
2026-07-30 18:45:56.0772  INFO 4 DigitalLibraryServices | (1ms) Creating user dictionary manager.
2026-07-30 18:45:56.0778  INFO 4 StartupUtility | (Timed) Startup step: LoadDictionaries
2026-07-30 18:45:56.0786  INFO 4 StartupUtility | (Timed) Startup step: CreateWebRequestFactory
2026-07-30 18:45:56.0790  INFO 13 StartupManager | (Timed) Loading spell-check dictionaries.
2026-07-30 18:45:56.0790  INFO 4 StartupUtility | (0ms) Startup step: CreateWebRequestFactory
2026-07-30 18:45:56.0792  INFO 4 StartupUtility | (Timed) Startup step: CreateUnauthenticatedWebRequestFactory
2026-07-30 18:45:56.0792  INFO 4 StartupUtility | (0ms) Startup step: CreateUnauthenticatedWebRequestFactory
2026-07-30 18:45:56.0793  INFO 4 DigitalLibraryServices | (Timed) Creating license manager.
2026-07-30 18:45:56.0794  INFO 4 LicenseManager | Opening LicenseManager in /Users/mjwebster/Library/Application Support/Logos4/Data/wq8ubj9r.32o/LicenseManager; products folder is /Users/mjwebster/Library/Application Support/Logos4/Shared/Products
2026-07-30 18:45:56.0909  INFO 4 DigitalLibraryServices | (12ms) Creating license manager.
2026-07-30 18:45:56.0909  INFO 10 ScriptEnginePoolFactory | (Timed) Initializing new citation engine.
2026-07-30 18:45:56.0922  INFO 4 StartupUtility | (Timed) Startup step: SetUser
2026-07-30 18:45:56.0967  INFO 1 LocalFileDatabase | Connection opened (0ms): /Users/mjwebster/Library/Application Support/Logos4/Data/wq8ubj9r.32o/Errors/Application/ErrorReportManager.db
2026-07-30 18:45:56.0981  INFO 1 LDLS4.AppModel | Logos user ID: 80031
2026-07-30 18:45:56.0982  INFO 1 DigitalLibraryServices | (Timed) Creating library catalog.
2026-07-30 18:45:56.0989  INFO 1 DigitalLibraryServices | (Timed) Creating device resource manager.
2026-07-30 18:45:56.0998  INFO 9 DataTypeManager | (32ms) Initializing data type manager.
2026-07-30 18:45:56.1000  INFO 1 LocalFileDatabase | Connection opened (0ms): /Users/mjwebster/Library/Application Support/Logos4/Documents/wq8ubj9r.32o/DeviceResourceManager/MobileResourcesSyncManager.db
2026-07-30 18:45:56.1061  INFO 10 ScriptEnginePoolFactory | (15ms) Initializing new citation engine.
2026-07-30 18:45:56.1067  INFO 10 ScriptEnginePoolFactory | (Timed) Initializing new citation engine.
2026-07-30 18:45:56.1099  INFO 1 DigitalLibraryServices | (11ms) Creating device resource manager.
2026-07-30 18:45:56.1100  INFO 1 DigitalLibraryServices | (Timed) Creating ReadingProgressManager
2026-07-30 18:45:56.1101  INFO 1 DigitalLibraryServices | (Timed) Creating resource manager.
2026-07-30 18:45:56.1102  INFO 1 DigitalLibraryServices | (Timed) Creating data type options.
2026-07-30 18:45:56.1102  INFO 1 DigitalLibraryServices | (0ms) Creating data type options.
2026-07-30 18:45:56.1115  INFO 1 LocalFileDatabase | Connection opened (0ms): /Users/mjwebster/Library/Application Support/Logos4/Data/wq8ubj9r.32o/WebCache/CacheData.db
2026-07-30 18:45:56.1132  INFO 1 LocalFileDatabase | Connection opened (0ms): /Users/mjwebster/Library/Application Support/Logos4/Data/wq8ubj9r.32o/ResourceManager/ResourceManager.db
2026-07-30 18:45:56.1141  INFO 10 ScriptEnginePoolFactory | (7ms) Initializing new citation engine.
2026-07-30 18:45:56.1142  INFO 10 StartupUtility | (48ms) Startup step: InitializeCitationEngine
2026-07-30 18:45:56.1274  INFO 1 LocalFileDatabase | Connection opened (0ms): /Users/mjwebster/Library/Application Support/Logos4/Documents/wq8ubj9r.32o/ResourceManager/ResourceSyncManager.db
2026-07-30 18:45:56.1275  INFO 1 DigitalLibraryServices | (17ms) Creating resource manager.
2026-07-30 18:45:56.1286  INFO 1 LocalFileDatabase | Connection opened (0ms): /Users/mjwebster/Library/Application Support/Logos4/Data/wq8ubj9r.32o/ReadingProgressManager/readingprogressmanager.db
2026-07-30 18:45:56.1287  INFO 1 DigitalLibraryServices | (19ms) Creating ReadingProgressManager
2026-07-30 18:45:56.1306  INFO 1 LocalFileDatabase | Connection opened (0ms): /Users/mjwebster/Library/Application Support/Logos4/Documents/wq8ubj9r.32o/LibraryCatalog/LibraryCatalogSync.db
2026-07-30 18:45:56.1357  INFO 1 LocalFileDatabase | Connection opened (3ms): /Users/mjwebster/Library/Application Support/Logos4/Data/wq8ubj9r.32o/LibraryCatalog/catalog.db
2026-07-30 18:45:56.1449  INFO 1 DigitalLibraryServices | (47ms) Creating library catalog.
2026-07-30 18:45:56.1588  INFO 1 LocalFileDatabase | Connection opened (3ms): /Users/mjwebster/Library/Application Support/Logos4/Data/wq8ubj9r.32o/UserEventManager/UserEventManager.db
2026-07-30 18:45:56.1630  INFO 15 StartupUtility | (71ms) Startup step: SetUser
2026-07-30 18:45:56.1632  INFO 15 StartupUtility | (Timed) Startup step: RegisterDeviceAndApplication
2026-07-30 18:45:56.1639  INFO 4 AppMessageProvider | (Timed) Getting app message feed.
2026-07-30 18:45:56.1733  INFO 15 StartupUtility | (Timed) Startup step: AcquireFreeLicenses
2026-07-30 18:45:56.1733  INFO 15 StartupManager | (Timed) Acquiring free licenses
2026-07-30 18:45:56.2193  INFO 9 StartupManager | (153ms) Loading common data types in the background.
2026-07-30 18:45:56.2193  INFO 9 StartupUtility | (153ms) Startup step: InitializeDataTypes
2026-07-30 18:45:56.2268  INFO 10 LibraryCatalog | Added 9046 resources to library catalog cache. (80ms)
2026-07-30 18:45:56.3214  INFO 1 StartupManager | (242ms) Loading spell-check dictionaries.
2026-07-30 18:45:56.3214  INFO 1 StartupUtility | (244ms) Startup step: LoadDictionaries
2026-07-30 18:45:56.3219  INFO 13 StartupUtility | (Timed) Startup step: CreateWebBrowserCustomDictionary
2026-07-30 18:45:56.3229  INFO 13 StartupUtility | (1ms) Startup step: CreateWebBrowserCustomDictionary
2026-07-30 18:45:56.5178  INFO 6 StartupUtility | (456ms) Startup step: LoadLanguageTitles
2026-07-30 18:45:56.6213  INFO 22 AppMessageProvider | (457ms) Getting app message feed.
2026-07-30 18:45:56.6292  INFO 22 AppBannerManager | (Timed) Waiting for first preferences sync to complete
2026-07-30 18:45:56.8032  INFO 22 StartupManager | AcquireFreeLicenses step completed. Licenses unlocked: False
2026-07-30 18:45:56.8032  INFO 22 StartupManager | (630ms) Acquiring free licenses
2026-07-30 18:45:56.8032  INFO 22 StartupUtility | (630ms) Startup step: AcquireFreeLicenses
2026-07-30 18:45:56.8037  INFO 22 StartupManager | Updating licenses in parallel.
2026-07-30 18:45:56.8044  INFO 22 StartupUtility | (Timed) Startup step: StartServices
2026-07-30 18:45:56.8046  INFO 22 StartupUtility | (Timed) Startup step: CreateFactories
2026-07-30 18:45:56.8047  INFO 22 StartupUtility | (0ms) Startup step: CreateFactories
2026-07-30 18:45:56.8049  INFO 22 StartupUtility | (Timed) Startup step: SetFactories
2026-07-30 18:45:56.8061  INFO 6 StartupUtility | (1ms) Startup step: SetFactories
2026-07-30 18:45:56.8066  INFO 6 StartupUtility | (Timed) Startup step: StartPostSetFactoryServicesWork
2026-07-30 18:45:56.8085  INFO 22 DigitalLibraryServices | (Timed) Creating visual markup manager.
2026-07-30 18:45:56.8126  INFO 22 LocalFileDatabase | Connection opened (3ms): /Users/mjwebster/Library/Application Support/Logos4/Documents/wq8ubj9r.32o/VisualMarkup/visualmarkup.db
2026-07-30 18:45:56.8324  INFO 22 DigitalLibraryServices | (24ms) Creating visual markup manager.
2026-07-30 18:45:56.8325  INFO 22 DigitalLibraryServices | (Timed) Creating document manager.
2026-07-30 18:45:56.8383  INFO 22 LocalFileDatabase | Connection opened (0ms): /Users/mjwebster/Library/Application Support/Logos4/Documents/wq8ubj9r.32o/Documents/DocumentInfo.db
2026-07-30 18:45:56.8542  INFO 22 DigitalLibraryServices | (22ms) Creating document manager.
2026-07-30 18:45:56.8548  INFO 22 DigitalLibraryServices | (Timed) Creating notes tool manager.
2026-07-30 18:45:56.8549  INFO 22 DigitalLibraryServices | (Timed) Creating reverse interlinear manager.
2026-07-30 18:45:56.8556  INFO 22 LocalFileDatabase | Connection opened (0ms): /Users/mjwebster/Library/Application Support/Logos4/Data/wq8ubj9r.32o/ReverseInterlinearManager/reverseinterlinearmanager.db
2026-07-30 18:45:56.8557  INFO 22 DigitalLibraryServices | (1ms) Creating reverse interlinear manager.
2026-07-30 18:45:56.8557  INFO 22 DigitalLibraryServices | (Timed) Creating data type lists.
2026-07-30 18:45:56.8558  INFO 22 DigitalLibraryServices | (Timed) Creating resource lists.
2026-07-30 18:45:56.8559  INFO 22 DigitalLibraryServices | (Timed) Creating keylink manager.
2026-07-30 18:45:56.8560  INFO 22 DigitalLibraryServices | (Timed) Creating resource collection manager.
2026-07-30 18:45:56.8569  INFO 22 LocalFileDatabase | Connection opened (0ms): /Users/mjwebster/Library/Application Support/Logos4/Documents/wq8ubj9r.32o/ResourceCollectionManager/ResourceCollectionManager.db
2026-07-30 18:45:56.8572  INFO 22 DigitalLibraryServices | (1ms) Creating resource collection manager.
2026-07-30 18:45:56.8573  INFO 22 DigitalLibraryServices | (Timed) Creating global milestone index.
2026-07-30 18:45:56.8583  INFO 22 LocalFileDatabase | Connection opened (0ms): /Users/mjwebster/Library/Application Support/Logos4/Data/wq8ubj9r.32o/GlobalMilestoneIndex/milestones.db
2026-07-30 18:45:56.8626  INFO 22 DigitalLibraryServices | (5ms) Creating global milestone index.
2026-07-30 18:45:56.8636  INFO 22 LocalFileDatabase | Connection opened (0ms): /Users/mjwebster/Library/Application Support/Logos4/Data/wq8ubj9r.32o/KeyLinkManager/keylinkmanager.db
2026-07-30 18:45:56.8645  INFO 22 LocalFileDatabase | Connection opened (0ms): /Users/mjwebster/Library/Application Support/Logos4/Documents/wq8ubj9r.32o/KeyLinkManager/KeyLinkSyncManager.db
2026-07-30 18:45:56.8646  INFO 22 DigitalLibraryServices | (9ms) Creating keylink manager.
2026-07-30 18:45:56.8647  INFO 22 DigitalLibraryServices | (9ms) Creating resource lists.
2026-07-30 18:45:56.8648  INFO 22 DigitalLibraryServices | (9ms) Creating data type lists.
2026-07-30 18:45:56.8675  INFO 22 LocalFileDatabase | Connection opened (0ms): /Users/mjwebster/Library/Application Support/Logos4/Documents/wq8ubj9r.32o/NotesToolManager/notestool.db
2026-07-30 18:45:56.8698  INFO 22 DigitalLibraryServices | (15ms) Creating notes tool manager.
2026-07-30 18:45:56.8707  INFO 22 LocalFileDatabase | Connection opened (0ms): /Users/mjwebster/Library/Application Support/Logos4/Documents/wq8ubj9r.32o/Documents/VisualFilter/VisualFilter.db
2026-07-30 18:45:56.8864  INFO 22 DigitalLibraryServices | (Timed) Creating bookmarks manager.
2026-07-30 18:45:56.8866  INFO 22 DigitalLibraryServices | (0ms) Creating bookmarks manager.
2026-07-30 18:45:56.9058  INFO 1 DigitalLibraryServices | (Timed) Creating layouts manager.
2026-07-30 18:45:56.9065  INFO 1 LocalFileDatabase | Connection opened (0ms): /Users/mjwebster/Library/Application Support/Logos4/Documents/wq8ubj9r.32o/LayoutManager/layouts.db
2026-07-30 18:45:56.9066  INFO 1 DigitalLibraryServices | (1ms) Creating layouts manager.
2026-07-30 18:45:56.9099  INFO 1 DependencyHelper | (Timed) Creating WebBrowserFactory.
2026-07-30 18:45:56.9123  INFO 1 WebBrowser.WebBrowserFactory | Current LanguageName [en-CA] and Language [en] not supported by CEF, defaulting to en-US
2026-07-30 18:45:56.9126  INFO 1 WebBrowser.WebBrowserFactory | Initializing CEF with Locale:[]
2026-07-30 18:45:56.9398  INFO 6 StartupUtility | (777ms) Startup step: RegisterDeviceAndApplication
[14447:2258096:0730/184556.955714:ERROR:net/cert/internal/trust_store_mac.cc:817] Error parsing certificate:
ERROR: Failed parsing extensions

2026-07-30 18:45:56.9871  INFO 1 DependencyHelper | (77ms) Creating WebBrowserFactory.
2026-07-30 18:45:57.0160  INFO 1 LDLS4.AppModel | (Timed) Creating guide manager.
2026-07-30 18:45:57.0172  INFO 1 LocalFileDatabase | Connection opened (0ms): /Users/mjwebster/Library/Application Support/Logos4/Documents/wq8ubj9r.32o/Guides/guides.db
2026-07-30 18:45:57.0180  INFO 1 LDLS4.AppModel | (2ms) Creating guide manager.
2026-07-30 18:45:57.0188  INFO 6 DigitalLibraryServices | (Timed) Creating new sync manager.
2026-07-30 18:45:57.0223  INFO 6 SyncManager | Adding sync client: MobileResourceSyncItem
2026-07-30 18:45:57.0230  INFO 6 DigitalLibraryServices | (Timed) Creating copy Bible verses style manager.
2026-07-30 18:45:57.0248  INFO 6 LocalFileDatabase | Connection opened (0ms): /Users/mjwebster/Library/Application Support/Logos4/Documents/wq8ubj9r.32o/CopyBibleVerses/CopyBibleVerses.db
2026-07-30 18:45:57.0260  INFO 6 DigitalLibraryServices | (3ms) Creating copy Bible verses style manager.
2026-07-30 18:45:57.0267  INFO 6 SyncManager | Adding sync client: StyleSyncItem
2026-07-30 18:45:57.0295  INFO 6 DigitalLibraryServices | (Timed) Creating personal book manager.
2026-07-30 18:45:57.0311  INFO 6 LocalFileDatabase | Connection opened (0ms): /Users/mjwebster/Library/Application Support/Logos4/Documents/wq8ubj9r.32o/PersonalBooks/PersonalBookManager.db
2026-07-30 18:45:57.0318  INFO 6 DigitalLibraryServices | (2ms) Creating personal book manager.
2026-07-30 18:45:57.0332  INFO 6 SyncManager | Adding sync client: BookSyncItem
2026-07-30 18:45:57.0345  INFO 6 SyncManager | Adding sync client: PreferencesSyncItem
2026-07-30 18:45:57.0346  INFO 6 DigitalLibraryServices | (Timed) Creating favorites manager.
2026-07-30 18:45:57.0363  INFO 6 LocalFileDatabase | Connection opened (1ms): /Users/mjwebster/Library/Application Support/Logos4/Documents/wq8ubj9r.32o/FavoritesManager/favorites.db
2026-07-30 18:45:57.0366  INFO 6 DigitalLibraryServices | (2ms) Creating favorites manager.
2026-07-30 18:45:57.0394  INFO 6 SyncManager | Adding sync client: FavoritesSyncItem
2026-07-30 18:45:57.0403  INFO 6 SyncManager | Adding sync client: HighlightingStyleSyncItem
2026-07-30 18:45:57.0407  INFO 6 SyncManager | Adding sync client: LayoutsSyncItem
2026-07-30 18:45:57.0424  INFO 6 SyncManager | Adding sync client: CustomResourceMetadataSyncItem
2026-07-30 18:45:57.0429  INFO 6 SyncManager | Adding sync client: HiddenResourceSyncItem
2026-07-30 18:45:57.0435  INFO 6 SyncManager | Adding sync client: ResourcePrioritySyncItem
2026-07-30 18:45:57.0441  INFO 6 SyncManager | Adding sync client: ResourceCollectionSyncItem
2026-07-30 18:45:57.0442  INFO 6 DigitalLibraryServices | (Timed) Creating shortcuts manager.
2026-07-30 18:45:57.0453  INFO 6 LocalFileDatabase | Connection opened (0ms): /Users/mjwebster/Library/Application Support/Logos4/Documents/wq8ubj9r.32o/ShortcutsManager/shortcuts.db
2026-07-30 18:45:57.0454  INFO 6 DigitalLibraryServices | (1ms) Creating shortcuts manager.
2026-07-30 18:45:57.0460  INFO 6 SyncManager | Adding sync client: ShortcutsSyncItem
2026-07-30 18:45:57.0461  INFO 6 DigitalLibraryServices | (Timed) Creating user input database.
2026-07-30 18:45:57.0462  INFO 6 DigitalLibraryServices | (Timed) Creating user input and reading list migrator
2026-07-30 18:45:57.0464  INFO 6 DigitalLibraryServices | (0ms) Creating user input and reading list migrator
2026-07-30 18:45:57.0477  INFO 6 LocalFileDatabase | Connection opened (1ms): /Users/mjwebster/Library/Application Support/Logos4/Documents/wq8ubj9r.32o/UserInputs/UserInputs2.db
2026-07-30 18:45:57.0480  INFO 6 DigitalLibraryServices | (2ms) Creating user input database.
2026-07-30 18:45:57.0487  INFO 6 SyncManager | Adding sync client: UserInputSyncItem
2026-07-30 18:45:57.0489  INFO 6 DigitalLibraryServices | (Timed) Creating user input database.
2026-07-30 18:45:57.0499  INFO 6 LocalFileDatabase | Connection opened (0ms): /Users/mjwebster/Library/Application Support/Logos4/Documents/wq8ubj9r.32o/ReadingLists/ReadingLists.db
2026-07-30 18:45:57.0501  INFO 6 DigitalLibraryServices | (1ms) Creating user input database.
2026-07-30 18:45:57.0506  INFO 6 SyncManager | Adding sync client: ReadingListStatusSyncItem
2026-07-30 18:45:57.0507  INFO 6 DigitalLibraryServices | (Timed) Creating self tests document manager.
2026-07-30 18:45:57.0516  INFO 6 LocalFileDatabase | Connection opened (0ms): /Users/mjwebster/Library/Application Support/Logos4/Documents/wq8ubj9r.32o/SelfTests/SelfTests.db
2026-07-30 18:45:57.0519  INFO 6 DigitalLibraryServices | (1ms) Creating self tests document manager.
2026-07-30 18:45:57.0526  INFO 6 SyncManager | Adding sync client: SelfTestSyncItem
2026-07-30 18:45:57.0529  INFO 6 SyncManager | Adding sync client: ReadingProgressSyncItem
2026-07-30 18:45:57.0530  INFO 6 DigitalLibraryServices | (Timed) Creating history manager.
2026-07-30 18:45:57.0533  INFO 6 HistoryManager | Loading HistoryManager.
2026-07-30 18:45:57.0539  INFO 6 LocalFileDatabase | Connection opened (0ms): /Users/mjwebster/Library/Application Support/Logos4/Data/wq8ubj9r.32o/HistoryManager/history.db
2026-07-30 18:45:57.0552  INFO 6 DigitalLibraryServices | (2ms) Creating history manager.
2026-07-30 18:45:57.0555  INFO 6 SyncManager | Adding sync client: HistorySyncItem
2026-07-30 18:45:57.0565  INFO 6 SyncManager | Adding sync client: NotesApi
2026-07-30 18:45:57.0567  INFO 6 DigitalLibraryServices | (Timed) Creating guided learning manager.
2026-07-30 18:45:57.0582  INFO 6 LocalFileDatabase | Connection opened (1ms): /Users/mjwebster/Library/Application Support/Logos4/Documents/wq8ubj9r.32o/GuidedLearning/GuidedLearning.db
2026-07-30 18:45:57.0585  INFO 6 DigitalLibraryServices | (2ms) Creating guided learning manager.
2026-07-30 18:45:57.0607  INFO 6 SyncManager | Adding sync client: GuidedLearning
2026-07-30 18:45:57.0623  INFO 6 SyncManager | Adding sync client: CustomDictionaries
2026-07-30 18:45:57.0640  INFO 6 LocalFileDatabase | Connection opened (0ms): /Users/mjwebster/Library/Application Support/Logos4/Documents/wq8ubj9r.32o/Documents/Bibliography/Bibliography.db
2026-07-30 18:45:57.0664  INFO 6 SyncManager | Adding sync client: BibliographySyncItem
2026-07-30 18:45:57.0682  INFO 6 LocalFileDatabase | Connection opened (0ms): /Users/mjwebster/Library/Application Support/Logos4/Documents/wq8ubj9r.32o/Documents/Canvas/Canvas.db
2026-07-30 18:45:57.0699  INFO 6 SyncManager | Adding sync client: CanvasSyncItem
2026-07-30 18:45:57.0716  INFO 6 LocalFileDatabase | Connection opened (0ms): /Users/mjwebster/Library/Application Support/Logos4/Documents/wq8ubj9r.32o/Documents/MorphGrid/MorphGrid.db
2026-07-30 18:45:57.0729  INFO 6 SyncManager | Adding sync client: MorphGridSyncItem
2026-07-30 18:45:57.0748  INFO 6 LocalFileDatabase | Connection opened (1ms): /Users/mjwebster/Library/Application Support/Logos4/Documents/wq8ubj9r.32o/Documents/PassageList/PassageList.db
2026-07-30 18:45:57.0764  INFO 6 SyncManager | Adding sync client: PassageListSyncItem
2026-07-30 18:45:57.0773  INFO 6 SyncManager | Adding sync client: PassageListStatusSyncItem
2026-07-30 18:45:57.0786  INFO 6 LocalFileDatabase | Connection opened (0ms): /Users/mjwebster/Library/Application Support/Logos4/Documents/wq8ubj9r.32o/Documents/SentenceDiagram/SentenceDiagram.db
2026-07-30 18:45:57.0799  INFO 6 SyncManager | Adding sync client: SentenceDiagramsSyncItem
2026-07-30 18:45:57.0811  INFO 6 LocalFileDatabase | Connection opened (0ms): /Users/mjwebster/Library/Application Support/Logos4/Documents/wq8ubj9r.32o/Documents/SyntaxSearch/SyntaxSearch.db
2026-07-30 18:45:57.0820  INFO 6 SyncManager | Adding sync client: SyntaxSearchSyncItem
2026-07-30 18:45:57.0826  INFO 6 SyncManager | Adding sync client: VisualFilterSyncItem
2026-07-30 18:45:57.0836  INFO 6 LocalFileDatabase | Connection opened (0ms): /Users/mjwebster/Library/Application Support/Logos4/Documents/wq8ubj9r.32o/Documents/WordFind/WordFind.db
2026-07-30 18:45:57.0845  INFO 6 SyncManager | Adding sync client: WordFindSyncItem
2026-07-30 18:45:57.0853  INFO 6 LocalFileDatabase | Connection opened (0ms): /Users/mjwebster/Library/Application Support/Logos4/Documents/wq8ubj9r.32o/Documents/WordList/wordlist.db
2026-07-30 18:45:57.0861  INFO 6 SyncManager | Adding sync client: WordListSyncItem
2026-07-30 18:45:57.0869  INFO 6 LocalFileDatabase | Connection opened (0ms): /Users/mjwebster/Library/Application Support/Logos4/Documents/wq8ubj9r.32o/Documents/BibleStudy/BibleStudy.db
2026-07-30 18:45:57.0877  INFO 6 SyncManager | Adding sync client: BibleStudySyncItem
2026-07-30 18:45:57.0886  INFO 6 LocalFileDatabase | Connection opened (0ms): /Users/mjwebster/Library/Application Support/Logos4/Documents/wq8ubj9r.32o/Documents/Clippings/Clippings.db
2026-07-30 18:45:57.0896  INFO 6 SyncManager | Adding sync client: ClippingsSyncItem
2026-07-30 18:45:57.0907  INFO 6 LocalFileDatabase | Connection opened (0ms): /Users/mjwebster/Library/Application Support/Logos4/Documents/wq8ubj9r.32o/Documents/ReadingPlan/ReadingPlan.db
2026-07-30 18:45:57.0939  INFO 6 SyncManager | Adding sync client: ReadingPlanSyncItem
2026-07-30 18:45:57.0942  INFO 6 SyncManager | Adding sync client: ReadingPlanStatusSyncItem
2026-07-30 18:45:57.0956  INFO 6 LocalFileDatabase | Connection opened (0ms): /Users/mjwebster/Library/Application Support/Logos4/Documents/wq8ubj9r.32o/Documents/Sermon/Sermon.db
2026-07-30 18:45:57.0971  INFO 6 SyncManager | Adding sync client: SermonWriter
2026-07-30 18:45:57.0982  INFO 6 LocalFileDatabase | Connection opened (0ms): /Users/mjwebster/Library/Application Support/Logos4/Documents/wq8ubj9r.32o/Documents/PrayerList/PrayerList.db
2026-07-30 18:45:57.0992  INFO 6 SyncManager | Adding sync client: PrayerListSyncItem
2026-07-30 18:45:57.0995  INFO 6 SyncManager | Adding sync client: PrayerStatusSyncItem
2026-07-30 18:45:57.0996  INFO 6 DigitalLibraryServices | (81ms) Creating new sync manager.
2026-07-30 18:45:57.1002  INFO 6 SyncManager | Adding sync client: GuideTemplateSyncItem
2026-07-30 18:45:57.1007  INFO 6 SyncManager | Adding sync client: GuideDocumentSyncItem
2026-07-30 18:45:57.1124  INFO 6 SyncManager | Starting sync manager thread.
2026-07-30 18:45:57.1131  INFO 6 StartupUtility | (306ms) Startup step: StartPostSetFactoryServicesWork
2026-07-30 18:45:57.1142  INFO 32 SyncManager | Sync manager thread started.
2026-07-30 18:45:57.1241  INFO 6 StartupUtility | (Timed) Startup step: CreateServiceClients
2026-07-30 18:45:57.1328  INFO 6 StartupUtility | (9ms) Startup step: CreateServiceClients
2026-07-30 18:45:57.1330  INFO 6 StartupUtility | (Timed) Startup step: SetServiceClients
2026-07-30 18:45:57.1352  INFO 6 StartupUtility | (2ms) Startup step: SetServiceClients
2026-07-30 18:45:57.1354  INFO 6 StartupUtility | (Timed) Startup step: StartPostSetServiceClientsWork
2026-07-30 18:45:57.1460 ERROR 1 ApplicationUtility | SQLite Error 283: recovered 937 frames from WAL file /Users/mjwebster/Library/Application Support/Logos4/Data/wq8ubj9r.32o/AmplitudeReporter/AmplitudeEvents.db-wal
2026-07-30 18:45:57.1466  INFO 1 LocalFileDatabase | Connection opened (6ms): /Users/mjwebster/Library/Application Support/Logos4/Data/wq8ubj9r.32o/AmplitudeReporter/AmplitudeEvents.db
2026-07-30 18:45:57.1482  INFO 1 LibraryCatalog | (Timed) Fixing obsolete resources if needed.
2026-07-30 18:45:57.1483  INFO 1 LibraryCatalog | (0ms) Fixing obsolete resources if needed.
2026-07-30 18:45:57.1484  INFO 1 LibraryCatalog | (Timed) Updating sort keys if needed.
2026-07-30 18:45:57.1484  INFO 1 LibraryCatalog | (0ms) Updating sort keys if needed.
2026-07-30 18:45:57.1496  INFO 1 LDLS4.AppModel | (Timed) Creating resource file download info database.
2026-07-30 18:45:57.1503  INFO 1 LocalFileDatabase | Connection opened (0ms): /Users/mjwebster/Library/Application Support/Logos4/Data/wq8ubj9r.32o/ResourceFileDownloadInfo/ResourceFileDownloadInfo.db
2026-07-30 18:45:57.1525  INFO 1 LDLS4.AppModel | (3ms) Creating resource file download info database.
2026-07-30 18:45:57.1526  INFO 1 LDLS4.AppModel | (Timed) Creating cloud resource manager.
2026-07-30 18:45:57.1536  INFO 1 LocalFileDatabase | Connection opened (0ms): /Users/mjwebster/Library/Application Support/Logos4/Data/wq8ubj9r.32o/CloudResourceManager/CloudResources.db
2026-07-30 18:45:57.1538  INFO 1 CloudResourceManager | Cloud resources are enabled.
2026-07-30 18:45:57.1538  INFO 1 LDLS4.AppModel | (1ms) Creating cloud resource manager.
2026-07-30 18:45:57.1541  INFO 1 LDLS4.AppModel | (Timed) Initializing local preferences
2026-07-30 18:45:57.1552  INFO 1 LocalFileDatabase | Connection opened (0ms): /Users/mjwebster/Library/Application Support/Logos4/Data/wq8ubj9r.32o/ResourceViewRecordsManager/resourceviewrecords.db
2026-07-30 18:45:57.1560  INFO 1 LDLS4.AppModel | Global zoom initialized to 120.
2026-07-30 18:45:57.1569  INFO 1 LDLS4.AppModel | (3ms) Initializing local preferences
2026-07-30 18:45:57.1586  INFO 1 UpdatePipelineManager | (Timed) Starting up UpdatePipelineManager
2026-07-30 18:45:57.1587  INFO 1 UpdatePipelineManager | (Timed) Creating update manager.
2026-07-30 18:45:57.1589  INFO 1 UpdateManager | Initializing update manager.
2026-07-30 18:45:57.1595  INFO 1 LocalFileDatabase | Connection opened (0ms): /Users/mjwebster/Library/Application Support/Logos4/Data/wq8ubj9r.32o/UpdateManager/Updates.db
2026-07-30 18:45:57.1597  INFO 1 UpdatePipelineManager | (1ms) Creating update manager.
2026-07-30 18:45:57.1600  INFO 1 LibraryCatalog | (Timed) Fixing cover images if needed.
2026-07-30 18:45:57.1600  INFO 1 LibraryCatalog | (0ms) Fixing cover images if needed.
2026-07-30 18:45:57.1609  INFO 1 LocalFileDatabase | Connection opened (0ms): /Users/mjwebster/Library/Application Support/Logos4/Data/wq8ubj9r.32o/Updates/Metadata.db
2026-07-30 18:45:57.1620  INFO 1 UpdatePipelineManager | Initializing update pipeline stages.
2026-07-30 18:45:57.1623  INFO 1 DigitalLibraryServices | (Timed) Creating download manager.
2026-07-30 18:45:57.1625  INFO 1 DownloadManager | Opening Download Manager in /Users/mjwebster/Library/Application Support/Logos4/Data/wq8ubj9r.32o/DownloadManager.
2026-07-30 18:45:57.1631  INFO 1 LocalFileDatabase | Connection opened (0ms): /Users/mjwebster/Library/Application Support/Logos4/Data/wq8ubj9r.32o/DownloadManager/DownloadManager.db
2026-07-30 18:45:57.1636  INFO 1 DigitalLibraryServices | (1ms) Creating download manager.
2026-07-30 18:45:57.7681  INFO 1 UpdatePipelineManager | (609ms) Starting up UpdatePipelineManager
2026-07-30 18:45:57.7686  INFO 4 CloudResourceManager | (Timed) Initializing CloudResourceManager.
2026-07-30 18:45:57.7932  INFO 4 CloudResourceManager | Identified 10292 resouces that should be downloaded. (24ms)
2026-07-30 18:45:57.8269  INFO 4 CloudResourceManager | Identified 9047 local resources (9047 can be deleted). (33ms)
2026-07-30 18:45:57.8280  INFO 4 CloudResourceManager | Identified 9773 server resources. (0ms)
2026-07-30 18:45:57.8285  INFO 4 LibraryCatalog | (Timed) Validating cloud resources.
2026-07-30 18:45:57.8375  INFO 4 LibraryCatalog | (9ms) Validating cloud resources.
2026-07-30 18:45:57.8380  INFO 4 CloudResourceManager | (Timed) Initializing cache of transitions to process.
2026-07-30 18:45:57.8399  INFO 4 CloudResourceManager | (2ms) Initializing cache of transitions to process.
2026-07-30 18:45:57.8490  INFO 4 CloudResourceManager | (80ms) Initializing CloudResourceManager.
2026-07-30 18:45:57.8557  INFO 1 ResourceViewTracker | Starting background thread.
2026-07-30 18:45:57.8560  INFO 36 ResourceViewTracker | Background thread started.
2026-07-30 18:45:57.8574  INFO 4 StartupUtility | (722ms) Startup step: StartPostSetServiceClientsWork
2026-07-30 18:45:57.8574  INFO 4 StartupUtility | (1053ms) Startup step: StartServices
2026-07-30 18:45:57.8591  INFO 4 StartupUtility | (Timed) Startup step: SyncPreferences
2026-07-30 18:45:57.8598  INFO 4 StartupManager | Not waiting to finish first sync.
2026-07-30 18:45:57.8601  INFO 4 StartupUtility | (Timed) Startup step: InitializeSyncedPreferences
2026-07-30 18:45:57.8604  INFO 32 SyncManager | Requesting sync on sync clients: PreferencesSyncItem
2026-07-30 18:45:57.8612  INFO 4 StartupUtility | (Timed) Startup step: InitializeQueryParserSettingsProvider
2026-07-30 18:45:57.8615  INFO 1 LDLS4.AppModel | (Timed) Initializing synced preferences
2026-07-30 18:45:57.8626  INFO 4 CloudResourceManager | Making 0 resources local (isUserRequest=False).
2026-07-30 18:45:57.8628  INFO 14 LocalFileDatabase | Connection opened (0ms): /Users/mjwebster/Library/Application Support/Logos4/Documents/wq8ubj9r.32o/UserPreferences2/PreferencesManager.db
2026-07-30 18:45:57.8631  INFO 4 CloudResourceManager | InitializeTransitionRequestWithinLock. 0 resources (isUserRequest=False)
2026-07-30 18:45:57.8638  INFO 4 StartupUtility | (Timed) Startup step: ProcessBlockingUpdateJobs
2026-07-30 18:45:57.8650  INFO 4 UpdateManager | Update installer (version 52.1.0.2) has already been applied - marking it as Finished.
2026-07-30 18:45:57.8716  INFO 32 SyncClient | Found 2 items to submit for PreferencesSyncItem
2026-07-30 18:45:57.8723  INFO 4 StartupUtility | (Timed) Startup step: ProcessBlockingDownloadJobs
2026-07-30 18:45:57.8731  INFO 4 StartupUtility | (1ms) Startup step: ProcessBlockingDownloadJobs
2026-07-30 18:45:57.8731  INFO 4 StartupUtility | (9ms) Startup step: ProcessBlockingUpdateJobs
2026-07-30 18:45:57.8734  INFO 4 StartupUtility | (Timed) Startup step: OptimizeDatabases
2026-07-30 18:45:57.8740  INFO 4 StartupUtility | (Timed) Startup step: LogDiscoveryFailures
2026-07-30 18:45:57.8741  INFO 4 StartupUtility | (0ms) Startup step: LogDiscoveryFailures
2026-07-30 18:45:57.8742  INFO 9 KeyLinkManager | (Timed) Vacuuming KeyLinkManager database.
2026-07-30 18:45:57.8757  INFO 4 AtlasSearchIndex | Created searcher
2026-07-30 18:45:57.8765  INFO 4 LocalFileDatabase | Connection opened (0ms): /Users/mjwebster/Library/Application Support/Logos4/Data/wq8ubj9r.32o/AtlasManager/AtlasCache.db
2026-07-30 18:45:57.8768  INFO 4 StartupUtility | (Timed) Startup step: InitializeAtlas
2026-07-30 18:45:57.8769  INFO 4 StartupUtility | (0ms) Startup step: InitializeAtlas
2026-07-30 18:45:57.8787  INFO 9 KeyLinkManager | (4ms) Vacuuming KeyLinkManager database.
2026-07-30 18:45:57.8788  INFO 9 ReverseInterlinearManager | (Timed) Vacuuming ReverseInterlinearManager database.
2026-07-30 18:45:57.8792  INFO 9 ReverseInterlinearManager | (0ms) Vacuuming ReverseInterlinearManager database.
2026-07-30 18:45:57.9418  INFO 9 LayoutManager | Deleted 3 old backup copies of named layouts.
2026-07-30 18:45:57.9427  INFO 9 StartupUtility | (69ms) Startup step: OptimizeDatabases
2026-07-30 18:45:58.2624  INFO 1 LDLS4.AppModel | (401ms) Initializing synced preferences
2026-07-30 18:45:58.2626  INFO 4 StartupUtility | (403ms) Startup step: InitializeSyncedPreferences
2026-07-30 18:45:58.2664  INFO 4 StartupUtility | (405ms) Startup step: InitializeQueryParserSettingsProvider
2026-07-30 18:45:58.2667  INFO 4 StartupUtility | (Timed) Startup step: InitializeQueryUtility
2026-07-30 18:45:58.2720  INFO 32 SyncClient | (Timed) Submitting 2 of 2 items.
2026-07-30 18:45:58.2756  INFO 6 StartupUtility | (9ms) Startup step: InitializeQueryUtility
2026-07-30 18:45:58.2761  INFO 6 StartupUtility | (Timed) Startup step: ForceDatabaseInitialization
2026-07-30 18:45:58.2761  INFO 6 DigitalLibraryServices | (Timed) Creating library index.
2026-07-30 18:45:58.2773  INFO 6 LocalFileDatabase | Connection opened (0ms): /Users/mjwebster/Library/Application Support/Logos4/Data/wq8ubj9r.32o/LibraryIndex/LibraryIndex.db
2026-07-30 18:45:58.2775  INFO 6 DigitalLibraryServices | (1ms) Creating library index.
2026-07-30 18:45:58.2776  INFO 6 StartupUtility | (1ms) Startup step: ForceDatabaseInitialization
2026-07-30 18:45:58.2776  INFO 6 StartupManager | (Timed) Blocking startup on preferences sync with 0.5 second timeout.
2026-07-30 18:45:58.4047  INFO 32 SyncClient | (133ms) Submitting 2 of 2 items.
2026-07-30 18:45:58.4095  INFO 32 SyncClient | Integrated 2 successes, 0 conflicts, and 0 errors.
2026-07-30 18:45:58.4107  INFO 32 SyncClient | Downloading items for PreferencesSyncItem
2026-07-30 18:45:58.5160  INFO 32 SyncClient | New last known milestones: {"itemMilestone":"418973"}
2026-07-30 18:45:58.5181  INFO 32 SyncManager | Finished requesting sync on sync clients: PreferencesSyncItem
2026-07-30 18:45:58.5187  INFO 4 StartupUtility | (660ms) Startup step: SyncPreferences
2026-07-30 18:45:58.5187  INFO 4 StartupManager | (241ms) Blocking startup on preferences sync with 0.5 second timeout.
2026-07-30 18:45:58.5188  INFO 4 AppBannerManager | (1890ms) Waiting for first preferences sync to complete
2026-07-30 18:45:58.5261  INFO 4 StartupUtility | (Timed) Startup step: InitializeAppBannerRequirements
2026-07-30 18:45:58.5292  INFO 4 StartupUtility | (3ms) Startup step: InitializeAppBannerRequirements
2026-07-30 18:45:58.5293  INFO 4 StartupViewModel | Adding status 'Completed'.
2026-07-30 18:45:58.5302  INFO 4 StartupUtility | (Timed) Startup step: CreateMainWindow
2026-07-30 18:45:58.5302  INFO 1 StartupViewModel | Primary status set to 'Completed'.
2026-07-30 18:45:58.5354  INFO 4 LDLS4.AppModel | Getting web resource section definitions.
2026-07-30 18:45:58.8905  INFO 4 LDLS4.AppModel | Creating web resource sections.
2026-07-30 18:45:58.9020  INFO 1 StartupUtility | (Timed) Startup step: CreateWindow
2026-07-30 18:45:58.9022  INFO 1 DigitalLibraryServices | (Timed) Creating personal book index.
2026-07-30 18:45:58.9032  INFO 1 LocalFileDatabase | Connection opened (0ms): /Users/mjwebster/Library/Application Support/Logos4/Data/wq8ubj9r.32o/PersonalBookIndex/LibraryIndex.db
2026-07-30 18:45:58.9033  INFO 1 DigitalLibraryServices | (1ms) Creating personal book index.
2026-07-30 18:45:58.9062  INFO 1 SectionsUtility | (Timed) Registering sections.
2026-07-30 18:45:58.9249  INFO 1 SectionsUtility | (19ms) Registering sections.
2026-07-30 18:45:58.9250  INFO 1 SectionsUtility | (Timed) Registering web sections.
2026-07-30 18:45:58.9255  INFO 1 SectionsUtility | (0ms) Registering web sections.
2026-07-30 18:45:58.9255  INFO 1 LDLS4.AppModel | (Timed) Loading guide templates.
2026-07-30 18:45:58.9378  INFO 1 LDLS4.AppModel | (12ms) Loading guide templates.
2026-07-30 18:45:58.9386  INFO 1 ResourceCollectionManager | Updating collection cache after 00:00:01: cache enabled
2026-07-30 18:45:58.9389  INFO 1 LDLS4.AppModel | (Timed) Registering panels.
2026-07-30 18:45:58.9719  INFO 1 LDLS4.AppModel | (33ms) Registering panels.
2026-07-30 18:45:58.9719  INFO 1 LDLS4.AppModel | (Timed) Registering named preferences.
2026-07-30 18:45:58.9805  INFO 1 LDLS4.AppModel | (9ms) Registering named preferences.
2026-07-30 18:45:58.9805  INFO 1 LDLS4.AppModel | (Timed) Registering visual filters.
2026-07-30 18:45:58.9891  INFO 1 DigitalLibraryServices | (Timed) Creating rich text content extractor.
2026-07-30 18:45:58.9891  INFO 1 DigitalLibraryServices | (Timed) Creating transliteration manager.
2026-07-30 18:45:58.9893  INFO 1 DigitalLibraryServices | (0ms) Creating transliteration manager.
2026-07-30 18:45:58.9893  INFO 1 DigitalLibraryServices | (0ms) Creating rich text content extractor.
2026-07-30 18:45:59.0105  INFO 6 NotesToolManager | Creating connection to notes database.
2026-07-30 18:45:59.0105  INFO 22 NotesToolManager | Creating connection to notes database.
2026-07-30 18:45:59.0121  INFO 1 LDLS4.AppModel | (32ms) Registering visual filters.
2026-07-30 18:45:59.0152  INFO 1 ResourceCollectionManager | Updating collection cache after 00:00:01: system resource collections
2026-07-30 18:45:59.0164  INFO 1 LDLS4.AppModel | Initializing MainWindowModel.
2026-07-30 18:45:59.018 Logos[14447:2257600] Loaded window placement from preferences: Height=996|Left=-1781|State=Normal|Top=1|Width=1728|WorkHeight=0|WorkLeft=0|WorkTop=0|WorkWidth=0
2026-07-30 18:45:59.0206  INFO 1 MainWindow | Display resolution of screen 1 is 1920x1080.
2026-07-30 18:45:59.0206  INFO 1 MainWindow | Display units per inch of screen 1 is 92.00 with a backing scale factor of 2.00.
2026-07-30 18:45:59.0206  INFO 1 MainWindow | Display resolution of screen 2 is 1920x1080.
2026-07-30 18:45:59.0206  INFO 1 MainWindow | Display units per inch of screen 2 is 92.00 with a backing scale factor of 2.00.
2026-07-30 18:45:59.0206  INFO 1 MainWindow | Display resolution of screen 3 is 1080x1920.
2026-07-30 18:45:59.0206  INFO 1 MainWindow | Display units per inch of screen 3 is 81.00 with a backing scale factor of 1.00.
2026-07-30 18:45:59.0261  INFO 6 ClientNotesApi | Found 44 notebooks. (18ms) {"sort":"title","notebookFields":["id","title"],"limit":2147483647}
2026-07-30 18:45:59.0261  INFO 22 ClientNotesApi | Found 44 notebooks. (18ms) {"sort":"title","notebookFields":["id","title"],"limit":2147483647}
2026-07-30 18:45:59.127 Logos[14447:2257600] Setting window placement: {-1781, 1, 1728, 996} | frame: {{-1781, 53}, {1728, 996}} | state: 0 | frame: {{-1781, 54}, {1728, 996}}
Available screens:
  - {{0, 0}, {1920, 1050}}
  - {{-1920, 54}, {1920, 996}}
  - {{1920, -519}, {1080, 1890}}
2026-07-30 18:45:59.1381  INFO 1 LDLS4.AppModel | Initializing PanelLinkingManager.
2026-07-30 18:45:59.1388  INFO 1 StartupUtility | (237ms) Startup step: CreateWindow
2026-07-30 18:45:59.1396  INFO 1 StartupUtility | Finished startup at 5420ms.
2026-07-30 18:45:59.1413  INFO 1 OurApp | Showing main window at 5.421 seconds.
2026-07-30 18:45:59.1459  INFO 1 UpdatePipelineManager | Updating download schedule.
2026-07-30 18:45:59.1478  INFO 22 LDLS4.AppModel | There are 567 hidden resources.
2026-07-30 18:45:59.1492  INFO 1 LDLS4.AppModel | (Timed) Creating workflows manager.
2026-07-30 18:45:59.1515  INFO 1 LocalFileDatabase | Connection opened (0ms): /Users/mjwebster/Library/Application Support/Logos4/Documents/wq8ubj9r.32o/Workflows/Workflows.db
2026-07-30 18:45:59.1517  INFO 6 ClientNotesApi | Updated 0 resource versions. (3ms)
2026-07-30 18:45:59.1517  INFO 6 ClientNotesApi | Updated current resources. (3ms)
2026-07-30 18:45:59.1517  INFO 6 NotesToolManager | Updated 0 current resources.
2026-07-30 18:45:59.1526  INFO 1 SyncManager | Adding sync client: WorkflowsApi
2026-07-30 18:45:59.1526  INFO 1 LDLS4.AppModel | (3ms) Creating workflows manager.
2026-07-30 18:45:59.1567  INFO 6 ClientNotesApi | Detected anchors needing update. (4ms)
2026-07-30 18:45:59.1567  INFO 6 NotesToolManager | Detected 12 anchors needing update.
2026-07-30 18:45:59.1570  INFO 15 StartupUtility | (627ms) Startup step: CreateMainWindow
2026-07-30 18:45:59.1578  INFO 15 StartupUtility | (Timed) Startup step: UpdateLicenses
2026-07-30 18:45:59.1582  INFO 15 StartupUtility | (Timed) Startup step: DownloadLicenses
2026-07-30 18:45:59.1602  INFO 15 WebServiceClient | Checking for new license compared to W/"a5d72db1-ccfe-4785-a82b-0aad7de4d474"
2026-07-30 18:45:59.1622  INFO 6 LocalFileDatabase | Connection opened (0ms): /Users/mjwebster/Library/Application Support/Logos4/Data/wq8ubj9r.32o/KeyLinkManager/keylinkmanager.db
2026-07-30 18:45:59.1631  INFO 15 StartupUtility | (Timed) Startup step: SetKeyLinkRanksForApplicationFamily
2026-07-30 18:45:59.1631  INFO 15 StartupManager | Setting default KeyLink ranks for Logos.
2026-07-30 18:45:59.1635  INFO 6 LocalFileDatabase | Connection opened (0ms): /Users/mjwebster/Library/Application Support/Logos4/Data/wq8ubj9r.32o/KeyLinkManager/keylinkmanager.db
2026-07-30 18:45:59.1635  INFO 15 LocalFileDatabase | Connection opened (0ms): /Users/mjwebster/Library/Application Support/Logos4/Data/wq8ubj9r.32o/KeyLinkManager/keylinkmanager.db
2026-07-30 18:45:59.1635  INFO 22 LocalFileDatabase | Connection opened (0ms): /Users/mjwebster/Library/Application Support/Logos4/Data/wq8ubj9r.32o/KeyLinkManager/keylinkmanager.db
2026-07-30 18:45:59.1638  INFO 15 StartupUtility | (1ms) Startup step: SetKeyLinkRanksForApplicationFamily
2026-07-30 18:45:59.1641  INFO 15 StartupUtility | (Timed) Startup step: LoadUserSpecificData
2026-07-30 18:45:59.1645  INFO 10 StartupManager | Loading navigable data types in the background.
2026-07-30 18:45:59.1645  INFO 10 StartupManager | (Timed) KeyLinkManager.GetKnownDataTypes
2026-07-30 18:45:59.1823  INFO 22 LocalFileDatabase | Connection opened (0ms): /Users/mjwebster/Library/Application Support/Logos4/Data/wq8ubj9r.32o/LibraryCatalog/catalog.db
2026-07-30 18:45:59.2503  WARN 6 Sinai.Title | Couldn't find position_upgrade_manifest.dat as Baggage in /Users/mjwebster/Library/Application Support/Logos4/Data/wq8ubj9r.32o/ResourceManager/Resources/2033bcaf3f78424b902e0e5a53e55b94.lbspbb.
2026-07-30 18:45:59.2515 ERROR 6 SqliteNotesClientRepository | Unable to convert text range Faithlife.NotesApi.Core.TextRangeRequest: {"code":"NotFound","message":"Failed to open text range: {\"resourceId\":\"PBB:2033bcaf3f78424b902e0e5a53e55b94\",\"resourceVersion\":\"2019-05-06T22:15:24Z\",\"indexedOffset\":0,\"indexedLength\":0,\"indexedVersion\":\"1970-01-01T00:00:00Z\",\"inputId\":\"QUESTION_1\"}"}
2026-07-30 18:45:59.2526 ERROR 6 SqliteNotesClientRepository | Unable to convert text range Faithlife.NotesApi.Core.TextRangeRequest: {"code":"NotFound","message":"Failed to open text range: {\"resourceId\":\"PBB:2033bcaf3f78424b902e0e5a53e55b94\",\"resourceVersion\":\"2019-05-06T22:15:24Z\",\"indexedOffset\":0,\"indexedLength\":0,\"indexedVersion\":\"1970-01-01T00:00:00Z\",\"inputId\":\"QUESTION_5\"}"}
2026-07-30 18:45:59.2526 ERROR 6 SqliteNotesClientRepository | Unable to convert text range Faithlife.NotesApi.Core.TextRangeRequest: {"code":"NotFound","message":"Failed to open text range: {\"resourceId\":\"PBB:2033bcaf3f78424b902e0e5a53e55b94\",\"resourceVersion\":\"2019-05-06T22:15:24Z\",\"indexedOffset\":0,\"indexedLength\":0,\"indexedVersion\":\"1970-01-01T00:00:00Z\",\"inputId\":\"QUESTION_6\"}"}
2026-07-30 18:45:59.2526 ERROR 6 SqliteNotesClientRepository | Unable to convert text range Faithlife.NotesApi.Core.TextRangeRequest: {"code":"NotFound","message":"Failed to open text range: {\"resourceId\":\"PBB:2033bcaf3f78424b902e0e5a53e55b94\",\"resourceVersion\":\"2019-05-06T22:15:24Z\",\"indexedOffset\":0,\"indexedLength\":0,\"indexedVersion\":\"1970-01-01T00:00:00Z\",\"inputId\":\"QUESTION_9\"}"}
2026-07-30 18:45:59.2527 ERROR 6 SqliteNotesClientRepository | Unable to convert text range Faithlife.NotesApi.Core.TextRangeRequest: {"code":"NotFound","message":"Failed to open text range: {\"resourceId\":\"PBB:2033bcaf3f78424b902e0e5a53e55b94\",\"resourceVersion\":\"2019-05-06T22:15:24Z\",\"indexedOffset\":0,\"indexedLength\":0,\"indexedVersion\":\"1970-01-01T00:00:00Z\",\"inputId\":\"QUESTION_10\"}"}
2026-07-30 18:45:59.2527 ERROR 6 SqliteNotesClientRepository | Unable to convert text range Faithlife.NotesApi.Core.TextRangeRequest: {"code":"NotFound","message":"Failed to open text range: {\"resourceId\":\"PBB:2033bcaf3f78424b902e0e5a53e55b94\",\"resourceVersion\":\"2019-05-06T22:15:24Z\",\"indexedOffset\":0,\"indexedLength\":0,\"indexedVersion\":\"1970-01-01T00:00:00Z\",\"inputId\":\"QUESTION_12\"}"}
2026-07-30 18:45:59.2527 ERROR 6 SqliteNotesClientRepository | Unable to convert text range Faithlife.NotesApi.Core.TextRangeRequest: {"code":"NotFound","message":"Failed to open text range: {\"resourceId\":\"PBB:2033bcaf3f78424b902e0e5a53e55b94\",\"resourceVersion\":\"2019-05-06T22:15:24Z\",\"indexedOffset\":0,\"indexedLength\":0,\"indexedVersion\":\"1970-01-01T00:00:00Z\",\"inputId\":\"QUESTION_11\"}"}
2026-07-30 18:45:59.2527 ERROR 6 SqliteNotesClientRepository | Unable to convert text range Faithlife.NotesApi.Core.TextRangeRequest: {"code":"NotFound","message":"Failed to open text range: {\"resourceId\":\"PBB:2033bcaf3f78424b902e0e5a53e55b94\",\"resourceVersion\":\"2019-05-06T22:15:24Z\",\"indexedOffset\":0,\"indexedLength\":0,\"indexedVersion\":\"1970-01-01T00:00:00Z\",\"inputId\":\"QUESTION_13\"}"}
2026-07-30 18:45:59.2527 ERROR 6 SqliteNotesClientRepository | Unable to convert text range Faithlife.NotesApi.Core.TextRangeRequest: {"code":"NotFound","message":"Failed to open text range: {\"resourceId\":\"PBB:2033bcaf3f78424b902e0e5a53e55b94\",\"resourceVersion\":\"2019-05-06T22:15:24Z\",\"indexedOffset\":0,\"indexedLength\":0,\"indexedVersion\":\"1970-01-01T00:00:00Z\",\"inputId\":\"QUESTION_15\"}"}
2026-07-30 18:45:59.2527 ERROR 6 SqliteNotesClientRepository | Unable to convert text range Faithlife.NotesApi.Core.TextRangeRequest: {"code":"NotFound","message":"Failed to open text range: {\"resourceId\":\"PBB:2033bcaf3f78424b902e0e5a53e55b94\",\"resourceVersion\":\"2019-05-06T22:15:24Z\",\"indexedOffset\":0,\"indexedLength\":0,\"indexedVersion\":\"1970-01-01T00:00:00Z\",\"inputId\":\"QUESTION_17\"}"}
2026-07-30 18:45:59.2527 ERROR 6 SqliteNotesClientRepository | Unable to convert text range Faithlife.NotesApi.Core.TextRangeRequest: {"code":"NotFound","message":"Failed to open text range: {\"resourceId\":\"PBB:2033bcaf3f78424b902e0e5a53e55b94\",\"resourceVersion\":\"2019-05-06T22:15:24Z\",\"indexedOffset\":0,\"indexedLength\":0,\"indexedVersion\":\"1970-01-01T00:00:00Z\",\"inputId\":\"QUESTION_21\"}"}
2026-07-30 18:45:59.2527 ERROR 6 SqliteNotesClientRepository | Unable to convert text range Faithlife.NotesApi.Core.TextRangeRequest: {"code":"NotFound","message":"Failed to open text range: {\"resourceId\":\"PBB:2033bcaf3f78424b902e0e5a53e55b94\",\"resourceVersion\":\"2019-05-06T22:15:24Z\",\"indexedOffset\":0,\"indexedLength\":0,\"indexedVersion\":\"1970-01-01T00:00:00Z\",\"inputId\":\"QUESTION_7\"}"}
2026-07-30 18:45:59.2529  INFO 22 LocalFileDatabase | Connection opened (0ms): /Users/mjwebster/Library/Application Support/Logos4/Users/UserManager.db
2026-07-30 18:45:59.2557  INFO 10 StartupManager | (91ms) KeyLinkManager.GetKnownDataTypes
2026-07-30 18:45:59.2557  INFO 10 StartupManager | (Timed) DataTypeLists.ParseBibleReference
2026-07-30 18:45:59.2573  INFO 6 ClientNotesApi | Updated anchors. (100ms)
2026-07-30 18:45:59.2575  INFO 6 ClientNotesApi | Updated anchors. (0ms)
2026-07-30 18:45:59.2576  INFO 6 NotesToolManager | Updated 12 anchors.
2026-07-30 18:45:59.3877  INFO 10 StartupManager | (132ms) DataTypeLists.ParseBibleReference
2026-07-30 18:45:59.3877  INFO 10 StartupManager | (Timed) Loading preferred Bible in the background.
2026-07-30 18:45:59.4361  INFO 10 StartupManager | (48ms) Loading preferred Bible in the background.
2026-07-30 18:45:59.4362  INFO 10 StartupUtility | (272ms) Startup step: LoadUserSpecificData
2026-07-30 18:45:59.4369  INFO 10 StartupUtility | (Timed) Startup step: ProcessNonBlockingUpdateJobs
2026-07-30 18:45:59.4421  INFO 10 UpdatePipelineManager | Attempting to start update project.
2026-07-30 18:45:59.4450  INFO 10 UpdatePipelineManager | Starting update project.
2026-07-30 18:45:59.4452  INFO 10 UpdatePipelineManager | Working online=True, Auto-download=True, Start hour=0, Stop hour=0, Download canceled=False, Project source=System
2026-07-30 18:45:59.4454  INFO 10 UpdateProject | (Timed) Starting update project "Non-blocking updates for Startup"
2026-07-30 18:45:59.4457  INFO 10 UpdatePipelineManager | Assigning update jobs.
2026-07-30 18:45:59.4467  INFO 10 UpdateStageBase | Adding job to DiscoveryUpdateStage queue: 'Discovery'.
2026-07-30 18:45:59.4468  INFO 10 UpdateStageBase | Starting work thread for DiscoveryUpdateStage queue.
2026-07-30 18:45:59.4473  INFO 10 UpdateStageBase | Adding job to InstallResourceUpdateStage queue: 'DiscoverOrphanedDownloads'.
2026-07-30 18:45:59.4474  INFO 10 UpdateStageBase | Starting work thread for InstallResourceUpdateStage queue.
2026-07-30 18:45:59.4485  INFO 4 UpdatePipelineManager | Job finished in InstallResourceUpdateStage queue: 'DiscoverOrphanedDownloads' (Finished).
2026-07-30 18:45:59.4487  INFO 6 DiscoveryUpdateStage | Starting discovery for 1 update jobs.
2026-07-30 18:45:59.4488  INFO 4 UpdateStageBase | Stopping work thread for InstallResourceUpdateStage queue.
2026-07-30 18:45:59.4491  INFO 6 ResourceManager | Discovery requested: external request
2026-07-30 18:45:59.4499  INFO 10 StartupUtility | (13ms) Startup step: ProcessNonBlockingUpdateJobs
2026-07-30 18:45:59.4501  INFO 10 StartupUtility | (Timed) Startup step: SetupIndexerStateChangedSubsribers
2026-07-30 18:45:59.4730  INFO 10 StartupUtility | (23ms) Startup step: SetupIndexerStateChangedSubsribers
2026-07-30 18:45:59.4733  INFO 10 StartupUtility | (Timed) Startup step: StartIndexerIfNecessary
2026-07-30 18:45:59.4736  INFO 10 DigitalLibraryServices | (Timed) Creating auto complete manager.
2026-07-30 18:45:59.4752  INFO 10 LocalFileDatabase | Connection opened (0ms): /Users/mjwebster/Library/Application Support/Logos4/Data/wq8ubj9r.32o/AutoComplete/AutoComplete.db
2026-07-30 18:45:59.4760  INFO 10 DigitalLibraryServices | (2ms) Creating auto complete manager.
2026-07-30 18:45:59.4775  INFO 10 LocalFileDatabase | Connection opened (0ms): /Users/mjwebster/Library/Application Support/Logos4/Data/wq8ubj9r.32o/ResourceManager/ResourceManager.db
2026-07-30 18:45:59.4777  INFO 10 GlobalMilestoneIndex | Creating connection to global milestone index.
2026-07-30 18:45:59.4800  INFO 10 StartupUtility | (7ms) Startup step: StartIndexerIfNecessary
2026-07-30 18:45:59.4804  INFO 10 StartupUtility | (Timed) Startup step: StartAtlasSync
2026-07-30 18:45:59.4842  INFO 10 StartupUtility | (4ms) Startup step: StartAtlasSync
2026-07-30 18:45:59.4846  INFO 10 StartupUtility | (Timed) Startup step: LocalSyncDataMigration
2026-07-30 18:45:59.5103 ERROR 1 ResourceCollectionManager | Could not open collection with specified name: CollectionId=35cbfee0-4f6e-4c6b-9430-f6c3b09e5a29|Title=Cdn%20Books
2026-07-30 18:45:59.5611  INFO 4 WebServiceClient | License check revealed no new license version.
2026-07-30 18:45:59.5614  INFO 4 StartupUtility | (Timed) Startup step: SetLicensesFromWebService
2026-07-30 18:45:59.5615  INFO 4 StartupUtility | (0ms) Startup step: SetLicensesFromWebService
2026-07-30 18:45:59.5616  INFO 4 StartupUtility | (403ms) Startup step: DownloadLicenses
2026-07-30 18:45:59.5617  INFO 4 StartupUtility | (404ms) Startup step: UpdateLicenses
2026-07-30 18:45:59.5621  INFO 4 StartupUtility | (Timed) Startup step: DoFirstSync
2026-07-30 18:45:59.6395  INFO 38 LocalFileDatabase | Connection opened (0ms): /Users/mjwebster/Library/Application Support/Logos4/Data/wq8ubj9r.32o/ResourceManager/BibleKnowledgebase/Discovered.db
2026-07-30 18:45:59.6451  INFO 38 LocalFileDatabase | Connection opened (0ms): /Users/mjwebster/Library/Application Support/Logos4/Data/wq8ubj9r.32o/ResourceManager/LogosControlledVocabulary/Discovered.db
2026-07-30 18:45:59.6519  INFO 38 LocalFileDatabase | Connection opened (0ms): /Users/mjwebster/Library/Application Support/Logos4/Data/wq8ubj9r.32o/ResourceManager/LemmaLists/Discovered.db
2026-07-30 18:45:59.6533  INFO 38 LocalFileDatabase | Connection opened (0ms): /Users/mjwebster/Library/Application Support/Logos4/Data/wq8ubj9r.32o/ResourceManager/LiteraryTyping/Discovered.db
2026-07-30 18:45:59.6547  INFO 38 LocalFileDatabase | Connection opened (0ms): /Users/mjwebster/Library/Application Support/Logos4/Data/wq8ubj9r.32o/ResourceManager/Excerpts/Discovered.db
2026-07-30 18:45:59.6562  INFO 38 LocalFileDatabase | Connection opened (0ms): /Users/mjwebster/Library/Application Support/Logos4/Data/wq8ubj9r.32o/ResourceManager/ReverseInterlinear/Discovered.db
2026-07-30 18:45:59.6642  INFO 38 LocalFileDatabase | Connection opened (0ms): /Users/mjwebster/Library/Application Support/Logos4/Data/wq8ubj9r.32o/ResourceManager/GrammaticalRelationships/Discovered.db
2026-07-30 18:45:59.6659  INFO 38 LocalFileDatabase | Connection opened (0ms): /Users/mjwebster/Library/Application Support/Logos4/Data/wq8ubj9r.32o/ResourceManager/PericopeSets/Discovered.db
2026-07-30 18:45:59.6673  INFO 38 LocalFileDatabase | Connection opened (0ms): /Users/mjwebster/Library/Application Support/Logos4/Data/wq8ubj9r.32o/ResourceManager/SyntaxDatabase/Discovered.db
2026-07-30 18:45:59.6688  INFO 38 LocalFileDatabase | Connection opened (0ms): /Users/mjwebster/Library/Application Support/Logos4/Data/wq8ubj9r.32o/ResourceManager/Audio/Discovered.db
2026-07-30 18:45:59.6702  INFO 38 LocalFileDatabase | Connection opened (0ms): /Users/mjwebster/Library/Application Support/Logos4/Data/wq8ubj9r.32o/ResourceManager/Pronunciations/Discovered.db
2026-07-30 18:45:59.6716  INFO 38 LocalFileDatabase | Connection opened (0ms): /Users/mjwebster/Library/Application Support/Logos4/Data/wq8ubj9r.32o/ResourceManager/Timelines/Discovered.db
2026-07-30 18:45:59.6738  INFO 38 LocalFileDatabase | Connection opened (0ms): /Users/mjwebster/Library/Application Support/Logos4/Data/wq8ubj9r.32o/ResourceManager/ClauseVisualizer/Discovered.db
2026-07-30 18:45:59.6755  INFO 38 LocalFileDatabase | Connection opened (0ms): /Users/mjwebster/Library/Application Support/Logos4/Data/wq8ubj9r.32o/ResourceManager/PeopleDiagrams/Discovered.db
2026-07-30 18:45:59.6767  INFO 38 LocalFileDatabase | Connection opened (0ms): /Users/mjwebster/Library/Application Support/Logos4/Data/wq8ubj9r.32o/ResourceManager/Maps/Discovered.db
2026-07-30 18:45:59.6781  INFO 38 LocalFileDatabase | Connection opened (0ms): /Users/mjwebster/Library/Application Support/Logos4/Data/wq8ubj9r.32o/ResourceManager/PreachingThemes/Discovered.db
2026-07-30 18:45:59.6793  INFO 38 LocalFileDatabase | Connection opened (0ms): /Users/mjwebster/Library/Application Support/Logos4/Data/wq8ubj9r.32o/ResourceManager/Events/Discovered.db
2026-07-30 18:45:59.6806  INFO 38 LocalFileDatabase | Connection opened (0ms): /Users/mjwebster/Library/Application Support/Logos4/Data/wq8ubj9r.32o/ResourceManager/Clauses/Discovered.db
2026-07-30 18:45:59.6820  INFO 38 LocalFileDatabase | Connection opened (0ms): /Users/mjwebster/Library/Application Support/Logos4/Data/wq8ubj9r.32o/ResourceManager/UniversalTimeline/Discovered.db
2026-07-30 18:45:59.6834  INFO 38 LocalFileDatabase | Connection opened (0ms): /Users/mjwebster/Library/Application Support/Logos4/Data/wq8ubj9r.32o/ResourceManager/Referents/Discovered.db
2026-07-30 18:45:59.6847  INFO 38 LocalFileDatabase | Connection opened (0ms): /Users/mjwebster/Library/Application Support/Logos4/Data/wq8ubj9r.32o/ResourceManager/ReportedSpeech/Discovered.db
2026-07-30 18:45:59.6861  INFO 38 LocalFileDatabase | Connection opened (0ms): /Users/mjwebster/Library/Application Support/Logos4/Data/wq8ubj9r.32o/ResourceManager/WordSenses/Discovered.db
2026-07-30 18:45:59.6874  INFO 38 LocalFileDatabase | Connection opened (0ms): /Users/mjwebster/Library/Application Support/Logos4/Data/wq8ubj9r.32o/ResourceManager/ThematicOutlines/Discovered.db
2026-07-30 18:45:59.6885  INFO 38 LocalFileDatabase | Connection opened (0ms): /Users/mjwebster/Library/Application Support/Logos4/Data/wq8ubj9r.32o/ResourceManager/PhraseConcordance/Discovered.db
2026-07-30 18:45:59.6899  INFO 38 LocalFileDatabase | Connection opened (0ms): /Users/mjwebster/Library/Application Support/Logos4/Data/wq8ubj9r.32o/ResourceManager/InterlinearDatabase/Discovered.db
2026-07-30 18:45:59.6910  INFO 38 LocalFileDatabase | Connection opened (0ms): /Users/mjwebster/Library/Application Support/Logos4/Data/wq8ubj9r.32o/ResourceManager/AncientLiterature/Discovered.db
2026-07-30 18:45:59.6924  INFO 38 LocalFileDatabase | Connection opened (0ms): /Users/mjwebster/Library/Application Support/Logos4/Data/wq8ubj9r.32o/ResourceManager/UnifiedAnnotationVocabulary/Discovered.db
2026-07-30 18:45:59.6936  INFO 38 LocalFileDatabase | Connection opened (0ms): /Users/mjwebster/Library/Application Support/Logos4/Data/wq8ubj9r.32o/ResourceManager/Html/Discovered.db
2026-07-30 18:45:59.7245 ERROR 23 ResourceCoverDownloadManager | Error downloading image from 'https://covers.logoscdn.com/pbb_c4ce7b7cc86f417c94d8a78639b8891e/cover.jpg'; cover image will not be updated.
2026-07-30 18:45:59.7664  INFO 38 LocalFileDatabase | Connection opened (0ms): /Users/mjwebster/Library/Application Support/Logos4/Data/wq8ubj9r.32o/ResourceManager/logos/Discovered.db
2026-07-30 18:45:59.8564  INFO 38 LocalFileDatabase | Connection opened (0ms): /Users/mjwebster/Library/Application Support/Logos4/Data/wq8ubj9r.32o/ResourceManager/SupplementalData/Discovered.db
2026-07-30 18:45:59.8590  INFO 38 LocalFileDatabase | Connection opened (0ms): /Users/mjwebster/Library/Application Support/Logos4/Data/wq8ubj9r.32o/ResourceManager/NamedTexts/Discovered.db
2026-07-30 18:45:59.8606  INFO 38 LocalFileDatabase | Connection opened (0ms): /Users/mjwebster/Library/Application Support/Logos4/Data/wq8ubj9r.32o/ResourceManager/Biographies/Discovered.db
2026-07-30 18:45:59.8619  INFO 38 LocalFileDatabase | Connection opened (0ms): /Users/mjwebster/Library/Application Support/Logos4/Data/wq8ubj9r.32o/ResourceManager/LexhamCulturalOntology/Discovered.db
2026-07-30 18:45:59.8635  INFO 38 LocalFileDatabase | Connection opened (0ms): /Users/mjwebster/Library/Application Support/Logos4/Data/wq8ubj9r.32o/ResourceManager/FactbookMedia/Discovered.db
2026-07-30 18:45:59.8649  INFO 38 LocalFileDatabase | Connection opened (0ms): /Users/mjwebster/Library/Application Support/Logos4/Data/wq8ubj9r.32o/ResourceManager/Lemmas/Discovered.db
2026-07-30 18:45:59.8663  INFO 38 LocalFileDatabase | Connection opened (0ms): /Users/mjwebster/Library/Application Support/Logos4/Data/wq8ubj9r.32o/ResourceManager/CrossReferences/Discovered.db
2026-07-30 18:45:59.8676  INFO 38 LocalFileDatabase | Connection opened (0ms): /Users/mjwebster/Library/Application Support/Logos4/Data/wq8ubj9r.32o/ResourceManager/LexhamSTOntology/Discovered.db
2026-07-30 18:45:59.8687  INFO 38 LocalFileDatabase | Connection opened (0ms): /Users/mjwebster/Library/Application Support/Logos4/Data/wq8ubj9r.32o/ResourceManager/ImportantWords/Discovered.db
2026-07-30 18:45:59.8699  INFO 38 LocalFileDatabase | Connection opened (0ms): /Users/mjwebster/Library/Application Support/Logos4/Data/wq8ubj9r.32o/ResourceManager/BibleCrossReferences/Discovered.db
2026-07-30 18:45:59.8710  INFO 38 LocalFileDatabase | Connection opened (0ms): /Users/mjwebster/Library/Application Support/Logos4/Data/wq8ubj9r.32o/ResourceManager/CounselingThemes/Discovered.db
2026-07-30 18:45:59.8721  INFO 38 LocalFileDatabase | Connection opened (0ms): /Users/mjwebster/Library/Application Support/Logos4/Data/wq8ubj9r.32o/ResourceManager/ChurchHistory/Discovered.db
2026-07-30 18:45:59.8736  INFO 38 ResourceManager | Discovery completed! (started: 2026-07-30T22:45:59.4754770Z)
2026-07-30 18:45:59.8742  INFO 38 CloudResourceManager | Discovery completed; processing 0 resource changes.
2026-07-30 18:45:59.8918  INFO 23 NotificationsViewModel | (Timed) Refreshing recent updates notifications.
2026-07-30 18:45:59.8926  INFO 32 SyncManager | Requesting sync on all sync clients
2026-07-30 18:45:59.8928  INFO 4 StartupUtility | (408ms) Startup step: LocalSyncDataMigration
2026-07-30 18:45:59.8932  INFO 21 StartupUtility | (Timed) Startup step: UpdateAiCreditLimit
2026-07-30 18:45:59.8932  INFO 6 DiscoveryUpdateStage | Discovery completed.
2026-07-30 18:45:59.8933  INFO 6 DiscoveryUpdateStage | (Timed) Updating Library Catalog from Resource Manager.
2026-07-30 18:45:59.8940  INFO 1 CloudResourceManager | Processing 0 new resources as local.
2026-07-30 18:45:59.8946  INFO 21 StartupUtility | (1ms) Startup step: UpdateAiCreditLimit
2026-07-30 18:45:59.8951  INFO 6 UpdatePipelineManager | Job finished in DiscoveryUpdateStage queue: 'Discovery' (Finished).
2026-07-30 18:45:59.8952  INFO 6 UpdateProject | (450ms) Starting update project "Non-blocking updates for Startup"
2026-07-30 18:45:59.8953  INFO 6 UpdatePipelineManager | Update project finished.
2026-07-30 18:45:59.8955  INFO 6 UpdatePipelineManager | All update projects have finished.
2026-07-30 18:45:59.8956  INFO 6 DiscoveryUpdateStage | (2ms) Updating Library Catalog from Resource Manager.
2026-07-30 18:45:59.8956  INFO 6 DiscoveryUpdateStage | (Timed) Updating KeyLink Manager from Library Catalog.
2026-07-30 18:45:59.8970  INFO 6 DiscoveryUpdateStage | (1ms) Updating KeyLink Manager from Library Catalog.
2026-07-30 18:45:59.8970  INFO 6 DiscoveryUpdateStage | (Timed) Updating Reverse Interlinear Manager from Library Catalog.
2026-07-30 18:45:59.8971  INFO 1 LocalFileDatabase | Connection opened (0ms): /Users/mjwebster/Library/Application Support/Logos4/Data/wq8ubj9r.32o/UpdateManager/Updates.db
2026-07-30 18:45:59.8972  INFO 21 NotificationsViewModel | (Timed) Refreshing recent updates notifications.
2026-07-30 18:45:59.8975  INFO 6 DiscoveryUpdateStage | (0ms) Updating Reverse Interlinear Manager from Library Catalog.
2026-07-30 18:45:59.9687  INFO 23 NotificationsViewModel | 482 resources were recently updated
2026-07-30 18:45:59.9687  INFO 21 NotificationsViewModel | 482 resources were recently updated
2026-07-30 18:45:59.9689  INFO 23 NotificationsViewModel | (77ms) Refreshing recent updates notifications.
2026-07-30 18:45:59.9961  INFO 32 SyncClient | Found 2 items to submit for LayoutsSyncItem
2026-07-30 18:45:59.9969  INFO 10 NotificationsViewModel | 44 datasets were recently updated
2026-07-30 18:46:00.0143  INFO 10 NotificationsViewModel | (Timed) Checking for release notes...
2026-07-30 18:46:00.0153  INFO 21 ResourceCollectionManager | (Timed) Updating collection cache.
2026-07-30 18:46:00.0387  INFO 21 ResourceCollectionManager | Updating collection cache for 784 collections.
2026-07-30 18:46:00.0457 ERROR 15 ResourceCoverDownloadManager | Error downloading image from 'https://covers.logoscdn.com/db_entity-pronunciations/cover.jpg'; cover image will not be updated.
2026-07-30 18:46:00.0504 ERROR 4 ResourceCoverDownloadManager | Error downloading image from 'https://covers.logoscdn.com/pbb_7ed1dde71596497da3ca52497872a676/cover.jpg'; cover image will not be updated.
2026-07-30 18:46:00.0726  INFO 21 SearchFieldManager | (Timed) Loading search field aliases
2026-07-30 18:46:00.0741  INFO 21 SearchFieldManager | (1ms) Loading search field aliases
2026-07-30 18:46:00.0936  INFO 21 LibraryCatalog | Got all 9005 record IDs. (2ms)
2026-07-30 18:46:00.1058 ERROR 40 ResourceCoverDownloadManager | Error downloading image from 'https://covers.logoscdn.com/pbb_c898802559e1480bb36017d3441fc865/cover.jpg'; cover image will not be updated.
2026-07-30 18:46:00.1088 ERROR 22 ResourceCoverDownloadManager | Error downloading image from 'https://covers.logoscdn.com/pbb_c7f6451059fb40228c628064b68819a7/cover.jpg'; cover image will not be updated.
2026-07-30 18:46:00.1090 ERROR 9 ResourceCoverDownloadManager | Error downloading image from 'https://covers.logoscdn.com/pbb_c55dd8b34eff4bf9a6a948b82e84e16e/cover.jpg'; cover image will not be updated.
2026-07-30 18:46:00.1097  INFO 1 NotificationsViewModel | (95ms) Checking for release notes...
2026-07-30 18:46:00.1101  INFO 1 NotificationsViewModel | Logos was recently updated to 52.1
2026-07-30 18:46:00.1107 ERROR 43 ResourceCoverDownloadManager | Error downloading image from 'https://covers.logoscdn.com/pbb_308a3185e8ce4853845134746222ef9a/cover.jpg'; cover image will not be updated.
2026-07-30 18:46:00.1138 ERROR 24 ResourceCoverDownloadManager | Error downloading image from 'https://covers.logoscdn.com/pbb_e0b0ba5f40b8424787d4cf74ffd2202b/cover.jpg'; cover image will not be updated.
2026-07-30 18:46:00.1169 ERROR 42 ResourceCoverDownloadManager | Error downloading image from 'https://covers.logoscdn.com/pbb_1ba2009ae46e488fb17d334776121eb0/cover.jpg'; cover image will not be updated.
2026-07-30 18:46:00.1177  INFO 42 NotificationsViewModel | (220ms) Refreshing recent updates notifications.
2026-07-30 18:46:00.1205 ERROR 47 ResourceCoverDownloadManager | Error downloading image from 'https://covers.logoscdn.com/rvi_ncvnt/cover.jpg'; cover image will not be updated.
2026-07-30 18:46:00.1215 ERROR 45 ResourceCoverDownloadManager | Error downloading image from 'https://covers.logoscdn.com/db_sd-bible-study-builder/cover.jpg'; cover image will not be updated.
2026-07-30 18:46:00.1232 ERROR 44 ResourceCoverDownloadManager | Error downloading image from 'https://covers.logoscdn.com/pbb_8074341c757c438ea85301b678166167/cover.jpg'; cover image will not be updated.
2026-07-30 18:46:00.1249 ERROR 49 ResourceCoverDownloadManager | Error downloading image from 'https://covers.logoscdn.com/db_sd-bible-questions-dc/cover.jpg'; cover image will not be updated.
2026-07-30 18:46:00.1264 ERROR 46 ResourceCoverDownloadManager | Error downloading image from 'https://covers.logoscdn.com/rvi_ncvot/cover.jpg'; cover image will not be updated.
2026-07-30 18:46:00.1314 ERROR 50 ResourceCoverDownloadManager | Error downloading image from 'https://covers.logoscdn.com/db_sd-bible-commands-dc/cover.jpg'; cover image will not be updated.
2026-07-30 18:46:00.1314 ERROR 48 ResourceCoverDownloadManager | Error downloading image from 'https://covers.logoscdn.com/db_sd-bible-promises-dc/cover.jpg'; cover image will not be updated.
2026-07-30 18:46:00.1328 ERROR 51 ResourceCoverDownloadManager | Error downloading image from 'https://covers.logoscdn.com/db_reported-speech/cover.jpg'; cover image will not be updated.
2026-07-30 18:46:00.1362 ERROR 58 ResourceCoverDownloadManager | Error downloading image from 'https://covers.logoscdn.com/rvi_nkjvot/cover.jpg'; cover image will not be updated.
2026-07-30 18:46:00.1364 ERROR 60 ResourceCoverDownloadManager | Error downloading image from 'https://covers.logoscdn.com/rvi_esvot/cover.jpg'; cover image will not be updated.
2026-07-30 18:46:00.1366 ERROR 52 ResourceCoverDownloadManager | Error downloading image from 'https://covers.logoscdn.com/db_sd-bible-commands/cover.jpg'; cover image will not be updated.
2026-07-30 18:46:00.1366 ERROR 53 ResourceCoverDownloadManager | Error downloading image from 'https://covers.logoscdn.com/rvi_esvnt/cover.jpg'; cover image will not be updated.
2026-07-30 18:46:00.1758 ERROR 10 ResourceCoverDownloadManager | Error downloading image from 'https://covers.logoscdn.com/rvi_nkjvnt/cover.jpg'; cover image will not be updated.
2026-07-30 18:46:00.1821 ERROR 9 ResourceCoverDownloadManager | Error downloading image from 'https://covers.logoscdn.com/pbb_cc54cd90d8e64730aada1dbd40391482/cover.jpg'; cover image will not be updated.
2026-07-30 18:46:00.1838 ERROR 57 ResourceCoverDownloadManager | Error downloading image from 'https://covers.logoscdn.com/pbb_0707bca7399b4fbe83180533703a95af/cover.jpg'; cover image will not be updated.
2026-07-30 18:46:00.1870 ERROR 40 ResourceCoverDownloadManager | Error downloading image from 'https://covers.logoscdn.com/pbb_719865da3a064874b5273d519c8955ca/cover.jpg'; cover image will not be updated.
2026-07-30 18:46:00.1885 ERROR 55 ResourceCoverDownloadManager | Error downloading image from 'https://covers.logoscdn.com/pbb_cf3dd3b2ace546c3aaf1a5b635549c93/cover.jpg'; cover image will not be updated.
2026-07-30 18:46:00.1889 ERROR 42 ResourceCoverDownloadManager | Error downloading image from 'https://covers.logoscdn.com/pbb_b6c0a0a7664e485eb5ea85cf56863e1c/cover.jpg'; cover image will not be updated.
2026-07-30 18:46:00.1999 ERROR 43 ResourceCoverDownloadManager | Error downloading image from 'https://covers.logoscdn.com/pbb_318a6df594aa49c2b94f1cdfd18b949f/cover.jpg'; cover image will not be updated.
2026-07-30 18:46:00.2000 ERROR 24 ResourceCoverDownloadManager | Error downloading image from 'https://covers.logoscdn.com/pbb_bd791d45befc420c855fa615b715e4a8/cover.jpg'; cover image will not be updated.
2026-07-30 18:46:00.2062 ERROR 22 ResourceCoverDownloadManager | Error downloading image from 'https://covers.logoscdn.com/pbb_2c39ad8ac7d740068cf482ee22b94763/cover.jpg'; cover image will not be updated.
2026-07-30 18:46:00.2063 ERROR 48 ResourceCoverDownloadManager | Error downloading image from 'https://covers.logoscdn.com/rvi_esvcedcvar/cover.jpg'; cover image will not be updated.
2026-07-30 18:46:00.2079 ERROR 46 ResourceCoverDownloadManager | Error downloading image from 'https://covers.logoscdn.com/rvi_esvceot/cover.jpg'; cover image will not be updated.
2026-07-30 18:46:00.2128 ERROR 44 ResourceCoverDownloadManager | Error downloading image from 'https://covers.logoscdn.com/pbb_e53553e29adf4b78a227dcfcb1ff81bd/cover.jpg'; cover image will not be updated.
2026-07-30 18:46:00.2147 ERROR 50 ResourceCoverDownloadManager | Error downloading image from 'https://covers.logoscdn.com/rvi_esvcent/cover.jpg'; cover image will not be updated.
2026-07-30 18:46:00.2149 ERROR 23 ResourceCoverDownloadManager | Error downloading image from 'https://covers.logoscdn.com/pbb_3365b60ee8504e31b1115b9d73fcfea7/cover.jpg'; cover image will not be updated.
2026-07-30 18:46:00.2174 ERROR 49 ResourceCoverDownloadManager | Error downloading image from 'https://covers.logoscdn.com/rvi_esvcedc/cover.jpg'; cover image will not be updated.
2026-07-30 18:46:00.2177 ERROR 60 ResourceCoverDownloadManager | Error downloading image from 'https://covers.logoscdn.com/pbb_769dcb712542405392b036021ecea8e4/cover.jpg'; cover image will not be updated.
2026-07-30 18:46:00.2209 ERROR 47 ResourceCoverDownloadManager | Error downloading image from 'https://covers.logoscdn.com/pbb_81c5a310c52e4b71b0337ea7bf1b76bb/cover.jpg'; cover image will not be updated.
2026-07-30 18:46:00.2210 ERROR 54 ResourceCoverDownloadManager | Error downloading image from 'https://covers.logoscdn.com/pbb_7845c9ccfaec40b782787afdc7075fdf/cover.jpg'; cover image will not be updated.
2026-07-30 18:46:00.2528 ERROR 21 ResourceCoverDownloadManager | Error downloading image from 'https://covers.logoscdn.com/rvi_nebapoc/cover.jpg'; cover image will not be updated.
2026-07-30 18:46:00.2531 ERROR 51 ResourceCoverDownloadManager | Error downloading image from 'https://covers.logoscdn.com/rvi_nebapocvar/cover.jpg'; cover image will not be updated.
2026-07-30 18:46:00.2546 ERROR 9 ResourceCoverDownloadManager | Error downloading image from 'https://covers.logoscdn.com/rvi_nebhebot/cover.jpg'; cover image will not be updated.
2026-07-30 18:46:00.2562 ERROR 41 ResourceCoverDownloadManager | Error downloading image from 'https://covers.logoscdn.com/rvi_nebnt/cover.jpg'; cover image will not be updated.
2026-07-30 18:46:00.2563 ERROR 57 ResourceCoverDownloadManager | Error downloading image from 'https://covers.logoscdn.com/db_sd-supernatural-beings/cover.jpg'; cover image will not be updated.
2026-07-30 18:46:00.2664 ERROR 52 ResourceCoverDownloadManager | Error downloading image from 'https://covers.logoscdn.com/db_lexham-st-ontology/cover.jpg'; cover image will not be updated.
2026-07-30 18:46:00.2701 ERROR 10 ResourceCoverDownloadManager | Error downloading image from 'https://covers.logoscdn.com/db_sd-theophanies/cover.jpg'; cover image will not be updated.
2026-07-30 18:46:00.2751 ERROR 22 ResourceCoverDownloadManager | Error downloading image from 'https://covers.logoscdn.com/rvi_nrsvuedcapocvar/cover.jpg'; cover image will not be updated.
2026-07-30 18:46:00.2803 ERROR 43 ResourceCoverDownloadManager | Error downloading image from 'https://covers.logoscdn.com/rvi_lxxsesbaltheb/cover.jpg'; cover image will not be updated.
2026-07-30 18:46:00.2813 ERROR 48 ResourceCoverDownloadManager | Error downloading image from 'https://covers.logoscdn.com/rvi_nrsvuent/cover.jpg'; cover image will not be updated.
2026-07-30 18:46:00.2845 ERROR 40 ResourceCoverDownloadManager | Error downloading image from 'https://covers.logoscdn.com/db_sd-tich/cover.jpg'; cover image will not be updated.
2026-07-30 18:46:00.2860 ERROR 55 ResourceCoverDownloadManager | Error downloading image from 'https://covers.logoscdn.com/rvi_lxxsesbheb/cover.jpg'; cover image will not be updated.
2026-07-30 18:46:00.2893 ERROR 49 ResourceCoverDownloadManager | Error downloading image from 'https://covers.logoscdn.com/db_biblical-places/cover.jpg'; cover image will not be updated.
2026-07-30 18:46:00.2893 ERROR 24 ResourceCoverDownloadManager | Error downloading image from 'https://covers.logoscdn.com/db_church-history-ontology/cover.jpg'; cover image will not be updated.
2026-07-30 18:46:00.2956 ERROR 50 ResourceCoverDownloadManager | Error downloading image from 'https://covers.logoscdn.com/rvi_nrsvuedcapoc/cover.jpg'; cover image will not be updated.
2026-07-30 18:46:00.3002 ERROR 47 ResourceCoverDownloadManager | Error downloading image from 'https://covers.logoscdn.com/db_biblical-people/cover.jpg'; cover image will not be updated.
2026-07-30 18:46:00.3024 ERROR 46 ResourceCoverDownloadManager | Error downloading image from 'https://covers.logoscdn.com/rvi_nrsvuehebot/cover.jpg'; cover image will not be updated.
2026-07-30 18:46:00.3026 ERROR 23 ResourceCoverDownloadManager | Error downloading image from 'https://covers.logoscdn.com/db_biblical-things/cover.jpg'; cover image will not be updated.
2026-07-30 18:46:00.3215 ERROR 51 ResourceCoverDownloadManager | Error downloading image from 'https://covers.logoscdn.com/db_biographies/cover.jpg'; cover image will not be updated.
2026-07-30 18:46:00.3225 ERROR 54 ResourceCoverDownloadManager | Error downloading image from 'https://covers.logoscdn.com/db_biblical-events/cover.jpg'; cover image will not be updated.
2026-07-30 18:46:00.3238 ERROR 10 ResourceCoverDownloadManager | Error downloading image from 'https://covers.logoscdn.com/db_biblical-referents/cover.jpg'; cover image will not be updated.
2026-07-30 18:46:00.3279 ERROR 42 ResourceCoverDownloadManager | Error downloading image from 'https://covers.logoscdn.com/db_lcv/cover.jpg'; cover image will not be updated.
2026-07-30 18:46:00.3324 ERROR 44 ResourceCoverDownloadManager | Error downloading image from 'https://covers.logoscdn.com/db_counseling-themes/cover.jpg'; cover image will not be updated.
2026-07-30 18:46:00.3411  INFO 32 SyncClient | (Timed) Submitting 2 of 2 items.
2026-07-30 18:46:00.3420 ERROR 57 ResourceCoverDownloadManager | Error downloading image from 'https://covers.logoscdn.com/db_named-texts/cover.jpg'; cover image will not be updated.
2026-07-30 18:46:00.3435 ERROR 9 ResourceCoverDownloadManager | Error downloading image from 'https://covers.logoscdn.com/db_preachingthemes/cover.jpg'; cover image will not be updated.
2026-07-30 18:46:00.3501 ERROR 41 ResourceCoverDownloadManager | Error downloading image from 'https://covers.logoscdn.com/db_universal-timeline/cover.jpg'; cover image will not be updated.
2026-07-30 18:46:00.3653 ERROR 21 ResourceCoverDownloadManager | Error downloading image from 'https://covers.logoscdn.com/db_uav/cover.jpg'; cover image will not be updated.
2026-07-30 18:46:00.4894  INFO 32 SyncClient | (148ms) Submitting 2 of 2 items.
2026-07-30 18:46:00.4900  INFO 32 SyncClient | Integrated 2 successes, 0 conflicts, and 0 errors.
2026-07-30 18:46:00.4976  INFO 32 SyncClient | Downloading items for LayoutsSyncItem
2026-07-30 18:46:00.5948  INFO 32 SyncClient | New last known milestones: {"itemMilestone":"1016164100"}
2026-07-30 18:46:00.6272  INFO 32 SyncClient | Found 80 items to submit for HistorySyncItem
2026-07-30 18:46:01.0522  INFO 32 SyncClient | (Timed) Submitting 80 of 80 items.
2026-07-30 18:46:01.0771 ERROR 9 ApplicationUtility | SQLite Error 284: automatic index on Records(IsDataset)
2026-07-30 18:46:01.8963  INFO 32 SyncClient | (844ms) Submitting 80 of 80 items.
2026-07-30 18:46:01.8974  INFO 32 SyncClient | Integrated 80 successes, 0 conflicts, and 0 errors.
2026-07-30 18:46:01.8976  INFO 32 SyncClient | Downloading items for HistorySyncItem
2026-07-30 18:46:01.9934  INFO 32 SyncClient | New last known milestones: {"itemMilestone":"180867"}
2026-07-30 18:46:02.0285  INFO 32 SyncManager | Finished requesting sync on all sync clients.
2026-07-30 18:46:02.0290  INFO 57 StartupUtility | (2467ms) Startup step: DoFirstSync
2026-07-30 18:46:02.3852  INFO 32 SyncManager | Requesting sync on all sync clients
2026-07-30 18:46:02.4275  INFO 32 SyncClient | Downloading items for PreferencesSyncItem
2026-07-30 18:46:02.5273  INFO 32 SyncClient | Unchanged last known milestones: {"itemMilestone":"418973"}
2026-07-30 18:46:02.5686  INFO 32 SyncClient | Downloading items for LayoutsSyncItem
2026-07-30 18:46:02.6609  INFO 32 SyncClient | Unchanged last known milestones: {"itemMilestone":"1016164100"}
2026-07-30 18:46:03.0116  INFO 32 SyncClient | Downloading items for ReadingProgressSyncItem
2026-07-30 18:46:03.1049  INFO 32 SyncClient | Unchanged last known milestones: {"itemMilestone":"44743856"}
2026-07-30 18:46:03.1057  INFO 32 SyncClient | Downloading items for HistorySyncItem
2026-07-30 18:46:03.1981  INFO 32 SyncClient | Unchanged last known milestones: {"itemMilestone":"180867"}
2026-07-30 18:46:03.2027  INFO 32 SyncManager | Finished requesting sync on all sync clients.
2026-07-30 18:46:03.2028  INFO 32 SyncManager | Requesting sync on all sync clients
2026-07-30 18:46:03.3057  INFO 32 SyncManager | Finished requesting sync on all sync clients.
2026-07-30 18:46:04.1472  INFO 1 UpdatePipelineManager | Check for updates. Created Update job with ID: 1
2026-07-30 18:46:04.1487  INFO 41 UpdatePipelineManager | (Timed) Checking for updates. Callers: CreateMainWindow, Job Ids: 1.
2026-07-30 18:46:04.1488  INFO 41 UpdatePipelineManager | Starting update manager.
2026-07-30 18:46:04.1492  INFO 41 UpdateManager | Immediate check for updates requested.
2026-07-30 18:46:04.1493  INFO 41 UpdateManager | Starting Update Manager processing in 00:00:00.
2026-07-30 18:46:04.1515  INFO 13 UpdateManagerCallback | Checking for updates from 'https://clientservices.logos.com/update/v1/feed/logos10-mac/stable.xml'.
2026-07-30 18:46:04.3296  INFO 41 UpdateManagerCallback | Checking feed for application updates newer than version 52.1.0.2.
2026-07-30 18:46:04.3363  INFO 13 UpdateManager | Getting the next 50 resource manager revisions following #13677.
2026-07-30 18:46:04.3365  INFO 13 UpdateManager | All resource manager revisions processed.
2026-07-30 18:46:04.3371  INFO 13 UpdateManager | Requesting resource files (next = 'ec24d8ca50d34164afd862a572fe2f32,1166').
2026-07-30 18:46:04.3399  INFO 13 UpdateManager | 0 resource file info objects retrieved from service.
2026-07-30 18:46:04.3399  INFO 13 UpdateManager | Last page of resource file info retrieved; checking unknown resource status.
2026-07-30 18:46:04.3449  INFO 13 UpdatePipelineManager | (196ms) Checking for updates. Callers: CreateMainWindow, Job Ids: 1.
2026-07-30 18:46:04.3449  INFO 13 UpdatePipelineManager | Raising update check completed for Job Ids: 1
2026-07-30 18:46:04.3468  INFO 1 LDLS4.AppModel | No updates are available.
2026-07-30 18:46:05.7246  INFO 57 ResourceCollectionManager | (5709ms) Updating collection cache.
2026-07-30 18:46:06.3839  INFO 1 AppCommand | (Timed) Executing command: Resource|Id=LLS:1.0.710
2026-07-30 18:46:06.4039  INFO 1 PanelViewModel | Applying Resource panel settings for Preferences: Locator=false|TextSize=14.666666666666666
2026-07-30 18:46:06.4047  INFO 1 PanelViewModel | Updated Resource panel text size to 14.666666666666666.
2026-07-30 18:46:06.4053  INFO 1 PanelViewModel | Navigating Resource panel to: Id=LLS:1.0.710
2026-07-30 18:46:06.4053  INFO 1 PanelViewModel | Applying Resource panel settings for Bookmark: Id=LLS:1.0.710
2026-07-30 18:46:06.4144  INFO 13 ResourcePanelMultiResourceConfigViewModel | Found 3370 potential guest resources. (6ms)
2026-07-30 18:46:06.4947  INFO 1 ResourcePanelViewModel | Updating 1 ResourceViewModels for host: LLS:1.0.710 with configuration: LLS:1.0.710
2026-07-30 18:46:06.5486  INFO 1 DigitalLibraryServices | (Timed) Creating versified resource manager.
2026-07-30 18:46:06.5487  INFO 1 DigitalLibraryServices | (Timed) Creating visual markup manager.
2026-07-30 18:46:06.5496  INFO 1 LocalFileDatabase | Connection opened (0ms): /Users/mjwebster/Library/Application Support/Logos4/Documents/wq8ubj9r.32o/ReferenceWordCounts/ReferenceWordCountManager.db
2026-07-30 18:46:06.5497  INFO 1 DigitalLibraryServices | (1ms) Creating visual markup manager.
2026-07-30 18:46:06.5497  INFO 1 DigitalLibraryServices | (1ms) Creating versified resource manager.
2026-07-30 18:46:06.6332  INFO 1 PanelViewModel | Applying Resource panel settings for Preferences: ActiveLeftSidebarNavigationItem=Contents|ActiveRightSidebarNavigationItem=Insights|AreInterlinearsVisible=false|Locator=false|Milestone=DataType%3dbible+esv%7cResource%3dLLS:1.0.710%7cStartSegment%3d4432991%7cVersion%3d2026-02-17T13:55:29Z|MultiViewEnabled=true|MultiViewLayoutIsVertical=false|Parall
2026-07-30 18:46:06.6360  INFO 1 PanelViewModel | Updated Resource panel text size to 16.
2026-07-30 18:46:06.7543  INFO 44 LocalFileDatabase | Connection opened (0ms): /Users/mjwebster/Library/Application Support/Logos4/Documents/wq8ubj9r.32o/Documents/DocumentInfo.db
2026-07-30 18:46:06.7573  INFO 21 LocalFileDatabase | Connection opened (2ms): /Users/mjwebster/Library/Application Support/Logos4/Documents/wq8ubj9r.32o/Documents/DocumentInfo.db
2026-07-30 18:46:06.7573  INFO 23 LocalFileDatabase | Connection opened (2ms): /Users/mjwebster/Library/Application Support/Logos4/Documents/wq8ubj9r.32o/Documents/DocumentInfo.db
2026-07-30 18:46:06.7573  INFO 55 LocalFileDatabase | Connection opened (0ms): /Users/mjwebster/Library/Application Support/Logos4/Documents/wq8ubj9r.32o/Documents/DocumentInfo.db
2026-07-30 18:46:06.7575  INFO 42 LocalFileDatabase | Connection opened (3ms): /Users/mjwebster/Library/Application Support/Logos4/Documents/wq8ubj9r.32o/Documents/DocumentInfo.db
2026-07-30 18:46:06.7575  INFO 50 LocalFileDatabase | Connection opened (0ms): /Users/mjwebster/Library/Application Support/Logos4/Documents/wq8ubj9r.32o/Documents/DocumentInfo.db
2026-07-30 18:46:06.7576  INFO 47 LocalFileDatabase | Connection opened (0ms): /Users/mjwebster/Library/Application Support/Logos4/Documents/wq8ubj9r.32o/Documents/DocumentInfo.db
2026-07-30 18:46:06.7577  INFO 23 LocalFileDatabase | Connection opened (0ms): /Users/mjwebster/Library/Application Support/Logos4/Documents/wq8ubj9r.32o/Documents/VisualFilter/VisualFilter.db
2026-07-30 18:46:06.7577  INFO 44 LocalFileDatabase | Connection opened (0ms): /Users/mjwebster/Library/Application Support/Logos4/Documents/wq8ubj9r.32o/Documents/VisualFilter/VisualFilter.db
2026-07-30 18:46:06.7578  INFO 57 LocalFileDatabase | Connection opened (0ms): /Users/mjwebster/Library/Application Support/Logos4/Documents/wq8ubj9r.32o/Documents/VisualFilter/VisualFilter.db
2026-07-30 18:46:06.7578  INFO 10 LocalFileDatabase | Connection opened (0ms): /Users/mjwebster/Library/Application Support/Logos4/Documents/wq8ubj9r.32o/Documents/VisualFilter/VisualFilter.db
2026-07-30 18:46:06.7578  INFO 51 LocalFileDatabase | Connection opened (0ms): /Users/mjwebster/Library/Application Support/Logos4/Documents/wq8ubj9r.32o/Documents/VisualFilter/VisualFilter.db
2026-07-30 18:46:06.7578  INFO 21 LocalFileDatabase | Connection opened (0ms): /Users/mjwebster/Library/Application Support/Logos4/Documents/wq8ubj9r.32o/Documents/VisualFilter/VisualFilter.db
2026-07-30 18:46:06.7579  INFO 60 LocalFileDatabase | Connection opened (0ms): /Users/mjwebster/Library/Application Support/Logos4/Documents/wq8ubj9r.32o/Documents/VisualFilter/VisualFilter.db
2026-07-30 18:46:06.7579  INFO 42 LocalFileDatabase | Connection opened (0ms): /Users/mjwebster/Library/Application Support/Logos4/Documents/wq8ubj9r.32o/Documents/VisualFilter/VisualFilter.db
2026-07-30 18:46:06.7580  INFO 9 LocalFileDatabase | Connection opened (0ms): /Users/mjwebster/Library/Application Support/Logos4/Documents/wq8ubj9r.32o/Documents/VisualFilter/VisualFilter.db
2026-07-30 18:46:06.7580  INFO 46 LocalFileDatabase | Connection opened (0ms): /Users/mjwebster/Library/Application Support/Logos4/Documents/wq8ubj9r.32o/Documents/VisualFilter/VisualFilter.db
2026-07-30 18:46:06.7580  INFO 47 LocalFileDatabase | Connection opened (0ms): /Users/mjwebster/Library/Application Support/Logos4/Documents/wq8ubj9r.32o/Documents/VisualFilter/VisualFilter.db
2026-07-30 18:46:06.7579  INFO 49 LocalFileDatabase | Connection opened (0ms): /Users/mjwebster/Library/Application Support/Logos4/Documents/wq8ubj9r.32o/Documents/VisualFilter/VisualFilter.db
2026-07-30 18:46:06.7581  INFO 55 LocalFileDatabase | Connection opened (0ms): /Users/mjwebster/Library/Application Support/Logos4/Documents/wq8ubj9r.32o/Documents/VisualFilter/VisualFilter.db
2026-07-30 18:46:06.7581  INFO 50 LocalFileDatabase | Connection opened (0ms): /Users/mjwebster/Library/Application Support/Logos4/Documents/wq8ubj9r.32o/Documents/VisualFilter/VisualFilter.db
2026-07-30 18:46:06.7581  INFO 24 LocalFileDatabase | Connection opened (0ms): /Users/mjwebster/Library/Application Support/Logos4/Documents/wq8ubj9r.32o/Documents/VisualFilter/VisualFilter.db
2026-07-30 18:46:06.7581  INFO 40 LocalFileDatabase | Connection opened (0ms): /Users/mjwebster/Library/Application Support/Logos4/Documents/wq8ubj9r.32o/Documents/VisualFilter/VisualFilter.db
2026-07-30 18:46:06.7578  INFO 54 LocalFileDatabase | Connection opened (0ms): /Users/mjwebster/Library/Application Support/Logos4/Documents/wq8ubj9r.32o/Documents/VisualFilter/VisualFilter.db
2026-07-30 18:46:06.7646  INFO 40 LocalFileDatabase | Connection opened (0ms): /Users/mjwebster/Library/Application Support/Logos4/Data/wq8ubj9r.32o/LibraryCatalog/catalog.db
2026-07-30 18:46:06.7646  INFO 47 LocalFileDatabase | Connection opened (0ms): /Users/mjwebster/Library/Application Support/Logos4/Data/wq8ubj9r.32o/LibraryCatalog/catalog.db
2026-07-30 18:46:06.7668  INFO 51 LocalFileDatabase | Connection opened (0ms): /Users/mjwebster/Library/Application Support/Logos4/Documents/wq8ubj9r.32o/VisualMarkup/visualmarkup.db
2026-07-30 18:46:06.7668  INFO 13 LocalFileDatabase | Connection opened (0ms): /Users/mjwebster/Library/Application Support/Logos4/Documents/wq8ubj9r.32o/VisualMarkup/visualmarkup.db
2026-07-30 18:46:06.7668  INFO 24 LocalFileDatabase | Connection opened (0ms): /Users/mjwebster/Library/Application Support/Logos4/Documents/wq8ubj9r.32o/VisualMarkup/visualmarkup.db
2026-07-30 18:46:06.7904  INFO 13 LibrarySearcher | (Timed) Searching SingleResource for: lemma.h:אֶ֫רֶץ
2026-07-30 18:46:06.7904  INFO 46 LibrarySearcher | (Timed) Searching SingleResource for: lemma.h:=יהוה
2026-07-30 18:46:06.7911  INFO 46 LocalFileDatabase | Connection opened (0ms): /Users/mjwebster/Library/Application Support/Logos4/Data/wq8ubj9r.32o/LibraryIndex/LibraryIndex.db
2026-07-30 18:46:06.8404  INFO 21 ContextInformationCache | (Timed) Initializing cache
2026-07-30 18:46:06.8778  INFO 13 SimpleQueryUtility | (Timed) Performing section search
2026-07-30 18:46:06.8778  INFO 46 SimpleQueryUtility | (Timed) Performing section search
2026-07-30 18:46:06.8806  INFO 13 SimpleQueryUtility | (3ms) Performing section search
2026-07-30 18:46:06.8806  INFO 46 SimpleQueryUtility | (3ms) Performing section search
2026-07-30 18:46:06.8815  INFO 13 LibrarySearcher | (91ms) Searching SingleResource for: lemma.h:אֶ֫רֶץ
2026-07-30 18:46:06.8838  INFO 13 VisualFilterDocumentUserVisualFilterManager | Found 2509 results in LLS:1.0.710 (94ms): lemma.h:אֶ֫רֶץ
2026-07-30 18:46:06.8841  INFO 46 LibrarySearcher | (94ms) Searching SingleResource for: lemma.h:=יהוה
2026-07-30 18:46:06.8852  INFO 46 VisualFilterDocumentUserVisualFilterManager | Found 6828 results in LLS:1.0.710 (95ms): lemma.h:=יהוה
2026-07-30 18:46:06.8970  INFO 13 LibrarySearcher | (Timed) Searching SingleResource for: lemma.g:κόσμος
2026-07-30 18:46:06.8989  INFO 46 LibrarySearcher | (Timed) Searching SingleResource for: lemma.h:אֱלֹהִים
2026-07-30 18:46:06.8994  INFO 13 SimpleQueryUtility | (Timed) Performing section search
2026-07-30 18:46:06.8996  INFO 46 SimpleQueryUtility | (Timed) Performing section search
2026-07-30 18:46:06.8999  INFO 46 SimpleQueryUtility | (0ms) Performing section search
2026-07-30 18:46:06.9002  INFO 46 LibrarySearcher | (1ms) Searching SingleResource for: lemma.h:אֱלֹהִים
2026-07-30 18:46:06.9003  INFO 13 SimpleQueryUtility | (1ms) Performing section search
2026-07-30 18:46:06.9006  INFO 13 LibrarySearcher | (4ms) Searching SingleResource for: lemma.g:κόσμος
2026-07-30 18:46:06.9007  INFO 13 VisualFilterDocumentUserVisualFilterManager | Found 185 results in LLS:1.0.710 (3ms): lemma.g:κόσμος
2026-07-30 18:46:06.9010  INFO 46 VisualFilterDocumentUserVisualFilterManager | Found 2604 results in LLS:1.0.710 (2ms): lemma.h:אֱלֹהִים
2026-07-30 18:46:06.9039  INFO 46 LibrarySearcher | (Timed) Searching SingleResource for: lemma.h:=אָדוֹן
2026-07-30 18:46:06.9071  INFO 46 SimpleQueryUtility | (Timed) Performing section search
2026-07-30 18:46:06.9076  INFO 46 SimpleQueryUtility | (0ms) Performing section search
2026-07-30 18:46:06.9078  INFO 46 LibrarySearcher | (4ms) Searching SingleResource for: lemma.h:=אָדוֹן
2026-07-30 18:46:06.9080  INFO 46 VisualFilterDocumentUserVisualFilterManager | Found 782 results in LLS:1.0.710 (4ms): lemma.h:=אָדוֹן
2026-07-30 18:46:06.9085  INFO 46 LibrarySearcher | (Timed) Searching SingleResource for: lemma.g:θεός
2026-07-30 18:46:06.9097  INFO 46 SimpleQueryUtility | (Timed) Performing section search
2026-07-30 18:46:06.9101  INFO 46 SimpleQueryUtility | (0ms) Performing section search
2026-07-30 18:46:06.9103  INFO 46 LibrarySearcher | (2ms) Searching SingleResource for: lemma.g:θεός
2026-07-30 18:46:06.9128  INFO 46 VisualFilterDocumentUserVisualFilterManager | Found 1309 results in LLS:1.0.710 (4ms): lemma.g:θεός
2026-07-30 18:46:06.9135  INFO 46 LibrarySearcher | (Timed) Searching SingleResource for: lemma.g:κύριος
2026-07-30 18:46:06.9141  INFO 46 SimpleQueryUtility | (Timed) Performing section search
2026-07-30 18:46:06.9146  INFO 46 SimpleQueryUtility | (0ms) Performing section search
2026-07-30 18:46:06.9168  INFO 46 LibrarySearcher | (3ms) Searching SingleResource for: lemma.g:κύριος
2026-07-30 18:46:06.9170  INFO 46 VisualFilterDocumentUserVisualFilterManager | Found 713 results in LLS:1.0.710 (3ms): lemma.g:κύριος
2026-07-30 18:46:06.9174  INFO 46 LibrarySearcher | (Timed) Searching SingleResource for: lemma.g:ὕψιστος
2026-07-30 18:46:06.9187  INFO 46 SimpleQueryUtility | (Timed) Performing section search
2026-07-30 18:46:06.9190  INFO 46 SimpleQueryUtility | (0ms) Performing section search
2026-07-30 18:46:06.9192  INFO 46 LibrarySearcher | (2ms) Searching SingleResource for: lemma.g:ὕψιστος
2026-07-30 18:46:06.9192  INFO 46 VisualFilterDocumentUserVisualFilterManager | Found 13 results in LLS:1.0.710 (1ms): lemma.g:ὕψιστος
2026-07-30 18:46:06.9193  INFO 46 LibrarySearcher | (Timed) Searching SingleResource for: lemma.g:Ἐμμανουήλ
2026-07-30 18:46:06.9207  INFO 46 SimpleQueryUtility | (Timed) Performing section search
2026-07-30 18:46:06.9213  INFO 46 SimpleQueryUtility | (1ms) Performing section search
2026-07-30 18:46:06.9215  INFO 46 LibrarySearcher | (2ms) Searching SingleResource for: lemma.g:Ἐμμανουήλ
2026-07-30 18:46:06.9215  INFO 46 VisualFilterDocumentUserVisualFilterManager | Found 1 results in LLS:1.0.710 (2ms): lemma.g:Ἐμμανουήλ
2026-07-30 18:46:06.9220  INFO 46 LibrarySearcher | (Timed) Searching SingleResource for: lemma.sesb.h:=יְהוָה
2026-07-30 18:46:06.9224  INFO 1 PanelViewModel | Got Resource panel settings for History: Id=LLS:1.0.710|Milestone=DataType%3dbible+esv%7cResource%3dLLS:1.0.710%7cStartSegment%3d4432991%7cVersion%3d2026-02-17T13:55:29Z|Position=res/LLS:1.0.710/2026-02-17T13:55:29Z/4432991|Reference=bible+esv.61.13.40
2026-07-30 18:46:06.9231  INFO 46 SimpleQueryUtility | (Timed) Performing section search
2026-07-30 18:46:06.9235  INFO 46 SimpleQueryUtility | (0ms) Performing section search
2026-07-30 18:46:06.9237  INFO 46 LibrarySearcher | (2ms) Searching SingleResource for: lemma.sesb.h:=יְהוָה
2026-07-30 18:46:06.9238  INFO 46 VisualFilterDocumentUserVisualFilterManager | Found 0 results in LLS:1.0.710 (1ms): lemma.sesb.h:=יְהוָה
2026-07-30 18:46:06.9239  INFO 46 LibrarySearcher | (Timed) Searching SingleResource for: lemma.sesb.h:=אָדֹון
2026-07-30 18:46:06.9249  INFO 46 SimpleQueryUtility | (Timed) Performing section search
2026-07-30 18:46:06.9250  INFO 46 SimpleQueryUtility | (0ms) Performing section search
2026-07-30 18:46:06.9252  INFO 46 LibrarySearcher | (1ms) Searching SingleResource for: lemma.sesb.h:=אָדֹון
2026-07-30 18:46:06.9252  INFO 46 VisualFilterDocumentUserVisualFilterManager | Found 0 results in LLS:1.0.710 (1ms): lemma.sesb.h:=אָדֹון
2026-07-30 18:46:06.9253  INFO 46 LibrarySearcher | (Timed) Searching SingleResource for: lemma.sesb.h:=אֱלֹהִים
2026-07-30 18:46:06.9261  INFO 46 SimpleQueryUtility | (Timed) Performing section search
2026-07-30 18:46:06.926 Logos[14447:2257600] <VariableDividerWidthSplitView: 0x10c0f88d740>: the delegate <ResourcePanelController: 0x10c0e305a00> was sent -splitView:resizeSubviewsWithOldSize: and left the arranged view frames in an inconsistent state:
2026-07-30 18:46:06.926 Logos[14447:2257600] Split view bounds: {{0, 0}, {611.25000000000568, 726.66666666663912}}
2026-07-30 18:46:06.926 Logos[14447:2257600]     Arranged view frame: {{0, 0}, {0, 100}}
2026-07-30 18:46:06.926 Logos[14447:2257600]     Arranged view frame: {{0, 0}, {100, 100}}
2026-07-30 18:46:06.926 Logos[14447:2257600]     Arranged view frame: {{0, 0}, {0, 100}}
2026-07-30 18:46:06.926 Logos[14447:2257600] The outer edges of the arranged view frames are supposed to line up with the split view's bounds' edges. NSSplitView is working around the problem, perhaps at the cost of more redrawing. (This message is only logged once per NSSplitView.)
2026-07-30 18:46:06.926 Logos[14447:2257600] The arranged view frames are not in the same order as the arranged views array. NSSplitView requires that these orders be kept consistent, otherwise behavior is undefined.
2026-07-30 18:46:06.9262  INFO 46 SimpleQueryUtility | (0ms) Performing section search
2026-07-30 18:46:06.9263  INFO 46 LibrarySearcher | (1ms) Searching SingleResource for: lemma.sesb.h:=אֱלֹהִים
2026-07-30 18:46:06.9263  INFO 46 VisualFilterDocumentUserVisualFilterManager | Found 0 results in LLS:1.0.710 (1ms): lemma.sesb.h:=אֱלֹהִים
2026-07-30 18:46:06.926 Logos[14447:2257600] <NSSplitView: 0x10c0f88da80>: the delegate <ResourcePanelController: 0x10c0e305a00> was sent -splitView:resizeSubviewsWithOldSize: and left the arranged view frames in an inconsistent state:
2026-07-30 18:46:06.926 Logos[14447:2257600] Split view bounds: {{0, 0}, {611.25000000000568, 726.66666666663912}}
2026-07-30 18:46:06.926 Logos[14447:2257600]     Arranged view frame: {{0, 0}, {612, 726.66666666663912}}
2026-07-30 18:46:06.9265  INFO 46 LibrarySearcher | (Timed) Searching SingleResource for: lemma.h:=אֱלוֹהַּ
2026-07-30 18:46:06.926 Logos[14447:2257600] The outer edges of the arranged view frames are supposed to line up with the split view's bounds' edges. NSSplitView is working around the problem, perhaps at the cost of more redrawing. (This message is only logged once per NSSplitView.)
2026-07-30 18:46:06.9272  INFO 46 SimpleQueryUtility | (Timed) Performing section search
2026-07-30 18:46:06.9274  INFO 46 SimpleQueryUtility | (0ms) Performing section search
2026-07-30 18:46:06.9276  INFO 46 LibrarySearcher | (1ms) Searching SingleResource for: lemma.h:=אֱלוֹהַּ
2026-07-30 18:46:06.9276  INFO 46 VisualFilterDocumentUserVisualFilterManager | Found 58 results in LLS:1.0.710 (1ms): lemma.h:=אֱלוֹהַּ
2026-07-30 18:46:06.9278  INFO 46 LibrarySearcher | (Timed) Searching SingleResource for: lemma.a:אֱלָהּ
2026-07-30 18:46:06.9292  INFO 46 SimpleQueryUtility | (Timed) Performing section search
2026-07-30 18:46:06.9297  INFO 46 SimpleQueryUtility | (0ms) Performing section search
2026-07-30 18:46:06.9298  INFO 46 LibrarySearcher | (2ms) Searching SingleResource for: lemma.a:אֱלָהּ
2026-07-30 18:46:06.9298  INFO 46 VisualFilterDocumentUserVisualFilterManager | Found 95 results in LLS:1.0.710 (2ms): lemma.a:אֱלָהּ
2026-07-30 18:46:06.9308  INFO 46 LibrarySearcher | (Timed) Searching SingleResource for: lemma.h:אֵל.5
2026-07-30 18:46:06.9316  INFO 46 SimpleQueryUtility | (Timed) Performing section search
2026-07-30 18:46:06.9318  INFO 46 SimpleQueryUtility | (0ms) Performing section search
2026-07-30 18:46:06.9320  INFO 46 LibrarySearcher | (1ms) Searching SingleResource for: lemma.h:אֵל.5
2026-07-30 18:46:06.9321  INFO 46 VisualFilterDocumentUserVisualFilterManager | Found 235 results in LLS:1.0.710 (1ms): lemma.h:אֵל.5
2026-07-30 18:46:06.9472  INFO 21 ContextInformationCache | GetVerseInformation took 00:00:00.1066421
2026-07-30 18:46:06.9498  INFO 1 AppCommand | (566ms) Executing command: Resource|Id=LLS:1.0.710
2026-07-30 18:46:06.9718  INFO 1 NotesToolUserVisualFilterProvider | Markup needed for LLS:1.0.710 4427814:7513.
2026-07-30 18:46:06.9847  INFO 57 ActiveWordNumbersVisualFilter | Calculated markup for LLS:1.0.710 4427814:7513. (15ms)
2026-07-30 18:46:06.9967  INFO 46 BkIndicatorVisualFilterBase | Calculated markup for LLS:1.0.710 4427814:7513. (28ms)
2026-07-30 18:46:06.9969  INFO 51 BkIndicatorVisualFilterBase | Calculated markup for LLS:1.0.710 4427814:7513. (29ms)
2026-07-30 18:46:07.0305  INFO 1 AppCommand | (Timed) Executing command: Resource|Id=LLS:1.0.710
2026-07-30 18:46:07.0312  INFO 1 PanelViewModel | Navigating Resource panel to: Id=LLS:1.0.710
2026-07-30 18:46:07.0315  INFO 1 PanelViewModel | Got Resource panel settings for History: Id=LLS:1.0.710|Milestone=DataType%3dbible+esv%7cResource%3dLLS:1.0.710%7cStartSegment%3d4432991%7cVersion%3d2026-02-17T13:55:29Z|Position=res/LLS:1.0.710/2026-02-17T13:55:29Z/4432991|Reference=bible+esv.61.13.40
2026-07-30 18:46:07.0315  INFO 1 PanelViewModel | Applying Resource panel settings for Bookmark: Id=LLS:1.0.710
2026-07-30 18:46:07.0449  INFO 9 CorrespondingWordsUserVisualFilter | Calculated markup for LLS:1.0.710 4427814:7513. (75ms)
2026-07-30 18:46:07.0452  INFO 1 AppCommand | (14ms) Executing command: Resource|Id=LLS:1.0.710
2026-07-30 18:46:07.0501  INFO 21 ContextInformationCache | GetPericopeInformation took 00:00:00.1024227
2026-07-30 18:46:07.0507  INFO 21 ContextInformationCache | GetArticleInformation took 00:00:00.0005088
2026-07-30 18:46:07.0507  INFO 21 ContextInformationCache | (210ms) Initializing cache
2026-07-30 18:46:07.0763  INFO 1 ParallelResourceSetsViewModel | Found 128 parallel resources in 1 sets. (156ms)
2026-07-30 18:46:07.1293  INFO 21 FilteringResourceViewComponent | (Timed) Updating resource filter
2026-07-30 18:46:07.1421  INFO 21 FilteringResourceViewComponent | (13ms) Updating resource filter
2026-07-30 18:46:07.1440  INFO 21 NotesToolManager | Creating connection to notes database.
2026-07-30 18:46:07.1616  INFO 9 SqliteNotesClientRepository | Found 42 text range anchor resources. (17ms)
2026-07-30 18:46:07.1625  INFO 9 SqliteNotesClientRepository | Found 9 corpora sets for 42 resources. (0ms)
2026-07-30 18:46:07.1660  INFO 1 PanelViewModel | Got Resource panel settings for History: Id=LLS:1.0.710|Milestone=DataType%3dbible+esv%7cResource%3dLLS:1.0.710%7cStartSegment%3d4432991%7cVersion%3d2026-02-17T13:55:29Z|Position=res/LLS:1.0.710/2026-02-17T13:55:29Z/4432991|Reference=bible+esv.61.13.40
2026-07-30 18:46:07.1908  INFO 9 SqliteNotesClientRepository | Found 295 text range anchors in 8 matching resources. (28ms)
2026-07-30 18:46:07.2063  INFO 9 SqliteNotesClientRepository | Got 5 word number sets from 5 of 295 text range anchors. (14ms)
2026-07-30 18:46:07.2155  INFO 9 SqliteNotesClientRepository | Got 295 text range sets from word numbers for LLS:1.0.710 2026-02-17T13:55:29Z. (9ms)
2026-07-30 18:46:07.2234  INFO 13 AtlasMapsVisualFilter | Calculated markup for LLS:1.0.710 4427814:7513. (255ms)
2026-07-30 18:46:07.2302  INFO 9 NotesToolUserVisualFilterProvider | Got 450 sympathetic notes markups for LLS:1.0.710 0:2147483647. (100ms)
2026-07-30 18:46:07.4119  INFO 21 ClientNotesApi | Got 33 notes markups. (257ms) {"resource":{"id":"LLS:1.0.710","version":"2026-02-17T13:55:29Z"},"ranges":[{"offset":4427814,"length":7513}],"noteFields":["id","placement","style"],"limit":2147483647,"sources":["reference"]}
2026-07-30 18:46:07.4159  INFO 21 NotesToolUserVisualFilterProvider | Got 33 notes markups for LLS:1.0.710 4427814:7513. (272ms)
2026-07-30 18:46:07.4467  INFO 44 NotesDigitalLibraryService | Cached all 62746 milestones for LLS:1.0.710 2026-02-17T13:55:29Z. (261ms)
2026-07-30 18:46:07.4475  INFO 44 ClientNotesApi | Got 454 notes markups. (316ms) {"resource":{"id":"LLS:1.0.710","version":"2026-02-17T13:55:29Z"},"ranges":[{"offset":0,"length":2147483647}],"noteFields":["id","placement","style"],"limit":2147483647,"sources":["textRange","headword"]}
2026-07-30 18:46:07.9244  INFO 52 VerseOfTheDayVisualFilter | Calculated markup for LLS:1.0.710 4427814:7513. (956ms)
2026-07-30 18:46:08.9337  INFO 44 ClientNotesApi | Got 9203 notes markups. (1486ms) {"resource":{"id":"LLS:1.0.710","version":"2026-02-17T13:55:29Z"},"ranges":[{"offset":0,"length":2147483647}],"noteFields":["id","placement","style"],"limit":2147483647,"sources":["reference"]}
2026-07-30 18:46:08.9369  INFO 44 NotesToolUserVisualFilterProvider | Got 9657 notes markups for LLS:1.0.710 0:2147483647. (1807ms)
2026-07-30 18:46:09.1735  INFO 1 PanelViewModel | Got Resource panel settings for Preferences: ActiveLeftSidebarNavigationItem=Contents|ActiveRightSidebarNavigationItem=Insights|AreInterlinearsVisible=false|Locator=false|MultiViewEnabled=true|MultiViewLayoutIsVertical=false|ParallelResourceSetName=allparallelresources|ReverseInterlinear=true|ReverseInterlinearRows=Surface,MSS,Lemma,Morph,Stro
2026-07-30 18:46:14.8992  INFO 6 UpdateStageBase | Stopping work thread for DiscoveryUpdateStage queue.
2026-07-30 18:46:16.1834  INFO 6 OtherMediaVisualFilter | Calculated markup for LLS:1.0.710 4427814:7513. (9215ms)
2026-07-30 18:46:16.9484  INFO 32 SyncManager | Requesting sync on all sync clients
2026-07-30 18:46:17.0153  INFO 32 SyncClient | Found 1 items to submit for PreferencesSyncItem
2026-07-30 18:46:17.0154  INFO 32 SyncClient | (Timed) Submitting 1 of 1 items.
2026-07-30 18:46:17.1375  INFO 32 SyncClient | (122ms) Submitting 1 of 1 items.
2026-07-30 18:46:17.1377  INFO 32 SyncClient | Integrated 1 successes, 0 conflicts, and 0 errors.
2026-07-30 18:46:17.1377  INFO 32 SyncClient | Downloading items for PreferencesSyncItem
2026-07-30 18:46:17.2301  INFO 32 SyncClient | New last known milestones: {"itemMilestone":"418974"}
2026-07-30 18:46:17.3237  INFO 32 SyncClient | Found 1 items to submit for HistorySyncItem
2026-07-30 18:46:17.3237  INFO 32 SyncClient | (Timed) Submitting 1 of 1 items.
2026-07-30 18:46:17.4348  INFO 1 PanelViewModel | Got Resource panel settings for Preferences: ActiveLeftSidebarNavigationItem=Contents|ActiveRightSidebarNavigationItem=Insights|AreInterlinearsVisible=false|Locator=false|MultiViewEnabled=true|MultiViewLayoutIsVertical=false|ParallelResourceSetName=allparallelresources|ReverseInterlinear=true|ReverseInterlinearRows=Surface,MSS,Lemma,Morph,Stro
2026-07-30 18:46:17.5013  INFO 32 SyncClient | (178ms) Submitting 1 of 1 items.
2026-07-30 18:46:17.5014  INFO 32 SyncClient | Integrated 1 successes, 0 conflicts, and 0 errors.
2026-07-30 18:46:17.5016  INFO 32 SyncClient | Downloading items for HistorySyncItem
2026-07-30 18:46:17.5905  INFO 32 SyncClient | New last known milestones: {"itemMilestone":"180868"}
2026-07-30 18:46:17.5921  INFO 32 SyncManager | Finished requesting sync on all sync clients.
2026-07-30 18:46:18.2692  INFO 6 ResourceMetadataDownloadManager | Starting metadata update.
2026-07-30 18:46:18.2695  INFO 6 ResourceMetadataDownloadManager | (Timed) Initializing metadata service client.
2026-07-30 18:46:18.2742  INFO 6 ResourceMetadataDownloadManager | (5ms) Initializing metadata service client.
2026-07-30 18:46:18.2832  INFO 6 ResourceMetadataDownloadManager | Requesting all metadata for owned resources.
2026-07-30 18:46:18.6226  INFO 6 ResourceMetadataDownloadManager | 14 metadata info objects retrieved from service for owned resources.
2026-07-30 18:46:18.8647  INFO 6 ResourceMetadataDownloadManager | Requesting all metadata newer than '2026-03-11T20:07:11Z' for unowned print library resources.
2026-07-30 18:46:19.0942  INFO 21 ResourceMetadataDownloadManager | 0 metadata info objects retrieved from service for unowned print library resources.
2026-07-30 18:46:19.0954  INFO 21 LibraryCatalog | Got all 2 resource IDs. (1ms)
2026-07-30 18:46:19.0986  INFO 21 ResourceMetadataDownloadManager | Database updated with 14 metadata info records for owned resources.
2026-07-30 18:46:19.1174  INFO 21 ResourceMetadataDownloadManager | Downloading metadata for 48 resources.
2026-07-30 18:46:19.3607  WARN 21 MetadataServiceUtility | Invalid Titles (Count=1), Languages (Count=1), or MilestoneIndexes (Count=1); rejecting metadata record for RVI:PASSIONNT.
2026-07-30 18:46:19.4071  INFO 21 LibraryCatalog | Updated 14 items in library catalog cache. (1ms)
2026-07-30 18:46:19.4073  INFO 21 LibraryCatalog | Library catalog indexing required: system change
2026-07-30 18:46:19.4075  INFO 21 LibraryCatalogIndex | Starting indexing in 00:01:00: system change
2026-07-30 18:46:19.4256  INFO 21 ResourceMetadataDownloadManager | Submitted 14 records to LibraryCatalog.
2026-07-30 18:46:19.4266  INFO 21 ResourceMetadataDownloadManager | Requesting community metadata for 2 items.
2026-07-30 18:46:19.8432  INFO 44 ResourceMetadataDownloadManager | 0 community metadata records retrieved from service.
2026-07-30 18:46:19.8438  WARN 44 ResourceMetadataDownloadManager | Failed to download updated metadata for RVI:LXXSESBALTHEB. (Other)
2026-07-30 18:46:19.8438  WARN 44 ResourceMetadataDownloadManager | Failed to download updated metadata for RVI:LXXSESBHEB. (Other)
2026-07-30 18:46:19.8442  INFO 44 ResourceMetadataDownloadManager | Requesting all community metadata with milestone greater than '7833870'.
2026-07-30 18:46:19.9419  INFO 6 ResourceMetadataDownloadManager | 128 community metadata records retrieved from service.
2026-07-30 18:46:19.9435  INFO 6 LibraryCatalog | (Timed) Updating community metadata for 100 resources.
2026-07-30 18:46:19.9684  INFO 6 LibraryCatalog | Updated 27 items in library catalog cache. (6ms)
2026-07-30 18:46:19.9684  INFO 6 LibraryCatalog | (25ms) Updating community metadata for 100 resources.
2026-07-30 18:46:19.9685  INFO 6 LibraryCatalog | (Timed) Updating community metadata for 28 resources.
2026-07-30 18:46:19.9699  INFO 6 LibraryCatalog | Updated 42 items in library catalog cache. (0ms)
2026-07-30 18:46:19.9699  INFO 6 LibraryCatalog | (1ms) Updating community metadata for 28 resources.
2026-07-30 18:46:19.9700  INFO 6 LibraryCatalog | Library catalog indexing required: updated community ratings/tags
2026-07-30 18:46:19.9700  INFO 6 LibraryCatalogIndex | Starting indexing in 00:01:00: system change
2026-07-30 18:46:19.9886  INFO 6 ResourceMetadataDownloadManager | Requesting all community metadata with milestone greater than '7834021'.
2026-07-30 18:46:20.0761  INFO 10 ResourceMetadataDownloadManager | 0 community metadata records retrieved from service.
2026-07-30 18:46:20.0762  INFO 10 ResourceMetadataDownloadManager | Finished metadata update.
2026-07-30 18:46:22.1146  INFO 1 NavigationResourceViewComponent | Navigating to milestone range: Mt 24:1
2026-07-30 18:46:22.1281  INFO 49 BkIndicatorVisualFilterBase | Calculated markup for LLS:1.0.710 4478124:5764. (11ms)
2026-07-30 18:46:22.1286  INFO 51 BkIndicatorVisualFilterBase | Calculated markup for LLS:1.0.710 4478124:5764. (11ms)
2026-07-30 18:46:22.1289  INFO 9 ActiveWordNumbersVisualFilter | Calculated markup for LLS:1.0.710 4478124:5764. (11ms)
2026-07-30 18:46:22.1348  INFO 1 PanelViewModel | Got Resource panel settings for History: Id=LLS:1.0.710|Milestone=DataType%3dbible+esv%7cResource%3dLLS:1.0.710%7cStartSegment%3d4478124%7cVersion%3d2026-02-17T13:55:29Z|Position=res/LLS:1.0.710/2026-02-17T13:55:29Z/4478124|Reference=bible+esv.61.24.1
2026-07-30 18:46:22.1614  INFO 46 CorrespondingWordsUserVisualFilter | Calculated markup for LLS:1.0.710 4478124:5764. (44ms)
2026-07-30 18:46:22.2005  INFO 50 AtlasMapsVisualFilter | Calculated markup for LLS:1.0.710 4478124:5764. (83ms)
2026-07-30 18:46:23.1504  INFO 46 VerseOfTheDayVisualFilter | Calculated markup for LLS:1.0.710 4478124:5764. (1033ms)
2026-07-30 18:46:24.1163  INFO 1 PanelViewModel | Got Resource panel settings for Preferences: ActiveLeftSidebarNavigationItem=Contents|ActiveRightSidebarNavigationItem=Insights|AreInterlinearsVisible=false|Locator=false|MultiViewEnabled=true|MultiViewLayoutIsVertical=false|ParallelResourceSetName=allparallelresources|ReverseInterlinear=true|ReverseInterlinearRows=Surface,MSS,Lemma,Morph,Stro
2026-07-30 18:46:27.0574  INFO 1 PanelViewModel | Got Resource panel settings for Preferences: ActiveLeftSidebarNavigationItem=Contents|ActiveRightSidebarNavigationItem=Insights|AreInterlinearsVisible=false|Locator=false|MultiViewEnabled=true|MultiViewLayoutIsVertical=false|ParallelResourceSetName=allparallelresources|ReverseInterlinear=true|ReverseInterlinearRows=Surface,MSS,Lemma,Morph,Stro
2026-07-30 18:46:29.7276  INFO 46 OtherMediaVisualFilter | Calculated markup for LLS:1.0.710 4478124:5764. (7610ms)
2026-07-30 18:46:32.1407  INFO 32 SyncManager | Requesting sync on all sync clients
2026-07-30 18:46:32.2052  INFO 32 SyncClient | Found 2 items to submit for PreferencesSyncItem
2026-07-30 18:46:32.2053  INFO 32 SyncClient | (Timed) Submitting 2 of 2 items.
2026-07-30 18:46:32.3336  INFO 32 SyncClient | (128ms) Submitting 2 of 2 items.
2026-07-30 18:46:32.3338  INFO 32 SyncClient | Integrated 2 successes, 0 conflicts, and 0 errors.
2026-07-30 18:46:32.3339  INFO 32 SyncClient | Downloading items for PreferencesSyncItem
2026-07-30 18:46:32.4252  INFO 32 SyncClient | New last known milestones: {"itemMilestone":"418975"}
2026-07-30 18:46:32.4877  INFO 32 SyncClient | Found 1 items to submit for HistorySyncItem
2026-07-30 18:46:32.4878  INFO 32 SyncClient | (Timed) Submitting 1 of 1 items.
2026-07-30 18:46:32.5965  INFO 32 SyncClient | (109ms) Submitting 1 of 1 items.
2026-07-30 18:46:32.5967  INFO 32 SyncClient | Integrated 1 successes, 0 conflicts, and 0 errors.
2026-07-30 18:46:32.5969  INFO 32 SyncClient | Downloading items for HistorySyncItem
2026-07-30 18:46:32.6916  INFO 32 SyncClient | New last known milestones: {"itemMilestone":"180869"}
2026-07-30 18:46:32.6944  INFO 32 SyncManager | Finished requesting sync on all sync clients.
2026-07-30 18:47:02.7916  INFO 32 SyncManager | Requesting sync on all sync clients
2026-07-30 18:47:02.8791  INFO 32 SyncClient | Downloading items for PreferencesSyncItem
2026-07-30 18:47:02.9778  INFO 32 SyncClient | Unchanged last known milestones: {"itemMilestone":"418975"}
2026-07-30 18:47:03.0732  INFO 32 SyncClient | Downloading items for HistorySyncItem
2026-07-30 18:47:03.1663  INFO 32 SyncClient | Unchanged last known milestones: {"itemMilestone":"180869"}
2026-07-30 18:47:03.1679  INFO 32 SyncManager | Finished requesting sync on all sync clients.
2026-07-30 18:47:03.1679  INFO 32 SyncManager | Requesting sync on all sync clients
2026-07-30 18:47:03.2537  INFO 32 SyncManager | Finished requesting sync on all sync clients.
2026-07-30 18:47:04.3514  INFO 46 WebServiceClient | Checking for new license compared to W/"a5d72db1-ccfe-4785-a82b-0aad7de4d474"
2026-07-30 18:47:04.7380  INFO 50 WebServiceClient | License check revealed no new license version.
2026-07-30 18:47:16.6186  INFO 1 AppCommand | (Timed) Executing command: VisualMarkup
2026-07-30 18:47:16.6361  INFO 50 ClientNotesApi | Got 1 notebooks, e.g. 388767e268c442e28e8f7de80cb14312. (2ms)
2026-07-30 18:47:16.6361  INFO 73 ClientNotesApi | Got 1 notebooks, e.g. 3831c548da4d403da7e1511203d57764. (2ms)
2026-07-30 18:47:16.6399  INFO 50 ClientNotesApi | Got 1 notebooks, e.g. 7ca317130c67485999171c4a59448c07. (0ms)
2026-07-30 18:47:16.6427  INFO 1 PanelViewModel | Applying VisualMarkup panel settings for Preferences: CollapsedGroupNames=Solid%2520Colors;Emphasis%2520Markup;Highlighter%2520Pens;Inductive%252fPrecept;Chesed;Labels;Morph;Name%2520%2526%2520Titles%2520of%2520God;Nazirite;New%2520Testament%2520Use%2520of%2520the%2520Old%2520Testament%253a%2520Allusion;Rachamim;Weights%2520%2526%2520Measures|StyleName
2026-07-30 18:47:16.8648  INFO 1 PanelViewModel | Got VisualMarkup panel settings for History: CollapsedGroupNames=Solid%2520Colors;Emphasis%2520Markup;Highlighter%2520Pens;Inductive%252fPrecept;Chesed;Labels;Morph;Name%2520%2526%2520Titles%2520of%2520God;Nazirite;New%2520Testament%2520Use%2520of%2520the%2520Old%2520Testament%253a%2520Allusion;Rachamim;Weights%2520%2526%2520Measures
2026-07-30 18:47:16.8877  INFO 1 AppCommand | (269ms) Executing command: VisualMarkup
2026-07-30 18:47:19.9736  INFO 76 LibraryCatalogIndex | (Timed) Rebuilding library catalog index.
2026-07-30 18:47:21.4550  INFO 70 MultipleFilesPostingFileWriter | Closing index streams
2026-07-30 18:47:21.7314  INFO 76 LibraryCatalogIndex | (Timed) Attempting to replace index '/Users/mjwebster/Library/Application Support/Logos4/Data/wq8ubj9r.32o/LibraryCatalog/catalog' with new index '/Users/mjwebster/Library/Application Support/Logos4/Data/wq8ubj9r.32o/LibraryCatalog/catalog-build'.
2026-07-30 18:47:21.7318  INFO 76 FileSystemIndexInfo | Replacing /Users/mjwebster/Library/Application Support/Logos4/Data/wq8ubj9r.32o/LibraryCatalog/catalog with /Users/mjwebster/Library/Application Support/Logos4/Data/wq8ubj9r.32o/LibraryCatalog/catalog-build
2026-07-30 18:47:22.2500  INFO 76 LibraryCatalogIndex | (519ms) Attempting to replace index '/Users/mjwebster/Library/Application Support/Logos4/Data/wq8ubj9r.32o/LibraryCatalog/catalog' with new index '/Users/mjwebster/Library/Application Support/Logos4/Data/wq8ubj9r.32o/LibraryCatalog/catalog-build'.
2026-07-30 18:47:22.2887  INFO 76 ResourceCollectionManager | Updating collection cache after 00:00:20: library catalog indexed
2026-07-30 18:47:22.2888  INFO 76 LibraryCatalogIndex | (2315ms) Rebuilding library catalog index.
2026-07-30 18:47:22.7233  INFO 1 PanelViewModel | Got VisualMarkup panel settings for Preferences: CollapsedGroupNames=Solid%2520Colors;Emphasis%2520Markup;Highlighter%2520Pens;Inductive%252fPrecept;Chesed;Labels;Morph;Name%2520%2526%2520Titles%2520of%2520God;Nazirite;New%2520Testament%2520Use%2520of%2520the%2520Old%2520Testament%253a%2520Allusion;Rachamim;Weights%2520%2526%2520Measures
2026-07-30 18:47:26.8882  INFO 32 SyncManager | Requesting sync on all sync clients
2026-07-30 18:47:26.9568  INFO 32 SyncClient | Found 1 items to submit for PreferencesSyncItem
2026-07-30 18:47:26.9570  INFO 32 SyncClient | (Timed) Submitting 1 of 1 items.
2026-07-30 18:47:27.0727  INFO 32 SyncClient | (116ms) Submitting 1 of 1 items.
2026-07-30 18:47:27.0728  INFO 32 SyncClient | Integrated 1 successes, 0 conflicts, and 0 errors.
2026-07-30 18:47:27.0729  INFO 32 SyncClient | Downloading items for PreferencesSyncItem
2026-07-30 18:47:27.1630  INFO 32 SyncClient | New last known milestones: {"itemMilestone":"418976"}
2026-07-30 18:47:27.2202  INFO 32 SyncClient | Found 2 items to submit for HistorySyncItem
2026-07-30 18:47:27.2202  INFO 32 SyncClient | (Timed) Submitting 2 of 2 items.
2026-07-30 18:47:27.3456  INFO 32 SyncClient | (125ms) Submitting 2 of 2 items.
2026-07-30 18:47:27.3458  INFO 32 SyncClient | Integrated 2 successes, 0 conflicts, and 0 errors.
2026-07-30 18:47:27.3460  INFO 32 SyncClient | Downloading items for HistorySyncItem
2026-07-30 18:47:27.4385  INFO 32 SyncClient | New last known milestones: {"itemMilestone":"180870"}
2026-07-30 18:47:27.4405  INFO 32 SyncManager | Finished requesting sync on all sync clients.
2026-07-30 18:47:34.8147  INFO 1 PanelViewModel | Applying Search panel settings for Preferences: AllSynopsisIsExpanded=false|AllYourBooksSuggestionSeenCount=5|BibleAiBibleSearchNotificationSeenOnce=true|BibleDocumentLevel=verse|BibleEngine=Lexical|BibleMatchAllWordForms=true|BibleMatchCase=false|BibleMatchEquivalentReferences=true|BibleMatchRelatedTerms=false|BibleMultiViewEnabled=false|BibleMu
2026-07-30 18:47:34.9537  INFO 1 PanelViewModel | Got Search panel settings for History: AllSynopsisIsExpanded=false|AllYourBooksSuggestionSeenCount=5|BibleAiBibleSearchNotificationSeenOnce=true|BibleDocumentLevel=verse|BibleEngine=Lexical|BibleMatchAllWordForms=true|BibleMatchCase=false|BibleMatchEquivalentReferences=true|BibleMatchRelatedTerms=false|BibleMultiViewEnabled=false|BibleMu
2026-07-30 18:47:34.9883  WARN 10 HistoryManager | History item with id = 7b9b304d-2379-4f6d-b3bf-e4541c9b737d has overly large bookmark and will not be synced.
2026-07-30 18:47:39.4273  INFO 50 GrammarDrivenUtility | (Timed) Loading grammar-driven info for 'ThirtyNineArticlesDataType'.
2026-07-30 18:47:39.4279  INFO 50 GrammarDrivenUtility | (1ms) Loading grammar-driven info for 'ThirtyNineArticlesDataType'.
2026-07-30 18:47:39.4363  INFO 50 GrammarDrivenUtility | (Timed) Loading grammar-driven info for 'AncientAramaicAndHebrewLettersDataType'.
2026-07-30 18:47:39.4364  INFO 50 GrammarDrivenUtility | (0ms) Loading grammar-driven info for 'AncientAramaicAndHebrewLettersDataType'.
2026-07-30 18:47:39.4366  INFO 50 GrammarDrivenUtility | (Timed) Loading grammar-driven info for 'AncientEgyptianPyramidTextsDataType'.
2026-07-30 18:47:39.4366  INFO 50 GrammarDrivenUtility | (0ms) Loading grammar-driven info for 'AncientEgyptianPyramidTextsDataType'.
2026-07-30 18:47:39.4371  INFO 50 GrammarDrivenUtility | (Timed) Loading grammar-driven info for 'ApostolicFathersDataType'.
2026-07-30 18:47:39.4372  INFO 50 GrammarDrivenUtility | (0ms) Loading grammar-driven info for 'ApostolicFathersDataType'.
2026-07-30 18:47:39.4419  INFO 50 GrammarDrivenUtility | (Timed) Loading grammar-driven info for 'AramaicInscriptionsDataType'.
2026-07-30 18:47:39.4420  INFO 50 GrammarDrivenUtility | (0ms) Loading grammar-driven info for 'AramaicInscriptionsDataType'.
2026-07-30 18:47:39.4423  INFO 50 GrammarDrivenUtility | (Timed) Loading grammar-driven info for 'AmarnaLettersDataType'.
2026-07-30 18:47:39.4425  INFO 50 GrammarDrivenUtility | (0ms) Loading grammar-driven info for 'AmarnaLettersDataType'.
2026-07-30 18:47:39.4427  INFO 50 GrammarDrivenUtility | (Timed) Loading grammar-driven info for 'AmbroseDataType'.
2026-07-30 18:47:39.4427  INFO 50 GrammarDrivenUtility | (0ms) Loading grammar-driven info for 'AmbroseDataType'.
2026-07-30 18:47:39.4429  INFO 50 GrammarDrivenUtility | (Timed) Loading grammar-driven info for 'AnselmDataType'.
2026-07-30 18:47:39.4430  INFO 50 GrammarDrivenUtility | (0ms) Loading grammar-driven info for 'AnselmDataType'.
2026-07-30 18:47:39.4431  INFO 50 GrammarDrivenUtility | (Timed) Loading grammar-driven info for 'AntDataType'.
2026-07-30 18:47:39.4432  INFO 50 GrammarDrivenUtility | (0ms) Loading grammar-driven info for 'AntDataType'.
2026-07-30 18:47:39.4434  INFO 50 GrammarDrivenUtility | (Timed) Loading grammar-driven info for 'AramaicPapyriFifthCenturyDataType'.
2026-07-30 18:47:39.4437  INFO 50 GrammarDrivenUtility | (0ms) Loading grammar-driven info for 'AramaicPapyriFifthCenturyDataType'.
2026-07-30 18:47:39.4447  INFO 50 GrammarDrivenUtility | (Timed) Loading grammar-driven info for 'ApostolicTraditionsDataType'.
2026-07-30 18:47:39.4448  INFO 50 GrammarDrivenUtility | (0ms) Loading grammar-driven info for 'ApostolicTraditionsDataType'.
2026-07-30 18:47:39.4448  INFO 50 GrammarDrivenUtility | (Timed) Loading grammar-driven info for 'AqhtDataType'.
2026-07-30 18:47:39.4449  INFO 50 GrammarDrivenUtility | (0ms) Loading grammar-driven info for 'AqhtDataType'.
2026-07-30 18:47:39.4450  INFO 50 GrammarDrivenUtility | (Timed) Loading grammar-driven info for 'AncientRecordsOfEgyptDataType'.
2026-07-30 18:47:39.4451  INFO 50 GrammarDrivenUtility | (0ms) Loading grammar-driven info for 'AncientRecordsOfEgyptDataType'.
2026-07-30 18:47:39.4755  INFO 56 SimpleQueryUtility | (Timed) Performing section search
2026-07-30 18:47:39.4769  INFO 56 SimpleQueryUtility | (1ms) Performing section search
2026-07-30 18:47:39.5713  INFO 50 GrammarDrivenUtility | (Timed) Loading grammar-driven info for 'AugustineDataType'.
2026-07-30 18:47:39.5714  INFO 50 GrammarDrivenUtility | (0ms) Loading grammar-driven info for 'AugustineDataType'.
2026-07-30 18:47:39.5723  INFO 50 GrammarDrivenUtility | (Timed) Loading grammar-driven info for 'AugustineSermonsBenedictineDataType'.
2026-07-30 18:47:39.5724  INFO 50 GrammarDrivenUtility | (0ms) Loading grammar-driven info for 'AugustineSermonsBenedictineDataType'.
2026-07-30 18:47:39.5802  INFO 50 GrammarDrivenUtility | (Timed) Loading grammar-driven info for 'BabylonianTalmudDataType'.
2026-07-30 18:47:39.5803  INFO 50 GrammarDrivenUtility | (0ms) Loading grammar-driven info for 'BabylonianTalmudDataType'.
2026-07-30 18:47:39.6078  INFO 50 GrammarDrivenUtility | (Timed) Loading grammar-driven info for 'BabylonianTalmudFolioDataType'.
2026-07-30 18:47:39.6079  INFO 50 GrammarDrivenUtility | (0ms) Loading grammar-driven info for 'BabylonianTalmudFolioDataType'.
2026-07-30 18:47:39.6216  INFO 50 GrammarDrivenUtility | (Timed) Loading grammar-driven info for 'BasilDataType'.
2026-07-30 18:47:39.6217  INFO 50 GrammarDrivenUtility | (0ms) Loading grammar-driven info for 'BasilDataType'.
2026-07-30 18:47:39.6223  INFO 50 GrammarDrivenUtility | (Timed) Loading grammar-driven info for 'BrownDriverBriggsDataType'.
2026-07-30 18:47:39.6224  INFO 50 GrammarDrivenUtility | (0ms) Loading grammar-driven info for 'BrownDriverBriggsDataType'.
2026-07-30 18:47:39.6235  INFO 50 GrammarDrivenUtility | (Timed) Loading grammar-driven info for 'BDFDataType'.
2026-07-30 18:47:39.6260  INFO 50 GrammarDrivenUtility | (2ms) Loading grammar-driven info for 'BDFDataType'.
2026-07-30 18:47:39.6275  INFO 50 GrammarDrivenUtility | (Timed) Loading grammar-driven info for 'BeginnersGrammarOfTheGreekNewTestamentDataType'.
2026-07-30 18:47:39.6275  INFO 50 GrammarDrivenUtility | (0ms) Loading grammar-driven info for 'BeginnersGrammarOfTheGreekNewTestamentDataType'.
2026-07-30 18:47:39.6299  INFO 50 GrammarDrivenUtility | (Timed) Loading grammar-driven info for 'BiblicalHebrewReferenceGrammarDataType'.
2026-07-30 18:47:39.6300  INFO 50 GrammarDrivenUtility | (0ms) Loading grammar-driven info for 'BiblicalHebrewReferenceGrammarDataType'.
2026-07-30 18:47:39.6314  INFO 50 GrammarDrivenUtility | (Timed) Loading grammar-driven info for 'BoethiusDataType'.
2026-07-30 18:47:39.6315  INFO 50 GrammarDrivenUtility | (0ms) Loading grammar-driven info for 'BoethiusDataType'.
2026-07-30 18:47:39.6329  INFO 50 GrammarDrivenUtility | (Timed) Loading grammar-driven info for 'BonaventureDataType'.
2026-07-30 18:47:39.6330  INFO 50 GrammarDrivenUtility | (0ms) Loading grammar-driven info for 'BonaventureDataType'.
2026-07-30 18:47:39.6345  INFO 50 GrammarDrivenUtility | (Timed) Loading grammar-driven info for 'CaesariusDataType'.
2026-07-30 18:47:39.6346  INFO 50 GrammarDrivenUtility | (0ms) Loading grammar-driven info for 'CaesariusDataType'.
2026-07-30 18:47:39.6356  INFO 50 GrammarDrivenUtility | (Timed) Loading grammar-driven info for 'CassianDataType'.
2026-07-30 18:47:39.6357  INFO 50 GrammarDrivenUtility | (0ms) Loading grammar-driven info for 'CassianDataType'.
2026-07-30 18:47:39.6360  INFO 50 GrammarDrivenUtility | (Timed) Loading grammar-driven info for 'CatechismOfTheCatholicChurchDataType'.
2026-07-30 18:47:39.6361  INFO 50 GrammarDrivenUtility | (0ms) Loading grammar-driven info for 'CatechismOfTheCatholicChurchDataType'.
2026-07-30 18:47:39.6364  INFO 50 GrammarDrivenUtility | (Timed) Loading grammar-driven info for 'CodeOfCanonsOfTheEasternChurchesDataType'.
2026-07-30 18:47:39.6365  INFO 50 GrammarDrivenUtility | (0ms) Loading grammar-driven info for 'CodeOfCanonsOfTheEasternChurchesDataType'.
2026-07-30 18:47:39.6402  INFO 50 GrammarDrivenUtility | (Timed) Loading grammar-driven info for 'CanonsOfTheEcumenicalCouncilsDataType'.
2026-07-30 18:47:39.6403  INFO 50 GrammarDrivenUtility | (0ms) Loading grammar-driven info for 'CanonsOfTheEcumenicalCouncilsDataType'.
2026-07-30 18:47:39.6408  INFO 50 GrammarDrivenUtility | (Timed) Loading grammar-driven info for 'ChrysostomDataType'.
2026-07-30 18:47:39.6409  INFO 50 GrammarDrivenUtility | (0ms) Loading grammar-driven info for 'ChrysostomDataType'.
2026-07-30 18:47:39.6417  INFO 50 GrammarDrivenUtility | (Timed) Loading grammar-driven info for 'CodeOfCanonLawDataType'.
2026-07-30 18:47:39.6418  INFO 50 GrammarDrivenUtility | (0ms) Loading grammar-driven info for 'CodeOfCanonLawDataType'.
2026-07-30 18:47:39.6422  INFO 50 GrammarDrivenUtility | (Timed) Loading grammar-driven info for 'InstitutesOfTheChristianReligionDataType'.
2026-07-30 18:47:39.6422  INFO 50 GrammarDrivenUtility | (0ms) Loading grammar-driven info for 'InstitutesOfTheChristianReligionDataType'.
2026-07-30 18:47:39.6442  INFO 50 GrammarDrivenUtility | (Timed) Loading grammar-driven info for 'CTADataType'.
2026-07-30 18:47:39.6443  INFO 50 GrammarDrivenUtility | (0ms) Loading grammar-driven info for 'CTADataType'.
2026-07-30 18:47:39.6449  INFO 50 GrammarDrivenUtility | (Timed) Loading grammar-driven info for 'CyprianDataType'.
2026-07-30 18:47:39.6450  INFO 50 GrammarDrivenUtility | (0ms) Loading grammar-driven info for 'CyprianDataType'.
2026-07-30 18:47:39.6454  INFO 50 GrammarDrivenUtility | (Timed) Loading grammar-driven info for 'CyprianLettersMigneDataType'.
2026-07-30 18:47:39.6455  INFO 50 GrammarDrivenUtility | (0ms) Loading grammar-driven info for 'CyprianLettersMigneDataType'.
2026-07-30 18:47:39.6458  INFO 50 GrammarDrivenUtility | (Timed) Loading grammar-driven info for 'CyprianLettersOxfordDataType'.
2026-07-30 18:47:39.6458  INFO 50 GrammarDrivenUtility | (0ms) Loading grammar-driven info for 'CyprianLettersOxfordDataType'.
2026-07-30 18:47:39.7133  INFO 10 GrammarDrivenUtility | (Timed) Loading grammar-driven info for 'DiatessaricaDataType'.
2026-07-30 18:47:39.7134  INFO 10 GrammarDrivenUtility | (0ms) Loading grammar-driven info for 'DiatessaricaDataType'.
2026-07-30 18:47:39.7138  INFO 10 GrammarDrivenUtility | (Timed) Loading grammar-driven info for 'DenzingerSchonmetzerDataType'.
2026-07-30 18:47:39.7138  INFO 10 GrammarDrivenUtility | (0ms) Loading grammar-driven info for 'DenzingerSchonmetzerDataType'.
2026-07-30 18:47:39.7167  INFO 10 GrammarDrivenUtility | (Timed) Loading grammar-driven info for 'EusebianCanonsDataType'.
2026-07-30 18:47:39.7167  INFO 10 GrammarDrivenUtility | (0ms) Loading grammar-driven info for 'EusebianCanonsDataType'.
2026-07-30 18:47:39.7173  INFO 10 GrammarDrivenUtility | (Timed) Loading grammar-driven info for 'EgyptianHymnsPrayersAndSongsDataType'.
2026-07-30 18:47:39.7173  INFO 10 GrammarDrivenUtility | (0ms) Loading grammar-driven info for 'EgyptianHymnsPrayersAndSongsDataType'.
2026-07-30 18:47:39.7176  INFO 10 GrammarDrivenUtility | (Timed) Loading grammar-driven info for 'EssentialsOfNewTestamentGreekDataType'.
2026-07-30 18:47:39.7177  INFO 10 GrammarDrivenUtility | (0ms) Loading grammar-driven info for 'EssentialsOfNewTestamentGreekDataType'.
2026-07-30 18:47:39.7181  INFO 10 GrammarDrivenUtility | (Timed) Loading grammar-driven info for 'EncounteringNewTestamentManuscriptsDataType'.
2026-07-30 18:47:39.7181  INFO 10 GrammarDrivenUtility | (0ms) Loading grammar-driven info for 'EncounteringNewTestamentManuscriptsDataType'.
2026-07-30 18:47:39.7184  INFO 10 GrammarDrivenUtility | (Timed) Loading grammar-driven info for 'EphraimDataType'.
2026-07-30 18:47:39.7185  INFO 10 GrammarDrivenUtility | (0ms) Loading grammar-driven info for 'EphraimDataType'.
2026-07-30 18:47:39.7189  INFO 10 GrammarDrivenUtility | (Timed) Loading grammar-driven info for 'EpicsOfSumerianKingsDataType'.
2026-07-30 18:47:39.7189  INFO 10 GrammarDrivenUtility | (0ms) Loading grammar-driven info for 'EpicsOfSumerianKingsDataType'.
2026-07-30 18:47:39.7194  INFO 10 GrammarDrivenUtility | (Timed) Loading grammar-driven info for 'EusebiusDataType'.
2026-07-30 18:47:39.7194  INFO 10 GrammarDrivenUtility | (0ms) Loading grammar-driven info for 'EusebiusDataType'.
2026-07-30 18:47:39.7523  INFO 10 GrammarDrivenUtility | (Timed) Loading grammar-driven info for 'GeseniusGrammarDataType'.
2026-07-30 18:47:39.7524  INFO 10 GrammarDrivenUtility | (0ms) Loading grammar-driven info for 'GeseniusGrammarDataType'.
2026-07-30 18:47:39.7528  INFO 10 GrammarDrivenUtility | (Timed) Loading grammar-driven info for 'GeseniusLexiconDataType'.
2026-07-30 18:47:39.7529  INFO 10 GrammarDrivenUtility | (0ms) Loading grammar-driven info for 'GeseniusLexiconDataType'.
2026-07-30 18:47:39.7545  INFO 10 GrammarDrivenUtility | (Timed) Loading grammar-driven info for 'GreekGrammarBeyondTheBasicsDataType'.
2026-07-30 18:47:39.7546  INFO 10 GrammarDrivenUtility | (0ms) Loading grammar-driven info for 'GreekGrammarBeyondTheBasicsDataType'.
2026-07-30 18:47:39.7565  INFO 10 GrammarDrivenUtility | (Timed) Loading grammar-driven info for 'GregoryTheGreatDataType'.
2026-07-30 18:47:39.7569  INFO 10 GrammarDrivenUtility | (0ms) Loading grammar-driven info for 'GregoryTheGreatDataType'.
2026-07-30 18:47:39.7573  INFO 10 GrammarDrivenUtility | (Timed) Loading grammar-driven info for 'GregoryNazianzenDataType'.
2026-07-30 18:47:39.7615  INFO 10 GrammarDrivenUtility | (4ms) Loading grammar-driven info for 'GregoryNazianzenDataType'.
2026-07-30 18:47:39.7620  INFO 10 GrammarDrivenUtility | (Timed) Loading grammar-driven info for 'GregoryNyssaDataType'.
2026-07-30 18:47:39.7621  INFO 10 GrammarDrivenUtility | (0ms) Loading grammar-driven info for 'GregoryNyssaDataType'.
2026-07-30 18:47:39.7628  INFO 10 GrammarDrivenUtility | (Timed) Loading grammar-driven info for 'HammurabiDataType'.
2026-07-30 18:47:39.7629  INFO 10 GrammarDrivenUtility | (0ms) Loading grammar-driven info for 'HammurabiDataType'.
2026-07-30 18:47:39.7634  INFO 10 GrammarDrivenUtility | (Timed) Loading grammar-driven info for 'HammurabiBALDataType'.
2026-07-30 18:47:39.7635  INFO 10 GrammarDrivenUtility | (0ms) Loading grammar-driven info for 'HammurabiBALDataType'.
2026-07-30 18:47:39.7638  INFO 10 GrammarDrivenUtility | (Timed) Loading grammar-driven info for 'HammurabiDSDataType'.
2026-07-30 18:47:39.7638  INFO 10 GrammarDrivenUtility | (0ms) Loading grammar-driven info for 'HammurabiDSDataType'.
2026-07-30 18:47:39.7642  INFO 10 GrammarDrivenUtility | (Timed) Loading grammar-driven info for 'HammurabiLouvreDataType'.
2026-07-30 18:47:39.7643  INFO 10 GrammarDrivenUtility | (0ms) Loading grammar-driven info for 'HammurabiLouvreDataType'.
2026-07-30 18:47:39.7655  INFO 10 GrammarDrivenUtility | (Timed) Loading grammar-driven info for 'HittiteDiplomaticTextsDataType'.
2026-07-30 18:47:39.7656  INFO 10 GrammarDrivenUtility | (0ms) Loading grammar-driven info for 'HittiteDiplomaticTextsDataType'.
2026-07-30 18:47:39.7659  INFO 10 GrammarDrivenUtility | (Timed) Loading grammar-driven info for 'DavidsonsHebrewSyntaxDataType'.
2026-07-30 18:47:39.7659  INFO 10 GrammarDrivenUtility | (0ms) Loading grammar-driven info for 'DavidsonsHebrewSyntaxDataType'.
2026-07-30 18:47:39.7676  INFO 10 GrammarDrivenUtility | (Timed) Loading grammar-driven info for 'HilaryDataType'.
2026-07-30 18:47:39.7677  INFO 10 GrammarDrivenUtility | (0ms) Loading grammar-driven info for 'HilaryDataType'.
2026-07-30 18:47:39.7680  INFO 10 GrammarDrivenUtility | (Timed) Loading grammar-driven info for 'HittiteLawsDataType'.
2026-07-30 18:47:39.7680  INFO 10 GrammarDrivenUtility | (0ms) Loading grammar-driven info for 'HittiteLawsDataType'.
2026-07-30 18:47:39.7683  INFO 10 GrammarDrivenUtility | (Timed) Loading grammar-driven info for 'HittiteMythsDataType'.
2026-07-30 18:47:39.7684  INFO 10 GrammarDrivenUtility | (0ms) Loading grammar-driven info for 'HittiteMythsDataType'.
2026-07-30 18:47:39.7687  INFO 10 GrammarDrivenUtility | (Timed) Loading grammar-driven info for 'HittitePrayersDataType'.
2026-07-30 18:47:39.7688  INFO 10 GrammarDrivenUtility | (0ms) Loading grammar-driven info for 'HittitePrayersDataType'.
2026-07-30 18:47:39.7691  INFO 10 GrammarDrivenUtility | (Timed) Loading grammar-driven info for 'IntrotoAkkadianDataType'.
2026-07-30 18:47:39.7692  INFO 10 GrammarDrivenUtility | (0ms) Loading grammar-driven info for 'IntrotoAkkadianDataType'.
2026-07-30 18:47:39.7696  INFO 10 GrammarDrivenUtility | (Timed) Loading grammar-driven info for 'IrishApocryphaDataType'.
2026-07-30 18:47:39.7697  INFO 10 GrammarDrivenUtility | (0ms) Loading grammar-driven info for 'IrishApocryphaDataType'.
2026-07-30 18:47:39.7701  INFO 10 GrammarDrivenUtility | (Timed) Loading grammar-driven info for 'IdiomsoftheGreekNewTestamentDataType'.
2026-07-30 18:47:39.7701  INFO 10 GrammarDrivenUtility | (0ms) Loading grammar-driven info for 'IdiomsoftheGreekNewTestamentDataType'.
2026-07-30 18:47:39.7705  INFO 10 GrammarDrivenUtility | (Timed) Loading grammar-driven info for 'InstitutesOfElencticTheologyDataType'.
2026-07-30 18:47:39.7706  INFO 10 GrammarDrivenUtility | (0ms) Loading grammar-driven info for 'InstitutesOfElencticTheologyDataType'.
2026-07-30 18:47:39.7709  INFO 10 GrammarDrivenUtility | (Timed) Loading grammar-driven info for 'IrenaeusDataType'.
2026-07-30 18:47:39.7710  INFO 10 GrammarDrivenUtility | (0ms) Loading grammar-driven info for 'IrenaeusDataType'.
2026-07-30 18:47:39.7714  INFO 10 GrammarDrivenUtility | (Timed) Loading grammar-driven info for 'IntrotoStudyofNTGreekWordListDataType'.
2026-07-30 18:47:39.7714  INFO 10 GrammarDrivenUtility | (0ms) Loading grammar-driven info for 'IntrotoStudyofNTGreekWordListDataType'.
2026-07-30 18:47:39.7752  INFO 10 GrammarDrivenUtility | (Timed) Loading grammar-driven info for 'JeromeDataType'.
2026-07-30 18:47:39.7753  INFO 10 GrammarDrivenUtility | (0ms) Loading grammar-driven info for 'JeromeDataType'.
2026-07-30 18:47:39.7765  INFO 10 GrammarDrivenUtility | (Timed) Loading grammar-driven info for 'JerusalemTalmudDataType'.
2026-07-30 18:47:39.7766  INFO 10 GrammarDrivenUtility | (0ms) Loading grammar-driven info for 'JerusalemTalmudDataType'.
2026-07-30 18:47:39.7801  INFO 10 GrammarDrivenUtility | (Timed) Loading grammar-driven info for 'JerusalemTalmudFolioDataType'.
2026-07-30 18:47:39.7801  INFO 10 GrammarDrivenUtility | (0ms) Loading grammar-driven info for 'JerusalemTalmudFolioDataType'.
2026-07-30 18:47:39.7858  INFO 10 GrammarDrivenUtility | (Timed) Loading grammar-driven info for 'JournalOfHebrewScripturesDataType'.
2026-07-30 18:47:39.7859  INFO 10 GrammarDrivenUtility | (0ms) Loading grammar-driven info for 'JournalOfHebrewScripturesDataType'.
2026-07-30 18:47:39.7863  INFO 10 GrammarDrivenUtility | (Timed) Loading grammar-driven info for 'JohnDamasceneDataType'.
2026-07-30 18:47:39.7863  INFO 10 GrammarDrivenUtility | (0ms) Loading grammar-driven info for 'JohnDamasceneDataType'.
2026-07-30 18:47:39.7868  INFO 10 GrammarDrivenUtility | (Timed) Loading grammar-driven info for 'JosephusLoebDataType'.
2026-07-30 18:47:39.7868  INFO 10 GrammarDrivenUtility | (0ms) Loading grammar-driven info for 'JosephusLoebDataType'.
2026-07-30 18:47:39.7874  INFO 10 GrammarDrivenUtility | (Timed) Loading grammar-driven info for 'JosephusWhistonDataType'.
2026-07-30 18:47:39.7875  INFO 10 GrammarDrivenUtility | (0ms) Loading grammar-driven info for 'JosephusWhistonDataType'.
2026-07-30 18:47:39.7889  INFO 10 GrammarDrivenUtility | (Timed) Loading grammar-driven info for 'JouonDataType'.
2026-07-30 18:47:39.7890  INFO 10 GrammarDrivenUtility | (0ms) Loading grammar-driven info for 'JouonDataType'.
2026-07-30 18:47:39.7896  INFO 10 GrammarDrivenUtility | (Timed) Loading grammar-driven info for 'JustinMartyrDataType'.
2026-07-30 18:47:39.7897  INFO 10 GrammarDrivenUtility | (0ms) Loading grammar-driven info for 'JustinMartyrDataType'.
2026-07-30 18:47:39.7900  INFO 10 GrammarDrivenUtility | (Timed) Loading grammar-driven info for 'KirchlicheDogmaticDataType'.
2026-07-30 18:47:39.7901  INFO 10 GrammarDrivenUtility | (0ms) Loading grammar-driven info for 'KirchlicheDogmaticDataType'.
2026-07-30 18:47:39.7903  INFO 10 GrammarDrivenUtility | (Timed) Loading grammar-driven info for 'KrtTextDataType'.
2026-07-30 18:47:39.7903  INFO 10 GrammarDrivenUtility | (0ms) Loading grammar-driven info for 'KrtTextDataType'.
2026-07-30 18:47:39.7906  INFO 10 GrammarDrivenUtility | (Timed) Loading grammar-driven info for 'KTUDataType'.
2026-07-30 18:47:39.7906  INFO 10 GrammarDrivenUtility | (0ms) Loading grammar-driven info for 'KTUDataType'.
2026-07-30 18:47:39.7974  INFO 10 GrammarDrivenUtility | (Timed) Loading grammar-driven info for 'LawsofEshnunnaDataType'.
2026-07-30 18:47:39.7975  INFO 10 GrammarDrivenUtility | (0ms) Loading grammar-driven info for 'LawsofEshnunnaDataType'.
2026-07-30 18:47:39.7982  INFO 10 GrammarDrivenUtility | (Timed) Loading grammar-driven info for 'LettersFromEarlyMesopotamiaDataType'.
2026-07-30 18:47:39.7982  INFO 10 GrammarDrivenUtility | (0ms) Loading grammar-driven info for 'LettersFromEarlyMesopotamiaDataType'.
2026-07-30 18:47:39.7987  INFO 10 GrammarDrivenUtility | (Timed) Loading grammar-driven info for 'LectionaryForMassDataType'.
2026-07-30 18:47:39.7987  INFO 10 GrammarDrivenUtility | (0ms) Loading grammar-driven info for 'LectionaryForMassDataType'.
2026-07-30 18:47:39.7991  INFO 10 GrammarDrivenUtility | (Timed) Loading grammar-driven info for 'LeoDataType'.
2026-07-30 18:47:39.7992  INFO 10 GrammarDrivenUtility | (0ms) Loading grammar-driven info for 'LeoDataType'.
2026-07-30 18:47:39.7993  INFO 10 GrammarDrivenUtility | (Timed) Loading grammar-driven info for 'LettersFromAncientEgyptDataType'.
2026-07-30 18:47:39.7993  INFO 10 GrammarDrivenUtility | (0ms) Loading grammar-driven info for 'LettersFromAncientEgyptDataType'.
2026-07-30 18:47:39.8004  INFO 10 GrammarDrivenUtility | (Timed) Loading grammar-driven info for 'BookOfCommonPrayer1979LiturgicalCalendarDataType'.
2026-07-30 18:47:39.8026  INFO 10 GrammarDrivenUtility | (2ms) Loading grammar-driven info for 'BookOfCommonPrayer1979LiturgicalCalendarDataType'.
2026-07-30 18:47:39.8046  INFO 10 GrammarDrivenUtility | (Timed) Loading grammar-driven info for 'CatholicLiturgicalCalendarDataType'.
2026-07-30 18:47:39.8048  INFO 10 GrammarDrivenUtility | (0ms) Loading grammar-driven info for 'CatholicLiturgicalCalendarDataType'.
2026-07-30 18:47:39.8105  INFO 10 GrammarDrivenUtility | (Timed) Loading grammar-driven info for 'RevisedCommonLectionaryLiturgicalCalendarDataType'.
2026-07-30 18:47:39.8141  INFO 10 GrammarDrivenUtility | (4ms) Loading grammar-driven info for 'RevisedCommonLectionaryLiturgicalCalendarDataType'.
2026-07-30 18:47:39.8185  INFO 10 GrammarDrivenUtility | (Timed) Loading grammar-driven info for 'LawcodeofLipitIshtarDataType'.
2026-07-30 18:47:39.8185  INFO 10 GrammarDrivenUtility | (0ms) Loading grammar-driven info for 'LawcodeofLipitIshtarDataType'.
2026-07-30 18:47:39.8199  INFO 10 GrammarDrivenUtility | (Timed) Loading grammar-driven info for 'LexhamMethodsSeriesDataType'.
2026-07-30 18:47:39.8200  INFO 10 GrammarDrivenUtility | (0ms) Loading grammar-driven info for 'LexhamMethodsSeriesDataType'.
2026-07-30 18:47:39.8204  INFO 10 GrammarDrivenUtility | (Timed) Loading grammar-driven info for 'NeoBabylonianLawsDataType'.
2026-07-30 18:47:39.8204  INFO 10 GrammarDrivenUtility | (0ms) Loading grammar-driven info for 'NeoBabylonianLawsDataType'.
2026-07-30 18:47:39.8205  INFO 10 GrammarDrivenUtility | (Timed) Loading grammar-driven info for 'LawsAboutRentedOxenDataType'.
2026-07-30 18:47:39.8205  INFO 10 GrammarDrivenUtility | (0ms) Loading grammar-driven info for 'LawsAboutRentedOxenDataType'.
2026-07-30 18:47:39.8208  INFO 10 GrammarDrivenUtility | (Timed) Loading grammar-driven info for 'LearningBiblicalHebrewDataType'.
2026-07-30 18:47:39.8209  INFO 10 GrammarDrivenUtility | (0ms) Loading grammar-driven info for 'LearningBiblicalHebrewDataType'.
2026-07-30 18:47:39.8212  INFO 10 GrammarDrivenUtility | (Timed) Loading grammar-driven info for 'LearnToReadNewTestamentGreekDataType'.
2026-07-30 18:47:39.8212  INFO 10 GrammarDrivenUtility | (0ms) Loading grammar-driven info for 'LearnToReadNewTestamentGreekDataType'.
2026-07-30 18:47:39.8213  INFO 10 GrammarDrivenUtility | (Timed) Loading grammar-driven info for 'LawsOfUrNammaDataType'.
2026-07-30 18:47:39.8213  INFO 10 GrammarDrivenUtility | (0ms) Loading grammar-driven info for 'LawsOfUrNammaDataType'.
2026-07-30 18:47:39.8216  INFO 10 GrammarDrivenUtility | (Timed) Loading grammar-driven info for 'LawsOfXDataType'.
2026-07-30 18:47:39.8216  INFO 10 GrammarDrivenUtility | (0ms) Loading grammar-driven info for 'LawsOfXDataType'.
2026-07-30 18:47:39.8220  INFO 10 GrammarDrivenUtility | (Timed) Loading grammar-driven info for 'MiddleAssyrianLawsDataType'.
2026-07-30 18:47:39.8220  INFO 10 GrammarDrivenUtility | (0ms) Loading grammar-driven info for 'MiddleAssyrianLawsDataType'.
2026-07-30 18:47:39.8223  INFO 10 GrammarDrivenUtility | (Timed) Loading grammar-driven info for 'MiddleAssyrianPalaceDecreesDataType'.
2026-07-30 18:47:39.8224  INFO 10 GrammarDrivenUtility | (0ms) Loading grammar-driven info for 'MiddleAssyrianPalaceDecreesDataType'.
2026-07-30 18:47:39.8224  INFO 10 GrammarDrivenUtility | (Timed) Loading grammar-driven info for 'MesopotamianChroniclesDataType'.
2026-07-30 18:47:39.8257  INFO 10 GrammarDrivenUtility | (3ms) Loading grammar-driven info for 'MesopotamianChroniclesDataType'.
2026-07-30 18:47:39.8260  INFO 10 GrammarDrivenUtility | (Timed) Loading grammar-driven info for 'MoultonHowardTurnerIIDataType'.
2026-07-30 18:47:39.8261  INFO 10 GrammarDrivenUtility | (0ms) Loading grammar-driven info for 'MoultonHowardTurnerIIDataType'.
2026-07-30 18:47:39.8264  INFO 10 GrammarDrivenUtility | (Timed) Loading grammar-driven info for 'MHTGrammarOfNewTestamentGreekIIIDataType'.
2026-07-30 18:47:39.8265  INFO 10 GrammarDrivenUtility | (0ms) Loading grammar-driven info for 'MHTGrammarOfNewTestamentGreekIIIDataType'.
2026-07-30 18:47:39.8272  INFO 10 GrammarDrivenUtility | (Timed) Loading grammar-driven info for 'MHTGrammarOfNewTestamentGreekIVDataType'.
2026-07-30 18:47:39.8273  INFO 10 GrammarDrivenUtility | (0ms) Loading grammar-driven info for 'MHTGrammarOfNewTestamentGreekIVDataType'.
2026-07-30 18:47:39.8277  INFO 10 GrammarDrivenUtility | (Timed) Loading grammar-driven info for 'MekhiltadeRabbiIshmaelDataType'.
2026-07-30 18:47:39.8277  INFO 10 GrammarDrivenUtility | (0ms) Loading grammar-driven info for 'MekhiltadeRabbiIshmaelDataType'.
2026-07-30 18:47:39.8278  INFO 10 GrammarDrivenUtility | (Timed) Loading grammar-driven info for 'MekhiltadeRabbiShimonBarYohaiDataType'.
2026-07-30 18:47:39.8279  INFO 10 GrammarDrivenUtility | (0ms) Loading grammar-driven info for 'MekhiltadeRabbiShimonBarYohaiDataType'.
2026-07-30 18:47:39.8281  INFO 10 GrammarDrivenUtility | (Timed) Loading grammar-driven info for 'MekhiltadeRabbiShimonBarYohaiEMDataType'.
2026-07-30 18:47:39.8281  INFO 10 GrammarDrivenUtility | (0ms) Loading grammar-driven info for 'MekhiltadeRabbiShimonBarYohaiEMDataType'.
2026-07-30 18:47:39.8282  INFO 10 GrammarDrivenUtility | (Timed) Loading grammar-driven info for 'ManualOfPalestinianAramaicTextsDataType'.
2026-07-30 18:47:39.8283  INFO 10 GrammarDrivenUtility | (0ms) Loading grammar-driven info for 'ManualOfPalestinianAramaicTextsDataType'.
2026-07-30 18:47:39.8302  INFO 10 GrammarDrivenUtility | (Timed) Loading grammar-driven info for 'NTApocryphaDataType'.
2026-07-30 18:47:39.8303  INFO 10 GrammarDrivenUtility | (0ms) Loading grammar-driven info for 'NTApocryphaDataType'.
2026-07-30 18:47:39.8362  INFO 10 GrammarDrivenUtility | (Timed) Loading grammar-driven info for 'OrigenDataType'.
2026-07-30 18:47:39.8363  INFO 10 GrammarDrivenUtility | (0ms) Loading grammar-driven info for 'OrigenDataType'.
2026-07-30 18:47:39.8366  INFO 10 GrammarDrivenUtility | (Timed) Loading grammar-driven info for 'PapalDocumentsDataType'.
2026-07-30 18:47:39.8366  INFO 10 GrammarDrivenUtility | (0ms) Loading grammar-driven info for 'PapalDocumentsDataType'.
2026-07-30 18:47:39.8371  INFO 10 GrammarDrivenUtility | (Timed) Loading grammar-driven info for 'PapalEncyclicalsDataType'.
2026-07-30 18:47:39.8372  INFO 10 GrammarDrivenUtility | (0ms) Loading grammar-driven info for 'PapalEncyclicalsDataType'.
2026-07-30 18:47:39.8451  INFO 10 GrammarDrivenUtility | (Timed) Loading grammar-driven info for 'PapiasDataType'.
2026-07-30 18:47:39.8452  INFO 10 GrammarDrivenUtility | (0ms) Loading grammar-driven info for 'PapiasDataType'.
2026-07-30 18:47:39.8452  INFO 10 GrammarDrivenUtility | (Timed) Loading grammar-driven info for 'PaulinusDataType'.
2026-07-30 18:47:39.8453  INFO 10 GrammarDrivenUtility | (0ms) Loading grammar-driven info for 'PaulinusDataType'.
2026-07-30 18:47:39.8454  INFO 10 GrammarDrivenUtility | (Timed) Loading grammar-driven info for 'PdRKDataType'.
2026-07-30 18:47:39.8454  INFO 10 GrammarDrivenUtility | (0ms) Loading grammar-driven info for 'PdRKDataType'.
2026-07-30 18:47:39.8456  INFO 10 GrammarDrivenUtility | (Timed) Loading grammar-driven info for 'PhiloDataType'.
2026-07-30 18:47:39.8456  INFO 10 GrammarDrivenUtility | (0ms) Loading grammar-driven info for 'PhiloDataType'.
2026-07-30 18:47:39.8461  INFO 10 GrammarDrivenUtility | (Timed) Loading grammar-driven info for 'PhiloYongeDataType'.
2026-07-30 18:47:39.8462  INFO 10 GrammarDrivenUtility | (0ms) Loading grammar-driven info for 'PhiloYongeDataType'.
2026-07-30 18:47:39.8486  INFO 10 GrammarDrivenUtility | (Timed) Loading grammar-driven info for 'PontiusDataType'.
2026-07-30 18:47:39.8486  INFO 10 GrammarDrivenUtility | (0ms) Loading grammar-driven info for 'PontiusDataType'.
2026-07-30 18:47:39.8487  INFO 10 GrammarDrivenUtility | (Timed) Loading grammar-driven info for 'PossidiusDataType'.
2026-07-30 18:47:39.8488  INFO 10 GrammarDrivenUtility | (0ms) Loading grammar-driven info for 'PossidiusDataType'.
2026-07-30 18:47:39.8489  INFO 10 GrammarDrivenUtility | (Timed) Loading grammar-driven info for 'ProphetsAndProphecyInTheAncientNearEastDataType'.
2026-07-30 18:47:39.8489  INFO 10 GrammarDrivenUtility | (0ms) Loading grammar-driven info for 'ProphetsAndProphecyInTheAncientNearEastDataType'.
2026-07-30 18:47:39.8492  INFO 10 GrammarDrivenUtility | (Timed) Loading grammar-driven info for 'PseudepigraphaDataType'.
2026-07-30 18:47:39.8495  INFO 10 GrammarDrivenUtility | (0ms) Loading grammar-driven info for 'PseudepigraphaDataType'.
2026-07-30 18:47:39.8800  INFO 10 GrammarDrivenUtility | (Timed) Loading grammar-driven info for 'QuranDataType'.
2026-07-30 18:47:39.8802  INFO 10 GrammarDrivenUtility | (0ms) Loading grammar-driven info for 'QuranDataType'.
2026-07-30 18:47:39.8845  INFO 10 GrammarDrivenUtility | (Timed) Loading grammar-driven info for 'RomanCatechismDataType'.
2026-07-30 18:47:39.8846  INFO 10 GrammarDrivenUtility | (0ms) Loading grammar-driven info for 'RomanCatechismDataType'.
2026-07-30 18:47:39.8848  INFO 10 GrammarDrivenUtility | (Timed) Loading grammar-driven info for 'RomanCatholicChurchDocumentsDataType'.
2026-07-30 18:47:39.8848  INFO 10 GrammarDrivenUtility | (0ms) Loading grammar-driven info for 'RomanCatholicChurchDocumentsDataType'.
2026-07-30 18:47:39.8849  INFO 10 GrammarDrivenUtility | (Timed) Loading grammar-driven info for 'RobertsonGrammarDataType'.
2026-07-30 18:47:39.8850  INFO 10 GrammarDrivenUtility | (0ms) Loading grammar-driven info for 'RobertsonGrammarDataType'.
2026-07-30 18:47:39.8851  INFO 10 GrammarDrivenUtility | (Timed) Loading grammar-driven info for 'RomanMissalDataType'.
2026-07-30 18:47:39.8908  INFO 10 GrammarDrivenUtility | (6ms) Loading grammar-driven info for 'RomanMissalDataType'.
2026-07-30 18:47:39.8944  INFO 10 GrammarDrivenUtility | (Timed) Loading grammar-driven info for 'RasShamraParallelsDataType'.
2026-07-30 18:47:39.8946  INFO 10 GrammarDrivenUtility | (0ms) Loading grammar-driven info for 'RasShamraParallelsDataType'.
2026-07-30 18:47:39.8949  INFO 10 GrammarDrivenUtility | (Timed) Loading grammar-driven info for 'SourcesOfCatholicDogmaDataType'.
2026-07-30 18:47:39.8949  INFO 10 GrammarDrivenUtility | (0ms) Loading grammar-driven info for 'SourcesOfCatholicDogmaDataType'.
2026-07-30 18:47:39.8950  INFO 10 GrammarDrivenUtility | (Timed) Loading grammar-driven info for 'ScgDataType'.
2026-07-30 18:47:39.8950  INFO 10 GrammarDrivenUtility | (0ms) Loading grammar-driven info for 'ScgDataType'.
2026-07-30 18:47:39.9009  INFO 10 GrammarDrivenUtility | (Timed) Loading grammar-driven info for 'ShakespeareDataType'.
2026-07-30 18:47:39.9011  INFO 10 GrammarDrivenUtility | (0ms) Loading grammar-driven info for 'ShakespeareDataType'.
2026-07-30 18:47:39.9015  INFO 10 GrammarDrivenUtility | (Timed) Loading grammar-driven info for 'ShakespeareKittredgeDataType'.
2026-07-30 18:47:39.9017  INFO 10 GrammarDrivenUtility | (0ms) Loading grammar-driven info for 'ShakespeareKittredgeDataType'.
2026-07-30 18:47:39.9021  INFO 10 GrammarDrivenUtility | (Timed) Loading grammar-driven info for 'ShakespeareFolgerDataType'.
2026-07-30 18:47:39.9022  INFO 10 GrammarDrivenUtility | (0ms) Loading grammar-driven info for 'ShakespeareFolgerDataType'.
2026-07-30 18:47:39.9025  INFO 10 GrammarDrivenUtility | (Timed) Loading grammar-driven info for 'SemiticInscriptionsDataType'.
2026-07-30 18:47:39.9025  INFO 10 GrammarDrivenUtility | (0ms) Loading grammar-driven info for 'SemiticInscriptionsDataType'.
2026-07-30 18:47:39.9027  INFO 10 GrammarDrivenUtility | (Timed) Loading grammar-driven info for 'SumerianLawsExerciseTabletDataType'.
2026-07-30 18:47:39.9027  INFO 10 GrammarDrivenUtility | (0ms) Loading grammar-driven info for 'SumerianLawsExerciseTabletDataType'.
2026-07-30 18:47:39.9028  INFO 10 GrammarDrivenUtility | (Timed) Loading grammar-driven info for 'SumerianLawsHandbookOfFormsDataType'.
2026-07-30 18:47:39.9028  INFO 10 GrammarDrivenUtility | (0ms) Loading grammar-driven info for 'SumerianLawsHandbookOfFormsDataType'.
2026-07-30 18:47:39.9029  INFO 10 GrammarDrivenUtility | (Timed) Loading grammar-driven info for 'SMTNTGDataType'.
2026-07-30 18:47:39.9029  INFO 10 GrammarDrivenUtility | (0ms) Loading grammar-driven info for 'SMTNTGDataType'.
2026-07-30 18:47:39.9037  INFO 10 GrammarDrivenUtility | (Timed) Loading grammar-driven info for 'SmythDataType'.
2026-07-30 18:47:39.9039  INFO 10 GrammarDrivenUtility | (0ms) Loading grammar-driven info for 'SmythDataType'.
2026-07-30 18:47:39.9074  INFO 10 GrammarDrivenUtility | (Timed) Loading grammar-driven info for 'SummaTheologicaDataType'.
2026-07-30 18:47:39.9074  INFO 10 GrammarDrivenUtility | (0ms) Loading grammar-driven info for 'SummaTheologicaDataType'.
2026-07-30 18:47:39.9076  INFO 10 GrammarDrivenUtility | (Timed) Loading grammar-driven info for 'TdntDataType'.
2026-07-30 18:47:39.9077  INFO 10 GrammarDrivenUtility | (0ms) Loading grammar-driven info for 'TdntDataType'.
2026-07-30 18:47:39.9078  INFO 10 GrammarDrivenUtility | (Timed) Loading grammar-driven info for 'TdotDataType'.
2026-07-30 18:47:39.9079  INFO 10 GrammarDrivenUtility | (0ms) Loading grammar-driven info for 'TdotDataType'.
2026-07-30 18:47:39.9079  INFO 10 GrammarDrivenUtility | (Timed) Loading grammar-driven info for 'TertullianDataType'.
2026-07-30 18:47:39.9080  INFO 10 GrammarDrivenUtility | (0ms) Loading grammar-driven info for 'TertullianDataType'.
2026-07-30 18:47:39.9083  INFO 10 GrammarDrivenUtility | (Timed) Loading grammar-driven info for 'ToseftaDataType'.
2026-07-30 18:47:39.9084  INFO 10 GrammarDrivenUtility | (0ms) Loading grammar-driven info for 'ToseftaDataType'.
2026-07-30 18:47:39.9089  INFO 10 GrammarDrivenUtility | (Timed) Loading grammar-driven info for 'TriglottaDataType'.
2026-07-30 18:47:39.9091  INFO 10 GrammarDrivenUtility | (0ms) Loading grammar-driven info for 'TriglottaDataType'.
2026-07-30 18:47:39.9096  INFO 10 GrammarDrivenUtility | (Timed) Loading grammar-driven info for 'TriglottaPageDataType'.
2026-07-30 18:47:39.9097  INFO 10 GrammarDrivenUtility | (0ms) Loading grammar-driven info for 'TriglottaPageDataType'.
2026-07-30 18:47:39.9097  INFO 10 GrammarDrivenUtility | (Timed) Loading grammar-driven info for 'TextsFromTheAmarnaPeriodDataType'.
2026-07-30 18:47:39.9098  INFO 10 GrammarDrivenUtility | (0ms) Loading grammar-driven info for 'TextsFromTheAmarnaPeriodDataType'.
2026-07-30 18:47:39.9098  INFO 10 GrammarDrivenUtility | (Timed) Loading grammar-driven info for 'TextsFromThePyramidAgeDataType'.
2026-07-30 18:47:39.9099  INFO 10 GrammarDrivenUtility | (0ms) Loading grammar-driven info for 'TextsFromThePyramidAgeDataType'.
2026-07-30 18:47:39.9099  INFO 10 GrammarDrivenUtility | (Timed) Loading grammar-driven info for 'UgariticDataBankDataType'.
2026-07-30 18:47:39.9100  INFO 10 GrammarDrivenUtility | (0ms) Loading grammar-driven info for 'UgariticDataBankDataType'.
2026-07-30 18:47:39.9101  INFO 10 GrammarDrivenUtility | (Timed) Loading grammar-driven info for 'UgariticTextbookTextsDataType'.
2026-07-30 18:47:39.9102  INFO 10 GrammarDrivenUtility | (0ms) Loading grammar-driven info for 'UgariticTextbookTextsDataType'.
2026-07-30 18:47:39.9104  INFO 10 GrammarDrivenUtility | (Timed) Loading grammar-driven info for 'VaticanIIDataType'.
2026-07-30 18:47:39.9104  INFO 10 GrammarDrivenUtility | (0ms) Loading grammar-driven info for 'VaticanIIDataType'.
2026-07-30 18:47:39.9115  INFO 10 GrammarDrivenUtility | (Timed) Loading grammar-driven info for 'WittgensteinDataType'.
2026-07-30 18:47:39.9116  INFO 10 GrammarDrivenUtility | (0ms) Loading grammar-driven info for 'WittgensteinDataType'.
2026-07-30 18:47:39.9150  INFO 10 GrammarDrivenUtility | (Timed) Loading grammar-driven info for 'WaltkeHebrewSyntaxDataType'.
2026-07-30 18:47:39.9151  INFO 10 GrammarDrivenUtility | (0ms) Loading grammar-driven info for 'WaltkeHebrewSyntaxDataType'.
2026-07-30 18:47:39.9153  INFO 10 GrammarDrivenUtility | (Timed) Loading grammar-driven info for 'ZerwickBiblicalGreekThirdEditionDataType'.
2026-07-30 18:47:39.9153  INFO 10 GrammarDrivenUtility | (0ms) Loading grammar-driven info for 'ZerwickBiblicalGreekThirdEditionDataType'.
2026-07-30 18:47:40.2419  INFO 43 AutoCompleteService | Found 5 term suggestions. (7ms)
2026-07-30 18:47:40.2433  INFO 43 AutoCompleteService | Found 5 equivalent terms. (0ms)
2026-07-30 18:47:40.2439  INFO 42 SimpleQueryUtility | (Timed) Performing section search
2026-07-30 18:47:40.2448  INFO 42 SimpleQueryUtility | (1ms) Performing section search
2026-07-30 18:47:40.2451  INFO 43 AutoCompleteService | Grouped into 5 results. (0ms)
2026-07-30 18:47:40.2454  INFO 42 SimpleQueryUtility | (Timed) Performing section search
2026-07-30 18:47:40.2458  INFO 42 SimpleQueryUtility | (0ms) Performing section search
2026-07-30 18:47:40.2464  INFO 42 SimpleQueryUtility | (Timed) Performing section search
2026-07-30 18:47:40.2466  INFO 42 SimpleQueryUtility | (0ms) Performing section search
2026-07-30 18:47:40.2480  INFO 42 SimpleQueryUtility | (Timed) Performing section search
2026-07-30 18:47:40.2490  INFO 42 SimpleQueryUtility | (1ms) Performing section search
2026-07-30 18:47:40.2494  INFO 42 SimpleQueryUtility | (Timed) Performing section search
2026-07-30 18:47:40.2495  INFO 42 SimpleQueryUtility | (0ms) Performing section search
2026-07-30 18:47:40.2501  INFO 42 SimpleQueryUtility | (Timed) Performing section search
2026-07-30 18:47:40.2503  INFO 42 SimpleQueryUtility | (0ms) Performing section search
2026-07-30 18:47:40.2507  INFO 42 SimpleQueryUtility | (Timed) Performing section search
2026-07-30 18:47:40.2508  INFO 42 SimpleQueryUtility | (0ms) Performing section search
2026-07-30 18:47:40.2512  INFO 42 SimpleQueryUtility | (Timed) Performing section search
2026-07-30 18:47:40.2514  INFO 42 SimpleQueryUtility | (0ms) Performing section search
2026-07-30 18:47:40.2525  INFO 42 SimpleQueryUtility | (Timed) Performing section search
2026-07-30 18:47:40.2525  INFO 42 SimpleQueryUtility | (0ms) Performing section search
2026-07-30 18:47:40.2529  INFO 42 SimpleQueryUtility | (Timed) Performing section search
2026-07-30 18:47:40.2531  INFO 42 SimpleQueryUtility | (0ms) Performing section search
2026-07-30 18:47:40.2531  INFO 42 SimpleQueryUtility | (Timed) Performing section search
2026-07-30 18:47:40.2531  INFO 42 SimpleQueryUtility | (0ms) Performing section search
2026-07-30 18:47:40.2532  INFO 42 SimpleQueryUtility | (Timed) Performing section search
2026-07-30 18:47:40.2533  INFO 42 SimpleQueryUtility | (0ms) Performing section search
2026-07-30 18:47:40.2534  INFO 42 SimpleQueryUtility | (Timed) Performing section search
2026-07-30 18:47:40.2534  INFO 42 SimpleQueryUtility | (0ms) Performing section search
2026-07-30 18:47:40.2539  INFO 42 SimpleQueryUtility | (Timed) Performing section search
2026-07-30 18:47:40.2540  INFO 42 SimpleQueryUtility | (0ms) Performing section search
2026-07-30 18:47:40.2544  INFO 42 SimpleQueryUtility | (Timed) Performing section search
2026-07-30 18:47:40.2545  INFO 42 SimpleQueryUtility | (0ms) Performing section search
2026-07-30 18:47:40.2548  INFO 42 SimpleQueryUtility | (Timed) Performing section search
2026-07-30 18:47:40.2549  INFO 42 SimpleQueryUtility | (0ms) Performing section search
2026-07-30 18:47:40.2551  INFO 42 SimpleQueryUtility | (Timed) Performing section search
2026-07-30 18:47:40.2552  INFO 42 SimpleQueryUtility | (0ms) Performing section search
2026-07-30 18:47:40.2555  INFO 42 SimpleQueryUtility | (Timed) Performing section search
2026-07-30 18:47:40.2555  INFO 42 SimpleQueryUtility | (0ms) Performing section search
2026-07-30 18:47:40.2559  INFO 42 SimpleQueryUtility | (Timed) Performing section search
2026-07-30 18:47:40.2560  INFO 42 SimpleQueryUtility | (0ms) Performing section search
2026-07-30 18:47:40.2562  INFO 42 SimpleQueryUtility | (Timed) Performing section search
2026-07-30 18:47:40.2563  INFO 42 SimpleQueryUtility | (0ms) Performing section search
2026-07-30 18:47:40.6374  INFO 10 AutoCompleteService | Got 8 suggestions for 'lemma' (TextCompleterContext). (406ms)
2026-07-30 18:47:40.6909  INFO 10 AutoCompleteService | Sorted 8 autocomplete results. (53ms)
2026-07-30 18:47:41.2326  INFO 53 AutoCompleteService | Found 5 term suggestions. (0ms)
2026-07-30 18:47:41.2329  INFO 53 AutoCompleteService | Found 5 equivalent terms. (0ms)
2026-07-30 18:47:41.2330  INFO 53 AutoCompleteService | Grouped into 5 results. (0ms)
2026-07-30 18:47:41.2354  INFO 42 SimpleQueryUtility | (Timed) Performing section search
2026-07-30 18:47:41.2355  INFO 42 SimpleQueryUtility | (0ms) Performing section search
2026-07-30 18:47:41.2534  INFO 42 SimpleQueryUtility | (Timed) Performing section search
2026-07-30 18:47:41.2535  INFO 42 SimpleQueryUtility | (0ms) Performing section search
2026-07-30 18:47:41.2538  INFO 42 SimpleQueryUtility | (Timed) Performing section search
2026-07-30 18:47:41.2538  INFO 42 SimpleQueryUtility | (0ms) Performing section search
2026-07-30 18:47:41.2541  INFO 42 SimpleQueryUtility | (Timed) Performing section search
2026-07-30 18:47:41.2541  INFO 42 SimpleQueryUtility | (0ms) Performing section search
2026-07-30 18:47:41.2543  INFO 42 SimpleQueryUtility | (Timed) Performing section search
2026-07-30 18:47:41.2543  INFO 42 SimpleQueryUtility | (0ms) Performing section search
2026-07-30 18:47:41.2546  INFO 42 SimpleQueryUtility | (Timed) Performing section search
2026-07-30 18:47:41.2546  INFO 42 SimpleQueryUtility | (0ms) Performing section search
2026-07-30 18:47:41.2548  INFO 42 SimpleQueryUtility | (Timed) Performing section search
2026-07-30 18:47:41.2549  INFO 42 SimpleQueryUtility | (0ms) Performing section search
2026-07-30 18:47:41.2550  INFO 42 SimpleQueryUtility | (Timed) Performing section search
2026-07-30 18:47:41.2550  INFO 42 SimpleQueryUtility | (0ms) Performing section search
2026-07-30 18:47:41.2552  INFO 42 SimpleQueryUtility | (Timed) Performing section search
2026-07-30 18:47:41.2552  INFO 42 SimpleQueryUtility | (0ms) Performing section search
2026-07-30 18:47:41.2553  INFO 42 SimpleQueryUtility | (Timed) Performing section search
2026-07-30 18:47:41.2554  INFO 42 SimpleQueryUtility | (0ms) Performing section search
2026-07-30 18:47:41.2555  INFO 42 SimpleQueryUtility | (Timed) Performing section search
2026-07-30 18:47:41.2555  INFO 42 SimpleQueryUtility | (0ms) Performing section search
2026-07-30 18:47:41.2556  INFO 42 SimpleQueryUtility | (Timed) Performing section search
2026-07-30 18:47:41.2556  INFO 42 SimpleQueryUtility | (0ms) Performing section search
2026-07-30 18:47:41.2557  INFO 42 SimpleQueryUtility | (Timed) Performing section search
2026-07-30 18:47:41.2557  INFO 42 SimpleQueryUtility | (0ms) Performing section search
2026-07-30 18:47:41.2559  INFO 42 SimpleQueryUtility | (Timed) Performing section search
2026-07-30 18:47:41.2559  INFO 42 SimpleQueryUtility | (0ms) Performing section search
2026-07-30 18:47:41.2560  INFO 42 SimpleQueryUtility | (Timed) Performing section search
2026-07-30 18:47:41.2560  INFO 42 SimpleQueryUtility | (0ms) Performing section search
2026-07-30 18:47:41.2561  INFO 42 SimpleQueryUtility | (Timed) Performing section search
2026-07-30 18:47:41.2561  INFO 42 SimpleQueryUtility | (0ms) Performing section search
2026-07-30 18:47:41.2562  INFO 42 SimpleQueryUtility | (Timed) Performing section search
2026-07-30 18:47:41.2562  INFO 42 SimpleQueryUtility | (0ms) Performing section search
2026-07-30 18:47:41.2586  INFO 42 SimpleQueryUtility | (Timed) Performing section search
2026-07-30 18:47:41.2586  INFO 42 SimpleQueryUtility | (0ms) Performing section search
2026-07-30 18:47:41.2588  INFO 42 SimpleQueryUtility | (Timed) Performing section search
2026-07-30 18:47:41.2589  INFO 42 SimpleQueryUtility | (0ms) Performing section search
2026-07-30 18:47:41.2590  INFO 42 SimpleQueryUtility | (Timed) Performing section search
2026-07-30 18:47:41.2590  INFO 42 SimpleQueryUtility | (0ms) Performing section search
2026-07-30 18:47:41.3621  INFO 54 AutoCompleteService | Got 8 suggestions for 'lemma.' (TextCompleterContext). (130ms)
2026-07-30 18:47:41.3730  INFO 54 AutoCompleteService | Sorted 8 autocomplete results. (10ms)
2026-07-30 18:47:42.0040  INFO 54 SimpleQueryUtility | (Timed) Performing section search
2026-07-30 18:47:42.0047  INFO 54 SimpleQueryUtility | (1ms) Performing section search
2026-07-30 18:47:42.0151  INFO 45 AutoCompleteService | Found 1 term suggestions. (0ms)
2026-07-30 18:47:42.0153  INFO 45 AutoCompleteService | Found 1 equivalent terms. (0ms)
2026-07-30 18:47:42.0153  INFO 45 AutoCompleteService | Grouped into 1 results. (0ms)
2026-07-30 18:47:42.0621  INFO 10 AutoCompleteService | Got 2 suggestions for 'lemma.g' (TextCompleterContext). (83ms)
2026-07-30 18:47:42.0648  INFO 10 AutoCompleteService | Sorted 2 autocomplete results. (2ms)
2026-07-30 18:47:42.2899  INFO 10 ResourceCollectionManager | (Timed) Updating collection cache.
2026-07-30 18:47:42.3062  INFO 10 ResourceCollectionManager | Updating collection cache for 784 collections.
2026-07-30 18:47:42.3311  INFO 10 LibraryCatalog | Got all 9005 record IDs. (1ms)
2026-07-30 18:47:42.8610  INFO 45 AutoCompleteService | Got 0 suggestions for '' (DataTypeReferenceCompleterContext). (1ms)
2026-07-30 18:47:42.8611  INFO 45 AutoCompleteService | Sorted 0 autocomplete results. (0ms)
2026-07-30 18:47:42.9314 ERROR 45 ApplicationUtility | SQLite Error 284: automatic index on Records(IsDataset)
2026-07-30 18:47:43.9747  INFO 45 AutoCompleteService | Got 0 suggestions for 'a' (DataTypeReferenceCompleterContext). (64ms)
2026-07-30 18:47:43.9748  INFO 45 AutoCompleteService | Sorted 0 autocomplete results. (0ms)
2026-07-30 18:47:44.2969  INFO 48 AutoCompleteService | Found 0 term suggestions. (3ms)
2026-07-30 18:47:44.2971  INFO 48 AutoCompleteService | Found 0 equivalent terms. (0ms)
2026-07-30 18:47:44.2971  INFO 48 AutoCompleteService | Grouped into 0 results. (0ms)
2026-07-30 18:47:44.3012  INFO 45 AutoCompleteService | Got 2 suggestions for 'aio' (DataTypeReferenceCompleterContext). (10ms)
2026-07-30 18:47:44.3058  INFO 10 AutoCompleteService | Sorted 2 autocomplete results. (4ms)
2026-07-30 18:47:44.5334  INFO 48 AutoCompleteService | Found 0 term suggestions. (0ms)
2026-07-30 18:47:44.5336  INFO 48 AutoCompleteService | Found 0 equivalent terms. (0ms)
2026-07-30 18:47:44.5337  INFO 48 AutoCompleteService | Grouped into 0 results. (0ms)
2026-07-30 18:47:44.5457  INFO 10 AutoCompleteService | Got 2 suggestions for 'aion' (DataTypeReferenceCompleterContext). (12ms)
2026-07-30 18:47:44.5609  INFO 10 AutoCompleteService | Sorted 2 autocomplete results. (15ms)
2026-07-30 18:47:46.6990  INFO 1 PanelViewModel | Got Search panel settings for Bookmark: AllSynopsisIsExpanded=false|AllYourBooksSuggestionSeenCount=5|BibleAiBibleSearchNotificationSeenOnce=true|BibleDocumentLevel=verse|BibleEngine=Lexical|BibleMatchAllWordForms=true|BibleMatchCase=false|BibleMatchEquivalentReferences=true|BibleMatchRelatedTerms=false|BibleMultiViewEnabled=false|BibleMu
2026-07-30 18:47:46.7021  INFO 1 PanelViewModel | Got Search panel settings for History: AllSynopsisIsExpanded=false|AllYourBooksSuggestionSeenCount=5|BibleAiBibleSearchNotificationSeenOnce=true|BibleDocumentLevel=verse|BibleEngine=Lexical|BibleMatchAllWordForms=true|BibleMatchCase=false|BibleMatchEquivalentReferences=true|BibleMatchRelatedTerms=false|BibleMultiViewEnabled=false|BibleMu
2026-07-30 18:47:46.7095  WARN 50 HistoryManager | History item with id = 955a324d-c5a4-436f-bf02-d47470d415b0 has overly large bookmark and will not be synced.
2026-07-30 18:47:46.7131  INFO 50 SearchPanel | Starting Bible search for query: Libronix.DigitalLibrary.Searching.Query
2026-07-30 18:47:46.7276  INFO 50 BibleStudySearchPanelComponentInteropRequestHandler | Received getInitialSearchResults request for SearchId: 2618367f4acf4236acdad98fc99339c3
2026-07-30 18:47:46.7352  INFO 50 LibrarySearcher | (Timed) Searching ResourceList for: lemma.g:αἰών
2026-07-30 18:47:46.7369  INFO 50 SimpleQueryUtility | (Timed) Performing section search
2026-07-30 18:47:46.7377  INFO 50 SimpleQueryUtility | (1ms) Performing section search
2026-07-30 18:47:46.7380  INFO 50 LibrarySearcher | (3ms) Searching ResourceList for: lemma.g:αἰών
2026-07-30 18:47:46.7526  INFO 50 LibrarySearcher | (Timed) Searching SingleResource for: lemma.g:αἰών
2026-07-30 18:47:46.7532  INFO 50 SimpleQueryUtility | (Timed) Performing section search
2026-07-30 18:47:46.7533  INFO 50 SimpleQueryUtility | (0ms) Performing section search
2026-07-30 18:47:46.7535  INFO 50 LibrarySearcher | (1ms) Searching SingleResource for: lemma.g:αἰών
2026-07-30 18:47:46.8248  INFO 50 BibleStudySearchPanelComponentInteropRequestHandler | Returning initial search results for SearchId: 2618367f4acf4236acdad98fc99339c3; query: lemma.g:αἰών
2026-07-30 18:47:46.8310  INFO 1 SearchPanel | First panel containing LLS:1.0.710 opened; creating visual filter data.
2026-07-30 18:47:46.8325  INFO 50 LibrarySearcher | (Timed) Searching SingleResource for: lemma.g:αἰών
2026-07-30 18:47:46.8332  INFO 50 SimpleQueryUtility | (Timed) Performing section search
2026-07-30 18:47:46.8332  INFO 50 SimpleQueryUtility | (0ms) Performing section search
2026-07-30 18:47:46.8334  INFO 50 LibrarySearcher | (1ms) Searching SingleResource for: lemma.g:αἰών
2026-07-30 18:47:47.3404  INFO 50 ResourceCollectionManager | (5050ms) Updating collection cache.
2026-07-30 18:47:48.0366  INFO 32 SyncManager | Requesting sync on all sync clients
2026-07-30 18:47:48.1430  INFO 32 SyncClient | Found 1 items to submit for ReadingProgressSyncItem
2026-07-30 18:47:48.1440  INFO 32 SyncClient | (Timed) Submitting 1 of 1 items.
2026-07-30 18:47:48.5419  INFO 32 SyncClient | (398ms) Submitting 1 of 1 items.
2026-07-30 18:47:48.5431  INFO 32 SyncClient | Integrated 1 successes, 0 conflicts, and 0 errors.
2026-07-30 18:47:48.5435  INFO 32 SyncClient | Downloading items for ReadingProgressSyncItem
2026-07-30 18:47:48.6447  INFO 32 SyncClient | New last known milestones: {"itemMilestone":"44743857"}
2026-07-30 18:47:48.6460  INFO 32 SyncClient | Found 1 items to submit for HistorySyncItem
2026-07-30 18:47:48.6461  INFO 32 SyncClient | (Timed) Submitting 1 of 1 items.
2026-07-30 18:47:48.7108  INFO 1 PanelViewModel | Got Search panel settings for Preferences: AllSynopsisIsExpanded=false|AllYourBooksSuggestionSeenCount=5|BibleAiBibleSearchNotificationSeenOnce=true|BibleDocumentLevel=verse|BibleEngine=Lexical|BibleMatchAllWordForms=true|BibleMatchCase=false|BibleMatchEquivalentReferences=true|BibleMatchRelatedTerms=false|BibleMultiViewEnabled=false|BibleMu
2026-07-30 18:47:48.7751  INFO 32 SyncClient | (129ms) Submitting 1 of 1 items.
2026-07-30 18:47:48.7754  INFO 32 SyncClient | Integrated 1 successes, 0 conflicts, and 0 errors.
2026-07-30 18:47:48.7758  INFO 32 SyncClient | Downloading items for HistorySyncItem
2026-07-30 18:47:48.8688  INFO 32 SyncClient | New last known milestones: {"itemMilestone":"180871"}
2026-07-30 18:47:48.8720  INFO 32 SyncManager | Finished requesting sync on all sync clients.
2026-07-30 18:47:49.5488  INFO 54 LocalFileDatabase | Connection opened (0ms): /Users/mjwebster/Library/Application Support/Logos4/Data/wq8ubj9r.32o/AmplitudeReporter/AmplitudeEvents.db
2026-07-30 18:47:49.5636  INFO 1 LDLS4.AppModel | Converting navigation request for resource LLS:1.0.710 to request for resource panel.
2026-07-30 18:47:49.5645  INFO 1 PanelViewModel | Navigating Resource panel to: HeadwordLanguage=|Id=LLS:1.0.710|Milestone=DataType%3dbible+esv%7cResource%3dLLS:1.0.710%7cStartSegment%3d4425206%7cVersion%3d2026-02-17T13:55:29Z|Reference=bible+esv.61.12.32|SourcePanelId=c7706454-a7f5-4dbf-ab53-9345b3278348
2026-07-30 18:47:49.5645  INFO 1 PanelViewModel | Got Resource panel settings for History: Id=LLS:1.0.710|Milestone=DataType%3dbible+esv%7cResource%3dLLS:1.0.710%7cStartSegment%3d4478124%7cVersion%3d2026-02-17T13:55:29Z|Position=res/LLS:1.0.710/2026-02-17T13:55:29Z/4478166|Reference=bible+esv.61.24.1
2026-07-30 18:47:49.5751  INFO 1 PanelViewModel | Applying Resource panel settings for Bookmark: HeadwordLanguage=|Id=LLS:1.0.710|Milestone=DataType%3dbible+esv%7cResource%3dLLS:1.0.710%7cStartSegment%3d4425206%7cVersion%3d2026-02-17T13:55:29Z|Reference=bible+esv.61.12.32|SourcePanelId=c7706454-a7f5-4dbf-ab53-9345b3278348
2026-07-30 18:47:49.5793  INFO 54 VerseOfTheDayVisualFilter | Calculated markup for LLS:1.0.710 4421705:6109. (0ms)
2026-07-30 18:47:49.5883  INFO 48 BkIndicatorVisualFilterBase | Calculated markup for LLS:1.0.710 4421705:6109. (9ms)
2026-07-30 18:47:49.5893  INFO 45 BkIndicatorVisualFilterBase | Calculated markup for LLS:1.0.710 4421705:6109. (10ms)
2026-07-30 18:47:49.5920  INFO 53 ActiveWordNumbersVisualFilter | Calculated markup for LLS:1.0.710 4421705:6109. (12ms)
2026-07-30 18:47:49.6028  INFO 1 PanelViewModel | Got Resource panel settings for History: Id=LLS:1.0.710|Milestone=DataType%3dbible+esv%7cResource%3dLLS:1.0.710%7cStartSegment%3d4425206%7cVersion%3d2026-02-17T13:55:29Z|Position=res/LLS:1.0.710/2026-02-17T13:55:29Z/4425206|Reference=bible+esv.61.12.32
2026-07-30 18:47:49.6110  INFO 1 ParallelResourceSetsViewModel | Found 127 parallel resources in 1 sets. (9ms)
2026-07-30 18:47:49.6310  INFO 56 CorrespondingWordsUserVisualFilter | Calculated markup for LLS:1.0.710 4421705:6109. (51ms)
2026-07-30 18:47:49.6614  INFO 50 AtlasMapsVisualFilter | Calculated markup for LLS:1.0.710 4421705:6109. (82ms)
2026-07-30 18:47:51.6117  INFO 1 PanelViewModel | Got Resource panel settings for Preferences: ActiveLeftSidebarNavigationItem=Contents|ActiveRightSidebarNavigationItem=Insights|AreInterlinearsVisible=false|Locator=false|MultiViewEnabled=true|MultiViewLayoutIsVertical=false|ParallelResourceSetName=allparallelresources|ReverseInterlinear=true|ReverseInterlinearRows=Surface,MSS,Lemma,Morph,Stro
2026-07-30 18:47:57.4252  INFO 48 OtherMediaVisualFilter | Calculated markup for LLS:1.0.710 4421705:6109. (7846ms)
2026-07-30 18:47:59.6081  INFO 32 SyncManager | Requesting sync on all sync clients
2026-07-30 18:47:59.6758  INFO 32 SyncClient | Found 3 items to submit for PreferencesSyncItem
2026-07-30 18:47:59.6759  INFO 32 SyncClient | (Timed) Submitting 3 of 3 items.
2026-07-30 18:48:00.3294  INFO 32 SyncClient | (653ms) Submitting 3 of 3 items.
2026-07-30 18:48:00.3300  INFO 32 SyncClient | Integrated 3 successes, 0 conflicts, and 0 errors.
2026-07-30 18:48:00.3302  INFO 32 SyncClient | Downloading items for PreferencesSyncItem
2026-07-30 18:48:00.4305  INFO 32 SyncClient | New last known milestones: {"itemMilestone":"418977"}
2026-07-30 18:48:00.4905  INFO 32 SyncClient | Found 2 items to submit for HistorySyncItem
2026-07-30 18:48:00.4906  INFO 32 SyncClient | (Timed) Submitting 2 of 2 items.
2026-07-30 18:48:00.8761  INFO 32 SyncClient | (386ms) Submitting 2 of 2 items.
2026-07-30 18:48:00.8765  INFO 32 SyncClient | Integrated 2 successes, 0 conflicts, and 0 errors.
2026-07-30 18:48:00.8771  INFO 32 SyncClient | Downloading items for HistorySyncItem
2026-07-30 18:48:00.9736  INFO 32 SyncClient | New last known milestones: {"itemMilestone":"180872"}
2026-07-30 18:48:00.9782  INFO 32 SyncManager | Finished requesting sync on all sync clients.
2026-07-30 18:48:03.1715  INFO 32 SyncManager | Requesting sync on all sync clients
2026-07-30 18:48:03.2266  INFO 32 SyncClient | Downloading items for PreferencesSyncItem
2026-07-30 18:48:03.3337  INFO 32 SyncClient | Unchanged last known milestones: {"itemMilestone":"418977"}
2026-07-30 18:48:03.3785  INFO 32 SyncClient | Downloading items for ReadingProgressSyncItem
2026-07-30 18:48:03.7370  INFO 32 SyncClient | Unchanged last known milestones: {"itemMilestone":"44743857"}
2026-07-30 18:48:03.7375  INFO 32 SyncClient | Downloading items for HistorySyncItem
2026-07-30 18:48:03.8331  INFO 32 SyncClient | Unchanged last known milestones: {"itemMilestone":"180872"}
2026-07-30 18:48:03.8355  INFO 32 SyncManager | Finished requesting sync on all sync clients.
2026-07-30 18:48:03.8356  INFO 32 SyncManager | Requesting sync on all sync clients
2026-07-30 18:48:03.9326  INFO 32 SyncManager | Finished requesting sync on all sync clients.
2026-07-30 18:48:04.7399  INFO 56 WebServiceClient | Checking for new license compared to W/"a5d72db1-ccfe-4785-a82b-0aad7de4d474"
2026-07-30 18:48:05.1256  INFO 48 WebServiceClient | License check revealed no new license version.
2026-07-30 18:48:24.4035  INFO 1 PanelViewModel | Got VisualMarkup panel settings for Snapshot: CollapsedGroupNames=Solid%2520Colors;Emphasis%2520Markup;Highlighter%2520Pens;Inductive%252fPrecept;Chesed;Labels;Morph;Name%2520%2526%2520Titles%2520of%2520God;Nazirite;New%2520Testament%2520Use%2520of%2520the%2520Old%2520Testament%253a%2520Allusion;Rachamim;Weights%2520%2526%2520Measures
2026-07-30 18:48:24.4039  INFO 1 PanelViewModel | Got VisualMarkup panel settings for History: CollapsedGroupNames=Solid%2520Colors;Emphasis%2520Markup;Highlighter%2520Pens;Inductive%252fPrecept;Chesed;Labels;Morph;Name%2520%2526%2520Titles%2520of%2520God;Nazirite;New%2520Testament%2520Use%2520of%2520the%2520Old%2520Testament%253a%2520Allusion;Rachamim;Weights%2520%2526%2520Measures
2026-07-30 18:48:24.4580  INFO 32 SyncManager | Requesting sync on all sync clients
2026-07-30 18:48:24.5409  INFO 32 SyncClient | Found 1 items to submit for HistorySyncItem
2026-07-30 18:48:24.5409  INFO 32 SyncClient | (Timed) Submitting 1 of 1 items.
2026-07-30 18:48:24.6624  INFO 32 SyncClient | (121ms) Submitting 1 of 1 items.
2026-07-30 18:48:24.6625  INFO 32 SyncClient | Integrated 1 successes, 0 conflicts, and 0 errors.
2026-07-30 18:48:24.6627  INFO 32 SyncClient | Downloading items for HistorySyncItem
2026-07-30 18:48:24.7542  INFO 32 SyncClient | New last known milestones: {"itemMilestone":"180873"}
2026-07-30 18:48:24.7557  INFO 32 SyncManager | Finished requesting sync on all sync clients.
2026-07-30 18:48:49.7258  INFO 32 SyncManager | Requesting sync on all sync clients
2026-07-30 18:48:49.8301  INFO 32 SyncClient | Found 1 items to submit for HistorySyncItem
2026-07-30 18:48:49.8302  INFO 32 SyncClient | (Timed) Submitting 1 of 1 items.
2026-07-30 18:48:49.9488  INFO 32 SyncClient | (119ms) Submitting 1 of 1 items.
2026-07-30 18:48:49.9490  INFO 32 SyncClient | Integrated 1 successes, 0 conflicts, and 0 errors.
2026-07-30 18:48:49.9491  INFO 32 SyncClient | Downloading items for HistorySyncItem
2026-07-30 18:48:50.0422  INFO 32 SyncClient | New last known milestones: {"itemMilestone":"180874"}
2026-07-30 18:48:50.0439  INFO 32 SyncManager | Finished requesting sync on all sync clients.
2026-07-30 18:48:54.7293  INFO 1 AppCommand | (Timed) Executing command: VisualMarkup
2026-07-30 18:48:54.7302  INFO 56 ClientNotesApi | Got 1 notebooks, e.g. 3831c548da4d403da7e1511203d57764. (0ms)
2026-07-30 18:48:54.7302  INFO 41 ClientNotesApi | Got 1 notebooks, e.g. 388767e268c442e28e8f7de80cb14312. (0ms)
2026-07-30 18:48:54.7309  INFO 50 ClientNotesApi | Got 1 notebooks, e.g. 7ca317130c67485999171c4a59448c07. (0ms)
2026-07-30 18:48:54.7320  INFO 1 PanelViewModel | Applying VisualMarkup panel settings for Preferences: CollapsedGroupNames=Solid%2520Colors;Emphasis%2520Markup;Highlighter%2520Pens;Inductive%252fPrecept;Chesed;Labels;Morph;Name%2520%2526%2520Titles%2520of%2520God;Nazirite;New%2520Testament%2520Use%2520of%2520the%2520Old%2520Testament%253a%2520Allusion;Rachamim;Weights%2520%2526%2520Measures
2026-07-30 18:48:54.9264  INFO 1 PanelViewModel | Got VisualMarkup panel settings for History: CollapsedGroupNames=Solid%2520Colors;Emphasis%2520Markup;Highlighter%2520Pens;Inductive%252fPrecept;Chesed;Labels;Morph;Name%2520%2526%2520Titles%2520of%2520God;Nazirite;New%2520Testament%2520Use%2520of%2520the%2520Old%2520Testament%253a%2520Allusion;Rachamim;Weights%2520%2526%2520Measures
2026-07-30 18:48:54.9462  INFO 50 LocalFileDatabase | Connection opened (0ms): /Users/mjwebster/Library/Application Support/Logos4/Data/wq8ubj9r.32o/HistoryManager/history.db
2026-07-30 18:48:54.9467  INFO 1 AppCommand | (217ms) Executing command: VisualMarkup
2026-07-30 18:49:03.5883  INFO 32 SyncManager | Requesting sync on all sync clients
2026-07-30 18:49:03.7034  INFO 32 SyncClient | Found 2 items to submit for HistorySyncItem
2026-07-30 18:49:03.7035  INFO 32 SyncClient | (Timed) Submitting 2 of 2 items.
2026-07-30 18:49:03.8264  INFO 32 SyncClient | (123ms) Submitting 2 of 2 items.
2026-07-30 18:49:03.8266  INFO 32 SyncClient | Integrated 2 successes, 0 conflicts, and 0 errors.
2026-07-30 18:49:03.8269  INFO 32 SyncClient | Downloading items for HistorySyncItem
2026-07-30 18:49:03.9190  INFO 32 SyncClient | New last known milestones: {"itemMilestone":"180875"}
2026-07-30 18:49:03.9254  INFO 32 SyncManager | Finished requesting sync on all sync clients.
2026-07-30 18:49:05.1275  INFO 41 WebServiceClient | Checking for new license compared to W/"a5d72db1-ccfe-4785-a82b-0aad7de4d474"
2026-07-30 18:49:05.5037  INFO 50 WebServiceClient | License check revealed no new license version.
2026-07-30 18:49:05.6517  INFO 50 ClientNotesApi | Found 44 notebooks. (0ms) {"sort":"title","notebookFields":["id","title"],"limit":2147483647,"userLanguage":"en-CA"}
2026-07-30 18:49:26.0844  INFO 1 PanelViewModel | Got VisualMarkup panel settings for Preferences: CollapsedGroupNames=Solid%2520Colors;Emphasis%2520Markup;Highlighter%2520Pens;Inductive%252fPrecept;Chesed;Labels;Morph;Name%2520%2526%2520Titles%2520of%2520God;Nazirite;New%2520Testament%2520Use%2520of%2520the%2520Old%2520Testament%253a%2520Allusion;Rachamim;Weights%2520%2526%2520Measures
2026-07-30 18:49:30.6301  INFO 32 SyncManager | Requesting sync on all sync clients
2026-07-30 18:49:30.8089  INFO 32 SyncManager | Finished requesting sync on all sync clients.
2026-07-30 18:49:31.8916  INFO 1 PanelViewModel | Got VisualMarkup panel settings for Preferences: CollapsedGroupNames=Solid%2520Colors;Emphasis%2520Markup;Highlighter%2520Pens;Inductive%252fPrecept;Chesed;Labels;Morph;Name%2520%2526%2520Titles%2520of%2520God;Nazirite;New%2520Testament%2520Use%2520of%2520the%2520Old%2520Testament%253a%2520Allusion;Rachamim;Weights%2520%2526%2520Measures
2026-07-30 18:50:03.9908  INFO 32 SyncManager | Requesting sync on all sync clients
2026-07-30 18:50:04.0915  INFO 32 SyncClient | Downloading items for HistorySyncItem
2026-07-30 18:50:04.4393  INFO 32 SyncClient | Unchanged last known milestones: {"itemMilestone":"180875"}
2026-07-30 18:50:04.4406  INFO 32 SyncManager | Finished requesting sync on all sync clients.
2026-07-30 18:50:05.5089  INFO 50 WebServiceClient | Checking for new license compared to W/"a5d72db1-ccfe-4785-a82b-0aad7de4d474"
2026-07-30 18:50:05.9304  INFO 50 WebServiceClient | License check revealed no new license version.
2026-07-30 18:50:22.0151  INFO 32 SyncManager | Requesting sync on all sync clients
2026-07-30 18:50:22.1087  INFO 32 SyncClient | Found 1 items to submit for HistorySyncItem
2026-07-30 18:50:22.1087  INFO 32 SyncClient | (Timed) Submitting 1 of 1 items.
2026-07-30 18:50:22.2276  INFO 32 SyncClient | (119ms) Submitting 1 of 1 items.
2026-07-30 18:50:22.2277  INFO 32 SyncClient | Integrated 1 successes, 0 conflicts, and 0 errors.
2026-07-30 18:50:22.2278  INFO 32 SyncClient | Downloading items for HistorySyncItem
2026-07-30 18:50:22.3185  INFO 32 SyncClient | New last known milestones: {"itemMilestone":"180876"}
2026-07-30 18:50:22.3213  INFO 32 SyncManager | Finished requesting sync on all sync clients.
2026-07-30 18:51:04.4781  INFO 32 SyncManager | Requesting sync on all sync clients
2026-07-30 18:51:04.5823  INFO 32 SyncClient | Downloading items for HistorySyncItem
2026-07-30 18:51:04.6740  INFO 32 SyncClient | Unchanged last known milestones: {"itemMilestone":"180876"}
2026-07-30 18:51:04.6754  INFO 32 SyncManager | Finished requesting sync on all sync clients.
2026-07-30 18:51:05.9317  INFO 50 WebServiceClient | Checking for new license compared to W/"a5d72db1-ccfe-4785-a82b-0aad7de4d474"
2026-07-30 18:51:06.3767  INFO 50 WebServiceClient | License check revealed no new license version.
2026-07-30 18:51:26.3631  INFO 32 SyncManager | Requesting sync on all sync clients
2026-07-30 18:51:26.4430  INFO 32 SyncClient | Found 1 items to submit for HistorySyncItem
2026-07-30 18:51:26.4431  INFO 32 SyncClient | (Timed) Submitting 1 of 1 items.
2026-07-30 18:51:26.5571  INFO 32 SyncClient | (114ms) Submitting 1 of 1 items.
2026-07-30 18:51:26.5572  INFO 32 SyncClient | Integrated 1 successes, 0 conflicts, and 0 errors.
2026-07-30 18:51:26.5574  INFO 32 SyncClient | Downloading items for HistorySyncItem
2026-07-30 18:51:26.6481  INFO 32 SyncClient | New last known milestones: {"itemMilestone":"180877"}
2026-07-30 18:51:26.6500  INFO 32 SyncManager | Finished requesting sync on all sync clients.
2026-07-30 18:51:26.7053  INFO 1 AppCommand | (Timed) Executing command: VisualFilter
2026-07-30 18:51:26.7229  INFO 1 PanelViewModel | Applying VisualFilter panel settings for Preferences: 
2026-07-30 18:51:26.7910  INFO 1 PanelViewModel | Got VisualFilter panel settings for History: 
2026-07-30 18:51:26.8377  INFO 1 AppCommand | (132ms) Executing command: VisualFilter
2026-07-30 18:51:29.6830  INFO 1 DocumentManager | Deleted document `Document:VisualFilter:bb83b504c61f462288993993f69df359`.
2026-07-30 18:51:29.6881  INFO 1 PanelViewModel | Got VisualFilter panel settings for Snapshot: Id=Document:VisualFilter:bb83b504c61f462288993993f69df359
2026-07-30 18:51:29.6884  INFO 1 PanelViewModel | Got VisualFilter panel settings for History: Id=Document:VisualFilter:bb83b504c61f462288993993f69df359
2026-07-30 18:51:39.6901  INFO 32 SyncManager | Requesting sync on all sync clients
2026-07-30 18:51:39.8027  INFO 32 SyncClient | Found 3 items to submit for HistorySyncItem
2026-07-30 18:51:39.8028  INFO 32 SyncClient | (Timed) Submitting 3 of 3 items.
2026-07-30 18:51:39.9342  INFO 32 SyncClient | (131ms) Submitting 3 of 3 items.
2026-07-30 18:51:39.9344  INFO 32 SyncClient | Integrated 3 successes, 0 conflicts, and 0 errors.
2026-07-30 18:51:39.9345  INFO 32 SyncClient | Downloading items for HistorySyncItem
2026-07-30 18:51:40.0242  INFO 32 SyncClient | New last known milestones: {"itemMilestone":"180878"}
2026-07-30 18:51:40.0254  INFO 32 SyncClient | Found 1 items to submit for VisualFilterSyncItem
2026-07-30 18:51:40.5175  INFO 32 SyncClient | (Timed) Submitting 1 of 1 items.
2026-07-30 18:51:40.7920  INFO 32 SyncClient | (274ms) Submitting 1 of 1 items.
2026-07-30 18:51:40.7935  INFO 32 SyncClient | Integrated 1 successes, 0 conflicts, and 0 errors.
2026-07-30 18:51:40.7936  INFO 32 SyncClient | Downloading items for VisualFilterSyncItem
2026-07-30 18:51:40.9046  INFO 32 SyncClient | New last known milestones: {"permissionMilestone":"12355","itemMilestone":"1003518046"}
2026-07-30 18:51:40.9063  INFO 32 SyncManager | Finished requesting sync on all sync clients.
2026-07-30 18:52:04.8998  INFO 32 SyncManager | Requesting sync on all sync clients
2026-07-30 18:52:05.0061  INFO 32 SyncClient | Downloading items for HistorySyncItem
2026-07-30 18:52:05.4473  INFO 32 SyncClient | Unchanged last known milestones: {"itemMilestone":"180878"}
2026-07-30 18:52:05.4490  INFO 32 SyncClient | Downloading items for VisualFilterSyncItem
2026-07-30 18:52:05.8139  INFO 32 SyncClient | Unchanged last known milestones: {"permissionMilestone":"12355","itemMilestone":"1003518046"}
2026-07-30 18:52:05.8151  INFO 32 SyncManager | Finished requesting sync on all sync clients.
2026-07-30 18:52:05.8151  INFO 32 SyncManager | Requesting sync on all sync clients
2026-07-30 18:52:05.9068  INFO 32 SyncManager | Finished requesting sync on all sync clients.
2026-07-30 18:52:06.3782  INFO 69 WebServiceClient | Checking for new license compared to W/"a5d72db1-ccfe-4785-a82b-0aad7de4d474"
2026-07-30 18:52:06.7823  INFO 62 WebServiceClient | License check revealed no new license version.
2026-07-30 18:52:59.5724  INFO 1 PanelViewModel | Got Search panel settings for Snapshot: AllSynopsisIsExpanded=false|AllYourBooksSuggestionSeenCount=5|BibleAiBibleSearchNotificationSeenOnce=true|BibleDocumentLevel=verse|BibleEngine=Lexical|BibleMatchAllWordForms=true|BibleMatchCase=false|BibleMatchEquivalentReferences=true|BibleMatchRelatedTerms=false|BibleMultiViewEnabled=false|BibleMu
2026-07-30 18:52:59.5765  INFO 1 PanelViewModel | Got Search panel settings for History: AllSynopsisIsExpanded=false|AllYourBooksSuggestionSeenCount=5|BibleAiBibleSearchNotificationSeenOnce=true|BibleDocumentLevel=verse|BibleEngine=Lexical|BibleMatchAllWordForms=true|BibleMatchCase=false|BibleMatchEquivalentReferences=true|BibleMatchRelatedTerms=false|BibleMultiViewEnabled=false|BibleMu
2026-07-30 18:52:59.5802  INFO 1 SearchPanel | Disconnecting from panel containing LLS:1.0.710
2026-07-30 18:53:06.7841  INFO 41 WebServiceClient | Checking for new license compared to W/"a5d72db1-ccfe-4785-a82b-0aad7de4d474"
2026-07-30 18:53:07.1829  INFO 72 WebServiceClient | License check revealed no new license version.
2026-07-30 18:53:19.3915  INFO 32 SyncManager | Requesting sync on all sync clients
2026-07-30 18:53:19.5697  INFO 32 SyncClient | Found 1 items to submit for HistorySyncItem
2026-07-30 18:53:19.5697  INFO 32 SyncClient | (Timed) Submitting 1 of 1 items.
2026-07-30 18:53:19.9912  INFO 32 SyncClient | (421ms) Submitting 1 of 1 items.
2026-07-30 18:53:19.9915  INFO 32 SyncClient | Integrated 1 successes, 0 conflicts, and 0 errors.
2026-07-30 18:53:19.9919  INFO 32 SyncClient | Downloading items for HistorySyncItem
2026-07-30 18:53:20.0864  INFO 32 SyncClient | New last known milestones: {"itemMilestone":"180879"}
2026-07-30 18:53:20.0888  INFO 32 SyncManager | Finished requesting sync on all sync clients.
2026-07-30 18:54:05.6834  INFO 32 SyncManager | Requesting sync on all sync clients
2026-07-30 18:54:05.7916  INFO 32 SyncClient | Downloading items for HistorySyncItem
2026-07-30 18:54:06.1492  INFO 32 SyncClient | Unchanged last known milestones: {"itemMilestone":"180879"}
2026-07-30 18:54:06.1517  INFO 32 SyncManager | Finished requesting sync on all sync clients.
2026-07-30 18:54:07.1843  INFO 41 WebServiceClient | Checking for new license compared to W/"a5d72db1-ccfe-4785-a82b-0aad7de4d474"
2026-07-30 18:54:07.3791  INFO 1 PanelViewModel | Applying Documents panel settings for Preferences: IsSidebarVisible=true
2026-07-30 18:54:07.3862  INFO 1 LDLS4.AppModel | (Timed) Creating document metadata manager.
2026-07-30 18:54:07.3876  INFO 1 LDLS4.AppModel | (1ms) Creating document metadata manager.
2026-07-30 18:54:07.3927  INFO 71 ClientNotesApi | Found 44 notebooks. (9ms) {"sort":"title","notebookFields":["id","title","revision","created","modified","isTrashed","isDeleted","importId","noteCount","role","documentId"],"limit":10000,"userLanguage":"en-CA"}
2026-07-30 18:54:07.4099  INFO 62 ClientNotesApi | Found 44 notebooks. (0ms) {"sort":"title","notebookFields":["id","title","revision","created","modified","isTrashed","isDeleted","importId","noteCount","role","documentId"],"limit":10000,"userLanguage":"en-CA"}
2026-07-30 18:54:07.4479  INFO 1 PanelViewModel | Got Documents panel settings for History: IsSidebarVisible=true
2026-07-30 18:54:07.4600  INFO 71 ClientNotesApi | Found 44 notebooks. (0ms) {"sort":"title","notebookFields":["id","title","revision","created","modified","isTrashed","isDeleted","importId","noteCount","role","documentId"],"limit":10000,"userLanguage":"en-CA"}
2026-07-30 18:54:07.5586  INFO 62 WebServiceClient | License check revealed no new license version.
2026-07-30 18:54:09.7519  INFO 1 AppCommand | (Timed) Executing command: VisualFilter|Id=Document:VisualFilter:7be58835984e4ba4bfe677450847f141|Placement=a
2026-07-30 18:54:09.7534  INFO 1 PanelViewModel | Applying VisualFilter panel settings for Preferences: 
2026-07-30 18:54:09.7534  INFO 1 PanelViewModel | Navigating VisualFilter panel to: Id=Document:VisualFilter:7be58835984e4ba4bfe677450847f141
2026-07-30 18:54:09.7534  INFO 1 PanelViewModel | Applying VisualFilter panel settings for Bookmark: Id=Document:VisualFilter:7be58835984e4ba4bfe677450847f141
2026-07-30 18:54:09.7549  INFO 1 VisualMarkupUnknownStyle | Creating a visual markup unknown style for style path OL Words/Age
2026-07-30 18:54:09.7597  INFO 1 VisualMarkupUnknownStyle | Creating a visual markup unknown style for style path OL Words/Angel
2026-07-30 18:54:09.8263  INFO 1 PanelViewModel | Got VisualFilter panel settings for History: Id=Document:VisualFilter:7be58835984e4ba4bfe677450847f141
2026-07-30 18:54:09.8464  INFO 1 AppCommand | (94ms) Executing command: VisualFilter|Id=Document:VisualFilter:7be58835984e4ba4bfe677450847f141|Placement=a
2026-07-30 18:54:19.8481  INFO 32 SyncManager | Requesting sync on all sync clients
2026-07-30 18:54:19.9629  INFO 32 SyncClient | Found 2 items to submit for HistorySyncItem
2026-07-30 18:54:19.9630  INFO 32 SyncClient | (Timed) Submitting 2 of 2 items.
2026-07-30 18:54:20.0874  INFO 32 SyncClient | (124ms) Submitting 2 of 2 items.
2026-07-30 18:54:20.0876  INFO 32 SyncClient | Integrated 2 successes, 0 conflicts, and 0 errors.
2026-07-30 18:54:20.0878  INFO 32 SyncClient | Downloading items for HistorySyncItem
2026-07-30 18:54:20.1800  INFO 32 SyncClient | New last known milestones: {"itemMilestone":"180880"}
2026-07-30 18:54:20.1818  INFO 32 SyncManager | Finished requesting sync on all sync clients.
2026-07-30 18:54:45.3742  INFO 1 PanelViewModel | Got VisualMarkup panel settings for Preferences: CollapsedGroupNames=Solid%2520Colors;Emphasis%2520Markup;Highlighter%2520Pens;Inductive%252fPrecept;Chesed;Labels;Morph;Name%2520%2526%2520Titles%2520of%2520God;Nazirite;New%2520Testament%2520Use%2520of%2520the%2520Old%2520Testament%253a%2520Allusion;Rachamim;Weights%2520%2526%2520Measures|StyleName
2026-07-30 18:55:05.2932  INFO 71 ClientNotesApi | Got 1 notebooks, e.g. 3831c548da4d403da7e1511203d57764. (3ms)
2026-07-30 18:55:05.2933  INFO 63 ClientNotesApi | Got 1 notebooks, e.g. 388767e268c442e28e8f7de80cb14312. (0ms)
2026-07-30 18:55:05.2934  INFO 63 ClientNotesApi | Got 1 notebooks, e.g. 7ca317130c67485999171c4a59448c07. (0ms)
2026-07-30 18:55:05.8207  INFO 1 VisualMarkupUnknownStyle | Creating a visual markup unknown style for style path OL Words/Age
2026-07-30 18:55:05.8207  INFO 1 VisualMarkupUnknownStyle | Creating a visual markup unknown style for style path OL Words/Angel
2026-07-30 18:55:06.0784  INFO 32 SyncManager | Requesting sync on all sync clients
2026-07-30 18:55:06.1263  INFO 32 SyncClient | Found 1 items to submit for PreferencesSyncItem
2026-07-30 18:55:06.1264  INFO 32 SyncClient | (Timed) Submitting 1 of 1 items.
2026-07-30 18:55:06.5687  INFO 32 SyncClient | (442ms) Submitting 1 of 1 items.
2026-07-30 18:55:06.5691  INFO 32 SyncClient | Integrated 1 successes, 0 conflicts, and 0 errors.
2026-07-30 18:55:06.5692  INFO 32 SyncClient | Downloading items for PreferencesSyncItem
2026-07-30 18:55:06.6720  INFO 32 SyncClient | New last known milestones: {"itemMilestone":"418978"}
2026-07-30 18:55:06.6775  INFO 32 SyncClient | Found 1 items to submit for HighlightingStyleSyncItem
2026-07-30 18:55:07.0985  INFO 32 SyncClient | (Timed) Submitting 1 of 1 items.
2026-07-30 18:55:07.2358  INFO 32 SyncClient | (137ms) Submitting 1 of 1 items.
2026-07-30 18:55:07.2372  INFO 32 SyncClient | Integrated 1 successes, 0 conflicts, and 0 errors.
2026-07-30 18:55:07.2374  INFO 32 SyncClient | Downloading items for HighlightingStyleSyncItem
2026-07-30 18:55:07.3354  INFO 32 SyncClient | New last known milestones: {"itemMilestone":"1002123008"}
2026-07-30 18:55:07.3952  INFO 32 SyncClient | Found 1 items to submit for HistorySyncItem
2026-07-30 18:55:07.3953  INFO 32 SyncClient | (Timed) Submitting 1 of 1 items.
2026-07-30 18:55:07.5033  INFO 32 SyncClient | (108ms) Submitting 1 of 1 items.
2026-07-30 18:55:07.5034  INFO 32 SyncClient | Integrated 1 successes, 0 conflicts, and 0 errors.
2026-07-30 18:55:07.5036  INFO 32 SyncClient | Downloading items for HistorySyncItem
2026-07-30 18:55:07.5611  INFO 3 WebServiceClient | Checking for new license compared to W/"a5d72db1-ccfe-4785-a82b-0aad7de4d474"
2026-07-30 18:55:07.5974  INFO 32 SyncClient | New last known milestones: {"itemMilestone":"180881"}
2026-07-30 18:55:07.6032  INFO 32 SyncManager | Finished requesting sync on all sync clients.
2026-07-30 18:55:07.9653  INFO 3 WebServiceClient | License check revealed no new license version.
2026-07-30 18:55:08.7370  INFO 1 PanelViewModel | Got VisualMarkup panel settings for Preferences: CollapsedGroupNames=Solid%2520Colors;Emphasis%2520Markup;Highlighter%2520Pens;Inductive%252fPrecept;Chesed;Labels;Morph;Name%2520%2526%2520Titles%2520of%2520God;Nazirite;New%2520Testament%2520Use%2520of%2520the%2520Old%2520Testament%253a%2520Allusion;Rachamim;Weights%2520%2526%2520Measures|StyleName
2026-07-30 18:55:26.6799  INFO 1 PanelViewModel | Applying Search panel settings for Preferences: AllSynopsisIsExpanded=false|AllYourBooksSuggestionSeenCount=5|BibleAiBibleSearchNotificationSeenOnce=true|BibleDocumentLevel=verse|BibleEngine=Lexical|BibleMatchAllWordForms=true|BibleMatchCase=false|BibleMatchEquivalentReferences=true|BibleMatchRelatedTerms=false|BibleMultiViewEnabled=false|BibleMu
2026-07-30 18:55:26.7564  INFO 1 PanelViewModel | Got Search panel settings for History: AllSynopsisIsExpanded=false|AllYourBooksSuggestionSeenCount=5|BibleAiBibleSearchNotificationSeenOnce=true|BibleDocumentLevel=verse|BibleEngine=Lexical|BibleMatchAllWordForms=true|BibleMatchCase=false|BibleMatchEquivalentReferences=true|BibleMatchRelatedTerms=false|BibleMultiViewEnabled=false|BibleMu
2026-07-30 18:55:26.7886  WARN 63 HistoryManager | History item with id = d5d3db66-8ef7-40d8-977a-4a235c16847f has overly large bookmark and will not be synced.
2026-07-30 18:55:30.3776  INFO 13 SimpleQueryUtility | (Timed) Performing section search
2026-07-30 18:55:30.3789  INFO 13 SimpleQueryUtility | (1ms) Performing section search
2026-07-30 18:55:30.4024  INFO 63 AutoCompleteService | Got 230 suggestions for 'l' (TextCompleterContext). (138ms)
2026-07-30 18:55:30.4951  INFO 63 AutoCompleteService | Sorted 230 autocomplete results. (92ms)
2026-07-30 18:55:30.7885  INFO 63 AutoCompleteService | Got 128 suggestions for 'le' (TextCompleterContext). (82ms)
2026-07-30 18:55:30.8884  INFO 63 AutoCompleteService | Sorted 128 autocomplete results. (99ms)
2026-07-30 18:55:31.4143  INFO 3 AutoCompleteService | Found 5 term suggestions. (0ms)
2026-07-30 18:55:31.4145  INFO 3 AutoCompleteService | Found 5 equivalent terms. (0ms)
2026-07-30 18:55:31.4147  INFO 3 AutoCompleteService | Grouped into 5 results. (0ms)
2026-07-30 18:55:31.4285  INFO 83 SimpleQueryUtility | (Timed) Performing section search
2026-07-30 18:55:31.4296  INFO 83 SimpleQueryUtility | (1ms) Performing section search
2026-07-30 18:55:31.4303  INFO 83 SimpleQueryUtility | (Timed) Performing section search
2026-07-30 18:55:31.4324  INFO 83 SimpleQueryUtility | (2ms) Performing section search
2026-07-30 18:55:31.4331  INFO 83 SimpleQueryUtility | (Timed) Performing section search
2026-07-30 18:55:31.4334  INFO 83 SimpleQueryUtility | (0ms) Performing section search
2026-07-30 18:55:31.4350  INFO 83 SimpleQueryUtility | (Timed) Performing section search
2026-07-30 18:55:31.4360  INFO 83 SimpleQueryUtility | (1ms) Performing section search
2026-07-30 18:55:31.4365  INFO 83 SimpleQueryUtility | (Timed) Performing section search
2026-07-30 18:55:31.4366  INFO 83 SimpleQueryUtility | (0ms) Performing section search
2026-07-30 18:55:31.4373  INFO 83 SimpleQueryUtility | (Timed) Performing section search
2026-07-30 18:55:31.4376  INFO 83 SimpleQueryUtility | (0ms) Performing section search
2026-07-30 18:55:31.4380  INFO 83 SimpleQueryUtility | (Timed) Performing section search
2026-07-30 18:55:31.4381  INFO 83 SimpleQueryUtility | (0ms) Performing section search
2026-07-30 18:55:31.4385  INFO 83 SimpleQueryUtility | (Timed) Performing section search
2026-07-30 18:55:31.4387  INFO 83 SimpleQueryUtility | (0ms) Performing section search
2026-07-30 18:55:31.4390  INFO 83 SimpleQueryUtility | (Timed) Performing section search
2026-07-30 18:55:31.4390  INFO 83 SimpleQueryUtility | (0ms) Performing section search
2026-07-30 18:55:31.4393  INFO 83 SimpleQueryUtility | (Timed) Performing section search
2026-07-30 18:55:31.4395  INFO 83 SimpleQueryUtility | (0ms) Performing section search
2026-07-30 18:55:31.4396  INFO 83 SimpleQueryUtility | (Timed) Performing section search
2026-07-30 18:55:31.4397  INFO 83 SimpleQueryUtility | (0ms) Performing section search
2026-07-30 18:55:31.4398  INFO 83 SimpleQueryUtility | (Timed) Performing section search
2026-07-30 18:55:31.4399  INFO 83 SimpleQueryUtility | (0ms) Performing section search
2026-07-30 18:55:31.4401  INFO 83 SimpleQueryUtility | (Timed) Performing section search
2026-07-30 18:55:31.4401  INFO 83 SimpleQueryUtility | (0ms) Performing section search
2026-07-30 18:55:31.4406  INFO 83 SimpleQueryUtility | (Timed) Performing section search
2026-07-30 18:55:31.4407  INFO 83 SimpleQueryUtility | (0ms) Performing section search
2026-07-30 18:55:31.4421  INFO 83 SimpleQueryUtility | (Timed) Performing section search
2026-07-30 18:55:31.4423  INFO 83 SimpleQueryUtility | (0ms) Performing section search
2026-07-30 18:55:31.4427  INFO 83 SimpleQueryUtility | (Timed) Performing section search
2026-07-30 18:55:31.4429  INFO 83 SimpleQueryUtility | (0ms) Performing section search
2026-07-30 18:55:31.4431  INFO 83 SimpleQueryUtility | (Timed) Performing section search
2026-07-30 18:55:31.4432  INFO 83 SimpleQueryUtility | (0ms) Performing section search
2026-07-30 18:55:31.4435  INFO 83 SimpleQueryUtility | (Timed) Performing section search
2026-07-30 18:55:31.4435  INFO 83 SimpleQueryUtility | (0ms) Performing section search
2026-07-30 18:55:31.4440  INFO 83 SimpleQueryUtility | (Timed) Performing section search
2026-07-30 18:55:31.4441  INFO 83 SimpleQueryUtility | (0ms) Performing section search
2026-07-30 18:55:31.4443  INFO 83 SimpleQueryUtility | (Timed) Performing section search
2026-07-30 18:55:31.4444  INFO 83 SimpleQueryUtility | (0ms) Performing section search
2026-07-30 18:55:31.5011  INFO 63 AutoCompleteService | Got 8 suggestions for 'lemma' (TextCompleterContext). (87ms)
2026-07-30 18:55:31.5114  INFO 63 AutoCompleteService | Sorted 8 autocomplete results. (10ms)
2026-07-30 18:55:33.8695  INFO 21 AutoCompleteService | Found 5 term suggestions. (0ms)
2026-07-30 18:55:33.8702  INFO 21 AutoCompleteService | Found 5 equivalent terms. (0ms)
2026-07-30 18:55:33.8703  INFO 21 AutoCompleteService | Grouped into 5 results. (0ms)
2026-07-30 18:55:33.8714  INFO 72 SimpleQueryUtility | (Timed) Performing section search
2026-07-30 18:55:33.8716  INFO 72 SimpleQueryUtility | (0ms) Performing section search
2026-07-30 18:55:33.8756  INFO 72 SimpleQueryUtility | (Timed) Performing section search
2026-07-30 18:55:33.8757  INFO 72 SimpleQueryUtility | (0ms) Performing section search
2026-07-30 18:55:33.8759  INFO 72 SimpleQueryUtility | (Timed) Performing section search
2026-07-30 18:55:33.8759  INFO 72 SimpleQueryUtility | (0ms) Performing section search
2026-07-30 18:55:33.8761  INFO 72 SimpleQueryUtility | (Timed) Performing section search
2026-07-30 18:55:33.8762  INFO 72 SimpleQueryUtility | (0ms) Performing section search
2026-07-30 18:55:33.8766  INFO 72 SimpleQueryUtility | (Timed) Performing section search
2026-07-30 18:55:33.8766  INFO 72 SimpleQueryUtility | (0ms) Performing section search
2026-07-30 18:55:33.8769  INFO 72 SimpleQueryUtility | (Timed) Performing section search
2026-07-30 18:55:33.8769  INFO 72 SimpleQueryUtility | (0ms) Performing section search
2026-07-30 18:55:33.8772  INFO 72 SimpleQueryUtility | (Timed) Performing section search
2026-07-30 18:55:33.8772  INFO 72 SimpleQueryUtility | (0ms) Performing section search
2026-07-30 18:55:33.8774  INFO 72 SimpleQueryUtility | (Timed) Performing section search
2026-07-30 18:55:33.8774  INFO 72 SimpleQueryUtility | (0ms) Performing section search
2026-07-30 18:55:33.8776  INFO 72 SimpleQueryUtility | (Timed) Performing section search
2026-07-30 18:55:33.8776  INFO 72 SimpleQueryUtility | (0ms) Performing section search
2026-07-30 18:55:33.8777  INFO 72 SimpleQueryUtility | (Timed) Performing section search
2026-07-30 18:55:33.8777  INFO 72 SimpleQueryUtility | (0ms) Performing section search
2026-07-30 18:55:33.8778  INFO 72 SimpleQueryUtility | (Timed) Performing section search
2026-07-30 18:55:33.8779  INFO 72 SimpleQueryUtility | (0ms) Performing section search
2026-07-30 18:55:33.8832  INFO 72 SimpleQueryUtility | (Timed) Performing section search
2026-07-30 18:55:33.8833  INFO 72 SimpleQueryUtility | (0ms) Performing section search
2026-07-30 18:55:33.8834  INFO 72 SimpleQueryUtility | (Timed) Performing section search
2026-07-30 18:55:33.8834  INFO 72 SimpleQueryUtility | (0ms) Performing section search
2026-07-30 18:55:33.8836  INFO 72 SimpleQueryUtility | (Timed) Performing section search
2026-07-30 18:55:33.8836  INFO 72 SimpleQueryUtility | (0ms) Performing section search
2026-07-30 18:55:33.8837  INFO 72 SimpleQueryUtility | (Timed) Performing section search
2026-07-30 18:55:33.8837  INFO 72 SimpleQueryUtility | (0ms) Performing section search
2026-07-30 18:55:33.8839  INFO 72 SimpleQueryUtility | (Timed) Performing section search
2026-07-30 18:55:33.8839  INFO 72 SimpleQueryUtility | (0ms) Performing section search
2026-07-30 18:55:33.8840  INFO 72 SimpleQueryUtility | (Timed) Performing section search
2026-07-30 18:55:33.8840  INFO 72 SimpleQueryUtility | (0ms) Performing section search
2026-07-30 18:55:33.8842  INFO 72 SimpleQueryUtility | (Timed) Performing section search
2026-07-30 18:55:33.8842  INFO 72 SimpleQueryUtility | (0ms) Performing section search
2026-07-30 18:55:33.8843  INFO 72 SimpleQueryUtility | (Timed) Performing section search
2026-07-30 18:55:33.8843  INFO 72 SimpleQueryUtility | (0ms) Performing section search
2026-07-30 18:55:33.8846  INFO 72 SimpleQueryUtility | (Timed) Performing section search
2026-07-30 18:55:33.8867  INFO 72 SimpleQueryUtility | (0ms) Performing section search
2026-07-30 18:55:33.9574  INFO 13 AutoCompleteService | Got 8 suggestions for 'lemma.' (TextCompleterContext). (88ms)
2026-07-30 18:55:33.9664  INFO 13 AutoCompleteService | Sorted 8 autocomplete results. (8ms)
2026-07-30 18:55:34.5291  INFO 63 AutoCompleteService | Found 1 term suggestions. (0ms)
2026-07-30 18:55:34.5292  INFO 63 AutoCompleteService | Found 1 equivalent terms. (0ms)
2026-07-30 18:55:34.5293  INFO 63 AutoCompleteService | Grouped into 1 results. (0ms)
2026-07-30 18:55:34.5406  INFO 72 SimpleQueryUtility | (Timed) Performing section search
2026-07-30 18:55:34.5413  INFO 72 SimpleQueryUtility | (1ms) Performing section search
2026-07-30 18:55:34.5998  INFO 13 AutoCompleteService | Got 2 suggestions for 'lemma.g' (TextCompleterContext). (92ms)
2026-07-30 18:55:34.6027  INFO 13 AutoCompleteService | Sorted 2 autocomplete results. (2ms)
2026-07-30 18:55:35.0178  INFO 81 AutoCompleteService | Got 0 suggestions for '' (DataTypeReferenceCompleterContext). (0ms)
2026-07-30 18:55:35.0180  INFO 81 AutoCompleteService | Sorted 0 autocomplete results. (0ms)
2026-07-30 18:55:35.9818  INFO 81 AutoCompleteService | Got 0 suggestions for 'a' (DataTypeReferenceCompleterContext). (54ms)
2026-07-30 18:55:35.9818  INFO 81 AutoCompleteService | Sorted 0 autocomplete results. (0ms)
2026-07-30 18:55:36.5476  INFO 72 AutoCompleteService | Found 0 term suggestions. (0ms)
2026-07-30 18:55:36.5478  INFO 72 AutoCompleteService | Found 0 equivalent terms. (0ms)
2026-07-30 18:55:36.5479  INFO 72 AutoCompleteService | Grouped into 0 results. (0ms)
2026-07-30 18:55:36.5584  INFO 81 AutoCompleteService | Got 2 suggestions for 'aion' (DataTypeReferenceCompleterContext). (11ms)
2026-07-30 18:55:36.5629  INFO 81 AutoCompleteService | Sorted 2 autocomplete results. (4ms)
2026-07-30 18:55:36.7933  INFO 32 SyncManager | Requesting sync on all sync clients
2026-07-30 18:55:36.8783  INFO 32 SyncClient | Found 1 items to submit for PreferencesSyncItem
2026-07-30 18:55:36.8784  INFO 32 SyncClient | (Timed) Submitting 1 of 1 items.
2026-07-30 18:55:36.9888  INFO 32 SyncClient | (110ms) Submitting 1 of 1 items.
2026-07-30 18:55:36.9889  INFO 32 SyncClient | Integrated 1 successes, 0 conflicts, and 0 errors.
2026-07-30 18:55:36.9889  INFO 32 SyncClient | Downloading items for PreferencesSyncItem
2026-07-30 18:55:37.0937  INFO 32 SyncClient | New last known milestones: {"itemMilestone":"418979"}
2026-07-30 18:55:37.2079  INFO 32 SyncClient | Found 1 items to submit for HistorySyncItem
2026-07-30 18:55:37.2081  INFO 32 SyncClient | (Timed) Submitting 1 of 1 items.
2026-07-30 18:55:37.3233  INFO 32 SyncClient | (115ms) Submitting 1 of 1 items.
2026-07-30 18:55:37.3235  INFO 32 SyncClient | Integrated 1 successes, 0 conflicts, and 0 errors.
2026-07-30 18:55:37.3237  INFO 32 SyncClient | Downloading items for HistorySyncItem
2026-07-30 18:55:37.4176  INFO 32 SyncClient | New last known milestones: {"itemMilestone":"180882"}
2026-07-30 18:55:37.4201  INFO 32 SyncManager | Finished requesting sync on all sync clients.
2026-07-30 18:55:38.0493  INFO 1 PanelViewModel | Got Search panel settings for Bookmark: AllSynopsisIsExpanded=false|AllYourBooksSuggestionSeenCount=5|BibleAiBibleSearchNotificationSeenOnce=true|BibleDocumentLevel=verse|BibleEngine=Lexical|BibleMatchAllWordForms=true|BibleMatchCase=false|BibleMatchEquivalentReferences=true|BibleMatchRelatedTerms=false|BibleMultiViewEnabled=false|BibleMu
2026-07-30 18:55:38.0497  INFO 1 PanelViewModel | Got Search panel settings for History: AllSynopsisIsExpanded=false|AllYourBooksSuggestionSeenCount=5|BibleAiBibleSearchNotificationSeenOnce=true|BibleDocumentLevel=verse|BibleEngine=Lexical|BibleMatchAllWordForms=true|BibleMatchCase=false|BibleMatchEquivalentReferences=true|BibleMatchRelatedTerms=false|BibleMultiViewEnabled=false|BibleMu
2026-07-30 18:55:38.0624  WARN 72 HistoryManager | History item with id = 8be24674-9ba7-4083-bfc8-b8935b293167 has overly large bookmark and will not be synced.
2026-07-30 18:55:38.0626  INFO 83 SearchPanel | Starting Bible search for query: Libronix.DigitalLibrary.Searching.Query
2026-07-30 18:55:38.0667  INFO 83 BibleStudySearchPanelComponentInteropRequestHandler | Received getInitialSearchResults request for SearchId: 09696bddf16847b2b2595fe43ca22479
2026-07-30 18:55:38.0711  INFO 83 LibrarySearcher | (Timed) Searching ResourceList for: lemma.g:αἰών
2026-07-30 18:55:38.0730  INFO 83 SimpleQueryUtility | (Timed) Performing section search
2026-07-30 18:55:38.0749  INFO 83 SimpleQueryUtility | (2ms) Performing section search
2026-07-30 18:55:38.0754  INFO 83 LibrarySearcher | (4ms) Searching ResourceList for: lemma.g:αἰών
2026-07-30 18:55:38.0811  INFO 83 LibrarySearcher | (Timed) Searching SingleResource for: lemma.g:αἰών
2026-07-30 18:55:38.0819  INFO 83 SimpleQueryUtility | (Timed) Performing section search
2026-07-30 18:55:38.0820  INFO 83 SimpleQueryUtility | (0ms) Performing section search
2026-07-30 18:55:38.0823  INFO 83 LibrarySearcher | (1ms) Searching SingleResource for: lemma.g:αἰών
2026-07-30 18:55:38.1453  INFO 83 BibleStudySearchPanelComponentInteropRequestHandler | Returning initial search results for SearchId: 09696bddf16847b2b2595fe43ca22479; query: lemma.g:αἰών
2026-07-30 18:55:38.1467  INFO 1 SearchPanel | First panel containing LLS:1.0.710 opened; creating visual filter data.
2026-07-30 18:55:38.1468  INFO 83 LibrarySearcher | (Timed) Searching SingleResource for: lemma.g:αἰών
2026-07-30 18:55:38.1475  INFO 83 SimpleQueryUtility | (Timed) Performing section search
2026-07-30 18:55:38.1476  INFO 83 SimpleQueryUtility | (0ms) Performing section search
2026-07-30 18:55:38.1478  INFO 83 LibrarySearcher | (1ms) Searching SingleResource for: lemma.g:αἰών
2026-07-30 18:55:40.0642  INFO 1 PanelViewModel | Got Search panel settings for Preferences: AllSynopsisIsExpanded=false|AllYourBooksSuggestionSeenCount=5|BibleAiBibleSearchNotificationSeenOnce=true|BibleDocumentLevel=verse|BibleEngine=Lexical|BibleMatchAllWordForms=true|BibleMatchCase=false|BibleMatchEquivalentReferences=true|BibleMatchRelatedTerms=false|BibleMultiViewEnabled=false|BibleMu
2026-07-30 18:56:05.0671  INFO 32 SyncManager | Requesting sync on all sync clients
2026-07-30 18:56:05.1358  INFO 32 SyncClient | Found 1 items to submit for PreferencesSyncItem
2026-07-30 18:56:05.1359  INFO 32 SyncClient | (Timed) Submitting 1 of 1 items.
2026-07-30 18:56:05.4101  INFO 32 SyncClient | (274ms) Submitting 1 of 1 items.
2026-07-30 18:56:05.4109  INFO 32 SyncClient | Integrated 1 successes, 0 conflicts, and 0 errors.
2026-07-30 18:56:05.4111  INFO 32 SyncClient | Downloading items for PreferencesSyncItem
2026-07-30 18:56:05.7864  INFO 32 SyncClient | New last known milestones: {"itemMilestone":"418980"}
2026-07-30 18:56:05.8462  INFO 32 SyncClient | Found 1 items to submit for HistorySyncItem
2026-07-30 18:56:05.8463  INFO 32 SyncClient | (Timed) Submitting 1 of 1 items.
2026-07-30 18:56:06.2388  INFO 32 SyncClient | (393ms) Submitting 1 of 1 items.
2026-07-30 18:56:06.2390  INFO 32 SyncClient | Integrated 1 successes, 0 conflicts, and 0 errors.
2026-07-30 18:56:06.2394  INFO 32 SyncClient | Downloading items for HistorySyncItem
2026-07-30 18:56:06.3368  INFO 32 SyncClient | New last known milestones: {"itemMilestone":"180883"}
2026-07-30 18:56:06.3396  INFO 32 SyncManager | Finished requesting sync on all sync clients.
2026-07-30 18:56:06.4607  INFO 32 SyncManager | Requesting sync on all sync clients
2026-07-30 18:56:06.5246  INFO 32 SyncClient | Downloading items for PreferencesSyncItem
2026-07-30 18:56:06.6221  INFO 32 SyncClient | Unchanged last known milestones: {"itemMilestone":"418980"}
2026-07-30 18:56:06.6223  INFO 32 SyncClient | Downloading items for HighlightingStyleSyncItem
2026-07-30 18:56:06.9833  INFO 32 SyncClient | New last known milestones: {"itemMilestone":"1002123011"}
2026-07-30 18:56:07.0402  INFO 32 SyncClient | Downloading items for HistorySyncItem
2026-07-30 18:56:07.1363  INFO 32 SyncClient | Unchanged last known milestones: {"itemMilestone":"180883"}
2026-07-30 18:56:07.1381  INFO 32 SyncManager | Finished requesting sync on all sync clients.
2026-07-30 18:56:07.1381  INFO 32 SyncManager | Requesting sync on all sync clients
2026-07-30 18:56:07.2292  INFO 32 SyncManager | Finished requesting sync on all sync clients.
2026-07-30 18:56:07.9696  INFO 83 WebServiceClient | Checking for new license compared to W/"a5d72db1-ccfe-4785-a82b-0aad7de4d474"
2026-07-30 18:56:08.3492  INFO 83 WebServiceClient | License check revealed no new license version.
2026-07-30 18:56:15.0654  INFO 1 ClientNotesApi | Changed note styles. (67ms)
2026-07-30 18:56:15.1205  INFO 63 ClientNotesApi | Got 1 notebooks, e.g. 388767e268c442e28e8f7de80cb14312. (0ms)
2026-07-30 18:56:15.1205  INFO 81 ClientNotesApi | Got 1 notebooks, e.g. 3831c548da4d403da7e1511203d57764. (0ms)
2026-07-30 18:56:15.1208  INFO 81 ClientNotesApi | Got 1 notebooks, e.g. 7ca317130c67485999171c4a59448c07. (0ms)
2026-07-30 18:56:15.6315  INFO 72 ClientNotesApi | Got 1 notebooks, e.g. 3831c548da4d403da7e1511203d57764. (0ms)
2026-07-30 18:56:15.6315  INFO 22 ClientNotesApi | Got 1 notebooks, e.g. 388767e268c442e28e8f7de80cb14312. (0ms)
2026-07-30 18:56:15.6317  INFO 22 ClientNotesApi | Got 1 notebooks, e.g. 7ca317130c67485999171c4a59448c07. (0ms)
2026-07-30 18:56:15.6489  INFO 1 VisualMarkupUnknownStyle | Creating a visual markup unknown style for style path OL Words/Angel
2026-07-30 18:56:15.6497  INFO 24 LocalFileDatabase | Connection opened (0ms): /Users/mjwebster/Library/Application Support/Logos4/Documents/wq8ubj9r.32o/VisualMarkup/visualmarkup.db
2026-07-30 18:56:15.6524  INFO 41 LibrarySearcher | (Timed) Searching SingleResource for: lemma.g:αἰών
2026-07-30 18:56:15.6534  INFO 41 SimpleQueryUtility | (Timed) Performing section search
2026-07-30 18:56:15.6535  INFO 41 SimpleQueryUtility | (0ms) Performing section search
2026-07-30 18:56:15.6537  INFO 41 LibrarySearcher | (1ms) Searching SingleResource for: lemma.g:αἰών
2026-07-30 18:56:15.6537  INFO 41 VisualFilterDocumentUserVisualFilterManager | Found 124 results in LLS:1.0.710 (1ms): lemma.g:αἰών
2026-07-30 18:56:15.6539  INFO 41 LibrarySearcher | (Timed) Searching SingleResource for: lemma.g:φιλέω
2026-07-30 18:56:15.6559  INFO 41 SimpleQueryUtility | (Timed) Performing section search
2026-07-30 18:56:15.6564  INFO 41 SimpleQueryUtility | (0ms) Performing section search
2026-07-30 18:56:15.6566  INFO 41 LibrarySearcher | (3ms) Searching SingleResource for: lemma.g:φιλέω
2026-07-30 18:56:15.6566  INFO 41 VisualFilterDocumentUserVisualFilterManager | Found 25 results in LLS:1.0.710 (2ms): lemma.g:φιλέω
2026-07-30 18:56:26.3926  INFO 32 SyncManager | Requesting sync on all sync clients
2026-07-30 18:56:26.4640  INFO 32 SyncClient | Found 1 items to submit for HighlightingStyleSyncItem
2026-07-30 18:56:26.4641  INFO 32 SyncClient | (Timed) Submitting 1 of 1 items.
2026-07-30 18:56:26.5938  INFO 32 SyncClient | (130ms) Submitting 1 of 1 items.
2026-07-30 18:56:26.5941  INFO 32 SyncClient | Integrated 1 successes, 0 conflicts, and 0 errors.
2026-07-30 18:56:26.5942  INFO 32 SyncClient | Downloading items for HighlightingStyleSyncItem
2026-07-30 18:56:26.6914  INFO 32 SyncClient | New last known milestones: {"itemMilestone":"1002123012"}
2026-07-30 18:56:26.7531  INFO 32 SyncClient | Found 1 items to submit for HistorySyncItem
2026-07-30 18:56:26.7532  INFO 32 SyncClient | (Timed) Submitting 1 of 1 items.
2026-07-30 18:56:26.8777  INFO 32 SyncClient | (125ms) Submitting 1 of 1 items.
2026-07-30 18:56:26.8779  INFO 32 SyncClient | Integrated 1 successes, 0 conflicts, and 0 errors.
2026-07-30 18:56:26.8781  INFO 32 SyncClient | Downloading items for HistorySyncItem
2026-07-30 18:56:26.9751  INFO 32 SyncClient | New last known milestones: {"itemMilestone":"180884"}
2026-07-30 18:56:26.9784  INFO 32 SyncManager | Finished requesting sync on all sync clients.
2026-07-30 18:56:57.4721  INFO 43 ClientNotesApi | Found 44 notebooks. (1ms) {"sort":"title","notebookFields":["id","title","revision","created","modified","isTrashed","isDeleted","importId","noteCount","role","documentId"],"limit":10000,"userLanguage":"en-CA"}
2026-07-30 18:57:06.4651  INFO 32 SyncManager | Requesting sync on all sync clients
2026-07-30 18:57:06.6355  INFO 32 SyncClient | Found 1 items to submit for HistorySyncItem
2026-07-30 18:57:06.6356  INFO 32 SyncClient | (Timed) Submitting 1 of 1 items.
2026-07-30 18:57:06.7566  INFO 32 SyncClient | (121ms) Submitting 1 of 1 items.
2026-07-30 18:57:06.7567  INFO 32 SyncClient | Integrated 1 successes, 0 conflicts, and 0 errors.
2026-07-30 18:57:06.7570  INFO 32 SyncClient | Downloading items for HistorySyncItem
2026-07-30 18:57:06.8316  INFO 24 AutoCompleteService | Got 2 suggestions for 'αἰώ' (DataTypeReferenceCompleterContext). (7ms)
2026-07-30 18:57:06.8384  INFO 24 AutoCompleteService | Sorted 2 autocomplete results. (6ms)
2026-07-30 18:57:06.8503  INFO 32 SyncClient | New last known milestones: {"itemMilestone":"180885"}
2026-07-30 18:57:06.8511  INFO 32 SyncClient | Found 1 items to submit for VisualFilterSyncItem
2026-07-30 18:57:06.8511  INFO 32 SyncClient | (Timed) Submitting 1 of 1 items.
2026-07-30 18:57:07.2574  INFO 32 SyncClient | (406ms) Submitting 1 of 1 items.
2026-07-30 18:57:07.2584  INFO 32 SyncClient | Integrated 1 successes, 0 conflicts, and 0 errors.
2026-07-30 18:57:07.2585  INFO 32 SyncClient | Downloading items for VisualFilterSyncItem
2026-07-30 18:57:07.3643  INFO 32 SyncClient | New last known milestones: {"permissionMilestone":"12355","itemMilestone":"1003518054"}
2026-07-30 18:57:07.3659  INFO 32 SyncManager | Finished requesting sync on all sync clients.
2026-07-30 18:57:07.3660  INFO 32 SyncManager | Requesting sync on all sync clients
2026-07-30 18:57:07.4291  INFO 32 SyncClient | Downloading items for HighlightingStyleSyncItem
2026-07-30 18:57:07.5252  INFO 32 SyncClient | New last known milestones: {"itemMilestone":"1002123013"}
2026-07-30 18:57:07.5700  INFO 32 SyncClient | Downloading items for HistorySyncItem
2026-07-30 18:57:07.6654  INFO 32 SyncClient | Unchanged last known milestones: {"itemMilestone":"180885"}
2026-07-30 18:57:07.6667  INFO 32 SyncManager | Finished requesting sync on all sync clients.
2026-07-30 18:57:08.0340  INFO 1 SearchPanel | Disconnecting from panel containing LLS:1.0.710
2026-07-30 18:57:08.3537  INFO 24 WebServiceClient | Checking for new license compared to W/"a5d72db1-ccfe-4785-a82b-0aad7de4d474"
2026-07-30 18:57:08.7566  INFO 24 WebServiceClient | License check revealed no new license version.
2026-07-30 18:57:11.4416  INFO 45 SimpleQueryUtility | (Timed) Performing section search
2026-07-30 18:57:11.4429  INFO 45 SimpleQueryUtility | (1ms) Performing section search
2026-07-30 18:57:11.4435  INFO 24 AutoCompleteService | Got 230 suggestions for 'l' (TextCompleterContext). (114ms)
2026-07-30 18:57:11.5207  INFO 24 AutoCompleteService | Sorted 230 autocomplete results. (77ms)
2026-07-30 18:57:11.8977  INFO 24 AutoCompleteService | Got 128 suggestions for 'le' (TextCompleterContext). (87ms)
2026-07-30 18:57:11.9773  INFO 24 AutoCompleteService | Sorted 128 autocomplete results. (79ms)
2026-07-30 18:57:12.4016  INFO 45 AutoCompleteService | Found 18 term suggestions. (38ms)
2026-07-30 18:57:12.4037  INFO 45 AutoCompleteService | Found 19 equivalent terms. (0ms)
2026-07-30 18:57:12.4043  INFO 45 AutoCompleteService | Grouped into 16 results. (0ms)
2026-07-30 18:57:12.4477  INFO 43 SimpleQueryUtility | (Timed) Performing section search
2026-07-30 18:57:12.4490  INFO 43 SimpleQueryUtility | (1ms) Performing section search
2026-07-30 18:57:12.4497  INFO 24 AutoCompleteService | Got 41 suggestions for 'lem' (TextCompleterContext). (88ms)
2026-07-30 18:57:12.5183  INFO 24 AutoCompleteService | Sorted 41 autocomplete results. (68ms)
2026-07-30 18:57:12.7355  INFO 47 AutoCompleteService | Found 5 term suggestions. (0ms)
2026-07-30 18:57:12.7362  INFO 47 AutoCompleteService | Found 5 equivalent terms. (0ms)
2026-07-30 18:57:12.7364  INFO 47 AutoCompleteService | Grouped into 5 results. (0ms)
2026-07-30 18:57:12.7453  INFO 44 SimpleQueryUtility | (Timed) Performing section search
2026-07-30 18:57:12.7461  INFO 44 SimpleQueryUtility | (1ms) Performing section search
2026-07-30 18:57:12.7472  INFO 44 SimpleQueryUtility | (Timed) Performing section search
2026-07-30 18:57:12.7476  INFO 44 SimpleQueryUtility | (0ms) Performing section search
2026-07-30 18:57:12.7495  INFO 44 SimpleQueryUtility | (Timed) Performing section search
2026-07-30 18:57:12.7500  INFO 44 SimpleQueryUtility | (0ms) Performing section search
2026-07-30 18:57:12.7507  INFO 44 SimpleQueryUtility | (Timed) Performing section search
2026-07-30 18:57:12.7511  INFO 44 SimpleQueryUtility | (0ms) Performing section search
2026-07-30 18:57:12.7516  INFO 44 SimpleQueryUtility | (Timed) Performing section search
2026-07-30 18:57:12.7518  INFO 44 SimpleQueryUtility | (0ms) Performing section search
2026-07-30 18:57:12.7524  INFO 44 SimpleQueryUtility | (Timed) Performing section search
2026-07-30 18:57:12.7526  INFO 44 SimpleQueryUtility | (0ms) Performing section search
2026-07-30 18:57:12.7533  INFO 44 SimpleQueryUtility | (Timed) Performing section search
2026-07-30 18:57:12.7535  INFO 44 SimpleQueryUtility | (0ms) Performing section search
2026-07-30 18:57:12.7537  INFO 44 SimpleQueryUtility | (Timed) Performing section search
2026-07-30 18:57:12.7537  INFO 44 SimpleQueryUtility | (0ms) Performing section search
2026-07-30 18:57:12.7541  INFO 44 SimpleQueryUtility | (Timed) Performing section search
2026-07-30 18:57:12.7544  INFO 44 SimpleQueryUtility | (0ms) Performing section search
2026-07-30 18:57:12.7549  INFO 44 SimpleQueryUtility | (Timed) Performing section search
2026-07-30 18:57:12.7550  INFO 44 SimpleQueryUtility | (0ms) Performing section search
2026-07-30 18:57:12.7560  INFO 44 SimpleQueryUtility | (Timed) Performing section search
2026-07-30 18:57:12.7579  INFO 44 SimpleQueryUtility | (2ms) Performing section search
2026-07-30 18:57:12.7585  INFO 44 SimpleQueryUtility | (Timed) Performing section search
2026-07-30 18:57:12.7588  INFO 44 SimpleQueryUtility | (0ms) Performing section search
2026-07-30 18:57:12.7592  INFO 44 SimpleQueryUtility | (Timed) Performing section search
2026-07-30 18:57:12.7593  INFO 44 SimpleQueryUtility | (0ms) Performing section search
2026-07-30 18:57:12.7596  INFO 44 SimpleQueryUtility | (Timed) Performing section search
2026-07-30 18:57:12.7597  INFO 44 SimpleQueryUtility | (0ms) Performing section search
2026-07-30 18:57:12.7601  INFO 44 SimpleQueryUtility | (Timed) Performing section search
2026-07-30 18:57:12.7602  INFO 44 SimpleQueryUtility | (0ms) Performing section search
2026-07-30 18:57:12.7608  INFO 44 SimpleQueryUtility | (Timed) Performing section search
2026-07-30 18:57:12.7610  INFO 44 SimpleQueryUtility | (0ms) Performing section search
2026-07-30 18:57:12.7613  INFO 44 SimpleQueryUtility | (Timed) Performing section search
2026-07-30 18:57:12.7615  INFO 44 SimpleQueryUtility | (0ms) Performing section search
2026-07-30 18:57:12.7621  INFO 44 SimpleQueryUtility | (Timed) Performing section search
2026-07-30 18:57:12.7624  INFO 44 SimpleQueryUtility | (0ms) Performing section search
2026-07-30 18:57:12.7627  INFO 44 SimpleQueryUtility | (Timed) Performing section search
2026-07-30 18:57:12.7629  INFO 44 SimpleQueryUtility | (0ms) Performing section search
2026-07-30 18:57:12.7634  INFO 44 SimpleQueryUtility | (Timed) Performing section search
2026-07-30 18:57:12.7635  INFO 44 SimpleQueryUtility | (0ms) Performing section search
2026-07-30 18:57:12.7636  INFO 44 SimpleQueryUtility | (Timed) Performing section search
2026-07-30 18:57:12.7636  INFO 44 SimpleQueryUtility | (0ms) Performing section search
2026-07-30 18:57:12.7641  INFO 44 SimpleQueryUtility | (Timed) Performing section search
2026-07-30 18:57:12.7643  INFO 44 SimpleQueryUtility | (0ms) Performing section search
2026-07-30 18:57:12.7646  INFO 44 SimpleQueryUtility | (Timed) Performing section search
2026-07-30 18:57:12.7647  INFO 44 SimpleQueryUtility | (0ms) Performing section search
2026-07-30 18:57:12.7650  INFO 44 SimpleQueryUtility | (Timed) Performing section search
2026-07-30 18:57:12.7651  INFO 44 SimpleQueryUtility | (0ms) Performing section search
2026-07-30 18:57:12.7655  INFO 44 SimpleQueryUtility | (Timed) Performing section search
2026-07-30 18:57:12.7656  INFO 44 SimpleQueryUtility | (0ms) Performing section search
2026-07-30 18:57:12.7656  INFO 44 SimpleQueryUtility | (Timed) Performing section search
2026-07-30 18:57:12.7656  INFO 44 SimpleQueryUtility | (0ms) Performing section search
2026-07-30 18:57:12.7670  INFO 44 SimpleQueryUtility | (Timed) Performing section search
2026-07-30 18:57:12.7671  INFO 44 SimpleQueryUtility | (0ms) Performing section search
2026-07-30 18:57:12.7676  INFO 44 SimpleQueryUtility | (Timed) Performing section search
2026-07-30 18:57:12.7677  INFO 44 SimpleQueryUtility | (0ms) Performing section search
2026-07-30 18:57:12.7678  INFO 44 SimpleQueryUtility | (Timed) Performing section search
2026-07-30 18:57:12.7679  INFO 44 SimpleQueryUtility | (0ms) Performing section search
2026-07-30 18:57:12.7682  INFO 44 SimpleQueryUtility | (Timed) Performing section search
2026-07-30 18:57:12.7683  INFO 44 SimpleQueryUtility | (0ms) Performing section search
2026-07-30 18:57:12.7684  INFO 44 SimpleQueryUtility | (Timed) Performing section search
2026-07-30 18:57:12.7685  INFO 44 SimpleQueryUtility | (0ms) Performing section search
2026-07-30 18:57:12.7687  INFO 44 SimpleQueryUtility | (Timed) Performing section search
2026-07-30 18:57:12.7688  INFO 44 SimpleQueryUtility | (0ms) Performing section search
2026-07-30 18:57:12.7689  INFO 44 SimpleQueryUtility | (Timed) Performing section search
2026-07-30 18:57:12.7689  INFO 44 SimpleQueryUtility | (0ms) Performing section search
2026-07-30 18:57:12.7694  INFO 44 SimpleQueryUtility | (Timed) Performing section search
2026-07-30 18:57:12.7695  INFO 44 SimpleQueryUtility | (0ms) Performing section search
2026-07-30 18:57:12.7698  INFO 44 SimpleQueryUtility | (Timed) Performing section search
2026-07-30 18:57:12.7699  INFO 44 SimpleQueryUtility | (0ms) Performing section search
2026-07-30 18:57:12.7701  INFO 44 SimpleQueryUtility | (Timed) Performing section search
2026-07-30 18:57:12.7702  INFO 44 SimpleQueryUtility | (0ms) Performing section search
2026-07-30 18:57:12.7706  INFO 44 SimpleQueryUtility | (Timed) Performing section search
2026-07-30 18:57:12.7707  INFO 44 SimpleQueryUtility | (0ms) Performing section search
2026-07-30 18:57:12.7709  INFO 44 SimpleQueryUtility | (Timed) Performing section search
2026-07-30 18:57:12.7710  INFO 44 SimpleQueryUtility | (0ms) Performing section search
2026-07-30 18:57:12.7712  INFO 44 SimpleQueryUtility | (Timed) Performing section search
2026-07-30 18:57:12.7713  INFO 44 SimpleQueryUtility | (0ms) Performing section search
2026-07-30 18:57:12.7714  INFO 44 SimpleQueryUtility | (Timed) Performing section search
2026-07-30 18:57:12.7714  INFO 44 SimpleQueryUtility | (0ms) Performing section search
2026-07-30 18:57:12.7717  INFO 44 SimpleQueryUtility | (Timed) Performing section search
2026-07-30 18:57:12.7718  INFO 44 SimpleQueryUtility | (0ms) Performing section search
2026-07-30 18:57:12.7720  INFO 44 SimpleQueryUtility | (Timed) Performing section search
2026-07-30 18:57:12.7721  INFO 44 SimpleQueryUtility | (0ms) Performing section search
2026-07-30 18:57:12.8322  INFO 24 AutoCompleteService | Got 19 suggestions for 'lemm' (TextCompleterContext). (97ms)
2026-07-30 18:57:12.8747  INFO 24 AutoCompleteService | Sorted 19 autocomplete results. (42ms)
2026-07-30 18:57:12.9539  INFO 43 AutoCompleteService | Found 5 term suggestions. (0ms)
2026-07-30 18:57:12.9540  INFO 43 AutoCompleteService | Found 5 equivalent terms. (0ms)
2026-07-30 18:57:12.9541  INFO 43 AutoCompleteService | Grouped into 5 results. (0ms)
2026-07-30 18:57:12.9571  INFO 40 SimpleQueryUtility | (Timed) Performing section search
2026-07-30 18:57:12.9571  INFO 40 SimpleQueryUtility | (0ms) Performing section search
2026-07-30 18:57:12.9572  INFO 40 SimpleQueryUtility | (Timed) Performing section search
2026-07-30 18:57:12.9572  INFO 40 SimpleQueryUtility | (0ms) Performing section search
2026-07-30 18:57:12.9574  INFO 40 SimpleQueryUtility | (Timed) Performing section search
2026-07-30 18:57:12.9574  INFO 40 SimpleQueryUtility | (0ms) Performing section search
2026-07-30 18:57:12.9575  INFO 40 SimpleQueryUtility | (Timed) Performing section search
2026-07-30 18:57:12.9575  INFO 40 SimpleQueryUtility | (0ms) Performing section search
2026-07-30 18:57:12.9576  INFO 40 SimpleQueryUtility | (Timed) Performing section search
2026-07-30 18:57:12.9576  INFO 40 SimpleQueryUtility | (0ms) Performing section search
2026-07-30 18:57:12.9577  INFO 40 SimpleQueryUtility | (Timed) Performing section search
2026-07-30 18:57:12.9577  INFO 40 SimpleQueryUtility | (0ms) Performing section search
2026-07-30 18:57:12.9578  INFO 40 SimpleQueryUtility | (Timed) Performing section search
2026-07-30 18:57:12.9578  INFO 40 SimpleQueryUtility | (0ms) Performing section search
2026-07-30 18:57:12.9579  INFO 40 SimpleQueryUtility | (Timed) Performing section search
2026-07-30 18:57:12.9579  INFO 40 SimpleQueryUtility | (0ms) Performing section search
2026-07-30 18:57:12.9580  INFO 40 SimpleQueryUtility | (Timed) Performing section search
2026-07-30 18:57:12.9580  INFO 40 SimpleQueryUtility | (0ms) Performing section search
2026-07-30 18:57:12.9581  INFO 40 SimpleQueryUtility | (Timed) Performing section search
2026-07-30 18:57:12.9581  INFO 40 SimpleQueryUtility | (0ms) Performing section search
2026-07-30 18:57:12.9582  INFO 40 SimpleQueryUtility | (Timed) Performing section search
2026-07-30 18:57:12.9582  INFO 40 SimpleQueryUtility | (0ms) Performing section search
2026-07-30 18:57:12.9582  INFO 40 SimpleQueryUtility | (Timed) Performing section search
2026-07-30 18:57:12.9583  INFO 40 SimpleQueryUtility | (0ms) Performing section search
2026-07-30 18:57:12.9583  INFO 40 SimpleQueryUtility | (Timed) Performing section search
2026-07-30 18:57:12.9583  INFO 40 SimpleQueryUtility | (0ms) Performing section search
2026-07-30 18:57:12.9584  INFO 40 SimpleQueryUtility | (Timed) Performing section search
2026-07-30 18:57:12.9584  INFO 40 SimpleQueryUtility | (0ms) Performing section search
2026-07-30 18:57:12.9601  INFO 40 SimpleQueryUtility | (Timed) Performing section search
2026-07-30 18:57:12.9601  INFO 40 SimpleQueryUtility | (0ms) Performing section search
2026-07-30 18:57:12.9602  INFO 40 SimpleQueryUtility | (Timed) Performing section search
2026-07-30 18:57:12.9602  INFO 40 SimpleQueryUtility | (0ms) Performing section search
2026-07-30 18:57:12.9603  INFO 40 SimpleQueryUtility | (Timed) Performing section search
2026-07-30 18:57:12.9603  INFO 40 SimpleQueryUtility | (0ms) Performing section search
2026-07-30 18:57:12.9604  INFO 40 SimpleQueryUtility | (Timed) Performing section search
2026-07-30 18:57:12.9604  INFO 40 SimpleQueryUtility | (0ms) Performing section search
2026-07-30 18:57:12.9605  INFO 40 SimpleQueryUtility | (Timed) Performing section search
2026-07-30 18:57:12.9605  INFO 40 SimpleQueryUtility | (0ms) Performing section search
2026-07-30 18:57:12.9606  INFO 40 SimpleQueryUtility | (Timed) Performing section search
2026-07-30 18:57:12.9606  INFO 40 SimpleQueryUtility | (0ms) Performing section search
2026-07-30 18:57:13.0237  INFO 24 AutoCompleteService | Got 8 suggestions for 'lemma' (TextCompleterContext). (70ms)
2026-07-30 18:57:13.0426  INFO 24 AutoCompleteService | Sorted 8 autocomplete results. (18ms)
2026-07-30 18:57:13.4498  INFO 41 AutoCompleteService | Found 5 term suggestions. (0ms)
2026-07-30 18:57:13.4501  INFO 41 AutoCompleteService | Found 5 equivalent terms. (0ms)
2026-07-30 18:57:13.4502  INFO 41 AutoCompleteService | Grouped into 5 results. (0ms)
2026-07-30 18:57:13.4522  INFO 47 SimpleQueryUtility | (Timed) Performing section search
2026-07-30 18:57:13.4523  INFO 47 SimpleQueryUtility | (0ms) Performing section search
2026-07-30 18:57:13.4526  INFO 47 SimpleQueryUtility | (Timed) Performing section search
2026-07-30 18:57:13.4526  INFO 47 SimpleQueryUtility | (0ms) Performing section search
2026-07-30 18:57:13.4528  INFO 47 SimpleQueryUtility | (Timed) Performing section search
2026-07-30 18:57:13.4529  INFO 47 SimpleQueryUtility | (0ms) Performing section search
2026-07-30 18:57:13.4532  INFO 47 SimpleQueryUtility | (Timed) Performing section search
2026-07-30 18:57:13.4532  INFO 47 SimpleQueryUtility | (0ms) Performing section search
2026-07-30 18:57:13.4534  INFO 47 SimpleQueryUtility | (Timed) Performing section search
2026-07-30 18:57:13.4534  INFO 47 SimpleQueryUtility | (0ms) Performing section search
2026-07-30 18:57:13.4573  INFO 47 SimpleQueryUtility | (Timed) Performing section search
2026-07-30 18:57:13.4573  INFO 47 SimpleQueryUtility | (0ms) Performing section search
2026-07-30 18:57:13.4577  INFO 47 SimpleQueryUtility | (Timed) Performing section search
2026-07-30 18:57:13.4577  INFO 47 SimpleQueryUtility | (0ms) Performing section search
2026-07-30 18:57:13.4579  INFO 47 SimpleQueryUtility | (Timed) Performing section search
2026-07-30 18:57:13.4579  INFO 47 SimpleQueryUtility | (0ms) Performing section search
2026-07-30 18:57:13.4581  INFO 47 SimpleQueryUtility | (Timed) Performing section search
2026-07-30 18:57:13.4581  INFO 47 SimpleQueryUtility | (0ms) Performing section search
2026-07-30 18:57:13.4582  INFO 47 SimpleQueryUtility | (Timed) Performing section search
2026-07-30 18:57:13.4583  INFO 47 SimpleQueryUtility | (0ms) Performing section search
2026-07-30 18:57:13.4584  INFO 47 SimpleQueryUtility | (Timed) Performing section search
2026-07-30 18:57:13.4584  INFO 47 SimpleQueryUtility | (0ms) Performing section search
2026-07-30 18:57:13.4585  INFO 47 SimpleQueryUtility | (Timed) Performing section search
2026-07-30 18:57:13.4585  INFO 47 SimpleQueryUtility | (0ms) Performing section search
2026-07-30 18:57:13.4587  INFO 47 SimpleQueryUtility | (Timed) Performing section search
2026-07-30 18:57:13.4587  INFO 47 SimpleQueryUtility | (0ms) Performing section search
2026-07-30 18:57:13.4588  INFO 47 SimpleQueryUtility | (Timed) Performing section search
2026-07-30 18:57:13.4588  INFO 47 SimpleQueryUtility | (0ms) Performing section search
2026-07-30 18:57:13.4590  INFO 47 SimpleQueryUtility | (Timed) Performing section search
2026-07-30 18:57:13.4590  INFO 47 SimpleQueryUtility | (0ms) Performing section search
2026-07-30 18:57:13.4592  INFO 47 SimpleQueryUtility | (Timed) Performing section search
2026-07-30 18:57:13.4592  INFO 47 SimpleQueryUtility | (0ms) Performing section search
2026-07-30 18:57:13.4593  INFO 47 SimpleQueryUtility | (Timed) Performing section search
2026-07-30 18:57:13.4593  INFO 47 SimpleQueryUtility | (0ms) Performing section search
2026-07-30 18:57:13.4595  INFO 47 SimpleQueryUtility | (Timed) Performing section search
2026-07-30 18:57:13.4595  INFO 47 SimpleQueryUtility | (0ms) Performing section search
2026-07-30 18:57:13.4596  INFO 47 SimpleQueryUtility | (Timed) Performing section search
2026-07-30 18:57:13.4599  INFO 47 SimpleQueryUtility | (0ms) Performing section search
2026-07-30 18:57:13.4626  INFO 47 SimpleQueryUtility | (Timed) Performing section search
2026-07-30 18:57:13.4626  INFO 47 SimpleQueryUtility | (0ms) Performing section search
2026-07-30 18:57:13.5396  INFO 24 AutoCompleteService | Got 8 suggestions for 'lemma.' (TextCompleterContext). (90ms)
2026-07-30 18:57:13.5523  INFO 24 AutoCompleteService | Sorted 8 autocomplete results. (12ms)
2026-07-30 18:57:13.9450  INFO 64 SimpleQueryUtility | (Timed) Performing section search
2026-07-30 18:57:13.9455  INFO 64 SimpleQueryUtility | (1ms) Performing section search
2026-07-30 18:57:13.9563  INFO 45 AutoCompleteService | Found 1 term suggestions. (0ms)
2026-07-30 18:57:13.9575  INFO 45 AutoCompleteService | Found 1 equivalent terms. (0ms)
2026-07-30 18:57:13.9575  INFO 45 AutoCompleteService | Grouped into 1 results. (0ms)
2026-07-30 18:57:14.0025  INFO 24 AutoCompleteService | Got 1 suggestions for 'lemma.h' (TextCompleterContext). (91ms)
2026-07-30 18:57:14.0041  INFO 24 AutoCompleteService | Sorted 1 autocomplete results. (1ms)
2026-07-30 18:57:14.7230  INFO 44 AutoCompleteService | Got 0 suggestions for '' (DataTypeReferenceCompleterContext). (0ms)
2026-07-30 18:57:14.7231  INFO 44 AutoCompleteService | Sorted 0 autocomplete results. (0ms)
2026-07-30 18:57:15.8661  INFO 44 AutoCompleteService | Found 0 term suggestions. (1ms)
2026-07-30 18:57:15.8662  INFO 44 AutoCompleteService | Found 0 equivalent terms. (0ms)
2026-07-30 18:57:15.8663  INFO 44 AutoCompleteService | Grouped into 0 results. (0ms)
2026-07-30 18:57:15.8826  INFO 64 AutoCompleteService | Got 24 suggestions for 'malak' (DataTypeReferenceCompleterContext). (22ms)
2026-07-30 18:57:15.9457  INFO 45 AutoCompleteService | Sorted 24 autocomplete results. (63ms)
2026-07-30 18:57:21.7057  INFO 1 PanelViewModel | Got Search panel settings for Bookmark: AllSynopsisIsExpanded=false|AllYourBooksSuggestionSeenCount=5|BibleAiBibleSearchNotificationSeenOnce=true|BibleDocumentLevel=verse|BibleEngine=Lexical|BibleMatchAllWordForms=true|BibleMatchCase=false|BibleMatchEquivalentReferences=true|BibleMatchRelatedTerms=false|BibleMultiViewEnabled=false|BibleMu
2026-07-30 18:57:21.7059  INFO 1 PanelViewModel | Got Search panel settings for History: AllSynopsisIsExpanded=false|AllYourBooksSuggestionSeenCount=5|BibleAiBibleSearchNotificationSeenOnce=true|BibleDocumentLevel=verse|BibleEngine=Lexical|BibleMatchAllWordForms=true|BibleMatchCase=false|BibleMatchEquivalentReferences=true|BibleMatchRelatedTerms=false|BibleMultiViewEnabled=false|BibleMu
2026-07-30 18:57:21.7122  WARN 45 HistoryManager | History item with id = 30d4f0fd-b21b-4b85-afca-b006fc9cafa7 has overly large bookmark and will not be synced.
2026-07-30 18:57:21.7123  INFO 40 SearchPanel | Starting Bible search for query: Libronix.DigitalLibrary.Searching.Query
2026-07-30 18:57:21.7139  INFO 44 BibleStudySearchPanelComponentInteropRequestHandler | Received getInitialSearchResults request for SearchId: e58652ac489f46e6bd6886daa7d67b31
2026-07-30 18:57:21.7183  INFO 44 LibrarySearcher | (Timed) Searching ResourceList for: lemma.h:מַלְאָךְ
2026-07-30 18:57:21.7202  INFO 44 SimpleQueryUtility | (Timed) Performing section search
2026-07-30 18:57:21.7209  INFO 44 SimpleQueryUtility | (1ms) Performing section search
2026-07-30 18:57:21.7213  INFO 44 LibrarySearcher | (3ms) Searching ResourceList for: lemma.h:מַלְאָךְ
2026-07-30 18:57:21.7300  INFO 44 LibrarySearcher | (Timed) Searching SingleResource for: lemma.h:מַלְאָךְ
2026-07-30 18:57:21.7311  INFO 44 SimpleQueryUtility | (Timed) Performing section search
2026-07-30 18:57:21.7312  INFO 44 SimpleQueryUtility | (0ms) Performing section search
2026-07-30 18:57:21.7316  INFO 44 LibrarySearcher | (1ms) Searching SingleResource for: lemma.h:מַלְאָךְ
2026-07-30 18:57:21.7944  INFO 44 BibleStudySearchPanelComponentInteropRequestHandler | Returning initial search results for SearchId: e58652ac489f46e6bd6886daa7d67b31; query: lemma.h:מַלְאָךְ
2026-07-30 18:57:21.7956  INFO 1 SearchPanel | First panel containing LLS:1.0.710 opened; creating visual filter data.
2026-07-30 18:57:21.7957  INFO 40 LibrarySearcher | (Timed) Searching SingleResource for: lemma.h:מַלְאָךְ
2026-07-30 18:57:21.7963  INFO 40 SimpleQueryUtility | (Timed) Performing section search
2026-07-30 18:57:21.7964  INFO 40 SimpleQueryUtility | (0ms) Performing section search
2026-07-30 18:57:21.7966  INFO 40 LibrarySearcher | (1ms) Searching SingleResource for: lemma.h:מַלְאָךְ
2026-07-30 18:57:23.7133  INFO 1 PanelViewModel | Got Search panel settings for Preferences: AllSynopsisIsExpanded=false|AllYourBooksSuggestionSeenCount=5|BibleAiBibleSearchNotificationSeenOnce=true|BibleDocumentLevel=verse|BibleEngine=Lexical|BibleMatchAllWordForms=true|BibleMatchCase=false|BibleMatchEquivalentReferences=true|BibleMatchRelatedTerms=false|BibleMultiViewEnabled=false|BibleMu
2026-07-30 18:57:33.2798  INFO 1 PanelViewModel | Got VisualMarkup panel settings for Preferences: CollapsedGroupNames=Solid%2520Colors;Emphasis%2520Markup;Highlighter%2520Pens;Inductive%252fPrecept;Chesed;Labels;Morph;Name%2520%2526%2520Titles%2520of%2520God;Nazirite;New%2520Testament%2520Use%2520of%2520the%2520Old%2520Testament%253a%2520Allusion;Rachamim;Weights%2520%2526%2520Measures|StyleName
2026-07-30 18:57:38.9572  INFO 41 ClientNotesApi | Got 1 notebooks, e.g. 3831c548da4d403da7e1511203d57764. (0ms)
2026-07-30 18:57:38.9572  INFO 10 ClientNotesApi | Got 1 notebooks, e.g. 388767e268c442e28e8f7de80cb14312. (0ms)
2026-07-30 18:57:38.9576  INFO 10 ClientNotesApi | Got 1 notebooks, e.g. 7ca317130c67485999171c4a59448c07. (0ms)
2026-07-30 18:57:39.4891  INFO 1 VisualMarkupUnknownStyle | Creating a visual markup unknown style for style path OL Words/Angel
2026-07-30 18:57:43.1074  INFO 1 PanelViewModel | Got VisualMarkup panel settings for Preferences: CollapsedGroupNames=Solid%2520Colors;Emphasis%2520Markup;Highlighter%2520Pens;Inductive%252fPrecept;Chesed;Labels;Morph;Name%2520%2526%2520Titles%2520of%2520God;Nazirite;New%2520Testament%2520Use%2520of%2520the%2520Old%2520Testament%253a%2520Allusion;Rachamim;Weights%2520%2526%2520Measures|StyleName
2026-07-30 18:57:57.4281  INFO 32 SyncManager | Requesting sync on all sync clients
2026-07-30 18:57:57.5162  INFO 32 SyncClient | Found 3 items to submit for PreferencesSyncItem
2026-07-30 18:57:57.5163  INFO 32 SyncClient | (Timed) Submitting 3 of 3 items.
2026-07-30 18:57:58.2040  INFO 32 SyncClient | (688ms) Submitting 3 of 3 items.
2026-07-30 18:57:58.2044  INFO 32 SyncClient | Integrated 3 successes, 0 conflicts, and 0 errors.
2026-07-30 18:57:58.2045  INFO 32 SyncClient | Downloading items for PreferencesSyncItem
2026-07-30 18:57:58.3033  INFO 32 SyncClient | New last known milestones: {"itemMilestone":"418981"}
2026-07-30 18:57:58.3062  INFO 32 SyncClient | Found 1 items to submit for HighlightingStyleSyncItem
2026-07-30 18:57:58.3062  INFO 32 SyncClient | (Timed) Submitting 1 of 1 items.
2026-07-30 18:57:58.4478  INFO 32 SyncClient | (142ms) Submitting 1 of 1 items.
2026-07-30 18:57:58.4480  INFO 32 SyncClient | Integrated 1 successes, 0 conflicts, and 0 errors.
2026-07-30 18:57:58.4480  INFO 32 SyncClient | Downloading items for HighlightingStyleSyncItem
2026-07-30 18:57:58.5516  INFO 32 SyncClient | New last known milestones: {"itemMilestone":"1002123014"}
2026-07-30 18:57:58.6557  INFO 32 SyncClient | Found 1 items to submit for HistorySyncItem
2026-07-30 18:57:58.6557  INFO 32 SyncClient | (Timed) Submitting 1 of 1 items.
2026-07-30 18:57:58.7718  INFO 32 SyncClient | (116ms) Submitting 1 of 1 items.
2026-07-30 18:57:58.7719  INFO 32 SyncClient | Integrated 1 successes, 0 conflicts, and 0 errors.
2026-07-30 18:57:58.7721  INFO 32 SyncClient | Downloading items for HistorySyncItem
2026-07-30 18:57:58.8641  INFO 32 SyncClient | New last known milestones: {"itemMilestone":"180886"}
2026-07-30 18:57:58.8687  INFO 32 SyncManager | Finished requesting sync on all sync clients.
2026-07-30 18:58:07.2081  INFO 32 SyncManager | Requesting sync on all sync clients
2026-07-30 18:58:07.2721  INFO 32 SyncClient | Downloading items for PreferencesSyncItem
2026-07-30 18:58:07.6376  INFO 32 SyncClient | Unchanged last known milestones: {"itemMilestone":"418981"}
2026-07-30 18:58:07.6382  INFO 32 SyncClient | Downloading items for HighlightingStyleSyncItem
2026-07-30 18:58:07.9978  INFO 32 SyncClient | Unchanged last known milestones: {"itemMilestone":"1002123014"}
2026-07-30 18:58:08.0607  INFO 32 SyncClient | Downloading items for HistorySyncItem
2026-07-30 18:58:08.4140  INFO 32 SyncClient | Unchanged last known milestones: {"itemMilestone":"180886"}
2026-07-30 18:58:08.4156  INFO 32 SyncClient | Downloading items for VisualFilterSyncItem
2026-07-30 18:58:08.7576  INFO 62 WebServiceClient | Checking for new license compared to W/"a5d72db1-ccfe-4785-a82b-0aad7de4d474"
2026-07-30 18:58:08.8267  INFO 32 SyncClient | New last known milestones: {"permissionMilestone":"12355","itemMilestone":"1003518056"}
2026-07-30 18:58:08.8279  INFO 32 SyncManager | Finished requesting sync on all sync clients.
2026-07-30 18:58:08.8279  INFO 32 SyncManager | Requesting sync on all sync clients
2026-07-30 18:58:08.9200  INFO 32 SyncManager | Finished requesting sync on all sync clients.
2026-07-30 18:58:09.1514  INFO 62 WebServiceClient | License check revealed no new license version.
2026-07-30 18:58:37.5445  INFO 32 SyncManager | Requesting sync on all sync clients
2026-07-30 18:58:37.6488  INFO 32 SyncClient | Found 1 items to submit for HistorySyncItem
2026-07-30 18:58:37.6489  INFO 32 SyncClient | (Timed) Submitting 1 of 1 items.
2026-07-30 18:58:37.7656  INFO 32 SyncClient | (117ms) Submitting 1 of 1 items.
2026-07-30 18:58:37.7657  INFO 32 SyncClient | Integrated 1 successes, 0 conflicts, and 0 errors.
2026-07-30 18:58:37.7659  INFO 32 SyncClient | Downloading items for HistorySyncItem
2026-07-30 18:58:37.8610  INFO 32 SyncClient | New last known milestones: {"itemMilestone":"180887"}
2026-07-30 18:58:37.8633  INFO 32 SyncManager | Finished requesting sync on all sync clients.
2026-07-30 18:59:06.9179  INFO 1 ClientNotesApi | Changed note styles. (58ms)
2026-07-30 18:59:06.9742  INFO 44 ClientNotesApi | Got 1 notebooks, e.g. 3831c548da4d403da7e1511203d57764. (0ms)
2026-07-30 18:59:06.9742  INFO 62 ClientNotesApi | Got 1 notebooks, e.g. 388767e268c442e28e8f7de80cb14312. (0ms)
2026-07-30 18:59:06.9769  INFO 62 ClientNotesApi | Got 1 notebooks, e.g. 7ca317130c67485999171c4a59448c07. (0ms)
2026-07-30 18:59:07.5060  INFO 71 ClientNotesApi | Got 1 notebooks, e.g. 388767e268c442e28e8f7de80cb14312. (0ms)
2026-07-30 18:59:07.5060  INFO 66 ClientNotesApi | Got 1 notebooks, e.g. 3831c548da4d403da7e1511203d57764. (0ms)
2026-07-30 18:59:07.5062  INFO 66 ClientNotesApi | Got 1 notebooks, e.g. 7ca317130c67485999171c4a59448c07. (0ms)
2026-07-30 18:59:07.5087  INFO 1 VisualMarkupUnknownStyle | Creating a visual markup unknown style for style path OL Words/Angel
2026-07-30 18:59:07.5935  INFO 32 SyncManager | Requesting sync on all sync clients
2026-07-30 18:59:07.6380  INFO 32 SyncClient | Found 1 items to submit for HighlightingStyleSyncItem
2026-07-30 18:59:07.6380  INFO 32 SyncClient | (Timed) Submitting 1 of 1 items.
2026-07-30 18:59:07.7794  INFO 32 SyncClient | (141ms) Submitting 1 of 1 items.
2026-07-30 18:59:07.7795  INFO 32 SyncClient | Integrated 1 successes, 0 conflicts, and 0 errors.
2026-07-30 18:59:07.7796  INFO 32 SyncClient | Downloading items for HighlightingStyleSyncItem
2026-07-30 18:59:07.8756  INFO 32 SyncClient | New last known milestones: {"itemMilestone":"1002123016"}
2026-07-30 18:59:07.9260  INFO 32 SyncClient | Found 2 items to submit for HistorySyncItem
2026-07-30 18:59:07.9261  INFO 32 SyncClient | (Timed) Submitting 2 of 2 items.
2026-07-30 18:59:08.0440  INFO 32 SyncClient | (118ms) Submitting 2 of 2 items.
2026-07-30 18:59:08.0441  INFO 32 SyncClient | Integrated 2 successes, 0 conflicts, and 0 errors.
2026-07-30 18:59:08.0443  INFO 32 SyncClient | Downloading items for HistorySyncItem
2026-07-30 18:59:08.1364  INFO 32 SyncClient | New last known milestones: {"itemMilestone":"180888"}
2026-07-30 18:59:08.1391  INFO 32 SyncManager | Finished requesting sync on all sync clients.
2026-07-30 18:59:09.1667  INFO 51 WebServiceClient | Checking for new license compared to W/"a5d72db1-ccfe-4785-a82b-0aad7de4d474"
2026-07-30 18:59:09.5492  INFO 71 WebServiceClient | License check revealed no new license version.
2026-07-30 18:59:15.6441  INFO 1 LDLS4.AppModel | Converting navigation request for resource LLS:1.0.710 to request for resource panel.
2026-07-30 18:59:15.6445  INFO 1 PanelViewModel | Navigating Resource panel to: HeadwordLanguage=|Id=LLS:1.0.710|Milestone=DataType%3dbible+esv%7cResource%3dLLS:1.0.710%7cStartSegment%3d1108847%7cVersion%3d2026-02-17T13:55:29Z|Reference=bible+esv.1.16.7|SourcePanelId=b6ba8878-f28d-463f-b313-62f58f40d9b0
2026-07-30 18:59:15.6446  INFO 1 PanelViewModel | Got Resource panel settings for History: Id=LLS:1.0.710|Milestone=DataType%3dbible+esv%7cResource%3dLLS:1.0.710%7cStartSegment%3d4425206%7cVersion%3d2026-02-17T13:55:29Z|Position=res/LLS:1.0.710/2026-02-17T13:55:29Z/4425206|Reference=bible+esv.61.12.32
2026-07-30 18:59:15.6446  INFO 1 PanelViewModel | Applying Resource panel settings for Bookmark: HeadwordLanguage=|Id=LLS:1.0.710|Milestone=DataType%3dbible+esv%7cResource%3dLLS:1.0.710%7cStartSegment%3d1108847%7cVersion%3d2026-02-17T13:55:29Z|Reference=bible+esv.1.16.7|SourcePanelId=b6ba8878-f28d-463f-b313-62f58f40d9b0
2026-07-30 18:59:15.6521  INFO 44 BkIndicatorVisualFilterBase | Calculated markup for LLS:1.0.710 1107837:2239. (4ms)
2026-07-30 18:59:15.6527  INFO 46 BkIndicatorVisualFilterBase | Calculated markup for LLS:1.0.710 1107837:2239. (5ms)
2026-07-30 18:59:15.6561  INFO 51 ActiveWordNumbersVisualFilter | Calculated markup for LLS:1.0.710 1107837:2239. (8ms)
2026-07-30 18:59:15.6642  INFO 1 PanelViewModel | Got Resource panel settings for History: Id=LLS:1.0.710|Milestone=DataType%3dbible+esv%7cResource%3dLLS:1.0.710%7cStartSegment%3d1108847%7cVersion%3d2026-02-17T13:55:29Z|Position=res/LLS:1.0.710/2026-02-17T13:55:29Z/1108847|Reference=bible+esv.1.16.7
2026-07-30 18:59:15.6724  INFO 71 CorrespondingWordsUserVisualFilter | Calculated markup for LLS:1.0.710 1107837:2239. (24ms)
2026-07-30 18:59:15.6910  INFO 22 AtlasMapsVisualFilter | Calculated markup for LLS:1.0.710 1107837:2239. (43ms)
2026-07-30 18:59:15.7459  INFO 1 ParallelResourceSetsViewModel | Found 96 parallel resources in 1 sets. (82ms)
2026-07-30 18:59:16.7612  INFO 71 VerseOfTheDayVisualFilter | Calculated markup for LLS:1.0.710 1107837:2239. (1113ms)
2026-07-30 18:59:17.7460  INFO 1 PanelViewModel | Got Resource panel settings for Preferences: ActiveLeftSidebarNavigationItem=Contents|ActiveRightSidebarNavigationItem=Insights|AreInterlinearsVisible=false|Locator=false|MultiViewEnabled=true|MultiViewLayoutIsVertical=false|ParallelResourceSetName=allparallelresources|ReverseInterlinear=true|ReverseInterlinearRows=Surface,MSS,Lemma,Morph,Stro
2026-07-30 18:59:18.3706  INFO 69 OtherMediaVisualFilter | Calculated markup for LLS:1.0.710 1107837:2239. (2723ms)
2026-07-30 18:59:20.4807  INFO 1 PanelViewModel | Got VisualMarkup panel settings for Preferences: CollapsedGroupNames=Solid%2520Colors;Emphasis%2520Markup;Highlighter%2520Pens;Inductive%252fPrecept;Chesed;Labels;Morph;Name%2520%2526%2520Titles%2520of%2520God;Nazirite;New%2520Testament%2520Use%2520of%2520the%2520Old%2520Testament%253a%2520Allusion;Rachamim;Weights%2520%2526%2520Measures|StyleName
2026-07-30 18:59:40.7788  INFO 44 ClientNotesApi | Found 44 notebooks. (7ms) {"sort":"title","notebookFields":["id","title","revision","created","modified","isTrashed","isDeleted","importId","noteCount","role","documentId"],"limit":10000,"userLanguage":"en-CA"}
2026-07-30 18:59:49.7701  INFO 32 SyncManager | Requesting sync on all sync clients
2026-07-30 18:59:49.8578  INFO 32 SyncClient | Found 3 items to submit for PreferencesSyncItem
2026-07-30 18:59:49.8579  INFO 32 SyncClient | (Timed) Submitting 3 of 3 items.
2026-07-30 18:59:50.2691  INFO 32 SyncClient | (411ms) Submitting 3 of 3 items.
2026-07-30 18:59:50.2694  INFO 32 SyncClient | Integrated 3 successes, 0 conflicts, and 0 errors.
2026-07-30 18:59:50.2695  INFO 32 SyncClient | Downloading items for PreferencesSyncItem
2026-07-30 18:59:50.3751  INFO 32 SyncClient | New last known milestones: {"itemMilestone":"418982"}
2026-07-30 18:59:50.4914  INFO 32 SyncClient | Found 4 items to submit for HistorySyncItem
2026-07-30 18:59:50.4916  INFO 32 SyncClient | (Timed) Submitting 4 of 4 items.
2026-07-30 18:59:50.6249  INFO 32 SyncClient | (133ms) Submitting 4 of 4 items.
2026-07-30 18:59:50.6251  INFO 32 SyncClient | Integrated 4 successes, 0 conflicts, and 0 errors.
2026-07-30 18:59:50.6254  INFO 32 SyncClient | Downloading items for HistorySyncItem
2026-07-30 18:59:50.7217  INFO 32 SyncClient | New last known milestones: {"itemMilestone":"180889"}
2026-07-30 18:59:50.7350  INFO 32 SyncClient | Found 1 items to submit for VisualFilterSyncItem
2026-07-30 18:59:50.7350  INFO 32 SyncClient | (Timed) Submitting 1 of 1 items.
2026-07-30 18:59:51.1317  INFO 32 SyncClient | (397ms) Submitting 1 of 1 items.
2026-07-30 18:59:51.1320  INFO 32 SyncClient | Integrated 1 successes, 0 conflicts, and 0 errors.
2026-07-30 18:59:51.1321  INFO 32 SyncClient | Downloading items for VisualFilterSyncItem
2026-07-30 18:59:51.2392  INFO 32 SyncClient | New last known milestones: {"permissionMilestone":"12355","itemMilestone":"1003518061"}
2026-07-30 18:59:51.2414  INFO 32 SyncManager | Finished requesting sync on all sync clients.
2026-07-30 18:59:56.2023  INFO 69 ClientNotesApi | Found 44 notebooks. (1ms) {"sort":"title","notebookFields":["id","title","revision","created","modified","isTrashed","isDeleted","importId","noteCount","role","documentId"],"limit":10000,"userLanguage":"en-CA"}
2026-07-30 19:00:05.1980  INFO 32 SyncManager | Requesting sync on all sync clients
2026-07-30 19:00:05.2907  INFO 32 SyncClient | Found 1 items to submit for HistorySyncItem
2026-07-30 19:00:05.2908  INFO 32 SyncClient | (Timed) Submitting 1 of 1 items.
2026-07-30 19:00:05.4049  INFO 32 SyncClient | (114ms) Submitting 1 of 1 items.
2026-07-30 19:00:05.4051  INFO 32 SyncClient | Integrated 1 successes, 0 conflicts, and 0 errors.
2026-07-30 19:00:05.4053  INFO 32 SyncClient | Downloading items for HistorySyncItem
2026-07-30 19:00:05.4972  INFO 32 SyncClient | New last known milestones: {"itemMilestone":"180890"}
2026-07-30 19:00:05.4990  INFO 32 SyncClient | Found 1 items to submit for VisualFilterSyncItem
2026-07-30 19:00:05.4991  INFO 32 SyncClient | (Timed) Submitting 1 of 1 items.
2026-07-30 19:00:05.6373  INFO 32 SyncClient | (138ms) Submitting 1 of 1 items.
2026-07-30 19:00:05.6378  INFO 32 SyncClient | Integrated 1 successes, 0 conflicts, and 0 errors.
2026-07-30 19:00:05.6379  INFO 32 SyncClient | Downloading items for VisualFilterSyncItem
2026-07-30 19:00:05.7438  INFO 32 SyncClient | New last known milestones: {"permissionMilestone":"12355","itemMilestone":"1003518063"}
2026-07-30 19:00:05.7454  INFO 32 SyncManager | Finished requesting sync on all sync clients.
2026-07-30 19:00:08.0028  INFO 32 SyncManager | Requesting sync on all sync clients
2026-07-30 19:00:08.0686  INFO 32 SyncClient | Downloading items for PreferencesSyncItem
2026-07-30 19:00:08.4392  INFO 32 SyncClient | Unchanged last known milestones: {"itemMilestone":"418982"}
2026-07-30 19:00:08.4396  INFO 32 SyncClient | Downloading items for HighlightingStyleSyncItem
2026-07-30 19:00:08.8163  INFO 32 SyncClient | Unchanged last known milestones: {"itemMilestone":"1002123016"}
2026-07-30 19:00:08.8727  INFO 32 SyncClient | Downloading items for HistorySyncItem
2026-07-30 19:00:09.2696  INFO 32 SyncClient | Unchanged last known milestones: {"itemMilestone":"180890"}
2026-07-30 19:00:09.2711  INFO 32 SyncClient | Downloading items for VisualFilterSyncItem
2026-07-30 19:00:09.5516  INFO 44 WebServiceClient | Checking for new license compared to W/"a5d72db1-ccfe-4785-a82b-0aad7de4d474"
2026-07-30 19:00:09.6369  INFO 32 SyncClient | Unchanged last known milestones: {"permissionMilestone":"12355","itemMilestone":"1003518063"}
2026-07-30 19:00:09.6393  INFO 32 SyncManager | Finished requesting sync on all sync clients.
2026-07-30 19:00:09.6394  INFO 32 SyncManager | Requesting sync on all sync clients
2026-07-30 19:00:09.7345  INFO 32 SyncManager | Finished requesting sync on all sync clients.
2026-07-30 19:00:09.9315  INFO 44 WebServiceClient | License check revealed no new license version.
2026-07-30 19:00:12.7586  INFO 82 LibrarySearcher | (Timed) Searching SingleResource for: lemma.h:מַלְאָךְ
2026-07-30 19:00:12.7599  INFO 82 SimpleQueryUtility | (Timed) Performing section search
2026-07-30 19:00:12.7639  INFO 82 SimpleQueryUtility | (4ms) Performing section search
2026-07-30 19:00:12.7643  INFO 82 LibrarySearcher | (6ms) Searching SingleResource for: lemma.h:מַלְאָךְ
2026-07-30 19:00:12.7643  INFO 82 VisualFilterDocumentUserVisualFilterManager | Found 213 results in LLS:1.0.710 (5ms): lemma.h:מַלְאָךְ
2026-07-30 19:00:13.7619  INFO 82 ClientNotesApi | Found 44 notebooks. (1ms) {"sort":"title","notebookFields":["id","title","revision","created","modified","isTrashed","isDeleted","importId","noteCount","role","documentId"],"limit":10000,"userLanguage":"en-CA"}
2026-07-30 19:00:19.9917  INFO 71 BkIndicatorVisualFilterBase | Calculated markup for LLS:1.0.710 1110076:3745. (8ms)
2026-07-30 19:00:19.9925  INFO 80 BkIndicatorVisualFilterBase | Calculated markup for LLS:1.0.710 1110076:3745. (9ms)
2026-07-30 19:00:19.9926  INFO 44 ActiveWordNumbersVisualFilter | Calculated markup for LLS:1.0.710 1110076:3745. (9ms)
2026-07-30 19:00:20.0119  INFO 81 CorrespondingWordsUserVisualFilter | Calculated markup for LLS:1.0.710 1110076:3745. (29ms)
2026-07-30 19:00:20.0370  INFO 69 AtlasMapsVisualFilter | Calculated markup for LLS:1.0.710 1110076:3745. (54ms)
2026-07-30 19:00:20.3758  INFO 69 VerseOfTheDayVisualFilter | Calculated markup for LLS:1.0.710 1110076:3745. (393ms)
2026-07-30 19:00:24.1235  INFO 32 SyncManager | Requesting sync on all sync clients
2026-07-30 19:00:24.2234  INFO 81 OtherMediaVisualFilter | Calculated markup for LLS:1.0.710 1110076:3745. (4241ms)
2026-07-30 19:00:24.2317  INFO 32 SyncClient | Found 1 items to submit for HistorySyncItem
2026-07-30 19:00:24.2317  INFO 32 SyncClient | (Timed) Submitting 1 of 1 items.
2026-07-30 19:00:24.3481  INFO 32 SyncClient | (116ms) Submitting 1 of 1 items.
2026-07-30 19:00:24.3482  INFO 32 SyncClient | Integrated 1 successes, 0 conflicts, and 0 errors.
2026-07-30 19:00:24.3484  INFO 32 SyncClient | Downloading items for HistorySyncItem
2026-07-30 19:00:24.4432  INFO 32 SyncClient | New last known milestones: {"itemMilestone":"180891"}
2026-07-30 19:00:24.4441  INFO 32 SyncClient | Found 1 items to submit for VisualFilterSyncItem
2026-07-30 19:00:24.4441  INFO 32 SyncClient | (Timed) Submitting 1 of 1 items.
2026-07-30 19:00:24.6121  INFO 32 SyncClient | (168ms) Submitting 1 of 1 items.
2026-07-30 19:00:24.6124  INFO 32 SyncClient | Integrated 1 successes, 0 conflicts, and 0 errors.
2026-07-30 19:00:24.6125  INFO 32 SyncClient | Downloading items for VisualFilterSyncItem
2026-07-30 19:00:24.7091  INFO 32 SyncClient | New last known milestones: {"permissionMilestone":"12355","itemMilestone":"1003518064"}
2026-07-30 19:00:24.7098  INFO 32 SyncManager | Finished requesting sync on all sync clients.
2026-07-30 19:00:25.3059  INFO 1 PanelViewModel | Got Resource panel settings for Preferences: ActiveLeftSidebarNavigationItem=Contents|ActiveRightSidebarNavigationItem=Insights|AreInterlinearsVisible=false|Locator=false|MultiViewEnabled=true|MultiViewLayoutIsVertical=false|ParallelResourceSetName=allparallelresources|ReverseInterlinear=true|ReverseInterlinearRows=Surface,MSS,Lemma,Morph,Stro
2026-07-30 19:00:29.6186  INFO 1 LDLS4.AppModel | Converting navigation request for resource LLS:1.0.710 to request for resource panel.
2026-07-30 19:00:29.6196  INFO 1 PanelViewModel | Navigating Resource panel to: HeadwordLanguage=|Id=LLS:1.0.710|Milestone=DataType%3dbible+esv%7cResource%3dLLS:1.0.710%7cStartSegment%3d1181097%7cVersion%3d2026-02-17T13:55:29Z|Reference=bible+esv.1.32.3|SourcePanelId=b6ba8878-f28d-463f-b313-62f58f40d9b0
2026-07-30 19:00:29.6197  INFO 1 PanelViewModel | Got Resource panel settings for History: Id=LLS:1.0.710|Milestone=DataType%3dbible+esv%7cResource%3dLLS:1.0.710%7cStartSegment%3d1109317%7cVersion%3d2026-02-17T13:55:29Z|Position=res/LLS:1.0.710/2026-02-17T13:55:29Z/1109450|Reference=bible+esv.1.16.11
2026-07-30 19:00:29.6273  INFO 1 PanelViewModel | Applying Resource panel settings for Bookmark: HeadwordLanguage=|Id=LLS:1.0.710|Milestone=DataType%3dbible+esv%7cResource%3dLLS:1.0.710%7cStartSegment%3d1181097%7cVersion%3d2026-02-17T13:55:29Z|Reference=bible+esv.1.32.3|SourcePanelId=b6ba8878-f28d-463f-b313-62f58f40d9b0
2026-07-30 19:00:29.6359  INFO 71 BkIndicatorVisualFilterBase | Calculated markup for LLS:1.0.710 1180910:4253. (6ms)
2026-07-30 19:00:29.6394  INFO 80 BkIndicatorVisualFilterBase | Calculated markup for LLS:1.0.710 1180910:4253. (9ms)
2026-07-30 19:00:29.6411  INFO 82 ActiveWordNumbersVisualFilter | Calculated markup for LLS:1.0.710 1180910:4253. (11ms)
2026-07-30 19:00:29.6470  INFO 1 PanelViewModel | Got Resource panel settings for History: Id=LLS:1.0.710|Milestone=DataType%3dbible+esv%7cResource%3dLLS:1.0.710%7cStartSegment%3d1181097%7cVersion%3d2026-02-17T13:55:29Z|Position=res/LLS:1.0.710/2026-02-17T13:55:29Z/1181097|Reference=bible+esv.1.32.3
2026-07-30 19:00:29.6652  INFO 79 CorrespondingWordsUserVisualFilter | Calculated markup for LLS:1.0.710 1180910:4253. (35ms)
2026-07-30 19:00:29.6924  INFO 69 AtlasMapsVisualFilter | Calculated markup for LLS:1.0.710 1180910:4253. (62ms)
2026-07-30 19:00:29.7309  INFO 1 ParallelResourceSetsViewModel | Found 96 parallel resources in 1 sets. (84ms)
2026-07-30 19:00:29.9450  INFO 69 VerseOfTheDayVisualFilter | Calculated markup for LLS:1.0.710 1180910:4253. (315ms)
2026-07-30 19:00:31.7310  INFO 1 PanelViewModel | Got Resource panel settings for Preferences: ActiveLeftSidebarNavigationItem=Contents|ActiveRightSidebarNavigationItem=Insights|AreInterlinearsVisible=false|Locator=false|MultiViewEnabled=true|MultiViewLayoutIsVertical=false|ParallelResourceSetName=allparallelresources|ReverseInterlinear=true|ReverseInterlinearRows=Surface,MSS,Lemma,Morph,Stro
2026-07-30 19:00:34.1133  INFO 69 OtherMediaVisualFilter | Calculated markup for LLS:1.0.710 1180910:4253. (4483ms)
2026-07-30 19:00:36.0415  INFO 1 PanelViewModel | Got Resource panel settings for Preferences: ActiveLeftSidebarNavigationItem=Contents|ActiveRightSidebarNavigationItem=Insights|AreInterlinearsVisible=false|Locator=false|MultiViewEnabled=true|MultiViewLayoutIsVertical=false|ParallelResourceSetName=allparallelresources|ReverseInterlinear=true|ReverseInterlinearRows=Surface,MSS,Lemma,Morph,Stro
2026-07-30 19:00:39.6533  INFO 32 SyncManager | Requesting sync on all sync clients
2026-07-30 19:00:39.7384  INFO 32 SyncClient | Found 2 items to submit for PreferencesSyncItem
2026-07-30 19:00:39.7385  INFO 32 SyncClient | (Timed) Submitting 2 of 2 items.
2026-07-30 19:00:39.8598  INFO 32 SyncClient | (121ms) Submitting 2 of 2 items.
2026-07-30 19:00:39.8600  INFO 32 SyncClient | Integrated 2 successes, 0 conflicts, and 0 errors.
2026-07-30 19:00:39.8600  INFO 32 SyncClient | Downloading items for PreferencesSyncItem
2026-07-30 19:00:39.9588  INFO 32 SyncClient | New last known milestones: {"itemMilestone":"418983"}
2026-07-30 19:00:40.0681  INFO 32 SyncClient | Found 2 items to submit for HistorySyncItem
2026-07-30 19:00:40.0682  INFO 32 SyncClient | (Timed) Submitting 2 of 2 items.
2026-07-30 19:00:40.1947  INFO 32 SyncClient | (126ms) Submitting 2 of 2 items.
2026-07-30 19:00:40.1948  INFO 32 SyncClient | Integrated 2 successes, 0 conflicts, and 0 errors.
2026-07-30 19:00:40.1950  INFO 32 SyncClient | Downloading items for HistorySyncItem
2026-07-30 19:00:40.2857  INFO 32 SyncClient | New last known milestones: {"itemMilestone":"180892"}
2026-07-30 19:00:40.2870  INFO 32 SyncManager | Finished requesting sync on all sync clients.
2026-07-30 19:00:56.1693  INFO 69 AppMessageProvider | (Timed) Getting app message feed.
2026-07-30 19:00:56.5837  INFO 69 AppMessageProvider | (414ms) Getting app message feed.
2026-07-30 19:00:56.7489  INFO 32 SyncManager | Requesting sync on all sync clients
2026-07-30 19:00:56.9277  INFO 32 SyncManager | Finished requesting sync on all sync clients.
2026-07-30 19:01:08.4096  INFO 32 SyncManager | Requesting sync on all sync clients
2026-07-30 19:01:08.4756  INFO 32 SyncClient | Downloading items for PreferencesSyncItem
2026-07-30 19:01:08.5795  INFO 32 SyncClient | Unchanged last known milestones: {"itemMilestone":"418983"}
2026-07-30 19:01:08.6251  INFO 32 SyncClient | Downloading items for HistorySyncItem
2026-07-30 19:01:08.7157  INFO 32 SyncClient | Unchanged last known milestones: {"itemMilestone":"180892"}
2026-07-30 19:01:08.7163  INFO 32 SyncClient | Downloading items for VisualFilterSyncItem
2026-07-30 19:01:08.8493  INFO 32 SyncClient | Unchanged last known milestones: {"permissionMilestone":"12355","itemMilestone":"1003518064"}
2026-07-30 19:01:08.8507  INFO 32 SyncManager | Finished requesting sync on all sync clients.
2026-07-30 19:01:08.8507  INFO 32 SyncManager | Requesting sync on all sync clients
2026-07-30 19:01:08.9509  INFO 32 SyncManager | Finished requesting sync on all sync clients.
2026-07-30 19:01:09.9365  INFO 69 WebServiceClient | Checking for new license compared to W/"a5d72db1-ccfe-4785-a82b-0aad7de4d474"
2026-07-30 19:01:10.3195  INFO 71 WebServiceClient | License check revealed no new license version.
2026-07-30 19:01:20.1944  INFO 32 SyncManager | Requesting sync on all sync clients
2026-07-30 19:01:20.2989  INFO 32 SyncClient | Found 1 items to submit for HistorySyncItem
2026-07-30 19:01:20.2990  INFO 32 SyncClient | (Timed) Submitting 1 of 1 items.
2026-07-30 19:01:20.4086  INFO 32 SyncClient | (110ms) Submitting 1 of 1 items.
2026-07-30 19:01:20.4087  INFO 32 SyncClient | Integrated 1 successes, 0 conflicts, and 0 errors.
2026-07-30 19:01:20.4089  INFO 32 SyncClient | Downloading items for HistorySyncItem
2026-07-30 19:01:20.5046  INFO 32 SyncClient | New last known milestones: {"itemMilestone":"180893"}
2026-07-30 19:01:20.5069  INFO 32 SyncManager | Finished requesting sync on all sync clients.
2026-07-30 19:01:22.6611  INFO 69 ClientNotesApi | Got 1 notebooks, e.g. 388767e268c442e28e8f7de80cb14312. (0ms)
2026-07-30 19:01:22.6611  INFO 71 ClientNotesApi | Got 1 notebooks, e.g. 3831c548da4d403da7e1511203d57764. (0ms)
2026-07-30 19:01:22.6613  INFO 71 ClientNotesApi | Got 1 notebooks, e.g. 7ca317130c67485999171c4a59448c07. (0ms)
2026-07-30 19:01:27.4365  INFO 77 VerseOfTheDayVisualFilter | Calculated markup for LLS:1.0.710 1173515:7395. (0ms)
2026-07-30 19:01:27.4449  INFO 71 BkIndicatorVisualFilterBase | Calculated markup for LLS:1.0.710 1173515:7395. (8ms)
2026-07-30 19:01:27.4456  INFO 75 BkIndicatorVisualFilterBase | Calculated markup for LLS:1.0.710 1173515:7395. (9ms)
2026-07-30 19:01:27.4566  INFO 69 ActiveWordNumbersVisualFilter | Calculated markup for LLS:1.0.710 1173515:7395. (20ms)
2026-07-30 19:01:27.4873  INFO 79 CorrespondingWordsUserVisualFilter | Calculated markup for LLS:1.0.710 1173515:7395. (50ms)
2026-07-30 19:01:27.5305  INFO 82 AtlasMapsVisualFilter | Calculated markup for LLS:1.0.710 1173515:7395. (94ms)
2026-07-30 19:01:32.1888  INFO 1 PanelViewModel | Got Resource panel settings for Preferences: ActiveLeftSidebarNavigationItem=Contents|ActiveRightSidebarNavigationItem=Insights|AreInterlinearsVisible=false|Locator=false|MultiViewEnabled=true|MultiViewLayoutIsVertical=false|ParallelResourceSetName=allparallelresources|ReverseInterlinear=true|ReverseInterlinearRows=Surface,MSS,Lemma,Morph,Stro
2026-07-30 19:01:34.6548  INFO 32 SyncManager | Requesting sync on all sync clients
2026-07-30 19:01:34.7211  INFO 32 SyncClient | Found 2 items to submit for PreferencesSyncItem
2026-07-30 19:01:34.7211  INFO 32 SyncClient | (Timed) Submitting 2 of 2 items.
2026-07-30 19:01:34.8470  INFO 32 SyncClient | (126ms) Submitting 2 of 2 items.
2026-07-30 19:01:34.8471  INFO 32 SyncClient | Integrated 2 successes, 0 conflicts, and 0 errors.
2026-07-30 19:01:34.8472  INFO 32 SyncClient | Downloading items for PreferencesSyncItem
2026-07-30 19:01:34.9451  INFO 32 SyncClient | New last known milestones: {"itemMilestone":"418984"}
2026-07-30 19:01:34.9479  INFO 32 SyncClient | Found 1 items to submit for HighlightingStyleSyncItem
2026-07-30 19:01:34.9480  INFO 32 SyncClient | (Timed) Submitting 1 of 1 items.
2026-07-30 19:01:35.4315  INFO 32 SyncClient | (484ms) Submitting 1 of 1 items.
2026-07-30 19:01:35.4317  INFO 32 SyncClient | Integrated 1 successes, 0 conflicts, and 0 errors.
2026-07-30 19:01:35.4318  INFO 32 SyncClient | Downloading items for HighlightingStyleSyncItem
2026-07-30 19:01:35.5307  INFO 32 SyncClient | New last known milestones: {"itemMilestone":"1002123017"}
2026-07-30 19:01:35.5852  INFO 32 SyncClient | Found 1 items to submit for HistorySyncItem
2026-07-30 19:01:35.5852  INFO 32 SyncClient | (Timed) Submitting 1 of 1 items.
2026-07-30 19:01:35.7101  INFO 32 SyncClient | (125ms) Submitting 1 of 1 items.
2026-07-30 19:01:35.7103  INFO 32 SyncClient | Integrated 1 successes, 0 conflicts, and 0 errors.
2026-07-30 19:01:35.7105  INFO 32 SyncClient | Downloading items for HistorySyncItem
2026-07-30 19:01:35.7992  INFO 32 SyncClient | New last known milestones: {"itemMilestone":"180894"}
2026-07-30 19:01:35.8009  INFO 32 SyncManager | Finished requesting sync on all sync clients.
2026-07-30 19:01:40.7943  INFO 79 OtherMediaVisualFilter | Calculated markup for LLS:1.0.710 1173515:7395. (13357ms)
2026-07-30 19:01:46.7078  INFO 75 AutoCompleteService | Found 5 term suggestions. (0ms)
2026-07-30 19:01:46.7081  INFO 75 AutoCompleteService | Found 5 equivalent terms. (0ms)
2026-07-30 19:01:46.7082  INFO 75 AutoCompleteService | Grouped into 5 results. (0ms)
2026-07-30 19:01:46.7260  INFO 74 SimpleQueryUtility | (Timed) Performing section search
2026-07-30 19:01:46.7279  INFO 74 SimpleQueryUtility | (2ms) Performing section search
2026-07-30 19:01:46.7303  INFO 74 SimpleQueryUtility | (Timed) Performing section search
2026-07-30 19:01:46.7309  INFO 74 SimpleQueryUtility | (1ms) Performing section search
2026-07-30 19:01:46.7316  INFO 74 SimpleQueryUtility | (Timed) Performing section search
2026-07-30 19:01:46.7319  INFO 74 SimpleQueryUtility | (0ms) Performing section search
2026-07-30 19:01:46.7334  INFO 74 SimpleQueryUtility | (Timed) Performing section search
2026-07-30 19:01:46.7346  INFO 74 SimpleQueryUtility | (1ms) Performing section search
2026-07-30 19:01:46.7350  INFO 74 SimpleQueryUtility | (Timed) Performing section search
2026-07-30 19:01:46.7351  INFO 74 SimpleQueryUtility | (0ms) Performing section search
2026-07-30 19:01:46.7358  INFO 74 SimpleQueryUtility | (Timed) Performing section search
2026-07-30 19:01:46.7360  INFO 74 SimpleQueryUtility | (0ms) Performing section search
2026-07-30 19:01:46.7364  INFO 74 SimpleQueryUtility | (Timed) Performing section search
2026-07-30 19:01:46.7366  INFO 74 SimpleQueryUtility | (0ms) Performing section search
2026-07-30 19:01:46.7370  INFO 74 SimpleQueryUtility | (Timed) Performing section search
2026-07-30 19:01:46.7372  INFO 74 SimpleQueryUtility | (0ms) Performing section search
2026-07-30 19:01:46.7374  INFO 74 SimpleQueryUtility | (Timed) Performing section search
2026-07-30 19:01:46.7374  INFO 74 SimpleQueryUtility | (0ms) Performing section search
2026-07-30 19:01:46.7377  INFO 74 SimpleQueryUtility | (Timed) Performing section search
2026-07-30 19:01:46.7378  INFO 74 SimpleQueryUtility | (0ms) Performing section search
2026-07-30 19:01:46.7379  INFO 74 SimpleQueryUtility | (Timed) Performing section search
2026-07-30 19:01:46.7379  INFO 74 SimpleQueryUtility | (0ms) Performing section search
2026-07-30 19:01:46.7380  INFO 74 SimpleQueryUtility | (Timed) Performing section search
2026-07-30 19:01:46.7382  INFO 74 SimpleQueryUtility | (0ms) Performing section search
2026-07-30 19:01:46.7382  INFO 74 SimpleQueryUtility | (Timed) Performing section search
2026-07-30 19:01:46.7383  INFO 74 SimpleQueryUtility | (0ms) Performing section search
2026-07-30 19:01:46.7388  INFO 74 SimpleQueryUtility | (Timed) Performing section search
2026-07-30 19:01:46.7389  INFO 74 SimpleQueryUtility | (0ms) Performing section search
2026-07-30 19:01:46.7393  INFO 74 SimpleQueryUtility | (Timed) Performing section search
2026-07-30 19:01:46.7394  INFO 74 SimpleQueryUtility | (0ms) Performing section search
2026-07-30 19:01:46.7397  INFO 74 SimpleQueryUtility | (Timed) Performing section search
2026-07-30 19:01:46.7399  INFO 74 SimpleQueryUtility | (0ms) Performing section search
2026-07-30 19:01:46.7400  INFO 74 SimpleQueryUtility | (Timed) Performing section search
2026-07-30 19:01:46.7411  INFO 74 SimpleQueryUtility | (0ms) Performing section search
2026-07-30 19:01:46.7414  INFO 74 SimpleQueryUtility | (Timed) Performing section search
2026-07-30 19:01:46.7414  INFO 74 SimpleQueryUtility | (0ms) Performing section search
2026-07-30 19:01:46.7419  INFO 74 SimpleQueryUtility | (Timed) Performing section search
2026-07-30 19:01:46.7420  INFO 74 SimpleQueryUtility | (0ms) Performing section search
2026-07-30 19:01:46.7423  INFO 74 SimpleQueryUtility | (Timed) Performing section search
2026-07-30 19:01:46.7424  INFO 74 SimpleQueryUtility | (0ms) Performing section search
2026-07-30 19:01:46.7963  INFO 79 AutoCompleteService | Got 8 suggestions for 'lemma' (TextCompleterContext). (89ms)
2026-07-30 19:01:46.8049  INFO 79 AutoCompleteService | Sorted 8 autocomplete results. (8ms)
2026-07-30 19:01:47.6231  INFO 71 AutoCompleteService | Found 5 term suggestions. (0ms)
2026-07-30 19:01:47.6234  INFO 71 AutoCompleteService | Found 5 equivalent terms. (0ms)
2026-07-30 19:01:47.6235  INFO 71 AutoCompleteService | Grouped into 5 results. (0ms)
2026-07-30 19:01:47.6258  INFO 77 SimpleQueryUtility | (Timed) Performing section search
2026-07-30 19:01:47.6259  INFO 77 SimpleQueryUtility | (0ms) Performing section search
2026-07-30 19:01:47.6262  INFO 77 SimpleQueryUtility | (Timed) Performing section search
2026-07-30 19:01:47.6262  INFO 77 SimpleQueryUtility | (0ms) Performing section search
2026-07-30 19:01:47.6296  INFO 77 SimpleQueryUtility | (Timed) Performing section search
2026-07-30 19:01:47.6297  INFO 77 SimpleQueryUtility | (0ms) Performing section search
2026-07-30 19:01:47.6303  INFO 77 SimpleQueryUtility | (Timed) Performing section search
2026-07-30 19:01:47.6303  INFO 77 SimpleQueryUtility | (0ms) Performing section search
2026-07-30 19:01:47.6305  INFO 77 SimpleQueryUtility | (Timed) Performing section search
2026-07-30 19:01:47.6306  INFO 77 SimpleQueryUtility | (0ms) Performing section search
2026-07-30 19:01:47.6308  INFO 77 SimpleQueryUtility | (Timed) Performing section search
2026-07-30 19:01:47.6308  INFO 77 SimpleQueryUtility | (0ms) Performing section search
2026-07-30 19:01:47.6309  INFO 77 SimpleQueryUtility | (Timed) Performing section search
2026-07-30 19:01:47.6310  INFO 77 SimpleQueryUtility | (0ms) Performing section search
2026-07-30 19:01:47.6311  INFO 77 SimpleQueryUtility | (Timed) Performing section search
2026-07-30 19:01:47.6311  INFO 77 SimpleQueryUtility | (0ms) Performing section search
2026-07-30 19:01:47.6313  INFO 77 SimpleQueryUtility | (Timed) Performing section search
2026-07-30 19:01:47.6313  INFO 77 SimpleQueryUtility | (0ms) Performing section search
2026-07-30 19:01:47.6314  INFO 77 SimpleQueryUtility | (Timed) Performing section search
2026-07-30 19:01:47.6314  INFO 77 SimpleQueryUtility | (0ms) Performing section search
2026-07-30 19:01:47.6316  INFO 77 SimpleQueryUtility | (Timed) Performing section search
2026-07-30 19:01:47.6316  INFO 77 SimpleQueryUtility | (0ms) Performing section search
2026-07-30 19:01:47.6317  INFO 77 SimpleQueryUtility | (Timed) Performing section search
2026-07-30 19:01:47.6317  INFO 77 SimpleQueryUtility | (0ms) Performing section search
2026-07-30 19:01:47.6318  INFO 77 SimpleQueryUtility | (Timed) Performing section search
2026-07-30 19:01:47.6318  INFO 77 SimpleQueryUtility | (0ms) Performing section search
2026-07-30 19:01:47.6320  INFO 77 SimpleQueryUtility | (Timed) Performing section search
2026-07-30 19:01:47.6320  INFO 77 SimpleQueryUtility | (0ms) Performing section search
2026-07-30 19:01:47.6341  INFO 77 SimpleQueryUtility | (Timed) Performing section search
2026-07-30 19:01:47.6341  INFO 77 SimpleQueryUtility | (0ms) Performing section search
2026-07-30 19:01:47.6342  INFO 77 SimpleQueryUtility | (Timed) Performing section search
2026-07-30 19:01:47.6343  INFO 77 SimpleQueryUtility | (0ms) Performing section search
2026-07-30 19:01:47.6344  INFO 77 SimpleQueryUtility | (Timed) Performing section search
2026-07-30 19:01:47.6344  INFO 77 SimpleQueryUtility | (0ms) Performing section search
2026-07-30 19:01:47.6345  INFO 77 SimpleQueryUtility | (Timed) Performing section search
2026-07-30 19:01:47.6345  INFO 77 SimpleQueryUtility | (0ms) Performing section search
2026-07-30 19:01:47.6347  INFO 77 SimpleQueryUtility | (Timed) Performing section search
2026-07-30 19:01:47.6347  INFO 77 SimpleQueryUtility | (0ms) Performing section search
2026-07-30 19:01:47.6348  INFO 77 SimpleQueryUtility | (Timed) Performing section search
2026-07-30 19:01:47.6348  INFO 77 SimpleQueryUtility | (0ms) Performing section search
2026-07-30 19:01:47.7096  INFO 79 AutoCompleteService | Got 8 suggestions for 'lemma.' (TextCompleterContext). (89ms)
2026-07-30 19:01:47.7187  INFO 79 AutoCompleteService | Sorted 8 autocomplete results. (9ms)
2026-07-30 19:01:48.0434  INFO 77 SimpleQueryUtility | (Timed) Performing section search
2026-07-30 19:01:48.0442  INFO 77 SimpleQueryUtility | (1ms) Performing section search
2026-07-30 19:01:48.0499  INFO 75 AutoCompleteService | Found 1 term suggestions. (0ms)
2026-07-30 19:01:48.0500  INFO 75 AutoCompleteService | Found 1 equivalent terms. (0ms)
2026-07-30 19:01:48.0500  INFO 75 AutoCompleteService | Grouped into 1 results. (0ms)
2026-07-30 19:01:48.0990  INFO 79 AutoCompleteService | Got 2 suggestions for 'lemma.g' (TextCompleterContext). (90ms)
2026-07-30 19:01:48.1022  INFO 79 AutoCompleteService | Sorted 2 autocomplete results. (3ms)
2026-07-30 19:01:49.5681  INFO 74 SimpleQueryUtility | (Timed) Performing section search
2026-07-30 19:01:49.5682  INFO 74 SimpleQueryUtility | (0ms) Performing section search
2026-07-30 19:01:49.5774  INFO 71 AutoCompleteService | Found 1 term suggestions. (0ms)
2026-07-30 19:01:49.5775  INFO 71 AutoCompleteService | Found 1 equivalent terms. (0ms)
2026-07-30 19:01:49.5775  INFO 71 AutoCompleteService | Grouped into 1 results. (0ms)
2026-07-30 19:01:49.6485  INFO 79 AutoCompleteService | Got 2 suggestions for 'lemma.g;' (TextCompleterContext). (92ms)
2026-07-30 19:01:49.6510  INFO 79 AutoCompleteService | Sorted 2 autocomplete results. (2ms)
2026-07-30 19:01:50.4470  INFO 76 SimpleQueryUtility | (Timed) Performing section search
2026-07-30 19:01:50.4476  INFO 76 SimpleQueryUtility | (1ms) Performing section search
2026-07-30 19:01:50.5241  INFO 69 AutoCompleteService | Got 324 suggestions for 'lemma.g;p' (TextCompleterContext). (160ms)
2026-07-30 19:01:50.5909  INFO 71 AutoCompleteService | Sorted 324 autocomplete results. (66ms)
2026-07-30 19:01:51.9719  INFO 79 SimpleQueryUtility | (Timed) Performing section search
2026-07-30 19:01:51.9728  INFO 79 SimpleQueryUtility | (1ms) Performing section search
2026-07-30 19:01:52.1478  INFO 82 SQLite Profile | 266ms in AutoComplete.db for: select l.LabelText, ml.LabelText, t.Reference, ik.IconKind, t.CompletionKind, et.EquivalenceItemId, d.Description from ( select LabelText, TermId, max(IsPrimary) from Labels where LabelId in (456743,280840,2051737,2051738,456751,275376,828675,1245460,280841,279161,3556,279160,2082182,2234189,2234190,2234991,2234992,157830,881559,881560,1040632,1828180,1831373,1920488,1920489,2028871,2051794,2051795,2051812,2051853,2051854,2051870,2051878,2051879,2051887,2051903,2051911,2051912,2051920,2051928,2051936,2051944,2051945,2051953,2051954,2051971,2051972,2051980,2051988,2051989,2051997,2051998,2052006,2052007,2052015,2052023,2052024,2052032,2052040,2052048,2052049,2052057,2052065,2052073,2052081,2052089,2052097,2052105,2052113,2052121,2052122,2052130,2052138,2052146,2052154,2052155,2052163,2052164,2052172,2052173,2052181,2052189,2052190,2052198,2052199,2052207,2052208,2052216,2052217,2052225,2052233,2052241,2052242,2052250,2052258,2052266,2052274,2052282,2052290,2052298,2052306,2052327,2052387,2052388,2052396,2052404,2052412,2052413,2052421,2052422,2052430,2052431,2052439,2052447,2052455,2052456,2052464,2052465,2052473,2052474,2052482,2052490,2052491,2052499,2052510,2052518,2052519,2052527,2052535,2052543,2052544,2052552,2052560,2052561,2052569,2052577,2052585,2052593,2052594,2052602,2052610,2052618,2052626,2052627,2052635,2052636,2052644,2052645,2052653,2052654,2052662,2052663,2052671,2052679,2052687,2052688,2059124,2059132,2059140,2059148,2059149,2059157,2059165,2059173,2059174,2059182,2059190,2059198,2059199,2059207,2059208,2059216,2059217,2059225,2059233,2059234,2059260,2059277,2059285,2060688,2060689,2060697,2060705,2060706,2060731,2060739,2060740,2060748,2060756,2060757,2060765,2060766,2060774,2060782,2060783,2060791,2060799,2060800,2060808,2060816,2060817,2060825,2060833,2060834,2060842,2060850,2060851,2060859,2060860,2060868,2060876,2060884,2060885,2060893,2060901,2060909,2060969,2060970,2061088,2061481,2061489,2061490,2061498,2061506,2061514,2061522,2061530,206153
2026-07-30 19:01:52.1479  INFO 82 AutoCompleteService | Found 783 term suggestions. (270ms)
2026-07-30 19:01:52.1644  INFO 82 AutoCompleteService | Found 793 equivalent terms. (0ms)
2026-07-30 19:01:52.1652  INFO 82 AutoCompleteService | Grouped into 743 results. (0ms)
2026-07-30 19:01:52.1670  INFO 69 AutoCompleteService | Got 792 suggestions for 'lemma.g;phi' (TextCompleterContext). (290ms)
2026-07-30 19:01:52.2692  INFO 69 AutoCompleteService | Sorted 792 autocomplete results. (102ms)
2026-07-30 19:01:52.4676  INFO 74 AutoCompleteService | Found 750 term suggestions. (14ms)
2026-07-30 19:01:52.4811  INFO 71 SimpleQueryUtility | (Timed) Performing section search
2026-07-30 19:01:52.4817  INFO 71 SimpleQueryUtility | (1ms) Performing section search
2026-07-30 19:01:52.5186  INFO 74 AutoCompleteService | Found 3 terms intersecting Php. (51ms)
2026-07-30 19:01:52.5237  INFO 74 AutoCompleteService | Found 756 equivalent terms. (0ms)
2026-07-30 19:01:52.5252  INFO 74 AutoCompleteService | Grouped into 718 results. (0ms)
2026-07-30 19:01:52.5912  INFO 69 AutoCompleteService | Got 852 suggestions for 'lemma.g;phil' (TextCompleterContext). (142ms)
2026-07-30 19:01:52.6729  INFO 76 AutoCompleteService | Sorted 852 autocomplete results. (81ms)
2026-07-30 19:01:54.9380  INFO 71 AutoCompleteService | Found 14 term suggestions. (0ms)
2026-07-30 19:01:54.9476  INFO 71 AutoCompleteService | Found 3 terms intersecting Phm. (9ms)
2026-07-30 19:01:54.9480  INFO 71 AutoCompleteService | Found 16 equivalent terms. (0ms)
2026-07-30 19:01:54.9481  INFO 71 AutoCompleteService | Grouped into 14 results. (0ms)
2026-07-30 19:01:54.9511  INFO 77 SimpleQueryUtility | (Timed) Performing section search
2026-07-30 19:01:54.9518  INFO 77 SimpleQueryUtility | (1ms) Performing section search
2026-07-30 19:01:54.9530  INFO 77 SimpleQueryUtility | (Timed) Performing section search
2026-07-30 19:01:54.9549  INFO 77 SimpleQueryUtility | (2ms) Performing section search
2026-07-30 19:01:54.9558  INFO 77 SimpleQueryUtility | (Timed) Performing section search
2026-07-30 19:01:54.9562  INFO 77 SimpleQueryUtility | (0ms) Performing section search
2026-07-30 19:01:54.9568  INFO 77 SimpleQueryUtility | (Timed) Performing section search
2026-07-30 19:01:54.9575  INFO 77 SimpleQueryUtility | (1ms) Performing section search
2026-07-30 19:01:54.9609  INFO 77 SimpleQueryUtility | (Timed) Performing section search
2026-07-30 19:01:54.9613  INFO 77 SimpleQueryUtility | (0ms) Performing section search
2026-07-30 19:01:54.9620  INFO 77 SimpleQueryUtility | (Timed) Performing section search
2026-07-30 19:01:54.9623  INFO 77 SimpleQueryUtility | (0ms) Performing section search
2026-07-30 19:01:54.9627  INFO 77 SimpleQueryUtility | (Timed) Performing section search
2026-07-30 19:01:54.9630  INFO 77 SimpleQueryUtility | (0ms) Performing section search
2026-07-30 19:01:54.9636  INFO 77 SimpleQueryUtility | (Timed) Performing section search
2026-07-30 19:01:54.9637  INFO 77 SimpleQueryUtility | (0ms) Performing section search
2026-07-30 19:01:54.9655  INFO 77 SimpleQueryUtility | (Timed) Performing section search
2026-07-30 19:01:54.9660  INFO 77 SimpleQueryUtility | (1ms) Performing section search
2026-07-30 19:01:54.9664  INFO 77 SimpleQueryUtility | (Timed) Performing section search
2026-07-30 19:01:54.9665  INFO 77 SimpleQueryUtility | (0ms) Performing section search
2026-07-30 19:01:54.9672  INFO 77 SimpleQueryUtility | (Timed) Performing section search
2026-07-30 19:01:54.9675  INFO 77 SimpleQueryUtility | (0ms) Performing section search
2026-07-30 19:01:54.9680  INFO 77 SimpleQueryUtility | (Timed) Performing section search
2026-07-30 19:01:54.9691  INFO 77 SimpleQueryUtility | (1ms) Performing section search
2026-07-30 19:01:54.9694  INFO 77 SimpleQueryUtility | (Timed) Performing section search
2026-07-30 19:01:54.9696  INFO 77 SimpleQueryUtility | (0ms) Performing section search
2026-07-30 19:01:54.9698  INFO 77 SimpleQueryUtility | (Timed) Performing section search
2026-07-30 19:01:54.9699  INFO 77 SimpleQueryUtility | (0ms) Performing section search
2026-07-30 19:01:54.9707  INFO 77 SimpleQueryUtility | (Timed) Performing section search
2026-07-30 19:01:54.9711  INFO 77 SimpleQueryUtility | (0ms) Performing section search
2026-07-30 19:01:54.9740  INFO 77 SimpleQueryUtility | (Timed) Performing section search
2026-07-30 19:01:54.9742  INFO 77 SimpleQueryUtility | (0ms) Performing section search
2026-07-30 19:01:54.9746  INFO 77 SimpleQueryUtility | (Timed) Performing section search
2026-07-30 19:01:54.9747  INFO 77 SimpleQueryUtility | (0ms) Performing section search
2026-07-30 19:01:54.9751  INFO 77 SimpleQueryUtility | (Timed) Performing section search
2026-07-30 19:01:54.9752  INFO 77 SimpleQueryUtility | (0ms) Performing section search
2026-07-30 19:01:54.9756  INFO 77 SimpleQueryUtility | (Timed) Performing section search
2026-07-30 19:01:54.9758  INFO 77 SimpleQueryUtility | (0ms) Performing section search
2026-07-30 19:01:54.9759  INFO 77 SimpleQueryUtility | (Timed) Performing section search
2026-07-30 19:01:54.9761  INFO 77 SimpleQueryUtility | (0ms) Performing section search
2026-07-30 19:01:54.9764  INFO 77 SimpleQueryUtility | (Timed) Performing section search
2026-07-30 19:01:54.9775  INFO 77 SimpleQueryUtility | (1ms) Performing section search
2026-07-30 19:01:54.9779  INFO 77 SimpleQueryUtility | (Timed) Performing section search
2026-07-30 19:01:54.9780  INFO 77 SimpleQueryUtility | (0ms) Performing section search
2026-07-30 19:01:54.9783  INFO 77 SimpleQueryUtility | (Timed) Performing section search
2026-07-30 19:01:54.9784  INFO 77 SimpleQueryUtility | (0ms) Performing section search
2026-07-30 19:01:54.9787  INFO 77 SimpleQueryUtility | (Timed) Performing section search
2026-07-30 19:01:54.9788  INFO 77 SimpleQueryUtility | (0ms) Performing section search
2026-07-30 19:01:54.9791  INFO 77 SimpleQueryUtility | (Timed) Performing section search
2026-07-30 19:01:54.9792  INFO 77 SimpleQueryUtility | (0ms) Performing section search
2026-07-30 19:01:54.9796  INFO 77 SimpleQueryUtility | (Timed) Performing section search
2026-07-30 19:01:54.9797  INFO 77 SimpleQueryUtility | (0ms) Performing section search
2026-07-30 19:01:54.9834  INFO 77 SimpleQueryUtility | (Timed) Performing section search
2026-07-30 19:01:54.9838  INFO 77 SimpleQueryUtility | (0ms) Performing section search
2026-07-30 19:01:54.9842  INFO 77 SimpleQueryUtility | (Timed) Performing section search
2026-07-30 19:01:54.9843  INFO 77 SimpleQueryUtility | (0ms) Performing section search
2026-07-30 19:01:54.9847  INFO 77 SimpleQueryUtility | (Timed) Performing section search
2026-07-30 19:01:54.9848  INFO 77 SimpleQueryUtility | (0ms) Performing section search
2026-07-30 19:01:54.9850  INFO 77 SimpleQueryUtility | (Timed) Performing section search
2026-07-30 19:01:54.9852  INFO 77 SimpleQueryUtility | (0ms) Performing section search
2026-07-30 19:01:54.9856  INFO 77 SimpleQueryUtility | (Timed) Performing section search
2026-07-30 19:01:54.9857  INFO 77 SimpleQueryUtility | (0ms) Performing section search
2026-07-30 19:01:54.9868  INFO 77 SimpleQueryUtility | (Timed) Performing section search
2026-07-30 19:01:54.9869  INFO 77 SimpleQueryUtility | (0ms) Performing section search
2026-07-30 19:01:54.9871  INFO 77 SimpleQueryUtility | (Timed) Performing section search
2026-07-30 19:01:54.9872  INFO 77 SimpleQueryUtility | (0ms) Performing section search
2026-07-30 19:01:54.9875  INFO 77 SimpleQueryUtility | (Timed) Performing section search
2026-07-30 19:01:54.9876  INFO 77 SimpleQueryUtility | (0ms) Performing section search
2026-07-30 19:01:54.9878  INFO 77 SimpleQueryUtility | (Timed) Performing section search
2026-07-30 19:01:54.9879  INFO 77 SimpleQueryUtility | (0ms) Performing section search
2026-07-30 19:01:54.9881  INFO 77 SimpleQueryUtility | (Timed) Performing section search
2026-07-30 19:01:54.9882  INFO 77 SimpleQueryUtility | (0ms) Performing section search
2026-07-30 19:01:54.9885  INFO 77 SimpleQueryUtility | (Timed) Performing section search
2026-07-30 19:01:54.9887  INFO 77 SimpleQueryUtility | (0ms) Performing section search
2026-07-30 19:01:54.9888  INFO 77 SimpleQueryUtility | (Timed) Performing section search
2026-07-30 19:01:54.9889  INFO 77 SimpleQueryUtility | (0ms) Performing section search
2026-07-30 19:01:54.9892  INFO 77 SimpleQueryUtility | (Timed) Performing section search
2026-07-30 19:01:54.9893  INFO 77 SimpleQueryUtility | (0ms) Performing section search
2026-07-30 19:01:54.9902  INFO 77 SimpleQueryUtility | (Timed) Performing section search
2026-07-30 19:01:54.9902  INFO 77 SimpleQueryUtility | (0ms) Performing section search
2026-07-30 19:01:54.9904  INFO 77 SimpleQueryUtility | (Timed) Performing section search
2026-07-30 19:01:54.9905  INFO 77 SimpleQueryUtility | (0ms) Performing section search
2026-07-30 19:01:54.9910  INFO 77 SimpleQueryUtility | (Timed) Performing section search
2026-07-30 19:01:54.9912  INFO 77 SimpleQueryUtility | (0ms) Performing section search
2026-07-30 19:01:54.9915  INFO 77 SimpleQueryUtility | (Timed) Performing section search
2026-07-30 19:01:54.9916  INFO 77 SimpleQueryUtility | (0ms) Performing section search
2026-07-30 19:01:54.9921  INFO 77 SimpleQueryUtility | (Timed) Performing section search
2026-07-30 19:01:54.9923  INFO 77 SimpleQueryUtility | (0ms) Performing section search
2026-07-30 19:01:54.9938  INFO 77 SimpleQueryUtility | (Timed) Performing section search
2026-07-30 19:01:54.9939  INFO 77 SimpleQueryUtility | (0ms) Performing section search
2026-07-30 19:01:54.9942  INFO 77 SimpleQueryUtility | (Timed) Performing section search
2026-07-30 19:01:54.9943  INFO 77 SimpleQueryUtility | (0ms) Performing section search
2026-07-30 19:01:54.9943  INFO 77 SimpleQueryUtility | (Timed) Performing section search
2026-07-30 19:01:54.9946  INFO 77 SimpleQueryUtility | (0ms) Performing section search
2026-07-30 19:01:54.9948  INFO 77 SimpleQueryUtility | (Timed) Performing section search
2026-07-30 19:01:54.9949  INFO 77 SimpleQueryUtility | (0ms) Performing section search
2026-07-30 19:01:54.9951  INFO 77 SimpleQueryUtility | (Timed) Performing section search
2026-07-30 19:01:54.9952  INFO 77 SimpleQueryUtility | (0ms) Performing section search
2026-07-30 19:01:54.9955  INFO 77 SimpleQueryUtility | (Timed) Performing section search
2026-07-30 19:01:54.9956  INFO 77 SimpleQueryUtility | (0ms) Performing section search
2026-07-30 19:01:54.9958  INFO 77 SimpleQueryUtility | (Timed) Performing section search
2026-07-30 19:01:54.9959  INFO 77 SimpleQueryUtility | (0ms) Performing section search
2026-07-30 19:01:54.9969  INFO 77 SimpleQueryUtility | (Timed) Performing section search
2026-07-30 19:01:54.9970  INFO 77 SimpleQueryUtility | (0ms) Performing section search
2026-07-30 19:01:54.9973  INFO 77 SimpleQueryUtility | (Timed) Performing section search
2026-07-30 19:01:54.9974  INFO 77 SimpleQueryUtility | (0ms) Performing section search
2026-07-30 19:01:54.9978  INFO 77 SimpleQueryUtility | (Timed) Performing section search
2026-07-30 19:01:54.9979  INFO 77 SimpleQueryUtility | (0ms) Performing section search
2026-07-30 19:01:54.9982  INFO 77 SimpleQueryUtility | (Timed) Performing section search
2026-07-30 19:01:54.9983  INFO 77 SimpleQueryUtility | (0ms) Performing section search
2026-07-30 19:01:54.9986  INFO 77 SimpleQueryUtility | (Timed) Performing section search
2026-07-30 19:01:54.9987  INFO 77 SimpleQueryUtility | (0ms) Performing section search
2026-07-30 19:01:54.9991  INFO 77 SimpleQueryUtility | (Timed) Performing section search
2026-07-30 19:01:54.9992  INFO 77 SimpleQueryUtility | (0ms) Performing section search
2026-07-30 19:01:55.0003  INFO 77 SimpleQueryUtility | (Timed) Performing section search
2026-07-30 19:01:55.0004  INFO 77 SimpleQueryUtility | (0ms) Performing section search
2026-07-30 19:01:55.0007  INFO 77 SimpleQueryUtility | (Timed) Performing section search
2026-07-30 19:01:55.0008  INFO 77 SimpleQueryUtility | (0ms) Performing section search
2026-07-30 19:01:55.0010  INFO 77 SimpleQueryUtility | (Timed) Performing section search
2026-07-30 19:01:55.0011  INFO 77 SimpleQueryUtility | (0ms) Performing section search
2026-07-30 19:01:55.0013  INFO 77 SimpleQueryUtility | (Timed) Performing section search
2026-07-30 19:01:55.0013  INFO 77 SimpleQueryUtility | (0ms) Performing section search
2026-07-30 19:01:55.0015  INFO 77 SimpleQueryUtility | (Timed) Performing section search
2026-07-30 19:01:55.0016  INFO 77 SimpleQueryUtility | (0ms) Performing section search
2026-07-30 19:01:55.0018  INFO 77 SimpleQueryUtility | (Timed) Performing section search
2026-07-30 19:01:55.0019  INFO 77 SimpleQueryUtility | (0ms) Performing section search
2026-07-30 19:01:55.0021  INFO 77 SimpleQueryUtility | (Timed) Performing section search
2026-07-30 19:01:55.0022  INFO 77 SimpleQueryUtility | (0ms) Performing section search
2026-07-30 19:01:55.0033  INFO 77 SimpleQueryUtility | (Timed) Performing section search
2026-07-30 19:01:55.0034  INFO 77 SimpleQueryUtility | (0ms) Performing section search
2026-07-30 19:01:55.0038  INFO 77 SimpleQueryUtility | (Timed) Performing section search
2026-07-30 19:01:55.0039  INFO 77 SimpleQueryUtility | (0ms) Performing section search
2026-07-30 19:01:55.0041  INFO 77 SimpleQueryUtility | (Timed) Performing section search
2026-07-30 19:01:55.0042  INFO 77 SimpleQueryUtility | (0ms) Performing section search
2026-07-30 19:01:55.0045  INFO 77 SimpleQueryUtility | (Timed) Performing section search
2026-07-30 19:01:55.0046  INFO 77 SimpleQueryUtility | (0ms) Performing section search
2026-07-30 19:01:55.0049  INFO 77 SimpleQueryUtility | (Timed) Performing section search
2026-07-30 19:01:55.0050  INFO 77 SimpleQueryUtility | (0ms) Performing section search
2026-07-30 19:01:55.0052  INFO 77 SimpleQueryUtility | (Timed) Performing section search
2026-07-30 19:01:55.0053  INFO 77 SimpleQueryUtility | (0ms) Performing section search
2026-07-30 19:01:55.0064  INFO 77 SimpleQueryUtility | (Timed) Performing section search
2026-07-30 19:01:55.0066  INFO 77 SimpleQueryUtility | (0ms) Performing section search
2026-07-30 19:01:55.0066  INFO 77 SimpleQueryUtility | (Timed) Performing section search
2026-07-30 19:01:55.0066  INFO 77 SimpleQueryUtility | (0ms) Performing section search
2026-07-30 19:01:55.0069  INFO 77 SimpleQueryUtility | (Timed) Performing section search
2026-07-30 19:01:55.0070  INFO 77 SimpleQueryUtility | (0ms) Performing section search
2026-07-30 19:01:55.0072  INFO 77 SimpleQueryUtility | (Timed) Performing section search
2026-07-30 19:01:55.0073  INFO 77 SimpleQueryUtility | (0ms) Performing section search
2026-07-30 19:01:55.0074  INFO 77 SimpleQueryUtility | (Timed) Performing section search
2026-07-30 19:01:55.0074  INFO 77 SimpleQueryUtility | (0ms) Performing section search
2026-07-30 19:01:55.0078  INFO 77 SimpleQueryUtility | (Timed) Performing section search
2026-07-30 19:01:55.0079  INFO 77 SimpleQueryUtility | (0ms) Performing section search
2026-07-30 19:01:55.0080  INFO 77 SimpleQueryUtility | (Timed) Performing section search
2026-07-30 19:01:55.0080  INFO 77 SimpleQueryUtility | (0ms) Performing section search
2026-07-30 19:01:55.0083  INFO 77 SimpleQueryUtility | (Timed) Performing section search
2026-07-30 19:01:55.0084  INFO 77 SimpleQueryUtility | (0ms) Performing section search
2026-07-30 19:01:55.0094  INFO 77 SimpleQueryUtility | (Timed) Performing section search
2026-07-30 19:01:55.0096  INFO 77 SimpleQueryUtility | (0ms) Performing section search
2026-07-30 19:01:55.0098  INFO 77 SimpleQueryUtility | (Timed) Performing section search
2026-07-30 19:01:55.0099  INFO 77 SimpleQueryUtility | (0ms) Performing section search
2026-07-30 19:01:55.0102  INFO 77 SimpleQueryUtility | (Timed) Performing section search
2026-07-30 19:01:55.0103  INFO 77 SimpleQueryUtility | (0ms) Performing section search
2026-07-30 19:01:55.0105  INFO 77 SimpleQueryUtility | (Timed) Performing section search
2026-07-30 19:01:55.0106  INFO 77 SimpleQueryUtility | (0ms) Performing section search
2026-07-30 19:01:55.0107  INFO 77 SimpleQueryUtility | (Timed) Performing section search
2026-07-30 19:01:55.0108  INFO 77 SimpleQueryUtility | (0ms) Performing section search
2026-07-30 19:01:55.0111  INFO 77 SimpleQueryUtility | (Timed) Performing section search
2026-07-30 19:01:55.0112  INFO 77 SimpleQueryUtility | (0ms) Performing section search
2026-07-30 19:01:55.0114  INFO 77 SimpleQueryUtility | (Timed) Performing section search
2026-07-30 19:01:55.0115  INFO 77 SimpleQueryUtility | (0ms) Performing section search
2026-07-30 19:01:55.0127  INFO 77 SimpleQueryUtility | (Timed) Performing section search
2026-07-30 19:01:55.0128  INFO 77 SimpleQueryUtility | (0ms) Performing section search
2026-07-30 19:01:55.0130  INFO 77 SimpleQueryUtility | (Timed) Performing section search
2026-07-30 19:01:55.0131  INFO 77 SimpleQueryUtility | (0ms) Performing section search
2026-07-30 19:01:55.0133  INFO 77 SimpleQueryUtility | (Timed) Performing section search
2026-07-30 19:01:55.0134  INFO 77 SimpleQueryUtility | (0ms) Performing section search
2026-07-30 19:01:55.0136  INFO 77 SimpleQueryUtility | (Timed) Performing section search
2026-07-30 19:01:55.0137  INFO 77 SimpleQueryUtility | (0ms) Performing section search
2026-07-30 19:01:55.0138  INFO 77 SimpleQueryUtility | (Timed) Performing section search
2026-07-30 19:01:55.0138  INFO 77 SimpleQueryUtility | (0ms) Performing section search
2026-07-30 19:01:55.0141  INFO 77 SimpleQueryUtility | (Timed) Performing section search
2026-07-30 19:01:55.0142  INFO 77 SimpleQueryUtility | (0ms) Performing section search
2026-07-30 19:01:55.0143  INFO 77 SimpleQueryUtility | (Timed) Performing section search
2026-07-30 19:01:55.0143  INFO 77 SimpleQueryUtility | (0ms) Performing section search
2026-07-30 19:01:55.0145  INFO 77 SimpleQueryUtility | (Timed) Performing section search
2026-07-30 19:01:55.0146  INFO 77 SimpleQueryUtility | (0ms) Performing section search
2026-07-30 19:01:55.0146  INFO 77 SimpleQueryUtility | (Timed) Performing section search
2026-07-30 19:01:55.0146  INFO 77 SimpleQueryUtility | (0ms) Performing section search
2026-07-30 19:01:55.0147  INFO 77 SimpleQueryUtility | (Timed) Performing section search
2026-07-30 19:01:55.0159  INFO 77 SimpleQueryUtility | (0ms) Performing section search
2026-07-30 19:01:55.0161  INFO 77 SimpleQueryUtility | (Timed) Performing section search
2026-07-30 19:01:55.0162  INFO 77 SimpleQueryUtility | (0ms) Performing section search
2026-07-30 19:01:55.0164  INFO 77 SimpleQueryUtility | (Timed) Performing section search
2026-07-30 19:01:55.0165  INFO 77 SimpleQueryUtility | (0ms) Performing section search
2026-07-30 19:01:55.0167  INFO 77 SimpleQueryUtility | (Timed) Performing section search
2026-07-30 19:01:55.0168  INFO 77 SimpleQueryUtility | (0ms) Performing section search
2026-07-30 19:01:55.0169  INFO 77 SimpleQueryUtility | (Timed) Performing section search
2026-07-30 19:01:55.0170  INFO 77 SimpleQueryUtility | (0ms) Performing section search
2026-07-30 19:01:55.0171  INFO 77 SimpleQueryUtility | (Timed) Performing section search
2026-07-30 19:01:55.0171  INFO 77 SimpleQueryUtility | (0ms) Performing section search
2026-07-30 19:01:55.0172  INFO 77 SimpleQueryUtility | (Timed) Performing section search
2026-07-30 19:01:55.0172  INFO 77 SimpleQueryUtility | (0ms) Performing section search
2026-07-30 19:01:55.0173  INFO 77 SimpleQueryUtility | (Timed) Performing section search
2026-07-30 19:01:55.0174  INFO 77 SimpleQueryUtility | (0ms) Performing section search
2026-07-30 19:01:55.0176  INFO 77 SimpleQueryUtility | (Timed) Performing section search
2026-07-30 19:01:55.0177  INFO 77 SimpleQueryUtility | (0ms) Performing section search
2026-07-30 19:01:55.0180  INFO 77 SimpleQueryUtility | (Timed) Performing section search
2026-07-30 19:01:55.0182  INFO 77 SimpleQueryUtility | (0ms) Performing section search
2026-07-30 19:01:55.0183  INFO 77 SimpleQueryUtility | (Timed) Performing section search
2026-07-30 19:01:55.0183  INFO 77 SimpleQueryUtility | (0ms) Performing section search
2026-07-30 19:01:55.0185  INFO 77 SimpleQueryUtility | (Timed) Performing section search
2026-07-30 19:01:55.0186  INFO 77 SimpleQueryUtility | (0ms) Performing section search
2026-07-30 19:01:55.0195  INFO 77 SimpleQueryUtility | (Timed) Performing section search
2026-07-30 19:01:55.0197  INFO 77 SimpleQueryUtility | (0ms) Performing section search
2026-07-30 19:01:55.0199  INFO 77 SimpleQueryUtility | (Timed) Performing section search
2026-07-30 19:01:55.0200  INFO 77 SimpleQueryUtility | (0ms) Performing section search
2026-07-30 19:01:55.0203  INFO 77 SimpleQueryUtility | (Timed) Performing section search
2026-07-30 19:01:55.0204  INFO 77 SimpleQueryUtility | (0ms) Performing section search
2026-07-30 19:01:55.0206  INFO 77 SimpleQueryUtility | (Timed) Performing section search
2026-07-30 19:01:55.0207  INFO 77 SimpleQueryUtility | (0ms) Performing section search
2026-07-30 19:01:55.0211  INFO 77 SimpleQueryUtility | (Timed) Performing section search
2026-07-30 19:01:55.0212  INFO 77 SimpleQueryUtility | (0ms) Performing section search
2026-07-30 19:01:55.0213  INFO 77 SimpleQueryUtility | (Timed) Performing section search
2026-07-30 19:01:55.0214  INFO 77 SimpleQueryUtility | (0ms) Performing section search
2026-07-30 19:01:55.0216  INFO 77 SimpleQueryUtility | (Timed) Performing section search
2026-07-30 19:01:55.0217  INFO 77 SimpleQueryUtility | (0ms) Performing section search
2026-07-30 19:01:55.0217  INFO 77 SimpleQueryUtility | (Timed) Performing section search
2026-07-30 19:01:55.0217  INFO 77 SimpleQueryUtility | (0ms) Performing section search
2026-07-30 19:01:55.0219  INFO 77 SimpleQueryUtility | (Timed) Performing section search
2026-07-30 19:01:55.0220  INFO 77 SimpleQueryUtility | (0ms) Performing section search
2026-07-30 19:01:55.0222  INFO 77 SimpleQueryUtility | (Timed) Performing section search
2026-07-30 19:01:55.0222  INFO 77 SimpleQueryUtility | (0ms) Performing section search
2026-07-30 19:01:55.0241  INFO 77 SimpleQueryUtility | (Timed) Performing section search
2026-07-30 19:01:55.0242  INFO 77 SimpleQueryUtility | (0ms) Performing section search
2026-07-30 19:01:55.0243  INFO 77 SimpleQueryUtility | (Timed) Performing section search
2026-07-30 19:01:55.0244  INFO 77 SimpleQueryUtility | (0ms) Performing section search
2026-07-30 19:01:55.0245  INFO 77 SimpleQueryUtility | (Timed) Performing section search
2026-07-30 19:01:55.0246  INFO 77 SimpleQueryUtility | (0ms) Performing section search
2026-07-30 19:01:55.0248  INFO 77 SimpleQueryUtility | (Timed) Performing section search
2026-07-30 19:01:55.0249  INFO 77 SimpleQueryUtility | (0ms) Performing section search
2026-07-30 19:01:55.0250  INFO 77 SimpleQueryUtility | (Timed) Performing section search
2026-07-30 19:01:55.0250  INFO 77 SimpleQueryUtility | (0ms) Performing section search
2026-07-30 19:01:55.0250  INFO 77 SimpleQueryUtility | (Timed) Performing section search
2026-07-30 19:01:55.0250  INFO 77 SimpleQueryUtility | (0ms) Performing section search
2026-07-30 19:01:55.0252  INFO 77 SimpleQueryUtility | (Timed) Performing section search
2026-07-30 19:01:55.0253  INFO 77 SimpleQueryUtility | (0ms) Performing section search
2026-07-30 19:01:55.0254  INFO 77 SimpleQueryUtility | (Timed) Performing section search
2026-07-30 19:01:55.0254  INFO 77 SimpleQueryUtility | (0ms) Performing section search
2026-07-30 19:01:55.0255  INFO 77 SimpleQueryUtility | (Timed) Performing section search
2026-07-30 19:01:55.0255  INFO 77 SimpleQueryUtility | (0ms) Performing section search
2026-07-30 19:01:55.0255  INFO 77 SimpleQueryUtility | (Timed) Performing section search
2026-07-30 19:01:55.0255  INFO 77 SimpleQueryUtility | (0ms) Performing section search
2026-07-30 19:01:55.0257  INFO 77 SimpleQueryUtility | (Timed) Performing section search
2026-07-30 19:01:55.0257  INFO 77 SimpleQueryUtility | (0ms) Performing section search
2026-07-30 19:01:55.1052  INFO 69 AutoCompleteService | Got 69 suggestions for 'lemma.g;phile' (TextCompleterContext). (168ms)
2026-07-30 19:01:55.2046  INFO 69 AutoCompleteService | Sorted 69 autocomplete results. (99ms)
2026-07-30 19:02:03.9093  INFO 76 SimpleQueryUtility | (Timed) Performing section search
2026-07-30 19:02:03.9094  INFO 76 SimpleQueryUtility | (0ms) Performing section search
2026-07-30 19:02:03.9096  INFO 76 SimpleQueryUtility | (Timed) Performing section search
2026-07-30 19:02:03.9096  INFO 76 SimpleQueryUtility | (0ms) Performing section search
2026-07-30 19:02:03.9097  INFO 76 SimpleQueryUtility | (Timed) Performing section search
2026-07-30 19:02:03.9098  INFO 76 SimpleQueryUtility | (0ms) Performing section search
2026-07-30 19:02:04.1597  INFO 82 AutoCompleteService | Got 80 suggestions for 'lemma.g;phileo' (TextCompleterContext). (252ms)
2026-07-30 19:02:04.2846  INFO 82 AutoCompleteService | Sorted 80 autocomplete results. (124ms)
2026-07-30 19:02:06.1056  INFO 1 SearchPanel | Disconnecting from panel containing LLS:1.0.710
2026-07-30 19:02:06.1074  INFO 1 PanelViewModel | Got Search panel settings for Bookmark: AllSynopsisIsExpanded=false|AllYourBooksSuggestionSeenCount=5|BibleAiBibleSearchNotificationSeenOnce=true|BibleDocumentLevel=verse|BibleEngine=Lexical|BibleMatchAllWordForms=true|BibleMatchCase=false|BibleMatchEquivalentReferences=true|BibleMatchRelatedTerms=false|BibleMultiViewEnabled=false|BibleMu
2026-07-30 19:02:06.1075  INFO 1 PanelViewModel | Got Search panel settings for History: AllSynopsisIsExpanded=false|AllYourBooksSuggestionSeenCount=5|BibleAiBibleSearchNotificationSeenOnce=true|BibleDocumentLevel=verse|BibleEngine=Lexical|BibleMatchAllWordForms=true|BibleMatchCase=false|BibleMatchEquivalentReferences=true|BibleMatchRelatedTerms=false|BibleMultiViewEnabled=false|BibleMu
2026-07-30 19:02:06.1139  WARN 82 HistoryManager | History item with id = aea22ea6-30f5-4899-a759-90269ab32d73 has overly large bookmark and will not be synced.
2026-07-30 19:02:06.1140  INFO 71 SearchPanel | Starting Bible search for query: Libronix.DigitalLibrary.Searching.Query
2026-07-30 19:02:06.1184  INFO 75 BibleStudySearchPanelComponentInteropRequestHandler | Received getInitialSearchResults request for SearchId: a9b5155626cc43e29577e3d56f43609a
2026-07-30 19:02:06.1218  INFO 75 LibrarySearcher | (Timed) Searching ResourceList for: lemma.g:φιλέω
2026-07-30 19:02:06.1237  INFO 75 SimpleQueryUtility | (Timed) Performing section search
2026-07-30 19:02:06.1245  INFO 75 SimpleQueryUtility | (1ms) Performing section search
2026-07-30 19:02:06.1248  INFO 75 LibrarySearcher | (3ms) Searching ResourceList for: lemma.g:φιλέω
2026-07-30 19:02:06.1296  INFO 75 LibrarySearcher | (Timed) Searching SingleResource for: lemma.g:φιλέω
2026-07-30 19:02:06.1304  INFO 75 SimpleQueryUtility | (Timed) Performing section search
2026-07-30 19:02:06.1304  INFO 75 SimpleQueryUtility | (0ms) Performing section search
2026-07-30 19:02:06.1307  INFO 75 LibrarySearcher | (1ms) Searching SingleResource for: lemma.g:φιλέω
2026-07-30 19:02:06.1516  INFO 75 BibleStudySearchPanelComponentInteropRequestHandler | Returning initial search results for SearchId: a9b5155626cc43e29577e3d56f43609a; query: lemma.g:φιλέω
2026-07-30 19:02:06.1523  INFO 1 SearchPanel | First panel containing LLS:1.0.710 opened; creating visual filter data.
2026-07-30 19:02:06.1524  INFO 69 LibrarySearcher | (Timed) Searching SingleResource for: lemma.g:φιλέω
2026-07-30 19:02:06.1531  INFO 69 SimpleQueryUtility | (Timed) Performing section search
2026-07-30 19:02:06.1532  INFO 69 SimpleQueryUtility | (0ms) Performing section search
2026-07-30 19:02:06.1534  INFO 69 LibrarySearcher | (1ms) Searching SingleResource for: lemma.g:φιλέω
2026-07-30 19:02:08.1145  INFO 1 PanelViewModel | Got Search panel settings for Preferences: AllSynopsisIsExpanded=false|AllYourBooksSuggestionSeenCount=5|BibleAiBibleSearchNotificationSeenOnce=true|BibleDocumentLevel=verse|BibleEngine=Lexical|BibleMatchAllWordForms=true|BibleMatchCase=false|BibleMatchEquivalentReferences=true|BibleMatchRelatedTerms=false|BibleMultiViewEnabled=false|BibleMu
2026-07-30 19:02:08.7992  INFO 32 SyncManager | Requesting sync on all sync clients
2026-07-30 19:02:08.8653  INFO 32 SyncClient | Found 1 items to submit for PreferencesSyncItem
2026-07-30 19:02:08.8654  INFO 32 SyncClient | (Timed) Submitting 1 of 1 items.
2026-07-30 19:02:09.5211  INFO 32 SyncClient | (656ms) Submitting 1 of 1 items.
2026-07-30 19:02:09.5216  INFO 32 SyncClient | Integrated 1 successes, 0 conflicts, and 0 errors.
2026-07-30 19:02:09.5218  INFO 32 SyncClient | Downloading items for PreferencesSyncItem
2026-07-30 19:02:09.6801  INFO 32 SyncClient | New last known milestones: {"itemMilestone":"418985"}
2026-07-30 19:02:09.6806  INFO 32 SyncClient | Downloading items for HighlightingStyleSyncItem
2026-07-30 19:02:10.0447  INFO 32 SyncClient | New last known milestones: {"itemMilestone":"1002123018"}
2026-07-30 19:02:10.1032  INFO 32 SyncClient | Downloading items for HistorySyncItem
2026-07-30 19:02:10.3219  INFO 74 WebServiceClient | Checking for new license compared to W/"a5d72db1-ccfe-4785-a82b-0aad7de4d474"
2026-07-30 19:02:10.4791  INFO 32 SyncClient | Unchanged last known milestones: {"itemMilestone":"180894"}
2026-07-30 19:02:10.4828  INFO 32 SyncManager | Finished requesting sync on all sync clients.
2026-07-30 19:02:10.4828  INFO 32 SyncManager | Requesting sync on all sync clients
2026-07-30 19:02:10.5850  INFO 32 SyncManager | Finished requesting sync on all sync clients.
2026-07-30 19:02:10.6987  INFO 69 WebServiceClient | License check revealed no new license version.
2026-07-30 19:03:03.855 Logos[14447:2257600] Saved window placement to preferences: Height=996|Left=-1781|State=Normal|Top=0|Width=1728|WorkHeight=0|WorkLeft=0|WorkTop=0|WorkWidth=0
2026-07-30 19:03:05.6882  INFO 32 SyncManager | Requesting sync on all sync clients
2026-07-30 19:03:05.8684  INFO 32 SyncManager | Finished requesting sync on all sync clients.
2026-07-30 19:03:09.1859  INFO 32 SyncManager | Requesting sync on all sync clients
2026-07-30 19:03:09.2527  INFO 32 SyncClient | Downloading items for PreferencesSyncItem
2026-07-30 19:03:09.3427  INFO 32 SyncClient | Unchanged last known milestones: {"itemMilestone":"418985"}
2026-07-30 19:03:09.3903  INFO 32 SyncManager | Finished requesting sync on all sync clients.
2026-07-30 19:03:10.7003  INFO 74 WebServiceClient | Checking for new license compared to W/"a5d72db1-ccfe-4785-a82b-0aad7de4d474"
2026-07-30 19:03:11.0821  INFO 74 WebServiceClient | License check revealed no new license version.
2026-07-30 19:04:11.0834  INFO 69 WebServiceClient | Checking for new license compared to W/"a5d72db1-ccfe-4785-a82b-0aad7de4d474"
2026-07-30 19:04:11.5495  INFO 74 WebServiceClient | License check revealed no new license version.
2026-07-30 19:05:11.5566  INFO 15 WebServiceClient | Checking for new license compared to W/"a5d72db1-ccfe-4785-a82b-0aad7de4d474"
2026-07-30 19:05:12.0386  INFO 15 WebServiceClient | License check revealed no new license version.
2026-07-30 19:06:12.0471  INFO 22 WebServiceClient | Checking for new license compared to W/"a5d72db1-ccfe-4785-a82b-0aad7de4d474"
2026-07-30 19:06:12.5284  INFO 15 WebServiceClient | License check revealed no new license version.
2026-07-30 19:06:26.8336  INFO 81 DocumentManager | (Timed) Rebuilding document index.
2026-07-30 19:06:27.4567  INFO 81 ClientNotesApi | Found 628 notes. (150ms) {"filters":[{"field":"notebook","value":""}],"noteFields":["id","content","anchors","tags"],"noteLimit":2147483647,"anchorSettings":{"textRange":{"referenceField":true}}}
2026-07-30 19:06:27.5134  INFO 81 ClientNotesApi | Found 44 notebooks. (0ms) {"notebookFields":["id","title"],"limit":2147483647}
2026-07-30 19:06:27.5186  INFO 81 ClientNotesApi | Found 2 notes. (5ms) {"filters":[{"field":"notebook","value":"d3b1a30a1a38443f833164d9d14b4d44"}],"noteFields":["id","content","anchors","tags"],"noteLimit":2147483647,"anchorSettings":{"textRange":{"referenceField":true}}}
2026-07-30 19:06:27.5230  INFO 81 ClientNotesApi | Found 1 notes. (3ms) {"filters":[{"field":"notebook","value":"c790f28bb04c44ad9d83e6b726753f1c"}],"noteFields":["id","content","anchors","tags"],"noteLimit":2147483647,"anchorSettings":{"textRange":{"referenceField":true}}}
2026-07-30 19:06:27.5274  INFO 81 ClientNotesApi | Found 156 notes. (4ms) {"filters":[{"field":"notebook","value":"cd2bec22b543472fb6d3e8d1018a7d27"}],"noteFields":["id","content","anchors","tags"],"noteLimit":2147483647,"anchorSettings":{"textRange":{"referenceField":true}}}
2026-07-30 19:06:27.5310  INFO 81 ClientNotesApi | Found 2 notes. (3ms) {"filters":[{"field":"notebook","value":"6b0c55f79a77459b91cf6e87142b7b20"}],"noteFields":["id","content","anchors","tags"],"noteLimit":2147483647,"anchorSettings":{"textRange":{"referenceField":true}}}
2026-07-30 19:06:27.5359  INFO 81 ClientNotesApi | Found 4 notes. (4ms) {"filters":[{"field":"notebook","value":"0706044a3d7245ffb368c336ffb497b3"}],"noteFields":["id","content","anchors","tags"],"noteLimit":2147483647,"anchorSettings":{"textRange":{"referenceField":true}}}
2026-07-30 19:06:27.5429  INFO 81 ClientNotesApi | Found 1 notes. (3ms) {"filters":[{"field":"notebook","value":"569667d92c9b42a396beea033c98eae4"}],"noteFields":["id","content","anchors","tags"],"noteLimit":2147483647,"anchorSettings":{"textRange":{"referenceField":true}}}
2026-07-30 19:06:27.5470  INFO 81 ClientNotesApi | Found 1 notes. (3ms) {"filters":[{"field":"notebook","value":"f6dbd12c182441a2a9c5bf1a8ee799f0"}],"noteFields":["id","content","anchors","tags"],"noteLimit":2147483647,"anchorSettings":{"textRange":{"referenceField":true}}}
2026-07-30 19:06:27.5525  INFO 81 ClientNotesApi | Found 0 notes. (3ms) {"filters":[{"field":"notebook","value":"27c2a334aef9408a89429d23f14d7eaf"}],"noteFields":["id","content","anchors","tags"],"noteLimit":2147483647,"anchorSettings":{"textRange":{"referenceField":true}}}
2026-07-30 19:06:27.5562  INFO 81 ClientNotesApi | Found 1 notes. (3ms) {"filters":[{"field":"notebook","value":"f48ac39454b64dac8c5f9957b8080f2f"}],"noteFields":["id","content","anchors","tags"],"noteLimit":2147483647,"anchorSettings":{"textRange":{"referenceField":true}}}
2026-07-30 19:06:27.5661  INFO 81 ClientNotesApi | Found 1 notes. (3ms) {"filters":[{"field":"notebook","value":"7083347aae1a471cb33751bd15325e28"}],"noteFields":["id","content","anchors","tags"],"noteLimit":2147483647,"anchorSettings":{"textRange":{"referenceField":true}}}
2026-07-30 19:06:27.5696  INFO 81 ClientNotesApi | Found 1 notes. (3ms) {"filters":[{"field":"notebook","value":"a444ef821d4946a085d8a42db72530d2"}],"noteFields":["id","content","anchors","tags"],"noteLimit":2147483647,"anchorSettings":{"textRange":{"referenceField":true}}}
2026-07-30 19:06:27.5738  INFO 81 ClientNotesApi | Found 2 notes. (3ms) {"filters":[{"field":"notebook","value":"16a5a443b2a54873883de2ca1d403268"}],"noteFields":["id","content","anchors","tags"],"noteLimit":2147483647,"anchorSettings":{"textRange":{"referenceField":true}}}
2026-07-30 19:06:27.5785  INFO 81 ClientNotesApi | Found 2 notes. (3ms) {"filters":[{"field":"notebook","value":"61b2ed2fb8944b20b27ae72c7777d8e1"}],"noteFields":["id","content","anchors","tags"],"noteLimit":2147483647,"anchorSettings":{"textRange":{"referenceField":true}}}
2026-07-30 19:06:27.6415  INFO 81 ClientNotesApi | Found 5584 notes. (62ms) {"filters":[{"field":"notebook","value":"3b3966aeb7bc46e7b3324523911bd52c"}],"noteFields":["id","content","anchors","tags"],"noteLimit":2147483647,"anchorSettings":{"textRange":{"referenceField":true}}}
2026-07-30 19:06:28.1902  INFO 81 ClientNotesApi | Found 7 notes. (11ms) {"filters":[{"field":"notebook","value":"d379982634d246dda048f47f8cb9492e"}],"noteFields":["id","content","anchors","tags"],"noteLimit":2147483647,"anchorSettings":{"textRange":{"referenceField":true}}}
2026-07-30 19:06:28.2270  INFO 81 ClientNotesApi | Found 155 notes. (4ms) {"filters":[{"field":"notebook","value":"9614a1ef591940968e9582942718f629"}],"noteFields":["id","content","anchors","tags"],"noteLimit":2147483647,"anchorSettings":{"textRange":{"referenceField":true}}}
2026-07-30 19:06:28.2700  INFO 81 ClientNotesApi | Found 1 notes. (7ms) {"filters":[{"field":"notebook","value":"6f208182392546039e393728367b1c0e"}],"noteFields":["id","content","anchors","tags"],"noteLimit":2147483647,"anchorSettings":{"textRange":{"referenceField":true}}}
2026-07-30 19:06:28.2749  INFO 81 ClientNotesApi | Found 1 notes. (3ms) {"filters":[{"field":"notebook","value":"6689cebe511048da9a8eee9a7fdf0897"}],"noteFields":["id","content","anchors","tags"],"noteLimit":2147483647,"anchorSettings":{"textRange":{"referenceField":true}}}
2026-07-30 19:06:28.2854  INFO 81 ClientNotesApi | Found 365 notes. (10ms) {"filters":[{"field":"notebook","value":"4f7d264621014a0c8d595568bd216332"}],"noteFields":["id","content","anchors","tags"],"noteLimit":2147483647,"anchorSettings":{"textRange":{"referenceField":true}}}
2026-07-30 19:06:28.3030  INFO 81 ClientNotesApi | Found 9 notes. (4ms) {"filters":[{"field":"notebook","value":"cb8af2c9931e4e60a317fa372aa162b7"}],"noteFields":["id","content","anchors","tags"],"noteLimit":2147483647,"anchorSettings":{"textRange":{"referenceField":true}}}
2026-07-30 19:06:28.3180  INFO 81 ClientNotesApi | Found 2 notes. (3ms) {"filters":[{"field":"notebook","value":"94d255a2e61141198ca1e916296b849f"}],"noteFields":["id","content","anchors","tags"],"noteLimit":2147483647,"anchorSettings":{"textRange":{"referenceField":true}}}
2026-07-30 19:06:28.3235  INFO 81 ClientNotesApi | Found 2 notes. (4ms) {"filters":[{"field":"notebook","value":"ce4d15a876504618bca10dba63cdacda"}],"noteFields":["id","content","anchors","tags"],"noteLimit":2147483647,"anchorSettings":{"textRange":{"referenceField":true}}}
2026-07-30 19:06:28.3340  INFO 81 ClientNotesApi | Found 265 notes. (6ms) {"filters":[{"field":"notebook","value":"518fc0d1e0bd42f7a75a015120088122"}],"noteFields":["id","content","anchors","tags"],"noteLimit":2147483647,"anchorSettings":{"textRange":{"referenceField":true}}}
2026-07-30 19:06:28.3656  INFO 81 ClientNotesApi | Found 2 notes. (3ms) {"filters":[{"field":"notebook","value":"7cf3ff21f84e4cdc9c67b89d89487499"}],"noteFields":["id","content","anchors","tags"],"noteLimit":2147483647,"anchorSettings":{"textRange":{"referenceField":true}}}
2026-07-30 19:06:28.3692  INFO 81 ClientNotesApi | Found 182 notes. (3ms) {"filters":[{"field":"notebook","value":"a45b7adf39ea4f91aec293491e0381a4"}],"noteFields":["id","content","anchors","tags"],"noteLimit":2147483647,"anchorSettings":{"textRange":{"referenceField":true}}}
2026-07-30 19:06:28.3742  INFO 81 ClientNotesApi | Found 18 notes. (2ms) {"filters":[{"field":"notebook","value":"e2bb5243c10947c58c2e1c2a703df910"}],"noteFields":["id","content","anchors","tags"],"noteLimit":2147483647,"anchorSettings":{"textRange":{"referenceField":true}}}
2026-07-30 19:06:28.3796  INFO 81 ClientNotesApi | Found 1 notes. (2ms) {"filters":[{"field":"notebook","value":"abbfddffeee34a568729e0fbc03fc062"}],"noteFields":["id","content","anchors","tags"],"noteLimit":2147483647,"anchorSettings":{"textRange":{"referenceField":true}}}
2026-07-30 19:06:28.3827  INFO 81 ClientNotesApi | Found 1 notes. (2ms) {"filters":[{"field":"notebook","value":"2d1211855a4d4778b0dff78f7bb19e74"}],"noteFields":["id","content","anchors","tags"],"noteLimit":2147483647,"anchorSettings":{"textRange":{"referenceField":true}}}
2026-07-30 19:06:28.3864  INFO 81 ClientNotesApi | Found 75 notes. (3ms) {"filters":[{"field":"notebook","value":"692a4a0e1a0a401fa225c8c3c6bc8fbf"}],"noteFields":["id","content","anchors","tags"],"noteLimit":2147483647,"anchorSettings":{"textRange":{"referenceField":true}}}
2026-07-30 19:06:28.3909  INFO 81 ClientNotesApi | Found 1 notes. (2ms) {"filters":[{"field":"notebook","value":"e04893d5314c47ca829c20804916a768"}],"noteFields":["id","content","anchors","tags"],"noteLimit":2147483647,"anchorSettings":{"textRange":{"referenceField":true}}}
2026-07-30 19:06:28.3936  INFO 81 ClientNotesApi | Found 2 notes. (2ms) {"filters":[{"field":"notebook","value":"4694b0165771411d8774ecf577ad3132"}],"noteFields":["id","content","anchors","tags"],"noteLimit":2147483647,"anchorSettings":{"textRange":{"referenceField":true}}}
2026-07-30 19:06:28.3970  INFO 81 ClientNotesApi | Found 2 notes. (2ms) {"filters":[{"field":"notebook","value":"cb164988e79743d185edb5b31acbf3d0"}],"noteFields":["id","content","anchors","tags"],"noteLimit":2147483647,"anchorSettings":{"textRange":{"referenceField":true}}}
2026-07-30 19:06:28.4000  INFO 81 ClientNotesApi | Found 13 notes. (2ms) {"filters":[{"field":"notebook","value":"cc8b9fdaf8044972a885f3ec9cd13a38"}],"noteFields":["id","content","anchors","tags"],"noteLimit":2147483647,"anchorSettings":{"textRange":{"referenceField":true}}}
2026-07-30 19:06:28.4038  INFO 81 ClientNotesApi | Found 4 notes. (2ms) {"filters":[{"field":"notebook","value":"b121b8e056764e9ea3e7650d7d722692"}],"noteFields":["id","content","anchors","tags"],"noteLimit":2147483647,"anchorSettings":{"textRange":{"referenceField":true}}}
2026-07-30 19:06:28.4108  INFO 81 ClientNotesApi | Found 13 notes. (5ms) {"filters":[{"field":"notebook","value":"ee04fc73725c4507b709c4c131842704"}],"noteFields":["id","content","anchors","tags"],"noteLimit":2147483647,"anchorSettings":{"textRange":{"referenceField":true}}}
2026-07-30 19:06:28.4159  INFO 81 ClientNotesApi | Found 1 notes. (3ms) {"filters":[{"field":"notebook","value":"737bd40281a34ef791a0bab11a00fdcd"}],"noteFields":["id","content","anchors","tags"],"noteLimit":2147483647,"anchorSettings":{"textRange":{"referenceField":true}}}
2026-07-30 19:06:28.4203  INFO 81 ClientNotesApi | Found 11 notes. (3ms) {"filters":[{"field":"notebook","value":"388767e268c442e28e8f7de80cb14312"}],"noteFields":["id","content","anchors","tags"],"noteLimit":2147483647,"anchorSettings":{"textRange":{"referenceField":true}}}
2026-07-30 19:06:28.4363  INFO 81 ClientNotesApi | Found 1191 notes. (7ms) {"filters":[{"field":"notebook","value":"259308aef3e44419bf020534b0da1c3d"}],"noteFields":["id","content","anchors","tags"],"noteLimit":2147483647,"anchorSettings":{"textRange":{"referenceField":true}}}
2026-07-30 19:06:28.5450  INFO 81 ClientNotesApi | Found 6 notes. (6ms) {"filters":[{"field":"notebook","value":"92dd16250b8340b8a1e13dbc5147c727"}],"noteFields":["id","content","anchors","tags"],"noteLimit":2147483647,"anchorSettings":{"textRange":{"referenceField":true}}}
2026-07-30 19:06:28.5523  INFO 81 ClientNotesApi | Found 4 notes. (5ms) {"filters":[{"field":"notebook","value":"b3eaf1c3cc98479bb1f6a78ffbe17f28"}],"noteFields":["id","content","anchors","tags"],"noteLimit":2147483647,"anchorSettings":{"textRange":{"referenceField":true}}}
2026-07-30 19:06:28.5561  INFO 81 ClientNotesApi | Found 8 notes. (3ms) {"filters":[{"field":"notebook","value":"27efb5d26d524041b615a46d3164ef3f"}],"noteFields":["id","content","anchors","tags"],"noteLimit":2147483647,"anchorSettings":{"textRange":{"referenceField":true}}}
2026-07-30 19:06:28.5637  INFO 81 ClientNotesApi | Found 2 notes. (3ms) {"filters":[{"field":"notebook","value":"4a1dd99f87764631b32c64a6140ca3e5"}],"noteFields":["id","content","anchors","tags"],"noteLimit":2147483647,"anchorSettings":{"textRange":{"referenceField":true}}}
2026-07-30 19:06:28.5699  INFO 81 ClientNotesApi | Found 33 notes. (5ms) {"filters":[{"field":"notebook","value":"e10df7bbf64f45799bbd98bd3d9f2340"}],"noteFields":["id","content","anchors","tags"],"noteLimit":2147483647,"anchorSettings":{"textRange":{"referenceField":true}}}
2026-07-30 19:06:28.5933  INFO 81 ClientNotesApi | Found 1 notes. (4ms) {"filters":[{"field":"notebook","value":"9681eb4fd34a41c6b5fe234ae1c0470d"}],"noteFields":["id","content","anchors","tags"],"noteLimit":2147483647,"anchorSettings":{"textRange":{"referenceField":true}}}
2026-07-30 19:06:29.0404  INFO 15 MultipleFilesPostingFileWriter | Closing index streams
2026-07-30 19:06:29.2790  INFO 81 DocumentManager | (Timed) Attempting to replace index '/Users/mjwebster/Library/Application Support/Logos4/Documents/wq8ubj9r.32o/Documents/documents' with new index '/Users/mjwebster/Library/Application Support/Logos4/Documents/wq8ubj9r.32o/Documents/l0imur0l.eia'.
2026-07-30 19:06:29.2791  INFO 81 FileSystemIndexInfo | Replacing /Users/mjwebster/Library/Application Support/Logos4/Documents/wq8ubj9r.32o/Documents/documents with /Users/mjwebster/Library/Application Support/Logos4/Documents/wq8ubj9r.32o/Documents/l0imur0l.eia
2026-07-30 19:06:29.7974  INFO 81 DocumentManager | (518ms) Attempting to replace index '/Users/mjwebster/Library/Application Support/Logos4/Documents/wq8ubj9r.32o/Documents/documents' with new index '/Users/mjwebster/Library/Application Support/Logos4/Documents/wq8ubj9r.32o/Documents/l0imur0l.eia'.
2026-07-30 19:06:29.7983  INFO 81 DocumentManager | (2964ms) Rebuilding document index.
2026-07-30 19:07:12.5354  INFO 3 WebServiceClient | Checking for new license compared to W/"a5d72db1-ccfe-4785-a82b-0aad7de4d474"
2026-07-30 19:07:12.9941  INFO 3 WebServiceClient | License check revealed no new license version.
2026-07-30 19:08:03.8438  INFO 1 LDLS4.AppModel | App is now idle.
2026-07-30 19:08:12.9980  INFO 3 WebServiceClient | Checking for new license compared to W/"a5d72db1-ccfe-4785-a82b-0aad7de4d474"
2026-07-30 19:08:13.4648  INFO 3 WebServiceClient | License check revealed no new license version.
2026-07-30 19:15:56.1852  INFO 4 AppMessageProvider | (Timed) Getting app message feed.
2026-07-30 19:15:56.7395  INFO 9 AppMessageProvider | (551ms) Getting app message feed.
2026-07-30 19:30:56.1991  INFO 71 AppMessageProvider | (Timed) Getting app message feed.
2026-07-30 19:30:56.6816  INFO 71 AppMessageProvider | (482ms) Getting app message feed.
2026-07-30 19:45:56.2303  INFO 62 AppMessageProvider | (Timed) Getting app message feed.
2026-07-30 19:45:56.7357  INFO 65 AppMessageProvider | (502ms) Getting app message feed.
2026-07-30 20:00:56.2442  INFO 46 AppMessageProvider | (Timed) Getting app message feed.
2026-07-30 20:00:56.7614  INFO 76 AppMessageProvider | (517ms) Getting app message feed.
2026-07-30 20:15:56.2475  INFO 23 AppMessageProvider | (Timed) Getting app message feed.
2026-07-30 20:15:56.7531  INFO 74 AppMessageProvider | (505ms) Getting app message feed.
2026-07-30 20:30:56.2202  INFO 78 AppMessageProvider | (Timed) Getting app message feed.
2026-07-30 20:30:56.7092  INFO 78 AppMessageProvider | (489ms) Getting app message feed.
2026-07-30 21:08:54.1976  INFO 4 AppMessageProvider | (Timed) Getting app message feed.
2026-07-30 21:08:54.9795  INFO 57 AppMessageProvider | (781ms) Getting app message feed.
2026-07-30 21:23:54.1920  INFO 56 AppMessageProvider | (Timed) Getting app message feed.
2026-07-30 21:23:54.9519  INFO 54 AppMessageProvider | (754ms) Getting app message feed.
2026-07-30 23:53:11.9950  INFO 9 AppMessageProvider | (Timed) Getting app message feed.
2026-07-30 23:53:12.6087  INFO 9 AppMessageProvider | (613ms) Getting app message feed.
2026-07-31 05:40:16.7770  INFO 1 LDLS4.AppModel | App is no longer idle.
2026-07-31 05:40:16.7873  INFO 32 SyncManager | Requesting sync on all sync clients
2026-07-31 05:40:16.7887  INFO 51 WebServiceClient | Checking for new license compared to W/"a5d72db1-ccfe-4785-a82b-0aad7de4d474"
2026-07-31 05:40:17.2856  INFO 32 SQLite Profile | 294ms in layouts.db for: select SyncId from Layouts where SyncState = @SyncState
2026-07-31 05:40:17.3277  INFO 32 SyncManager | Finished requesting sync on all sync clients.
2026-07-31 05:40:17.6499  INFO 3 WebServiceClient | License check revealed no new license version.
2026-07-31 05:40:24.4703  INFO 1 AppCommand | (Timed) Executing command: Close|Kind=AllPanels
2026-07-31 05:40:24.6113  INFO 1 PanelViewModel | Got Resource panel settings for Snapshot: ActiveLeftSidebarNavigationItem=Contents|ActiveRightSidebarNavigationItem=Insights|AreInterlinearsVisible=false|Id=LLS:1.0.710|Locator=false|Milestone=DataType%3dbible+esv%7cResource%3dLLS:1.0.710%7cStartSegment%3d1180761%7cVersion%3d2026-02-17T13:55:29Z|MultiViewEnabled=true|MultiViewLayoutIsVertic
2026-07-31 05:40:24.6119  INFO 1 PanelViewModel | Got Search panel settings for Snapshot: AllSynopsisIsExpanded=false|AllYourBooksSuggestionSeenCount=5|BibleAiBibleSearchNotificationSeenOnce=true|BibleDocumentLevel=verse|BibleEngine=Lexical|BibleMatchAllWordForms=true|BibleMatchCase=false|BibleMatchEquivalentReferences=true|BibleMatchRelatedTerms=false|BibleMultiViewEnabled=false|BibleMu
2026-07-31 05:40:24.6120  INFO 1 PanelViewModel | Got VisualFilter panel settings for Snapshot: Id=Document:VisualFilter:7be58835984e4ba4bfe677450847f141
2026-07-31 05:40:24.6120  INFO 1 PanelViewModel | Got VisualMarkup panel settings for Snapshot: CollapsedGroupNames=Solid%2520Colors;Emphasis%2520Markup;Highlighter%2520Pens;Inductive%252fPrecept;Chesed;Labels;Morph;Name%2520%2526%2520Titles%2520of%2520God;Nazirite;New%2520Testament%2520Use%2520of%2520the%2520Old%2520Testament%253a%2520Allusion;Rachamim;Weights%2520%2526%2520Measures|StyleName
2026-07-31 05:40:24.6571  INFO 1 PanelViewModel | Got Resource panel settings for Snapshot: ActiveLeftSidebarNavigationItem=Contents|ActiveRightSidebarNavigationItem=Insights|AreInterlinearsVisible=false|Id=LLS:1.0.710|Locator=false|Milestone=DataType%3dbible+esv%7cResource%3dLLS:1.0.710%7cStartSegment%3d1180761%7cVersion%3d2026-02-17T13:55:29Z|MultiViewEnabled=true|MultiViewLayoutIsVertic
2026-07-31 05:40:24.6572  INFO 1 PanelViewModel | Got Search panel settings for Snapshot: AllSynopsisIsExpanded=false|AllYourBooksSuggestionSeenCount=5|BibleAiBibleSearchNotificationSeenOnce=true|BibleDocumentLevel=verse|BibleEngine=Lexical|BibleMatchAllWordForms=true|BibleMatchCase=false|BibleMatchEquivalentReferences=true|BibleMatchRelatedTerms=false|BibleMultiViewEnabled=false|BibleMu
2026-07-31 05:40:24.6573  INFO 1 PanelViewModel | Got VisualFilter panel settings for Snapshot: Id=Document:VisualFilter:7be58835984e4ba4bfe677450847f141
2026-07-31 05:40:24.6573  INFO 1 PanelViewModel | Got VisualMarkup panel settings for Snapshot: CollapsedGroupNames=Solid%2520Colors;Emphasis%2520Markup;Highlighter%2520Pens;Inductive%252fPrecept;Chesed;Labels;Morph;Name%2520%2526%2520Titles%2520of%2520God;Nazirite;New%2520Testament%2520Use%2520of%2520the%2520Old%2520Testament%253a%2520Allusion;Rachamim;Weights%2520%2526%2520Measures|StyleName
2026-07-31 05:40:24.6580  INFO 1 PanelViewModel | Got Resource panel settings for History: Id=LLS:1.0.710|Milestone=DataType%3dbible+esv%7cResource%3dLLS:1.0.710%7cStartSegment%3d1180761%7cVersion%3d2026-02-17T13:55:29Z|Position=res/LLS:1.0.710/2026-02-17T13:55:29Z/1180761|Reference=bible+esv.1.31.55
2026-07-31 05:40:24.6581  INFO 1 PanelViewModel | Got VisualMarkup panel settings for History: CollapsedGroupNames=Solid%2520Colors;Emphasis%2520Markup;Highlighter%2520Pens;Inductive%252fPrecept;Chesed;Labels;Morph;Name%2520%2526%2520Titles%2520of%2520God;Nazirite;New%2520Testament%2520Use%2520of%2520the%2520Old%2520Testament%253a%2520Allusion;Rachamim;Weights%2520%2526%2520Measures|StyleName
2026-07-31 05:40:24.6581  INFO 1 PanelViewModel | Got VisualFilter panel settings for History: Id=Document:VisualFilter:7be58835984e4ba4bfe677450847f141
2026-07-31 05:40:24.6581  INFO 1 PanelViewModel | Got Search panel settings for History: AllSynopsisIsExpanded=false|AllYourBooksSuggestionSeenCount=5|BibleAiBibleSearchNotificationSeenOnce=true|BibleDocumentLevel=verse|BibleEngine=Lexical|BibleMatchAllWordForms=true|BibleMatchCase=false|BibleMatchEquivalentReferences=true|BibleMatchRelatedTerms=false|BibleMultiViewEnabled=false|BibleMu
2026-07-31 05:40:24.6608  INFO 1 SearchPanel | Disconnecting from panel containing LLS:1.0.710
2026-07-31 05:40:24.6830  INFO 1 PanelViewModel | Got Resource panel settings for Preferences: ActiveLeftSidebarNavigationItem=Contents|ActiveRightSidebarNavigationItem=Insights|AreInterlinearsVisible=false|Locator=false|MultiViewEnabled=true|MultiViewLayoutIsVertical=false|ParallelResourceSetName=allparallelresources|ReverseInterlinear=true|ReverseInterlinearRows=Surface,MSS,Lemma,Morph,Stro
2026-07-31 05:40:24.7239  INFO 1 AppCommand | (254ms) Executing command: Close|Kind=AllPanels
2026-07-31 05:40:34.6619  INFO 32 SyncManager | Requesting sync on all sync clients
2026-07-31 05:40:34.7527  INFO 32 SyncClient | Found 1 items to submit for PreferencesSyncItem
2026-07-31 05:40:34.7527  INFO 32 SyncClient | (Timed) Submitting 1 of 1 items.
2026-07-31 05:40:35.7585  INFO 32 SyncClient | (1006ms) Submitting 1 of 1 items.
2026-07-31 05:40:35.7588  INFO 32 SyncClient | Integrated 1 successes, 0 conflicts, and 0 errors.
2026-07-31 05:40:35.7589  INFO 32 SyncClient | Downloading items for PreferencesSyncItem
2026-07-31 05:40:36.0519  INFO 32 SyncClient | New last known milestones: {"itemMilestone":"418986"}
2026-07-31 05:40:36.1258  INFO 32 SyncClient | Found 2 items to submit for HistorySyncItem
2026-07-31 05:40:36.1258  INFO 32 SyncClient | (Timed) Submitting 2 of 2 items.
2026-07-31 05:40:37.1975  INFO 32 SyncClient | (1072ms) Submitting 2 of 2 items.
2026-07-31 05:40:37.1979  INFO 32 SyncClient | Integrated 2 successes, 0 conflicts, and 0 errors.
2026-07-31 05:40:37.1984  INFO 32 SyncClient | Downloading items for HistorySyncItem
2026-07-31 05:40:37.6913  INFO 32 SyncClient | New last known milestones: {"itemMilestone":"180895"}
2026-07-31 05:40:37.6942  INFO 32 SyncManager | Finished requesting sync on all sync clients.
2026-07-31 05:40:40.3085  INFO 55 HomePageViewModel | (Timed) Initializing explore section feed providers.
2026-07-31 05:40:40.3085  INFO 62 HomePageViewModel | (Timed) Initializing explore section feed providers.
2026-07-31 05:40:41.7496  INFO 62 HomePageViewModel | (1441ms) Initializing explore section feed providers.
2026-07-31 05:40:41.7496  INFO 56 HomePageViewModel | (1441ms) Initializing explore section feed providers.
2026-07-31 05:40:41.7498  INFO 56 AppMessageProvider | (Timed) Getting app message feed.
2026-07-31 05:40:43.1304  INFO 62 AppMessageProvider | (1381ms) Getting app message feed.
2026-07-31 05:40:43.1392  INFO 55 GetStartedProvider | ReadingPlansCard: calling web API.
2026-07-31 05:40:43.1445  INFO 62 HomePageViewModel | (Timed) Finding explore section cards.
2026-07-31 05:40:43.1454  INFO 62 BlogPostCardProvider | (Timed) Getting cards.
2026-07-31 05:40:43.1473  INFO 62 PartnerBrandingBlogPostCardProvider | (Timed) Getting cards.
2026-07-31 05:40:43.1473  INFO 62 PartnerBrandingBlogPostCardProvider | (0ms) Getting cards.
2026-07-31 05:40:43.1479  INFO 62 ProductCardProvider | (Timed) Getting cards.
2026-07-31 05:40:43.1488  INFO 62 AppMessageCardProvider | (Timed) Getting cards.
2026-07-31 05:40:43.1488  INFO 62 AppMessageProvider | (Timed) Getting app message feed.
2026-07-31 05:40:43.1498  INFO 62 AppSuggestionCardProvider | (Timed) Getting cards.
2026-07-31 05:40:43.1504  INFO 62 ExcerptCardProvider | (Timed) Getting cards.
2026-07-31 05:40:43.1504  INFO 62 ExcerptCardProvider | (0ms) Getting cards.
2026-07-31 05:40:43.1507  INFO 62 FromYourLibraryCardProvider | (Timed) Getting cards.
2026-07-31 05:40:43.1544  INFO 62 LibraryCatalog | Got all 9003 record IDs. (4ms)
2026-07-31 05:40:43.1564  INFO 62 FromYourLibraryCardProvider | (6ms) Getting cards.
2026-07-31 05:40:43.1565  INFO 62 TodayInChristianHistoryCardProvider | (Timed) Getting cards.
2026-07-31 05:40:43.1565  INFO 62 TodayInChristianHistoryCardProvider | (0ms) Getting cards.
2026-07-31 05:40:43.1574  INFO 62 TrainingVideoCardProvider | (Timed) Getting cards.
2026-07-31 05:40:43.1579  INFO 65 TodayInChristianHistoryCardProvider | (Timed) Getting cards.
2026-07-31 05:40:43.1589  INFO 62 VerseOfTheDayCardProvider | (Timed) Getting cards.
2026-07-31 05:40:43.1600  INFO 62 WorkflowSuggestionCardProvider | (Timed) Getting cards.
2026-07-31 05:40:43.1812  INFO 62 WorkflowSuggestionCardProvider | (21ms) Getting cards.
2026-07-31 05:40:43.1877  INFO 65 SupplementalDataResourceCore | Loaded 0 en localizations from DB:SD-TICH. (3ms)
2026-07-31 05:40:43.1894  WARN 55 Sinai.Title | Couldn't find position_upgrade_manifest.dat as Baggage in /Users/mjwebster/Library/Application Support/Logos4/Data/wq8ubj9r.32o/ResourceManager/Resources/NPNFRC24.logos4.
2026-07-31 05:40:43.2042  INFO 65 TodayInChristianHistoryCardProvider | (46ms) Getting cards.
2026-07-31 05:40:43.2876  INFO 65 AppSuggestionCardProvider | (138ms) Getting cards.
2026-07-31 05:40:43.3148  INFO 55 AppMessageProvider | (166ms) Getting app message feed.
2026-07-31 05:40:43.3171  INFO 55 AppMessageCardProvider | (168ms) Getting cards.
2026-07-31 05:40:43.8863  INFO 54 BlogPostCardProvider | (741ms) Getting cards.
2026-07-31 05:40:43.9517  INFO 56 ProductCardProvider | (804ms) Getting cards.
2026-07-31 05:40:43.9639  INFO 56 TrainingVideoCardProvider | (807ms) Getting cards.
2026-07-31 05:40:43.9677  INFO 56 VerseOfTheDayCardProvider | (809ms) Getting cards.
2026-07-31 05:40:43.9684  INFO 56 HomePageViewModel | (824ms) Finding explore section cards.
[14447:2258087:0731/054044.166265:ERROR:net/cert/internal/trust_store_mac.cc:817] Error parsing certificate:
ERROR: Failed parsing extensions

2026-07-31 05:40:46.8683  INFO 1 AppCommand | (Timed) Executing command: Resource|Id=LLS:20.10.10|Reference=dayofyear.7.31
2026-07-31 05:40:46.8703  INFO 1 PanelViewModel | Applying Resource panel settings for Preferences: Locator=false|TextSize=14.666666666666666
2026-07-31 05:40:46.8703  INFO 1 PanelViewModel | Updated Resource panel text size to 14.666666666666666.
2026-07-31 05:40:46.8703  INFO 1 PanelViewModel | Navigating Resource panel to: Id=LLS:20.10.10|Reference=dayofyear.7.31
2026-07-31 05:40:46.8704  INFO 1 PanelViewModel | Applying Resource panel settings for Bookmark: Id=LLS:20.10.10|Reference=dayofyear.7.31
2026-07-31 05:40:46.8745  INFO 54 ResourcePanelMultiResourceConfigViewModel | Found 40 potential guest resources. (2ms)
2026-07-31 05:40:46.8964  INFO 1 ResourcePanelViewModel | Updating 1 ResourceViewModels for host: LLS:20.10.10 with configuration: LLS:20.10.10
2026-07-31 05:40:46.9072  INFO 1 PanelViewModel | Applying Resource panel settings for Preferences: Milestone=DataType%3ddayofyear%7cResource%3dLLS:20.10.10%7cStartSegment%3d339975%7cVersion%3d2019-02-28T21:08:16Z|MultiViewEnabled=false|MultiViewLayoutIsVertical=false|Position=res/LLS:20.10.10/2019-02-28T21:08:16Z/343758|Reference=dayofyear.7.30
2026-07-31 05:40:46.9083  INFO 1 PanelViewModel | Updated Resource panel text size to 16.
2026-07-31 05:40:46.9266  INFO 21 ContextInformationCache | (Timed) Initializing cache
2026-07-31 05:40:46.9268  INFO 21 ContextInformationCache | GetArticleInformation took 00:00:00.0001458
2026-07-31 05:40:46.9269  INFO 21 ContextInformationCache | (0ms) Initializing cache
2026-07-31 05:40:46.9429  INFO 1 PanelViewModel | Got Resource panel settings for History: Id=LLS:20.10.10|Milestone=DataType%3ddayofyear%7cResource%3dLLS:20.10.10%7cStartSegment%3d343783%7cVersion%3d2019-02-28T21:08:16Z|Position=res/LLS:20.10.10/2019-02-28T21:08:16Z/343783|Reference=dayofyear.7.31
2026-07-31 05:40:46.943 Logos[14447:2257600] <VariableDividerWidthSplitView: 0x10c194e6800>: the delegate <ResourcePanelController: 0x10c10b49b00> was sent -splitView:resizeSubviewsWithOldSize: and left the arranged view frames in an inconsistent state:
2026-07-31 05:40:46.943 Logos[14447:2257600] Split view bounds: {{0, 0}, {611.25000000000568, 790.41666666663673}}
2026-07-31 05:40:46.943 Logos[14447:2257600]     Arranged view frame: {{0, 0}, {0, 100}}
2026-07-31 05:40:46.944 Logos[14447:2257600]     Arranged view frame: {{0, 0}, {100, 100}}
2026-07-31 05:40:46.944 Logos[14447:2257600]     Arranged view frame: {{0, 0}, {0, 100}}
2026-07-31 05:40:46.944 Logos[14447:2257600] The outer edges of the arranged view frames are supposed to line up with the split view's bounds' edges. NSSplitView is working around the problem, perhaps at the cost of more redrawing. (This message is only logged once per NSSplitView.)
2026-07-31 05:40:46.944 Logos[14447:2257600] The arranged view frames are not in the same order as the arranged views array. NSSplitView requires that these orders be kept consistent, otherwise behavior is undefined.
2026-07-31 05:40:46.944 Logos[14447:2257600] <NSSplitView: 0x10c1950adc0>: the delegate <ResourcePanelController: 0x10c10b49b00> was sent -splitView:resizeSubviewsWithOldSize: and left the arranged view frames in an inconsistent state:
2026-07-31 05:40:46.944 Logos[14447:2257600] Split view bounds: {{0, 0}, {611.25000000000568, 790.41666666663673}}
2026-07-31 05:40:46.944 Logos[14447:2257600]     Arranged view frame: {{0, 0}, {612, 790.41666666663673}}
2026-07-31 05:40:46.944 Logos[14447:2257600] The outer edges of the arranged view frames are supposed to line up with the split view's bounds' edges. NSSplitView is working around the problem, perhaps at the cost of more redrawing. (This message is only logged once per NSSplitView.)
2026-07-31 05:40:46.9585  INFO 1 AppCommand | (90ms) Executing command: Resource|Id=LLS:20.10.10|Reference=dayofyear.7.31
2026-07-31 05:40:46.9787  INFO 1 NotesToolUserVisualFilterProvider | Markup needed for LLS:20.10.10 343758:1857.
2026-07-31 05:40:46.9808  INFO 67 CorrespondingWordsUserVisualFilter | Calculated markup for LLS:20.10.10 343758:1857. (2ms)
2026-07-31 05:40:47.0560  INFO 78 FilteringResourceViewComponent | (Timed) Updating resource filter
2026-07-31 05:40:47.0562  INFO 21 FilteringResourceViewComponent | (0ms) Updating resource filter
2026-07-31 05:40:47.0565  INFO 1 PanelViewModel | Got Resource panel settings for History: Id=LLS:20.10.10|Milestone=DataType%3ddayofyear%7cResource%3dLLS:20.10.10%7cStartSegment%3d343783%7cVersion%3d2019-02-28T21:08:16Z|Position=res/LLS:20.10.10/2019-02-28T21:08:16Z/343783|Reference=dayofyear.7.31
2026-07-31 05:40:47.0632  INFO 78 NotesToolUserVisualFilterProvider | Got 0 notes markups for LLS:20.10.10 343758:1857. (7ms)
2026-07-31 05:40:47.0756  INFO 3 NotesDigitalLibraryService | Cached all 365 milestones for LLS:20.10.10 2019-02-28T21:08:16Z. (19ms)
2026-07-31 05:40:47.0762  INFO 3 NotesToolUserVisualFilterProvider | Got 0 notes markups for LLS:20.10.10 0:2147483647. (20ms)
2026-07-31 05:40:47.7671  INFO 78 BkHighlightingVisualFilterBase | Calculated markup for LLS:20.10.10 343758:1857. (788ms)
2026-07-31 05:40:47.8288  INFO 3 PopularHighlightsVisualFilter | Calculated markup for LLS:20.10.10 343758:1857. (113ms)
2026-07-31 05:40:49.0563  INFO 1 PanelViewModel | Got Resource panel settings for Preferences: MultiViewEnabled=false|MultiViewLayoutIsVertical=false
2026-07-31 05:40:56.9593  INFO 32 SyncManager | Requesting sync on all sync clients
2026-07-31 05:40:57.0521  INFO 32 SyncClient | Found 2 items to submit for PreferencesSyncItem
2026-07-31 05:40:57.0521  INFO 32 SyncClient | (Timed) Submitting 2 of 2 items.
2026-07-31 05:40:57.3531  INFO 32 SyncClient | (301ms) Submitting 2 of 2 items.
2026-07-31 05:40:57.3537  INFO 32 SyncClient | Integrated 2 successes, 0 conflicts, and 0 errors.
2026-07-31 05:40:57.3538  INFO 32 SyncClient | Downloading items for PreferencesSyncItem
2026-07-31 05:40:57.5573  INFO 32 SyncClient | New last known milestones: {"itemMilestone":"418987"}
2026-07-31 05:40:57.6770  INFO 32 SyncClient | Found 1 items to submit for HistorySyncItem
2026-07-31 05:40:57.6771  INFO 32 SyncClient | (Timed) Submitting 1 of 1 items.
2026-07-31 05:40:57.9673  INFO 32 SyncClient | (290ms) Submitting 1 of 1 items.
2026-07-31 05:40:57.9676  INFO 32 SyncClient | Integrated 1 successes, 0 conflicts, and 0 errors.
2026-07-31 05:40:57.9681  INFO 32 SyncClient | Downloading items for HistorySyncItem
2026-07-31 05:40:58.6087  INFO 32 SyncClient | New last known milestones: {"itemMilestone":"180896"}
2026-07-31 05:40:58.6148  INFO 32 SyncManager | Finished requesting sync on all sync clients.
2026-07-31 05:41:10.3454  INFO 78 CorrespondingWordsUserVisualFilter | Calculated markup for LLS:20.10.10 345615:1442. (0ms)
2026-07-31 05:41:10.3557  INFO 73 BkHighlightingVisualFilterBase | Calculated markup for LLS:20.10.10 345615:1442. (10ms)
2026-07-31 05:41:10.6571  INFO 73 PopularHighlightsVisualFilter | Calculated markup for LLS:20.10.10 345615:1442. (312ms)
2026-07-31 05:41:13.0457  INFO 1 PanelViewModel | Got Resource panel settings for Preferences: MultiViewEnabled=false|MultiViewLayoutIsVertical=false
2026-07-31 05:41:17.6559  INFO 3 WebServiceClient | Checking for new license compared to W/"a5d72db1-ccfe-4785-a82b-0aad7de4d474"
2026-07-31 05:41:18.0769  INFO 73 WebServiceClient | License check revealed no new license version.
2026-07-31 05:41:18.1686  INFO 32 SyncManager | Requesting sync on all sync clients
2026-07-31 05:41:18.2344  INFO 32 SyncClient | Found 2 items to submit for PreferencesSyncItem
2026-07-31 05:41:18.2344  INFO 32 SyncClient | (Timed) Submitting 2 of 2 items.
2026-07-31 05:41:18.3831  INFO 32 SyncClient | (149ms) Submitting 2 of 2 items.
2026-07-31 05:41:18.3832  INFO 32 SyncClient | Integrated 2 successes, 0 conflicts, and 0 errors.
2026-07-31 05:41:18.3833  INFO 32 SyncClient | Downloading items for PreferencesSyncItem
2026-07-31 05:41:18.4808  INFO 32 SyncClient | New last known milestones: {"itemMilestone":"418988"}
2026-07-31 05:41:18.5471  INFO 32 SyncClient | Downloading items for HistorySyncItem
2026-07-31 05:41:18.6480  INFO 32 SyncClient | Unchanged last known milestones: {"itemMilestone":"180896"}
2026-07-31 05:41:18.6496  INFO 32 SyncManager | Finished requesting sync on all sync clients.
2026-07-31 05:41:22.7768  INFO 1 PanelViewModel | Got Resource panel settings for Snapshot: Id=LLS:20.10.10|Milestone=DataType%3ddayofyear%7cResource%3dLLS:20.10.10%7cStartSegment%3d343783%7cVersion%3d2019-02-28T21:08:16Z|MultiViewEnabled=false|MultiViewLayoutIsVertical=false|Position=res/LLS:20.10.10/2019-02-28T21:08:16Z/344358|ProductPreviewTitle=The%20Christian’s%20Secret%20of%20a%20Hol
2026-07-31 05:41:22.7773  INFO 1 PanelViewModel | Got Resource panel settings for History: Id=LLS:20.10.10|Milestone=DataType%3ddayofyear%7cResource%3dLLS:20.10.10%7cStartSegment%3d343783%7cVersion%3d2019-02-28T21:08:16Z|Position=res/LLS:20.10.10/2019-02-28T21:08:16Z/344358|Reference=dayofyear.7.31
2026-07-31 05:41:22.7888  INFO 1 PanelViewModel | Got Resource panel settings for Preferences: MultiViewEnabled=false|MultiViewLayoutIsVertical=false
2026-07-31 05:41:25.3960  INFO 1 AppCommand | (Timed) Executing command: Resource|Id=LLS:CHQBKBANKFTH|Reference=dayofyear.7.31
2026-07-31 05:41:25.4027  INFO 1 PanelViewModel | Applying Resource panel settings for Preferences: Locator=false|TextSize=14.666666666666666
2026-07-31 05:41:25.4028  INFO 1 PanelViewModel | Updated Resource panel text size to 14.666666666666666.
2026-07-31 05:41:25.4028  INFO 1 PanelViewModel | Navigating Resource panel to: Id=LLS:CHQBKBANKFTH|Reference=dayofyear.7.31
2026-07-31 05:41:25.4028  INFO 1 PanelViewModel | Applying Resource panel settings for Bookmark: Id=LLS:CHQBKBANKFTH|Reference=dayofyear.7.31
2026-07-31 05:41:25.4044  INFO 73 ResourcePanelMultiResourceConfigViewModel | Found 40 potential guest resources. (0ms)
2026-07-31 05:41:25.4210  INFO 1 ResourcePanelViewModel | Updating 1 ResourceViewModels for host: LLS:CHQBKBANKFTH with configuration: LLS:CHQBKBANKFTH
2026-07-31 05:41:25.4249  INFO 1 PanelViewModel | Applying Resource panel settings for Preferences: Milestone=DataType%3ddayofyear%7cResource%3dLLS:CHQBKBANKFTH%7cStartSegment%3d275515%7cVersion%3d2014-10-03T20:35:05Z|MultiViewEnabled=false|MultiViewLayoutIsVertical=false|Position=res/LLS:CHQBKBANKFTH/2014-10-03T20:35:05Z/275777|Reference=dayofyear.7.31
2026-07-31 05:41:25.4256  INFO 1 PanelViewModel | Updated Resource panel text size to 16.
2026-07-31 05:41:25.4443  INFO 74 ContextInformationCache | (Timed) Initializing cache
2026-07-31 05:41:25.4447  INFO 74 ContextInformationCache | GetArticleInformation took 00:00:00.0003207
2026-07-31 05:41:25.4447  INFO 74 ContextInformationCache | (0ms) Initializing cache
2026-07-31 05:41:25.4549  INFO 1 PanelViewModel | Got Resource panel settings for History: Id=LLS:CHQBKBANKFTH|Milestone=DataType%3ddayofyear%7cResource%3dLLS:CHQBKBANKFTH%7cStartSegment%3d275515%7cVersion%3d2014-10-03T20:35:05Z|Position=res/LLS:CHQBKBANKFTH/2014-10-03T20:35:05Z/275515|Reference=dayofyear.7.31
2026-07-31 05:41:25.455 Logos[14447:2257600] <VariableDividerWidthSplitView: 0x10c19502540>: the delegate <ResourcePanelController: 0x10c10b49b00> was sent -splitView:resizeSubviewsWithOldSize: and left the arranged view frames in an inconsistent state:
2026-07-31 05:41:25.455 Logos[14447:2257600] Split view bounds: {{0, 0}, {611.25000000000568, 790.41666666663673}}
2026-07-31 05:41:25.455 Logos[14447:2257600]     Arranged view frame: {{0, 0}, {0, 100}}
2026-07-31 05:41:25.455 Logos[14447:2257600]     Arranged view frame: {{0, 0}, {100, 100}}
2026-07-31 05:41:25.455 Logos[14447:2257600]     Arranged view frame: {{0, 0}, {0, 100}}
2026-07-31 05:41:25.455 Logos[14447:2257600] The outer edges of the arranged view frames are supposed to line up with the split view's bounds' edges. NSSplitView is working around the problem, perhaps at the cost of more redrawing. (This message is only logged once per NSSplitView.)
2026-07-31 05:41:25.455 Logos[14447:2257600] The arranged view frames are not in the same order as the arranged views array. NSSplitView requires that these orders be kept consistent, otherwise behavior is undefined.
2026-07-31 05:41:25.456 Logos[14447:2257600] <NSSplitView: 0x10c19505fc0>: the delegate <ResourcePanelController: 0x10c10b49b00> was sent -splitView:resizeSubviewsWithOldSize: and left the arranged view frames in an inconsistent state:
2026-07-31 05:41:25.456 Logos[14447:2257600] Split view bounds: {{0, 0}, {611.25000000000568, 790.41666666663673}}
2026-07-31 05:41:25.456 Logos[14447:2257600]     Arranged view frame: {{0, 0}, {612, 790.41666666663673}}
2026-07-31 05:41:25.456 Logos[14447:2257600] The outer edges of the arranged view frames are supposed to line up with the split view's bounds' edges. NSSplitView is working around the problem, perhaps at the cost of more redrawing. (This message is only logged once per NSSplitView.)
2026-07-31 05:41:25.4660  INFO 1 AppCommand | (70ms) Executing command: Resource|Id=LLS:CHQBKBANKFTH|Reference=dayofyear.7.31
2026-07-31 05:41:25.4877  INFO 1 NotesToolUserVisualFilterProvider | Markup needed for LLS:CHQBKBANKFTH 275515:1174.
2026-07-31 05:41:25.4888  INFO 3 CorrespondingWordsUserVisualFilter | Calculated markup for LLS:CHQBKBANKFTH 275515:1174. (1ms)
2026-07-31 05:41:25.4908  INFO 1 NotesToolUserVisualFilterProvider | Markup needed for LLS:CHQBKBANKFTH 276689:1311.
2026-07-31 05:41:25.4913  INFO 67 CorrespondingWordsUserVisualFilter | Calculated markup for LLS:CHQBKBANKFTH 276689:1311. (0ms)
2026-07-31 05:41:25.5754  INFO 3 FilteringResourceViewComponent | (Timed) Updating resource filter
2026-07-31 05:41:25.5758  INFO 67 NotesDigitalLibraryService | Cached all 366 milestones for LLS:CHQBKBANKFTH 2014-10-03T20:35:05Z. (0ms)
2026-07-31 05:41:25.5759  INFO 67 NotesToolUserVisualFilterProvider | Got 0 notes markups for LLS:CHQBKBANKFTH 0:2147483647. (0ms)
2026-07-31 05:41:25.5764  INFO 67 FilteringResourceViewComponent | (1ms) Updating resource filter
2026-07-31 05:41:25.5765  INFO 3 NotesToolUserVisualFilterProvider | Got 0 notes markups for LLS:CHQBKBANKFTH 275515:2485. (0ms)
2026-07-31 05:41:25.5766  INFO 1 PanelViewModel | Got Resource panel settings for History: Id=LLS:CHQBKBANKFTH|Milestone=DataType%3ddayofyear%7cResource%3dLLS:CHQBKBANKFTH%7cStartSegment%3d275515%7cVersion%3d2014-10-03T20:35:05Z|Position=res/LLS:CHQBKBANKFTH/2014-10-03T20:35:05Z/275515|Reference=dayofyear.7.31
2026-07-31 05:41:25.6099  INFO 67 BkHighlightingVisualFilterBase | Calculated markup for LLS:CHQBKBANKFTH 275515:1174. (122ms)
2026-07-31 05:41:25.6132  INFO 3 BkHighlightingVisualFilterBase | Calculated markup for LLS:CHQBKBANKFTH 276689:1311. (122ms)
2026-07-31 05:41:25.6723  INFO 67 PopularHighlightsVisualFilter | Calculated markup for LLS:CHQBKBANKFTH 275515:1174. (94ms)
2026-07-31 05:41:25.7673  INFO 67 PopularHighlightsVisualFilter | Calculated markup for LLS:CHQBKBANKFTH 276689:1311. (189ms)
2026-07-31 05:41:27.5782  INFO 1 PanelViewModel | Got Resource panel settings for Preferences: MultiViewEnabled=false|MultiViewLayoutIsVertical=false
2026-07-31 05:41:35.4669  INFO 32 SyncManager | Requesting sync on all sync clients
2026-07-31 05:41:35.5353  INFO 32 SyncClient | Found 3 items to submit for PreferencesSyncItem
2026-07-31 05:41:35.5354  INFO 32 SyncClient | (Timed) Submitting 3 of 3 items.
2026-07-31 05:41:35.6828  INFO 32 SyncClient | (147ms) Submitting 3 of 3 items.
2026-07-31 05:41:35.6830  INFO 32 SyncClient | Integrated 3 successes, 0 conflicts, and 0 errors.
2026-07-31 05:41:35.6831  INFO 32 SyncClient | Downloading items for PreferencesSyncItem
2026-07-31 05:41:35.7875  INFO 32 SyncClient | New last known milestones: {"itemMilestone":"418989"}
2026-07-31 05:41:35.8534  INFO 32 SyncClient | Found 2 items to submit for HistorySyncItem
2026-07-31 05:41:35.8534  INFO 32 SyncClient | (Timed) Submitting 2 of 2 items.
2026-07-31 05:41:36.0599  INFO 32 SyncClient | (207ms) Submitting 2 of 2 items.
2026-07-31 05:41:36.0603  INFO 32 SyncClient | Integrated 2 successes, 0 conflicts, and 0 errors.
2026-07-31 05:41:36.0610  INFO 32 SyncClient | Downloading items for HistorySyncItem
2026-07-31 05:41:36.2653  INFO 32 SyncClient | New last known milestones: {"itemMilestone":"180897"}
2026-07-31 05:41:36.2714  INFO 32 SyncManager | Finished requesting sync on all sync clients.
2026-07-31 05:42:18.0797  INFO 70 WebServiceClient | Checking for new license compared to W/"a5d72db1-ccfe-4785-a82b-0aad7de4d474"
2026-07-31 05:42:18.5050  INFO 70 WebServiceClient | License check revealed no new license version.
2026-07-31 05:42:18.5793  INFO 32 SyncManager | Requesting sync on all sync clients
2026-07-31 05:42:18.6481  INFO 32 SyncClient | Downloading items for PreferencesSyncItem
2026-07-31 05:42:19.0647  INFO 32 SyncClient | Unchanged last known milestones: {"itemMilestone":"418989"}
2026-07-31 05:42:19.1257  INFO 32 SyncClient | Found 1 items to submit for ReadingProgressSyncItem
2026-07-31 05:42:19.1258  INFO 32 SyncClient | (Timed) Submitting 1 of 1 items.
2026-07-31 05:42:19.6961  INFO 32 SyncClient | (570ms) Submitting 1 of 1 items.
2026-07-31 05:42:19.6967  INFO 32 SyncClient | Integrated 1 successes, 0 conflicts, and 0 errors.
2026-07-31 05:42:19.6973  INFO 32 SyncClient | Downloading items for ReadingProgressSyncItem
2026-07-31 05:42:19.8869  INFO 32 SyncClient | New last known milestones: {"itemMilestone":"44743858"}
2026-07-31 05:42:19.8885  INFO 32 SyncClient | Downloading items for HistorySyncItem
2026-07-31 05:42:20.4897  INFO 32 SyncClient | Unchanged last known milestones: {"itemMilestone":"180897"}
2026-07-31 05:42:20.4928  INFO 32 SyncManager | Finished requesting sync on all sync clients.
2026-07-31 05:43:12.5848  INFO 1 PanelViewModel | Got Resource panel settings for Preferences: MultiViewEnabled=false|MultiViewLayoutIsVertical=false
2026-07-31 05:43:14.7290  INFO 4 BkHighlightingVisualFilterBase | Calculated markup for LLS:CHQBKBANKFTH 278000:1269. (0ms)
2026-07-31 05:43:14.7291  INFO 78 CorrespondingWordsUserVisualFilter | Calculated markup for LLS:CHQBKBANKFTH 278000:1269. (1ms)
2026-07-31 05:43:15.3938  INFO 78 PopularHighlightsVisualFilter | Calculated markup for LLS:CHQBKBANKFTH 278000:1269. (665ms)
2026-07-31 05:43:18.5068  INFO 78 WebServiceClient | Checking for new license compared to W/"a5d72db1-ccfe-4785-a82b-0aad7de4d474"
2026-07-31 05:43:18.9182  INFO 4 WebServiceClient | License check revealed no new license version.
2026-07-31 05:43:18.9571  INFO 32 SyncManager | Requesting sync on all sync clients
2026-07-31 05:43:19.0296  INFO 32 SyncClient | Found 2 items to submit for PreferencesSyncItem
2026-07-31 05:43:19.0296  INFO 32 SyncClient | (Timed) Submitting 2 of 2 items.
2026-07-31 05:43:19.1598  INFO 32 SyncClient | (130ms) Submitting 2 of 2 items.
2026-07-31 05:43:19.1599  INFO 32 SyncClient | Integrated 2 successes, 0 conflicts, and 0 errors.
2026-07-31 05:43:19.1600  INFO 32 SyncClient | Downloading items for PreferencesSyncItem
2026-07-31 05:43:19.2797  INFO 32 SyncClient | New last known milestones: {"itemMilestone":"418990"}
2026-07-31 05:43:19.3437  INFO 32 SyncClient | Downloading items for ReadingProgressSyncItem
2026-07-31 05:43:19.4825  INFO 32 SyncClient | Unchanged last known milestones: {"itemMilestone":"44743858"}
2026-07-31 05:43:19.4853  INFO 32 SyncManager | Finished requesting sync on all sync clients.
2026-07-31 05:43:19.5994  INFO 1 PanelViewModel | Got Resource panel settings for Preferences: MultiViewEnabled=false|MultiViewLayoutIsVertical=false
2026-07-31 05:43:28.2057  INFO 4 AppMessageProvider | (Timed) Getting app message feed.
2026-07-31 05:43:28.6993  INFO 78 AppMessageProvider | (493ms) Getting app message feed.
2026-07-31 05:43:36.4427  INFO 1 PanelViewModel | Got Resource panel settings for Snapshot: Id=LLS:CHQBKBANKFTH|Milestone=DataType%3ddayofyear%7cResource%3dLLS:CHQBKBANKFTH%7cStartSegment%3d275515%7cVersion%3d2014-10-03T20:35:05Z|MultiViewEnabled=false|MultiViewLayoutIsVertical=false|Position=res/LLS:CHQBKBANKFTH/2014-10-03T20:35:05Z/276475|ProductPreviewTitle=The%20Chequebook%20of%20the%2
2026-07-31 05:43:36.4431  INFO 1 PanelViewModel | Got Resource panel settings for History: Id=LLS:CHQBKBANKFTH|Milestone=DataType%3ddayofyear%7cResource%3dLLS:CHQBKBANKFTH%7cStartSegment%3d275515%7cVersion%3d2014-10-03T20:35:05Z|Position=res/LLS:CHQBKBANKFTH/2014-10-03T20:35:05Z/276475|Reference=dayofyear.7.31
2026-07-31 05:43:36.4502  INFO 1 PanelViewModel | Got Resource panel settings for Preferences: MultiViewEnabled=false|MultiViewLayoutIsVertical=false
2026-07-31 05:43:44.2132  INFO 1 AppCommand | (Timed) Executing command: Resource|Id=LLS:WS_78D4ACD829E74392B4F75C5065979CA9|Reference=dayofyear.7.31
2026-07-31 05:43:44.2174  INFO 1 PanelViewModel | Applying Resource panel settings for Preferences: Locator=false|TextSize=14.666666666666666
2026-07-31 05:43:44.2175  INFO 1 PanelViewModel | Updated Resource panel text size to 14.666666666666666.
2026-07-31 05:43:44.2176  INFO 1 PanelViewModel | Navigating Resource panel to: Id=LLS:WS_78D4ACD829E74392B4F75C5065979CA9|Reference=dayofyear.7.31
2026-07-31 05:43:44.2176  INFO 1 PanelViewModel | Applying Resource panel settings for Bookmark: Id=LLS:WS_78D4ACD829E74392B4F75C5065979CA9|Reference=dayofyear.7.31
2026-07-31 05:43:44.2200  INFO 4 ResourcePanelMultiResourceConfigViewModel | Found 40 potential guest resources. (0ms)
2026-07-31 05:43:44.2417  INFO 1 ResourcePanelViewModel | Updating 1 ResourceViewModels for host: LLS:WS_78D4ACD829E74392B4F75C5065979CA9 with configuration: LLS:WS_78D4ACD829E74392B4F75C5065979CA9
2026-07-31 05:43:44.2496  INFO 1 PanelViewModel | Applying Resource panel settings for Preferences: Milestone=DataType%3ddayofyear%7cResource%3dLLS:WS_78D4ACD829E74392B4F75C5065979CA9%7cStartSegment%3d1661303%7cVersion%3d2025-09-04T22:30:08Z|MultiViewEnabled=false|MultiViewLayoutIsVertical=false|ParallelResourceSetName=allparallelresources|Position=res/LLS:WS_78D4ACD829E74392B4F75C5065979CA9/2025-
2026-07-31 05:43:44.2503  INFO 1 PanelViewModel | Updated Resource panel text size to 16.
2026-07-31 05:43:44.2654  INFO 68 ContextInformationCache | (Timed) Initializing cache
2026-07-31 05:43:44.2659  INFO 68 ContextInformationCache | GetArticleInformation took 00:00:00.0003815
2026-07-31 05:43:44.2659  INFO 68 ContextInformationCache | (0ms) Initializing cache
2026-07-31 05:43:44.2763  INFO 1 PanelViewModel | Got Resource panel settings for History: Id=LLS:WS_78D4ACD829E74392B4F75C5065979CA9|Milestone=DataType%3ddayofyear%7cResource%3dLLS:WS_78D4ACD829E74392B4F75C5065979CA9%7cStartSegment%3d1670700%7cVersion%3d2025-09-04T22:30:08Z|Position=res/LLS:WS_78D4ACD829E74392B4F75C5065979CA9/2025-09-04T22:30:08Z/1670700|Reference=dayofyear.7.31
2026-07-31 05:43:44.277 Logos[14447:2257600] <VariableDividerWidthSplitView: 0x10c1950f200>: the delegate <ResourcePanelController: 0x10c0e305640> was sent -splitView:resizeSubviewsWithOldSize: and left the arranged view frames in an inconsistent state:
2026-07-31 05:43:44.277 Logos[14447:2257600] Split view bounds: {{0, 0}, {611.25000000000568, 790.41666666663673}}
2026-07-31 05:43:44.277 Logos[14447:2257600]     Arranged view frame: {{0, 0}, {0, 100}}
2026-07-31 05:43:44.277 Logos[14447:2257600]     Arranged view frame: {{0, 0}, {100, 100}}
2026-07-31 05:43:44.277 Logos[14447:2257600]     Arranged view frame: {{0, 0}, {0, 100}}
2026-07-31 05:43:44.277 Logos[14447:2257600] The outer edges of the arranged view frames are supposed to line up with the split view's bounds' edges. NSSplitView is working around the problem, perhaps at the cost of more redrawing. (This message is only logged once per NSSplitView.)
2026-07-31 05:43:44.277 Logos[14447:2257600] The arranged view frames are not in the same order as the arranged views array. NSSplitView requires that these orders be kept consistent, otherwise behavior is undefined.
2026-07-31 05:43:44.277 Logos[14447:2257600] <NSSplitView: 0x10c1950be00>: the delegate <ResourcePanelController: 0x10c0e305640> was sent -splitView:resizeSubviewsWithOldSize: and left the arranged view frames in an inconsistent state:
2026-07-31 05:43:44.277 Logos[14447:2257600] Split view bounds: {{0, 0}, {611.25000000000568, 790.41666666663673}}
2026-07-31 05:43:44.277 Logos[14447:2257600]     Arranged view frame: {{0, 0}, {612, 790.41666666663673}}
2026-07-31 05:43:44.277 Logos[14447:2257600] The outer edges of the arranged view frames are supposed to line up with the split view's bounds' edges. NSSplitView is working around the problem, perhaps at the cost of more redrawing. (This message is only logged once per NSSplitView.)
2026-07-31 05:43:44.2908  INFO 1 AppCommand | (77ms) Executing command: Resource|Id=LLS:WS_78D4ACD829E74392B4F75C5065979CA9|Reference=dayofyear.7.31
2026-07-31 05:43:44.3401  INFO 1 NotesToolUserVisualFilterProvider | Markup needed for LLS:WS_78D4ACD829E74392B4F75C5065979CA9 1670700:9232.
2026-07-31 05:43:44.3522  INFO 68 CorrespondingWordsUserVisualFilter | Calculated markup for LLS:WS_78D4ACD829E74392B4F75C5065979CA9 1670700:9232. (12ms)
2026-07-31 05:43:44.3678  INFO 1 ParallelResourceSetsViewModel | Found 37 parallel resources in 1 sets. (92ms)
2026-07-31 05:43:44.3998  INFO 68 FilteringResourceViewComponent | (Timed) Updating resource filter
2026-07-31 05:43:44.4001  INFO 76 FilteringResourceViewComponent | (0ms) Updating resource filter
2026-07-31 05:43:44.4002  INFO 1 PanelViewModel | Got Resource panel settings for History: Id=LLS:WS_78D4ACD829E74392B4F75C5065979CA9|Milestone=DataType%3ddayofyear%7cResource%3dLLS:WS_78D4ACD829E74392B4F75C5065979CA9%7cStartSegment%3d1670700%7cVersion%3d2025-09-04T22:30:08Z|Position=res/LLS:WS_78D4ACD829E74392B4F75C5065979CA9/2025-09-04T22:30:08Z/1670700|Reference=dayofyear.7.31
2026-07-31 05:43:44.4005  INFO 4 NotesToolUserVisualFilterProvider | Got 0 notes markups for LLS:WS_78D4ACD829E74392B4F75C5065979CA9 1670700:9232. (0ms)
2026-07-31 05:43:44.4114  INFO 13 NotesDigitalLibraryService | Cached all 379 milestones for LLS:WS_78D4ACD829E74392B4F75C5065979CA9 2025-09-04T22:30:08Z. (11ms)
2026-07-31 05:43:44.4118  INFO 13 NotesToolUserVisualFilterProvider | Got 0 notes markups for LLS:WS_78D4ACD829E74392B4F75C5065979CA9 0:2147483647. (12ms)
2026-07-31 05:43:45.0886  INFO 13 BkHighlightingVisualFilterBase | Calculated markup for LLS:WS_78D4ACD829E74392B4F75C5065979CA9 1670700:9232. (748ms)
2026-07-31 05:43:46.3032  INFO 1 LDLS4.AppModel | Converting navigation request for reference 1 Ti 3:6 to keylink.
2026-07-31 05:43:46.3047  INFO 1 PanelViewModel | Applying Resource panel settings for Preferences: Locator=false|TextSize=14.666666666666666
2026-07-31 05:43:46.3047  INFO 1 PanelViewModel | Updated Resource panel text size to 14.666666666666666.
2026-07-31 05:43:46.3048  INFO 1 PanelViewModel | Navigating Resource panel to: HeadwordLanguage=|Id=LLS:1.0.710|Milestone=DataType%3dbible+esv%7cResource%3dLLS:1.0.710%7cStartSegment%3d5193948%7cVersion%3d2026-02-17T13:55:29Z|Reference=bible.75.3.6|SourcePanelId=eaa1e83f-ac8c-4fa8-aeb9-15276ac68d35
2026-07-31 05:43:46.3048  INFO 1 PanelViewModel | Applying Resource panel settings for Bookmark: HeadwordLanguage=|Id=LLS:1.0.710|Milestone=DataType%3dbible+esv%7cResource%3dLLS:1.0.710%7cStartSegment%3d5193948%7cVersion%3d2026-02-17T13:55:29Z|Reference=bible.75.3.6|SourcePanelId=eaa1e83f-ac8c-4fa8-aeb9-15276ac68d35
2026-07-31 05:43:46.3065  INFO 76 ResourcePanelMultiResourceConfigViewModel | Found 3370 potential guest resources. (1ms)
2026-07-31 05:43:46.3224  INFO 1 ResourcePanelViewModel | Updating 1 ResourceViewModels for host: LLS:1.0.710 with configuration: LLS:1.0.710
2026-07-31 05:43:46.3308  INFO 1 PanelViewModel | Applying Resource panel settings for Preferences: ActiveLeftSidebarNavigationItem=Contents|ActiveRightSidebarNavigationItem=Insights|AreInterlinearsVisible=false|Locator=false|Milestone=DataType%3dbible+esv%7cResource%3dLLS:1.0.710%7cStartSegment%3d1180761%7cVersion%3d2026-02-17T13:55:29Z|MultiViewEnabled=true|MultiViewLayoutIsVertical=false|Parall
2026-07-31 05:43:46.3314  INFO 1 PanelViewModel | Updated Resource panel text size to 16.
2026-07-31 05:43:46.3410  INFO 13 LibrarySearcher | (Timed) Searching SingleResource for: lemma.h:אֶ֫רֶץ
2026-07-31 05:43:46.3411  INFO 6 LibrarySearcher | (Timed) Searching SingleResource for: lemma.h:=יהוה
2026-07-31 05:43:46.3443  INFO 6 SimpleQueryUtility | (Timed) Performing section search
2026-07-31 05:43:46.3443  INFO 13 SimpleQueryUtility | (Timed) Performing section search
2026-07-31 05:43:46.3473  INFO 13 SimpleQueryUtility | (3ms) Performing section search
2026-07-31 05:43:46.3473  INFO 6 SimpleQueryUtility | (3ms) Performing section search
2026-07-31 05:43:46.3475  INFO 13 LibrarySearcher | (6ms) Searching SingleResource for: lemma.h:אֶ֫רֶץ
2026-07-31 05:43:46.3477  INFO 6 LibrarySearcher | (7ms) Searching SingleResource for: lemma.h:=יהוה
2026-07-31 05:43:46.3477  INFO 13 VisualFilterDocumentUserVisualFilterManager | Found 2509 results in LLS:1.0.710 (6ms): lemma.h:אֶ֫רֶץ
2026-07-31 05:43:46.3481  INFO 6 VisualFilterDocumentUserVisualFilterManager | Found 6828 results in LLS:1.0.710 (6ms): lemma.h:=יהוה
2026-07-31 05:43:46.3490  INFO 13 LibrarySearcher | (Timed) Searching SingleResource for: lemma.g:αἰών
2026-07-31 05:43:46.3528  INFO 13 SimpleQueryUtility | (Timed) Performing section search
2026-07-31 05:43:46.3535  INFO 4 ContextInformationCache | (Timed) Initializing cache
2026-07-31 05:43:46.3535  INFO 13 SimpleQueryUtility | (1ms) Performing section search
2026-07-31 05:43:46.3538  INFO 13 LibrarySearcher | (5ms) Searching SingleResource for: lemma.g:αἰών
2026-07-31 05:43:46.3538  INFO 13 VisualFilterDocumentUserVisualFilterManager | Found 124 results in LLS:1.0.710 (4ms): lemma.g:αἰών
2026-07-31 05:43:46.3540  INFO 13 LibrarySearcher | (Timed) Searching SingleResource for: lemma.g:κόσμος
2026-07-31 05:43:46.3544  INFO 6 LibrarySearcher | (Timed) Searching SingleResource for: lemma.h:אֱלֹהִים
2026-07-31 05:43:46.3551  INFO 6 SimpleQueryUtility | (Timed) Performing section search
2026-07-31 05:43:46.3551  INFO 13 SimpleQueryUtility | (Timed) Performing section search
2026-07-31 05:43:46.3554  INFO 6 SimpleQueryUtility | (0ms) Performing section search
2026-07-31 05:43:46.3555  INFO 13 SimpleQueryUtility | (0ms) Performing section search
2026-07-31 05:43:46.3556  INFO 6 LibrarySearcher | (1ms) Searching SingleResource for: lemma.h:אֱלֹהִים
2026-07-31 05:43:46.3598  INFO 13 LibrarySearcher | (6ms) Searching SingleResource for: lemma.g:κόσμος
2026-07-31 05:43:46.3598  INFO 6 VisualFilterDocumentUserVisualFilterManager | Found 2604 results in LLS:1.0.710 (5ms): lemma.h:אֱלֹהִים
2026-07-31 05:43:46.3598  INFO 13 VisualFilterDocumentUserVisualFilterManager | Found 185 results in LLS:1.0.710 (5ms): lemma.g:κόσμος
2026-07-31 05:43:46.3600  INFO 13 LibrarySearcher | (Timed) Searching SingleResource for: lemma.h:מַלְאָךְ
2026-07-31 05:43:46.3607  INFO 6 LibrarySearcher | (Timed) Searching SingleResource for: lemma.h:=אָדוֹן
2026-07-31 05:43:46.3609  INFO 13 SimpleQueryUtility | (Timed) Performing section search
2026-07-31 05:43:46.3613  INFO 13 SimpleQueryUtility | (0ms) Performing section search
2026-07-31 05:43:46.3613  INFO 6 SimpleQueryUtility | (Timed) Performing section search
2026-07-31 05:43:46.3614  INFO 13 LibrarySearcher | (1ms) Searching SingleResource for: lemma.h:מַלְאָךְ
2026-07-31 05:43:46.3614  INFO 13 VisualFilterDocumentUserVisualFilterManager | Found 213 results in LLS:1.0.710 (1ms): lemma.h:מַלְאָךְ
2026-07-31 05:43:46.3615  INFO 6 SimpleQueryUtility | (0ms) Performing section search
2026-07-31 05:43:46.3617  INFO 6 LibrarySearcher | (1ms) Searching SingleResource for: lemma.h:=אָדוֹן
2026-07-31 05:43:46.3617  INFO 6 VisualFilterDocumentUserVisualFilterManager | Found 782 results in LLS:1.0.710 (1ms): lemma.h:=אָדוֹן
2026-07-31 05:43:46.3620  INFO 6 LibrarySearcher | (Timed) Searching SingleResource for: lemma.g:θεός
2026-07-31 05:43:46.3624  INFO 6 SimpleQueryUtility | (Timed) Performing section search
2026-07-31 05:43:46.3630  INFO 6 SimpleQueryUtility | (1ms) Performing section search
2026-07-31 05:43:46.3632  INFO 6 LibrarySearcher | (1ms) Searching SingleResource for: lemma.g:θεός
2026-07-31 05:43:46.3633  INFO 6 VisualFilterDocumentUserVisualFilterManager | Found 1309 results in LLS:1.0.710 (1ms): lemma.g:θεός
2026-07-31 05:43:46.3669  INFO 6 LibrarySearcher | (Timed) Searching SingleResource for: lemma.g:κύριος
2026-07-31 05:43:46.3673  INFO 6 SimpleQueryUtility | (Timed) Performing section search
2026-07-31 05:43:46.3677  INFO 6 SimpleQueryUtility | (0ms) Performing section search
2026-07-31 05:43:46.3679  INFO 6 LibrarySearcher | (1ms) Searching SingleResource for: lemma.g:κύριος
2026-07-31 05:43:46.3680  INFO 6 VisualFilterDocumentUserVisualFilterManager | Found 713 results in LLS:1.0.710 (1ms): lemma.g:κύριος
2026-07-31 05:43:46.3682  INFO 6 LibrarySearcher | (Timed) Searching SingleResource for: lemma.g:ὕψιστος
2026-07-31 05:43:46.3690  INFO 6 SimpleQueryUtility | (Timed) Performing section search
2026-07-31 05:43:46.3693  INFO 6 SimpleQueryUtility | (0ms) Performing section search
2026-07-31 05:43:46.3694  INFO 6 LibrarySearcher | (1ms) Searching SingleResource for: lemma.g:ὕψιστος
2026-07-31 05:43:46.3694  INFO 6 VisualFilterDocumentUserVisualFilterManager | Found 13 results in LLS:1.0.710 (1ms): lemma.g:ὕψιστος
2026-07-31 05:43:46.3695  INFO 6 LibrarySearcher | (Timed) Searching SingleResource for: lemma.g:Ἐμμανουήλ
2026-07-31 05:43:46.3708  INFO 6 SimpleQueryUtility | (Timed) Performing section search
2026-07-31 05:43:46.3711  INFO 1 PanelViewModel | Got Resource panel settings for History: Id=LLS:1.0.710|Milestone=DataType%3dbible+esv%7cResource%3dLLS:1.0.710%7cStartSegment%3d5193948%7cVersion%3d2026-02-17T13:55:29Z|Position=res/LLS:1.0.710/2026-02-17T13:55:29Z/5193948|Reference=bible+esv.75.3.6
2026-07-31 05:43:46.3713  INFO 6 SimpleQueryUtility | (0ms) Performing section search
2026-07-31 05:43:46.3715  INFO 6 LibrarySearcher | (2ms) Searching SingleResource for: lemma.g:Ἐμμανουήλ
2026-07-31 05:43:46.3715  INFO 6 VisualFilterDocumentUserVisualFilterManager | Found 1 results in LLS:1.0.710 (1ms): lemma.g:Ἐμμανουήλ
2026-07-31 05:43:46.3716  INFO 6 LibrarySearcher | (Timed) Searching SingleResource for: lemma.sesb.h:=יְהוָה
2026-07-31 05:43:46.3728  INFO 6 SimpleQueryUtility | (Timed) Performing section search
2026-07-31 05:43:46.3733  INFO 6 SimpleQueryUtility | (0ms) Performing section search
2026-07-31 05:43:46.3735  INFO 6 LibrarySearcher | (2ms) Searching SingleResource for: lemma.sesb.h:=יְהוָה
2026-07-31 05:43:46.3735  INFO 6 VisualFilterDocumentUserVisualFilterManager | Found 0 results in LLS:1.0.710 (1ms): lemma.sesb.h:=יְהוָה
2026-07-31 05:43:46.3736  INFO 6 LibrarySearcher | (Timed) Searching SingleResource for: lemma.sesb.h:=אָדֹון
2026-07-31 05:43:46.3746  INFO 6 SimpleQueryUtility | (Timed) Performing section search
2026-07-31 05:43:46.3747  INFO 6 SimpleQueryUtility | (0ms) Performing section search
2026-07-31 05:43:46.3749  INFO 6 LibrarySearcher | (1ms) Searching SingleResource for: lemma.sesb.h:=אָדֹון
2026-07-31 05:43:46.374 Logos[14447:2257600] <VariableDividerWidthSplitView: 0x10c16f545c0>: the delegate <ResourcePanelController: 0x10c10b4cf80> was sent -splitView:resizeSubviewsWithOldSize: and left the arranged view frames in an inconsistent state:
2026-07-31 05:43:46.374 Logos[14447:2257600] Split view bounds: {{0, 0}, {611.25000000003479, 753.33333333330484}}
2026-07-31 05:43:46.375 Logos[14447:2257600]     Arranged view frame: {{0, 0}, {0, 100}}
2026-07-31 05:43:46.375 Logos[14447:2257600]     Arranged view frame: {{0, 0}, {100, 100}}
2026-07-31 05:43:46.375 Logos[14447:2257600]     Arranged view frame: {{0, 0}, {0, 100}}
2026-07-31 05:43:46.375 Logos[14447:2257600] The outer edges of the arranged view frames are supposed to line up with the split view's bounds' edges. NSSplitView is working around the problem, perhaps at the cost of more redrawing. (This message is only logged once per NSSplitView.)
2026-07-31 05:43:46.375 Logos[14447:2257600] The arranged view frames are not in the same order as the arranged views array. NSSplitView requires that these orders be kept consistent, otherwise behavior is undefined.
2026-07-31 05:43:46.3772  INFO 6 VisualFilterDocumentUserVisualFilterManager | Found 0 results in LLS:1.0.710 (3ms): lemma.sesb.h:=אָדֹון
2026-07-31 05:43:46.3773  INFO 6 LibrarySearcher | (Timed) Searching SingleResource for: lemma.sesb.h:=אֱלֹהִים
2026-07-31 05:43:46.377 Logos[14447:2257600] <NSSplitView: 0x10c16f55c80>: the delegate <ResourcePanelController: 0x10c10b4cf80> was sent -splitView:resizeSubviewsWithOldSize: and left the arranged view frames in an inconsistent state:
2026-07-31 05:43:46.377 Logos[14447:2257600] Split view bounds: {{0, 0}, {611.24999999997692, 753.33333333337623}}
2026-07-31 05:43:46.377 Logos[14447:2257600]     Arranged view frame: {{0, 0}, {612, 753.33333333337623}}
2026-07-31 05:43:46.377 Logos[14447:2257600] The outer edges of the arranged view frames are supposed to line up with the split view's bounds' edges. NSSplitView is working around the problem, perhaps at the cost of more redrawing. (This message is only logged once per NSSplitView.)
2026-07-31 05:43:46.3781  INFO 6 SimpleQueryUtility | (Timed) Performing section search
2026-07-31 05:43:46.3782  INFO 6 SimpleQueryUtility | (0ms) Performing section search
2026-07-31 05:43:46.3784  INFO 6 LibrarySearcher | (1ms) Searching SingleResource for: lemma.sesb.h:=אֱלֹהִים
2026-07-31 05:43:46.3784  INFO 6 VisualFilterDocumentUserVisualFilterManager | Found 0 results in LLS:1.0.710 (1ms): lemma.sesb.h:=אֱלֹהִים
2026-07-31 05:43:46.3784  INFO 6 LibrarySearcher | (Timed) Searching SingleResource for: lemma.h:=אֱלוֹהַּ
2026-07-31 05:43:46.3791  INFO 6 SimpleQueryUtility | (Timed) Performing section search
2026-07-31 05:43:46.3792  INFO 6 SimpleQueryUtility | (0ms) Performing section search
2026-07-31 05:43:46.3794  INFO 6 LibrarySearcher | (1ms) Searching SingleResource for: lemma.h:=אֱלוֹהַּ
2026-07-31 05:43:46.3794  INFO 6 VisualFilterDocumentUserVisualFilterManager | Found 58 results in LLS:1.0.710 (0ms): lemma.h:=אֱלוֹהַּ
2026-07-31 05:43:46.3795  INFO 6 LibrarySearcher | (Timed) Searching SingleResource for: lemma.a:אֱלָהּ
2026-07-31 05:43:46.3810  INFO 6 SimpleQueryUtility | (Timed) Performing section search
2026-07-31 05:43:46.3813  INFO 6 SimpleQueryUtility | (0ms) Performing section search
2026-07-31 05:43:46.3815  INFO 6 LibrarySearcher | (2ms) Searching SingleResource for: lemma.a:אֱלָהּ
2026-07-31 05:43:46.3815  INFO 6 VisualFilterDocumentUserVisualFilterManager | Found 95 results in LLS:1.0.710 (2ms): lemma.a:אֱלָהּ
2026-07-31 05:43:46.3822  INFO 6 LibrarySearcher | (Timed) Searching SingleResource for: lemma.h:אֵל.5
2026-07-31 05:43:46.3829  INFO 6 SimpleQueryUtility | (Timed) Performing section search
2026-07-31 05:43:46.3831  INFO 6 SimpleQueryUtility | (0ms) Performing section search
2026-07-31 05:43:46.3833  INFO 6 LibrarySearcher | (1ms) Searching SingleResource for: lemma.h:אֵל.5
2026-07-31 05:43:46.3833  INFO 6 VisualFilterDocumentUserVisualFilterManager | Found 235 results in LLS:1.0.710 (1ms): lemma.h:אֵל.5
2026-07-31 05:43:46.4021  INFO 1 NotesToolUserVisualFilterProvider | Markup needed for LLS:1.0.710 5193380:1986.
2026-07-31 05:43:46.4066  INFO 77 ActiveWordNumbersVisualFilter | Calculated markup for LLS:1.0.710 5193380:1986. (4ms)
2026-07-31 05:43:46.4069  INFO 46 BkIndicatorVisualFilterBase | Calculated markup for LLS:1.0.710 5193380:1986. (4ms)
2026-07-31 05:43:46.4072  INFO 75 BkIndicatorVisualFilterBase | Calculated markup for LLS:1.0.710 5193380:1986. (5ms)
2026-07-31 05:43:46.4198  INFO 9 CorrespondingWordsUserVisualFilter | Calculated markup for LLS:1.0.710 5193380:1986. (17ms)
2026-07-31 05:43:46.4335  INFO 76 AtlasMapsVisualFilter | Calculated markup for LLS:1.0.710 5193380:1986. (31ms)
2026-07-31 05:43:46.4379  INFO 1 ParallelResourceSetsViewModel | Found 124 parallel resources in 1 sets. (67ms)
2026-07-31 05:43:46.4385  INFO 4 ContextInformationCache | GetVerseInformation took 00:00:00.0850310
2026-07-31 05:43:46.4398  INFO 1 PanelViewModel | Got Resource panel settings for Preferences: MultiViewEnabled=false|MultiViewLayoutIsVertical=false|ParallelResourceSetName=allparallelresources
2026-07-31 05:43:46.4458  INFO 46 SqliteNotesClientRepository | Found 42 text range anchor resources. (5ms)
2026-07-31 05:43:46.4461  INFO 46 SqliteNotesClientRepository | Found 9 corpora sets for 42 resources. (0ms)
2026-07-31 05:43:46.4544  INFO 75 FilteringResourceViewComponent | (Timed) Updating resource filter
2026-07-31 05:43:46.4545  INFO 9 FilteringResourceViewComponent | (0ms) Updating resource filter
2026-07-31 05:43:46.4547  INFO 1 PanelViewModel | Got Resource panel settings for History: Id=LLS:1.0.710|Milestone=DataType%3dbible+esv%7cResource%3dLLS:1.0.710%7cStartSegment%3d5193948%7cVersion%3d2026-02-17T13:55:29Z|Position=res/LLS:1.0.710/2026-02-17T13:55:29Z/5193948|Reference=bible+esv.75.3.6
2026-07-31 05:43:46.4696  INFO 46 SqliteNotesClientRepository | Found 295 text range anchors in 8 matching resources. (23ms)
2026-07-31 05:43:46.4838  INFO 46 SqliteNotesClientRepository | Got 5 word number sets from 5 of 295 text range anchors. (14ms)
2026-07-31 05:43:46.4975  INFO 46 SqliteNotesClientRepository | Got 295 text range sets from word numbers for LLS:1.0.710 2026-02-17T13:55:29Z. (13ms)
2026-07-31 05:43:46.4983  INFO 46 NotesToolUserVisualFilterProvider | Got 450 sympathetic notes markups for LLS:1.0.710 0:2147483647. (57ms)
2026-07-31 05:43:46.5296  INFO 4 ContextInformationCache | GetPericopeInformation took 00:00:00.0910216
2026-07-31 05:43:46.5300  INFO 4 ContextInformationCache | GetArticleInformation took 00:00:00.0003790
2026-07-31 05:43:46.5300  INFO 4 ContextInformationCache | (177ms) Initializing cache
2026-07-31 05:43:46.5328  INFO 76 NotesDigitalLibraryService | Cached all 62746 milestones for LLS:1.0.710 2026-02-17T13:55:29Z. (63ms)
2026-07-31 05:43:46.7359  INFO 13 ClientNotesApi | Got 10 notes markups. (293ms) {"resource":{"id":"LLS:1.0.710","version":"2026-02-17T13:55:29Z"},"ranges":[{"offset":5193380,"length":1986}],"noteFields":["id","placement","style"],"limit":2147483647,"sources":["reference"]}
2026-07-31 05:43:46.7361  INFO 13 NotesToolUserVisualFilterProvider | Got 10 notes markups for LLS:1.0.710 5193380:1986. (294ms)
2026-07-31 05:43:47.1307  INFO 44 VerseOfTheDayVisualFilter | Calculated markup for LLS:1.0.710 5193380:1986. (728ms)
2026-07-31 05:43:48.0150  INFO 76 ClientNotesApi | Got 9203 notes markups. (1481ms) {"resource":{"id":"LLS:1.0.710","version":"2026-02-17T13:55:29Z"},"ranges":[{"offset":0,"length":2147483647}],"noteFields":["id","placement","style"],"limit":2147483647,"sources":["reference"]}
2026-07-31 05:43:48.0225  INFO 76 NotesToolUserVisualFilterProvider | Got 9657 notes markups for LLS:1.0.710 0:2147483647. (1582ms)
2026-07-31 05:43:48.4553  INFO 1 PanelViewModel | Got Resource panel settings for Preferences: ActiveLeftSidebarNavigationItem=Contents|ActiveRightSidebarNavigationItem=Insights|AreInterlinearsVisible=false|Locator=false|MultiViewEnabled=true|MultiViewLayoutIsVertical=false|ParallelResourceSetName=allparallelresources|ReverseInterlinear=true|ReverseInterlinearRows=Surface,MSS,Lemma,Morph,Stro
2026-07-31 05:43:50.4093  INFO 49 OtherMediaVisualFilter | Calculated markup for LLS:1.0.710 5193380:1986. (4007ms)
2026-07-31 05:44:01.4565  INFO 32 SyncManager | Requesting sync on all sync clients
2026-07-31 05:44:01.5471  INFO 32 SyncClient | Found 5 items to submit for PreferencesSyncItem
2026-07-31 05:44:01.5471  INFO 32 SyncClient | (Timed) Submitting 5 of 5 items.
2026-07-31 05:44:01.7327  INFO 32 SyncClient | (186ms) Submitting 5 of 5 items.
2026-07-31 05:44:01.7332  INFO 32 SyncClient | Integrated 5 successes, 0 conflicts, and 0 errors.
2026-07-31 05:44:01.7333  INFO 32 SyncClient | Downloading items for PreferencesSyncItem
2026-07-31 05:44:01.8789  INFO 32 SyncClient | New last known milestones: {"itemMilestone":"418991"}
2026-07-31 05:44:02.0063  INFO 32 SyncClient | Found 3 items to submit for HistorySyncItem
2026-07-31 05:44:02.0064  INFO 32 SyncClient | (Timed) Submitting 3 of 3 items.
2026-07-31 05:44:02.7223  INFO 32 SyncClient | (716ms) Submitting 3 of 3 items.
2026-07-31 05:44:02.7228  INFO 32 SyncClient | Integrated 3 successes, 0 conflicts, and 0 errors.
2026-07-31 05:44:02.7233  INFO 32 SyncClient | Downloading items for HistorySyncItem
2026-07-31 05:44:02.9034  INFO 32 SyncClient | New last known milestones: {"itemMilestone":"180898"}
2026-07-31 05:44:02.9115  INFO 32 SyncManager | Finished requesting sync on all sync clients.
2026-07-31 05:44:18.9202  INFO 48 WebServiceClient | Checking for new license compared to W/"a5d72db1-ccfe-4785-a82b-0aad7de4d474"
2026-07-31 05:44:19.3297  INFO 76 WebServiceClient | License check revealed no new license version.
2026-07-31 05:44:19.3777  INFO 32 SyncManager | Requesting sync on all sync clients
2026-07-31 05:44:19.4426  INFO 32 SyncClient | Downloading items for PreferencesSyncItem
2026-07-31 05:44:20.0368  INFO 32 SyncClient | Unchanged last known milestones: {"itemMilestone":"418991"}
2026-07-31 05:44:20.0956  INFO 32 SyncClient | Downloading items for HistorySyncItem
2026-07-31 05:44:20.7156  INFO 32 SyncClient | Unchanged last known milestones: {"itemMilestone":"180898"}
2026-07-31 05:44:20.7188  INFO 32 SyncManager | Finished requesting sync on all sync clients.
2026-07-31 05:44:20.7189  INFO 32 SyncManager | Requesting sync on all sync clients
2026-07-31 05:44:20.8222  INFO 32 SyncManager | Finished requesting sync on all sync clients.
2026-07-31 05:44:48.1935  INFO 32 SyncManager | Requesting sync on all sync clients
2026-07-31 05:44:48.2929  INFO 32 SyncManager | Finished requesting sync on all sync clients.
2026-07-31 06:01:49.9345  INFO 76 WebServiceClient | Checking for new license compared to W/"a5d72db1-ccfe-4785-a82b-0aad7de4d474"
2026-07-31 06:01:55.0475  INFO 1 PanelViewModel | Got Resource panel settings for Preferences: MultiViewEnabled=false|MultiViewLayoutIsVertical=false|ParallelResourceSetName=allparallelresources
2026-07-31 06:02:01.5344  INFO 32 SyncManager | Requesting sync on all sync clients
2026-07-31 06:02:01.6212  INFO 32 SyncClient | Found 2 items to submit for PreferencesSyncItem
2026-07-31 06:02:01.6212  INFO 32 SyncClient | (Timed) Submitting 2 of 2 items.
2026-07-31 06:02:05.8485  INFO 1 PanelViewModel | Got Resource panel settings for Preferences: MultiViewEnabled=false|MultiViewLayoutIsVertical=false|ParallelResourceSetName=allparallelresources
2026-07-31 06:02:18.6089  INFO 49 LocalFileDatabase | Connection opened (3ms): /Users/mjwebster/Library/Application Support/Logos4/Data/wq8ubj9r.32o/ReadingProgressManager/readingprogressmanager.db
2026-07-31 06:02:44.9414  INFO 1 PanelViewModel | Got Resource panel settings for Preferences: MultiViewEnabled=false|MultiViewLayoutIsVertical=false|ParallelResourceSetName=allparallelresources
2026-07-31 06:02:47.6058 ERROR 23 ApplicationUtility | Error building request (GET https://usereventsapi.logos.com/v1/events). ~HttpRequestException: An error occurred while sending the request.
2026-07-31 06:02:47.6094  WARN 38 UserEventManager | Error downloading user events: Error building request. Request: GET https://usereventsapi.logos.com/v1/events
2026-07-31 06:02:47.6094 ERROR 38 ApplicationUtility | Error downloading user events. ~WebServiceException: Error building request. Request: GET https://usereventsapi.logos.com/v1/events
2026-07-31 06:02:54.5095 ERROR 23 ApplicationUtility | Couldn't download licenses file. ~WebServiceException: Error building request. Request: GET https://licensesapi.logos.com/v5/licensesfile
2026-07-31 06:03:54.5197  INFO 76 WebServiceClient | Checking for new license compared to W/"a5d72db1-ccfe-4785-a82b-0aad7de4d474"
2026-07-31 06:03:55.2847  INFO 76 WebServiceClient | License check revealed no new license version.
2026-07-31 06:04:22.3910  INFO 1 PanelViewModel | Got Resource panel settings for Preferences: MultiViewEnabled=false|MultiViewLayoutIsVertical=false|ParallelResourceSetName=allparallelresources
2026-07-31 06:04:28.6151  INFO 1 PanelViewModel | Got Resource panel settings for Preferences: MultiViewEnabled=false|MultiViewLayoutIsVertical=false|ParallelResourceSetName=allparallelresources
2026-07-31 06:04:37.9630  INFO 1 PanelViewModel | Got Resource panel settings for Preferences: MultiViewEnabled=false|MultiViewLayoutIsVertical=false|ParallelResourceSetName=allparallelresources
2026-07-31 06:04:55.2898  INFO 70 WebServiceClient | Checking for new license compared to W/"a5d72db1-ccfe-4785-a82b-0aad7de4d474"
2026-07-31 06:04:55.7530  INFO 48 WebServiceClient | License check revealed no new license version.
2026-07-31 06:05:04.6698  INFO 1 PanelViewModel | Got Resource panel settings for Preferences: MultiViewEnabled=false|MultiViewLayoutIsVertical=false|ParallelResourceSetName=allparallelresources
2026-07-31 06:05:21.6000  INFO 1 PanelViewModel | Got Resource panel settings for Preferences: MultiViewEnabled=false|MultiViewLayoutIsVertical=false|ParallelResourceSetName=allparallelresources
2026-07-31 06:05:36.4038  INFO 1 PanelViewModel | Got Resource panel settings for Preferences: MultiViewEnabled=false|MultiViewLayoutIsVertical=false|ParallelResourceSetName=allparallelresources
2026-07-31 06:05:51.2880  INFO 74 ClientNotesApi | Found 5 notebooks. (0ms) {"sort":"modifiedDesc","notebookFields":["id","title"],"limit":5}
2026-07-31 06:05:51.3483  INFO 74 ClientNotesApi | Found 5 notebooks. (0ms) {"sort":"modifiedDesc","notebookFields":["id","title"],"limit":5}
2026-07-31 06:05:51.4274  INFO 74 ClientNotesApi | Found 5 notebooks. (0ms) {"sort":"modifiedDesc","notebookFields":["id","title"],"limit":5}
2026-07-31 06:05:51.4290  INFO 74 ClientNotesApi | Found 5 notebooks. (0ms) {"sort":"modifiedDesc","notebookFields":["id","title"],"limit":5}
2026-07-31 06:05:51.4618  INFO 76 ClientNotesApi | Found 5 notebooks. (0ms) {"sort":"modifiedDesc","notebookFields":["id","title"],"limit":5}
2026-07-31 06:05:51.4776  INFO 74 ClientNotesApi | Found 5 notebooks. (0ms) {"sort":"modifiedDesc","notebookFields":["id","title"],"limit":5}
2026-07-31 06:05:51.4800  INFO 76 ClientNotesApi | Found 5 notebooks. (0ms) {"sort":"modifiedDesc","notebookFields":["id","title"],"limit":5}
2026-07-31 06:05:51.7570  INFO 74 ClientNotesApi | Found 5 notebooks. (0ms) {"sort":"modifiedDesc","notebookFields":["id","title"],"limit":5}
2026-07-31 06:05:51.7684  INFO 76 ClientNotesApi | Found 5 notebooks. (0ms) {"sort":"modifiedDesc","notebookFields":["id","title"],"limit":5}
2026-07-31 06:05:51.7747  INFO 48 ClientNotesApi | Found 5 notebooks. (0ms) {"sort":"modifiedDesc","notebookFields":["id","title"],"limit":5}
2026-07-31 06:05:51.7781  INFO 48 ClientNotesApi | Found 5 notebooks. (0ms) {"sort":"modifiedDesc","notebookFields":["id","title"],"limit":5}
2026-07-31 06:05:51.7879  INFO 74 ClientNotesApi | Found 5 notebooks. (0ms) {"sort":"modifiedDesc","notebookFields":["id","title"],"limit":5}
2026-07-31 06:05:51.8211  INFO 74 ClientNotesApi | Found 5 notebooks. (0ms) {"sort":"modifiedDesc","notebookFields":["id","title"],"limit":5}
2026-07-31 06:05:51.8211  INFO 76 ClientNotesApi | Found 5 notebooks. (0ms) {"sort":"modifiedDesc","notebookFields":["id","title"],"limit":5}
2026-07-31 06:05:51.8302  INFO 70 ClientNotesApi | Found 5 notebooks. (0ms) {"sort":"modifiedDesc","notebookFields":["id","title"],"limit":5}
2026-07-31 06:05:51.8315  INFO 70 ClientNotesApi | Found 5 notebooks. (0ms) {"sort":"modifiedDesc","notebookFields":["id","title"],"limit":5}
2026-07-31 06:05:51.8335  INFO 70 ClientNotesApi | Found 5 notebooks. (0ms) {"sort":"modifiedDesc","notebookFields":["id","title"],"limit":5}
2026-07-31 06:05:54.5549  INFO 70 CommonFeaturesSelectionMenuSectionViewModel | (Timed) Initializing
2026-07-31 06:05:54.5562  INFO 70 HighlightingSelectionMenuSectionViewModel | (Timed) Initializing
2026-07-31 06:05:54.5568  INFO 70 CopyVerseSectionViewModel | (Timed) Initializing
2026-07-31 06:05:54.5585  INFO 1 DigitalLibraryServices | (Timed) Creating copy Bible verses manager.
2026-07-31 06:05:54.5588  INFO 1 DigitalLibraryServices | (0ms) Creating copy Bible verses manager.
2026-07-31 06:05:54.5611  INFO 1 HighlightingSelectionMenuSectionViewModel | (5ms) Initializing
2026-07-31 06:05:54.5614  INFO 1 CopyVerseSectionViewModel | (5ms) Initializing
2026-07-31 06:05:54.6371  INFO 1 CommonFeaturesSelectionMenuSectionViewModel | (82ms) Initializing
2026-07-31 06:05:55.7547  INFO 74 WebServiceClient | Checking for new license compared to W/"a5d72db1-ccfe-4785-a82b-0aad7de4d474"
2026-07-31 06:05:56.3045  INFO 48 WebServiceClient | License check revealed no new license version.
2026-07-31 06:05:58.1848  INFO 70 CommonFeaturesSelectionMenuSectionViewModel | (Timed) Initializing
2026-07-31 06:05:58.1866  INFO 70 HighlightingSelectionMenuSectionViewModel | (Timed) Initializing
2026-07-31 06:05:58.1867  INFO 70 CopyVerseSectionViewModel | (Timed) Initializing
2026-07-31 06:05:58.1874  INFO 1 CopyVerseSectionViewModel | (1ms) Initializing
2026-07-31 06:05:58.1878  INFO 1 HighlightingSelectionMenuSectionViewModel | (1ms) Initializing
2026-07-31 06:05:58.1921  INFO 1 CommonFeaturesSelectionMenuSectionViewModel | (5ms) Initializing
2026-07-31 06:06:06.9181  INFO 74 CommonFeaturesSelectionMenuSectionViewModel | (Timed) Initializing
2026-07-31 06:06:06.9212  INFO 74 HighlightingSelectionMenuSectionViewModel | (Timed) Initializing
2026-07-31 06:06:06.9213  INFO 74 CopyVerseSectionViewModel | (Timed) Initializing
2026-07-31 06:06:06.9220  INFO 1 CopyVerseSectionViewModel | (1ms) Initializing
2026-07-31 06:06:06.9227  INFO 1 HighlightingSelectionMenuSectionViewModel | (1ms) Initializing
2026-07-31 06:06:06.9248  INFO 1 CommonFeaturesSelectionMenuSectionViewModel | (4ms) Initializing
2026-07-31 06:06:08.5855  INFO 48 ClientNotesApi | Found 5 notebooks. (0ms) {"sort":"modifiedDesc","notebookFields":["id","title"],"limit":5}
2026-07-31 06:06:08.6199  INFO 48 ClientNotesApi | Found 5 notebooks. (0ms) {"sort":"modifiedDesc","notebookFields":["id","title"],"limit":5}
2026-07-31 06:06:08.6765  INFO 48 ClientNotesApi | Found 5 notebooks. (0ms) {"sort":"modifiedDesc","notebookFields":["id","title"],"limit":5}
2026-07-31 06:06:08.6778  INFO 48 ClientNotesApi | Found 5 notebooks. (0ms) {"sort":"modifiedDesc","notebookFields":["id","title"],"limit":5}
2026-07-31 06:06:08.6998  INFO 48 ClientNotesApi | Found 5 notebooks. (0ms) {"sort":"modifiedDesc","notebookFields":["id","title"],"limit":5}
2026-07-31 06:06:08.7130  INFO 70 ClientNotesApi | Found 5 notebooks. (0ms) {"sort":"modifiedDesc","notebookFields":["id","title"],"limit":5}
2026-07-31 06:06:08.7190  INFO 70 ClientNotesApi | Found 5 notebooks. (0ms) {"sort":"modifiedDesc","notebookFields":["id","title"],"limit":5}
2026-07-31 06:06:08.8927  INFO 74 ClientNotesApi | Found 5 notebooks. (0ms) {"sort":"modifiedDesc","notebookFields":["id","title"],"limit":5}
2026-07-31 06:06:08.8983  INFO 48 ClientNotesApi | Found 5 notebooks. (0ms) {"sort":"modifiedDesc","notebookFields":["id","title"],"limit":5}
2026-07-31 06:06:08.9013  INFO 48 ClientNotesApi | Found 5 notebooks. (0ms) {"sort":"modifiedDesc","notebookFields":["id","title"],"limit":5}
2026-07-31 06:06:08.9076  INFO 74 ClientNotesApi | Found 5 notebooks. (0ms) {"sort":"modifiedDesc","notebookFields":["id","title"],"limit":5}
2026-07-31 06:06:08.9107  INFO 74 ClientNotesApi | Found 5 notebooks. (0ms) {"sort":"modifiedDesc","notebookFields":["id","title"],"limit":5}
2026-07-31 06:06:08.9395  INFO 74 ClientNotesApi | Found 5 notebooks. (0ms) {"sort":"modifiedDesc","notebookFields":["id","title"],"limit":5}
2026-07-31 06:06:08.9467  INFO 74 ClientNotesApi | Found 5 notebooks. (0ms) {"sort":"modifiedDesc","notebookFields":["id","title"],"limit":5}
2026-07-31 06:06:08.9499  INFO 48 ClientNotesApi | Found 5 notebooks. (0ms) {"sort":"modifiedDesc","notebookFields":["id","title"],"limit":5}
2026-07-31 06:06:08.9565  INFO 74 ClientNotesApi | Found 5 notebooks. (0ms) {"sort":"modifiedDesc","notebookFields":["id","title"],"limit":5}
2026-07-31 06:06:08.9568  INFO 48 ClientNotesApi | Found 5 notebooks. (0ms) {"sort":"modifiedDesc","notebookFields":["id","title"],"limit":5}
2026-07-31 06:06:12.9419  INFO 1 AppCommand | (Timed) Executing command: NotesTool|AddNoteIndexedLength=15|AddNoteIndexedOffset=5194009|AddNoteResourceId=LLS:1.0.710|AddNoteResourceVersion=2026-02-17T13:55:29Z|SelectedNotebookId=3b3966aeb7bc46e7b3324523911bd52c
2026-07-31 06:06:12.9633  INFO 1 PanelViewModel | Applying NotesTool panel settings for Preferences: IsSidebarExpanded=false|ShowFullAnchorText=true|TextSize=18.666666666666668|ViewMode=full
2026-07-31 06:06:12.9634  INFO 1 PanelViewModel | Updated NotesTool panel text size to 18.666666666666668.
2026-07-31 06:06:12.9639  INFO 1 PanelViewModel | Navigating NotesTool panel to: AddNoteIndexedLength=15|AddNoteIndexedOffset=5194009|AddNoteResourceId=LLS:1.0.710|AddNoteResourceVersion=2026-02-17T13:55:29Z|SelectedNotebookId=3b3966aeb7bc46e7b3324523911bd52c
2026-07-31 06:06:12.9639  INFO 1 PanelViewModel | Applying NotesTool panel settings for Bookmark: AddNoteIndexedLength=15|AddNoteIndexedOffset=5194009|AddNoteResourceId=LLS:1.0.710|AddNoteResourceVersion=2026-02-17T13:55:29Z|SelectedNotebookId=3b3966aeb7bc46e7b3324523911bd52c
2026-07-31 06:06:13.0010  INFO 1 PanelViewModel | Got NotesTool panel settings for History: IsSidebarExpanded=false|IsTrashExpanded=false|SelectedNotebookId=3b3966aeb7bc46e7b3324523911bd52c|ShowFullAnchorText=true|ViewMode=full
2026-07-31 06:06:13.0163  INFO 1 AppCommand | (74ms) Executing command: NotesTool|AddNoteIndexedLength=15|AddNoteIndexedOffset=5194009|AddNoteResourceId=LLS:1.0.710|AddNoteResourceVersion=2026-02-17T13:55:29Z|SelectedNotebookId=3b3966aeb7bc46e7b3324523911bd52c
2026-07-31 06:06:13.2250  INFO 70 ClientNotesApi | Found 44 notebooks. (5ms) {"sort":"title","notebookFields":["id","title","revision","created","modified","isTrashed","isDeleted","importId","noteCount","role"],"limit":10000,"userLanguage":"en-CA"}
2026-07-31 06:06:13.3120  INFO 70 ClientNotesApi | Created 1 notes. (52ms)
2026-07-31 06:06:13.3148  INFO 45 ClientNotesApi | Found 100 notes and 12 facets. (91ms) {"sort":"placement","filters":[{"field":"notebook","value":"3b3966aeb7bc46e7b3324523911bd52c"}],"query":"","noteFields":["id","revision","created","createdBy","modified","modifiedBy","isTrashed","isDeleted","noteKind","content","style","anchors","tags","placement","role","labels","clipping","anchorIndex"],"noteLimit":100,"previousNoteLimit":100,"noteTotalField":true,"facets":[{"field":"noteKind"},{"field":"anchorResource","termLimit":30},{"field":"anchorBibleBook","termLimit":120},{"field":"anchorDataType","termLimit":30},{"field":"tag","termLimit":120},{"field":"notebook","termLimit":30},{"field":"author"},{"field":"anchorKind"},{"field":"anchorLanguage","termLimit":30},{"field":"anchorGuideSection","termLimit":30},{"field":"modified"},{"field":"created"}],"userLanguage":"en-CA","tzoMinutes":-240,"anchorSettings":{"textRange":{"targetFields":true,"referenceField":true}}}
2026-07-31 06:06:13.3151  INFO 45 NotesToolViewModel | Found notes in 91ms: {"sort":"placement","filters":[{"field":"notebook","value":"3b3966aeb7bc46e7b3324523911bd52c"}],"query":"","noteFields":["id","revision","created","createdBy","modified","modifiedBy","isTrashed","isDeleted","noteKind","content","style","anchors","tags","placement","role","labels","clipping","anchorIndex"],"noteLimit":100,"previousNoteLimit":100,"noteTotalField":true,"facets":[{"field":"noteKind"},{"field":"anchorResource","termLimit":30},{"field":"anchorBibleBook","termLimit":120},{"field":"anchorDataType","termLimit":30},{"field":"tag","termLimit":120},{"field":"notebook","termLimit":30},{"field":"author"},{"field":"anchorKind"},{"field":"anchorLanguage","termLimit":30},{"field":"anchorGuideSection","termLimit":30},{"field":"modified"},{"field":"created"}],"userLanguage":"en-CA","tzoMinutes":-240,"anchorSettings":{"textRange":{"targetFields":true,"referenceField":true}}}
2026-07-31 06:06:13.3564  INFO 70 ClientNotesApi | Found 1 notes and 12 facets. (40ms) {"sort":"placement","filters":[{"field":"notebook","value":"3b3966aeb7bc46e7b3324523911bd52c"}],"query":"","noteFields":["id","revision","created","createdBy","modified","modifiedBy","isTrashed","isDeleted","noteKind","content","style","anchors","tags","placement","role","labels","clipping","anchorIndex"],"noteLimit":100,"previousNoteLimit":100,"start":{"noteId":"9be12fbcb28745d38cc98bdb9fa21a46"},"noteTotalField":true,"facets":[{"field":"noteKind"},{"field":"anchorResource","termLimit":30},{"field":"anchorBibleBook","termLimit":120},{"field":"anchorDataType","termLimit":30},{"field":"tag","termLimit":120},{"field":"notebook","termLimit":30},{"field":"author"},{"field":"anchorKind"},{"field":"anchorLanguage","termLimit":30},{"field":"anchorGuideSection","termLimit":30},{"field":"modified"},{"field":"created"}],"userLanguage":"en-CA","tzoMinutes":-240,"anchorSettings":{"textRange":{"targetFields":true,"referenceField":true}}}
2026-07-31 06:06:13.3567  INFO 70 NotesToolViewModel | Found notes in 40ms: {"sort":"placement","filters":[{"field":"notebook","value":"3b3966aeb7bc46e7b3324523911bd52c"}],"query":"","noteFields":["id","revision","created","createdBy","modified","modifiedBy","isTrashed","isDeleted","noteKind","content","style","anchors","tags","placement","role","labels","clipping","anchorIndex"],"noteLimit":100,"previousNoteLimit":100,"start":{"noteId":"9be12fbcb28745d38cc98bdb9fa21a46"},"noteTotalField":true,"facets":[{"field":"noteKind"},{"field":"anchorResource","termLimit":30},{"field":"anchorBibleBook","termLimit":120},{"field":"anchorDataType","termLimit":30},{"field":"tag","termLimit":120},{"field":"notebook","termLimit":30},{"field":"author"},{"field":"anchorKind"},{"field":"anchorLanguage","termLimit":30},{"field":"anchorGuideSection","termLimit":30},{"field":"modified"},{"field":"created"}],"userLanguage":"en-CA","tzoMinutes":-240,"anchorSettings":{"textRange":{"targetFields":true,"referenceField":true}}}
2026-07-31 06:06:13.3659  INFO 48 SqliteNotesClientRepository | Found 0 text range anchor resources. (0ms)
2026-07-31 06:06:13.3660  INFO 48 SqliteNotesClientRepository | Found 0 corpora sets for 0 resources. (0ms)
2026-07-31 06:06:13.3661  INFO 48 NotesToolUserVisualFilterProvider | Got 0 sympathetic notes markups (1 note subset) for LLS:1.0.710 0:2147483647. (0ms)
2026-07-31 06:06:13.3663  INFO 74 NotesToolUserVisualFilterProvider | Got 0 notes markups (1 note subset) for LLS:WS_78D4ACD829E74392B4F75C5065979CA9 0:2147483647. (0ms)
2026-07-31 06:06:13.3668  INFO 48 NotesToolUserVisualFilterProvider | Got 1 notes markups (1 note subset) for LLS:1.0.710 0:2147483647. (0ms)
2026-07-31 06:06:13.3881  INFO 70 ClientNotesApi | Found 44 notebooks. (0ms) {"sort":"title","notebookFields":["id","title","revision","created","modified","isTrashed","isDeleted","importId","noteCount","role"],"limit":10000,"userLanguage":"en-CA"}
2026-07-31 06:06:13.7376  INFO 45 ClientNotesApi | Got 1 notebooks, e.g. 3b3966aeb7bc46e7b3324523911bd52c. (0ms)
2026-07-31 06:06:14.3055  INFO 74 ClientNotesApi | Found 44 notebooks. (1ms) {"sort":"title","notebookFields":["id","title","revision","created","modified","isTrashed","isDeleted","importId","noteCount","role","documentId"],"limit":10000,"userLanguage":"en-CA"}
2026-07-31 06:06:15.4865  INFO 1 PanelViewModel | Got NotesTool panel settings for Preferences: IsSidebarExpanded=false|ShowFullAnchorText=true|TextSize=18.666666666666668|ViewMode=full
2026-07-31 06:06:26.8011  INFO 45 CommonFeaturesSelectionMenuSectionViewModel | (Timed) Initializing
2026-07-31 06:06:26.8012  INFO 45 HighlightingSelectionMenuSectionViewModel | (Timed) Initializing
2026-07-31 06:06:26.8012  INFO 45 CopyVerseSectionViewModel | (Timed) Initializing
2026-07-31 06:06:26.8017  INFO 1 CopyVerseSectionViewModel | (0ms) Initializing
2026-07-31 06:06:26.8025  INFO 1 HighlightingSelectionMenuSectionViewModel | (1ms) Initializing
2026-07-31 06:06:26.8058  INFO 1 CommonFeaturesSelectionMenuSectionViewModel | (5ms) Initializing
2026-07-31 06:06:32.9552  INFO 45 ClientNotesApi | Got 1 notebooks, e.g. 3b3966aeb7bc46e7b3324523911bd52c. (0ms)
2026-07-31 06:06:33.7187  INFO 70 ClientNotesApi | Edited 1 notes. (6ms)
2026-07-31 06:06:33.7264  INFO 48 ClientNotesApi | Found 44 notebooks. (0ms) {"sort":"title","notebookFields":["id","title","revision","created","modified","isTrashed","isDeleted","importId","noteCount","role"],"limit":10000,"userLanguage":"en-CA"}
2026-07-31 06:06:33.7955  INFO 70 ClientNotesApi | Found 99 notes and 12 facets. (69ms) {"sort":"placement","filters":[{"field":"notebook","value":"3b3966aeb7bc46e7b3324523911bd52c"}],"query":"","noteFields":["id","revision","created","createdBy","modified","modifiedBy","isTrashed","isDeleted","noteKind","content","style","anchors","tags","placement","role","labels","clipping","anchorIndex"],"noteLimit":100,"previousNoteLimit":100,"start":{"noteId":"3b9021ee37e7445d86ab9758b54d2048"},"noteTotalField":true,"facets":[{"field":"noteKind"},{"field":"anchorResource","termLimit":30},{"field":"anchorBibleBook","termLimit":120},{"field":"anchorDataType","termLimit":30},{"field":"tag","termLimit":120},{"field":"notebook","termLimit":30},{"field":"author"},{"field":"anchorKind"},{"field":"anchorLanguage","termLimit":30},{"field":"anchorGuideSection","termLimit":30},{"field":"modified"},{"field":"created"}],"userLanguage":"en-CA","tzoMinutes":-240,"anchorSettings":{"textRange":{"targetFields":true,"referenceField":true}}}
2026-07-31 06:06:33.7955  INFO 70 NotesToolViewModel | Found notes in 69ms: {"sort":"placement","filters":[{"field":"notebook","value":"3b3966aeb7bc46e7b3324523911bd52c"}],"query":"","noteFields":["id","revision","created","createdBy","modified","modifiedBy","isTrashed","isDeleted","noteKind","content","style","anchors","tags","placement","role","labels","clipping","anchorIndex"],"noteLimit":100,"previousNoteLimit":100,"start":{"noteId":"3b9021ee37e7445d86ab9758b54d2048"},"noteTotalField":true,"facets":[{"field":"noteKind"},{"field":"anchorResource","termLimit":30},{"field":"anchorBibleBook","termLimit":120},{"field":"anchorDataType","termLimit":30},{"field":"tag","termLimit":120},{"field":"notebook","termLimit":30},{"field":"author"},{"field":"anchorKind"},{"field":"anchorLanguage","termLimit":30},{"field":"anchorGuideSection","termLimit":30},{"field":"modified"},{"field":"created"}],"userLanguage":"en-CA","tzoMinutes":-240,"anchorSettings":{"textRange":{"targetFields":true,"referenceField":true}}}
2026-07-31 06:06:34.0936  INFO 70 ClientNotesApi | Got 1 notebooks, e.g. 3b3966aeb7bc46e7b3324523911bd52c. (0ms)
2026-07-31 06:06:34.7262  INFO 70 ClientNotesApi | Found 44 notebooks. (4ms) {"sort":"title","notebookFields":["id","title","revision","created","modified","isTrashed","isDeleted","importId","noteCount","role","documentId"],"limit":10000,"userLanguage":"en-CA"}
2026-07-31 06:06:35.8419  INFO 1 PanelViewModel | Got NotesTool panel settings for Preferences: IsSidebarExpanded=false|ShowFullAnchorText=true|TextSize=18.666666666666668|ViewMode=full
2026-07-31 06:06:36.5818  INFO 45 ClientNotesApi | Got 1 notebooks, e.g. 3b3966aeb7bc46e7b3324523911bd52c. (0ms)
2026-07-31 06:06:38.3314  INFO 1 PanelViewModel | Got NotesTool panel settings for Preferences: IsSidebarExpanded=false|ShowFullAnchorText=true|TextSize=18.666666666666668|ViewMode=full
2026-07-31 06:06:39.1628  INFO 45 ClientNotesApi | Edited 1 notes. (5ms)
2026-07-31 06:06:39.1872  INFO 45 ClientNotesApi | Found 44 notebooks. (0ms) {"sort":"title","notebookFields":["id","title","revision","created","modified","isTrashed","isDeleted","importId","noteCount","role"],"limit":10000,"userLanguage":"en-CA"}
2026-07-31 06:06:39.2172  INFO 48 ClientNotesApi | Found 99 notes and 12 facets. (30ms) {"sort":"placement","filters":[{"field":"notebook","value":"3b3966aeb7bc46e7b3324523911bd52c"}],"query":"","noteFields":["id","revision","created","createdBy","modified","modifiedBy","isTrashed","isDeleted","noteKind","content","style","anchors","tags","placement","role","labels","clipping","anchorIndex"],"noteLimit":100,"previousNoteLimit":100,"start":{"noteId":"3b9021ee37e7445d86ab9758b54d2048"},"noteTotalField":true,"facets":[{"field":"noteKind"},{"field":"anchorResource","termLimit":30},{"field":"anchorBibleBook","termLimit":120},{"field":"anchorDataType","termLimit":30},{"field":"tag","termLimit":120},{"field":"notebook","termLimit":30},{"field":"author"},{"field":"anchorKind"},{"field":"anchorLanguage","termLimit":30},{"field":"anchorGuideSection","termLimit":30},{"field":"modified"},{"field":"created"}],"userLanguage":"en-CA","tzoMinutes":-240,"anchorSettings":{"textRange":{"targetFields":true,"referenceField":true}}}
2026-07-31 06:06:39.2173  INFO 48 NotesToolViewModel | Found notes in 30ms: {"sort":"placement","filters":[{"field":"notebook","value":"3b3966aeb7bc46e7b3324523911bd52c"}],"query":"","noteFields":["id","revision","created","createdBy","modified","modifiedBy","isTrashed","isDeleted","noteKind","content","style","anchors","tags","placement","role","labels","clipping","anchorIndex"],"noteLimit":100,"previousNoteLimit":100,"start":{"noteId":"3b9021ee37e7445d86ab9758b54d2048"},"noteTotalField":true,"facets":[{"field":"noteKind"},{"field":"anchorResource","termLimit":30},{"field":"anchorBibleBook","termLimit":120},{"field":"anchorDataType","termLimit":30},{"field":"tag","termLimit":120},{"field":"notebook","termLimit":30},{"field":"author"},{"field":"anchorKind"},{"field":"anchorLanguage","termLimit":30},{"field":"anchorGuideSection","termLimit":30},{"field":"modified"},{"field":"created"}],"userLanguage":"en-CA","tzoMinutes":-240,"anchorSettings":{"textRange":{"targetFields":true,"referenceField":true}}}
2026-07-31 06:06:39.5098  INFO 45 ClientNotesApi | Got 1 notebooks, e.g. 3b3966aeb7bc46e7b3324523911bd52c. (0ms)
2026-07-31 06:06:40.1682  INFO 48 ClientNotesApi | Found 44 notebooks. (1ms) {"sort":"title","notebookFields":["id","title","revision","created","modified","isTrashed","isDeleted","importId","noteCount","role","documentId"],"limit":10000,"userLanguage":"en-CA"}
2026-07-31 06:06:40.9680  INFO 48 ClientNotesApi | Got 1 notebooks, e.g. 3b3966aeb7bc46e7b3324523911bd52c. (0ms)
2026-07-31 06:06:41.9307  INFO 48 ClientNotesApi | Edited 1 notes. (1ms)
2026-07-31 06:06:41.9606  INFO 48 ClientNotesApi | Found 44 notebooks. (0ms) {"sort":"title","notebookFields":["id","title","revision","created","modified","isTrashed","isDeleted","importId","noteCount","role"],"limit":10000,"userLanguage":"en-CA"}
2026-07-31 06:06:41.9861  INFO 45 ClientNotesApi | Found 99 notes and 12 facets. (26ms) {"sort":"placement","filters":[{"field":"notebook","value":"3b3966aeb7bc46e7b3324523911bd52c"}],"query":"","noteFields":["id","revision","created","createdBy","modified","modifiedBy","isTrashed","isDeleted","noteKind","content","style","anchors","tags","placement","role","labels","clipping","anchorIndex"],"noteLimit":100,"previousNoteLimit":100,"start":{"noteId":"3b9021ee37e7445d86ab9758b54d2048"},"noteTotalField":true,"facets":[{"field":"noteKind"},{"field":"anchorResource","termLimit":30},{"field":"anchorBibleBook","termLimit":120},{"field":"anchorDataType","termLimit":30},{"field":"tag","termLimit":120},{"field":"notebook","termLimit":30},{"field":"author"},{"field":"anchorKind"},{"field":"anchorLanguage","termLimit":30},{"field":"anchorGuideSection","termLimit":30},{"field":"modified"},{"field":"created"}],"userLanguage":"en-CA","tzoMinutes":-240,"anchorSettings":{"textRange":{"targetFields":true,"referenceField":true}}}
2026-07-31 06:06:41.9862  INFO 45 NotesToolViewModel | Found notes in 26ms: {"sort":"placement","filters":[{"field":"notebook","value":"3b3966aeb7bc46e7b3324523911bd52c"}],"query":"","noteFields":["id","revision","created","createdBy","modified","modifiedBy","isTrashed","isDeleted","noteKind","content","style","anchors","tags","placement","role","labels","clipping","anchorIndex"],"noteLimit":100,"previousNoteLimit":100,"start":{"noteId":"3b9021ee37e7445d86ab9758b54d2048"},"noteTotalField":true,"facets":[{"field":"noteKind"},{"field":"anchorResource","termLimit":30},{"field":"anchorBibleBook","termLimit":120},{"field":"anchorDataType","termLimit":30},{"field":"tag","termLimit":120},{"field":"notebook","termLimit":30},{"field":"author"},{"field":"anchorKind"},{"field":"anchorLanguage","termLimit":30},{"field":"anchorGuideSection","termLimit":30},{"field":"modified"},{"field":"created"}],"userLanguage":"en-CA","tzoMinutes":-240,"anchorSettings":{"textRange":{"targetFields":true,"referenceField":true}}}
2026-07-31 06:06:42.2817  INFO 48 ClientNotesApi | Got 1 notebooks, e.g. 3b3966aeb7bc46e7b3324523911bd52c. (0ms)
2026-07-31 06:06:42.4413  INFO 48 ClientNotesApi | Found 44 notebooks. (2ms) {"sort":"title","notebookFields":["id","title","revision","created","modified","isTrashed","isDeleted","importId","noteCount","role"],"limit":10000,"userLanguage":"en-CA"}
2026-07-31 06:06:42.4743  INFO 48 ClientNotesApi | Got 1 notes, e.g. 9be12fbcb28745d38cc98bdb9fa21a46. (1ms)
2026-07-31 06:06:42.4751  INFO 45 ClientNotesApi | Found 99 notes and 12 facets. (35ms) {"sort":"placement","filters":[{"field":"notebook","value":"3b3966aeb7bc46e7b3324523911bd52c"}],"query":"","noteFields":["id","revision","created","createdBy","modified","modifiedBy","isTrashed","isDeleted","noteKind","content","style","anchors","tags","placement","role","labels","clipping","anchorIndex"],"noteLimit":100,"previousNoteLimit":100,"start":{"noteId":"3b9021ee37e7445d86ab9758b54d2048"},"noteTotalField":true,"facets":[{"field":"noteKind"},{"field":"anchorResource","termLimit":30},{"field":"anchorBibleBook","termLimit":120},{"field":"anchorDataType","termLimit":30},{"field":"tag","termLimit":120},{"field":"notebook","termLimit":30},{"field":"author"},{"field":"anchorKind"},{"field":"anchorLanguage","termLimit":30},{"field":"anchorGuideSection","termLimit":30},{"field":"modified"},{"field":"created"}],"userLanguage":"en-CA","tzoMinutes":-240,"anchorSettings":{"textRange":{"targetFields":true,"referenceField":true}}}
2026-07-31 06:06:42.4751  INFO 45 NotesToolViewModel | Found notes in 35ms: {"sort":"placement","filters":[{"field":"notebook","value":"3b3966aeb7bc46e7b3324523911bd52c"}],"query":"","noteFields":["id","revision","created","createdBy","modified","modifiedBy","isTrashed","isDeleted","noteKind","content","style","anchors","tags","placement","role","labels","clipping","anchorIndex"],"noteLimit":100,"previousNoteLimit":100,"start":{"noteId":"3b9021ee37e7445d86ab9758b54d2048"},"noteTotalField":true,"facets":[{"field":"noteKind"},{"field":"anchorResource","termLimit":30},{"field":"anchorBibleBook","termLimit":120},{"field":"anchorDataType","termLimit":30},{"field":"tag","termLimit":120},{"field":"notebook","termLimit":30},{"field":"author"},{"field":"anchorKind"},{"field":"anchorLanguage","termLimit":30},{"field":"anchorGuideSection","termLimit":30},{"field":"modified"},{"field":"created"}],"userLanguage":"en-CA","tzoMinutes":-240,"anchorSettings":{"textRange":{"targetFields":true,"referenceField":true}}}
2026-07-31 06:06:42.9362  INFO 76 ClientNotesApi | Found 44 notebooks. (1ms) {"sort":"title","notebookFields":["id","title","revision","created","modified","isTrashed","isDeleted","importId","noteCount","role","documentId"],"limit":10000,"userLanguage":"en-CA"}
2026-07-31 06:06:44.0330  INFO 1 PanelViewModel | Got NotesTool panel settings for Preferences: IsSidebarExpanded=false|ShowFullAnchorText=true|TextSize=18.666666666666668|ViewMode=full
2026-07-31 06:06:46.6663  INFO 76 ClientNotesApi | Got 1 notebooks, e.g. 3b3966aeb7bc46e7b3324523911bd52c. (0ms)
2026-07-31 06:06:47.3827  INFO 76 ClientNotesApi | Edited 1 notes. (1ms)
2026-07-31 06:06:47.4132  INFO 76 ClientNotesApi | Found 44 notebooks. (0ms) {"sort":"title","notebookFields":["id","title","revision","created","modified","isTrashed","isDeleted","importId","noteCount","role"],"limit":10000,"userLanguage":"en-CA"}
2026-07-31 06:06:47.4384  INFO 74 ClientNotesApi | Found 99 notes and 12 facets. (25ms) {"sort":"placement","filters":[{"field":"notebook","value":"3b3966aeb7bc46e7b3324523911bd52c"}],"query":"","noteFields":["id","revision","created","createdBy","modified","modifiedBy","isTrashed","isDeleted","noteKind","content","style","anchors","tags","placement","role","labels","clipping","anchorIndex"],"noteLimit":100,"previousNoteLimit":100,"start":{"noteId":"3b9021ee37e7445d86ab9758b54d2048"},"noteTotalField":true,"facets":[{"field":"noteKind"},{"field":"anchorResource","termLimit":30},{"field":"anchorBibleBook","termLimit":120},{"field":"anchorDataType","termLimit":30},{"field":"tag","termLimit":120},{"field":"notebook","termLimit":30},{"field":"author"},{"field":"anchorKind"},{"field":"anchorLanguage","termLimit":30},{"field":"anchorGuideSection","termLimit":30},{"field":"modified"},{"field":"created"}],"userLanguage":"en-CA","tzoMinutes":-240,"anchorSettings":{"textRange":{"targetFields":true,"referenceField":true}}}
2026-07-31 06:06:47.4384  INFO 74 NotesToolViewModel | Found notes in 25ms: {"sort":"placement","filters":[{"field":"notebook","value":"3b3966aeb7bc46e7b3324523911bd52c"}],"query":"","noteFields":["id","revision","created","createdBy","modified","modifiedBy","isTrashed","isDeleted","noteKind","content","style","anchors","tags","placement","role","labels","clipping","anchorIndex"],"noteLimit":100,"previousNoteLimit":100,"start":{"noteId":"3b9021ee37e7445d86ab9758b54d2048"},"noteTotalField":true,"facets":[{"field":"noteKind"},{"field":"anchorResource","termLimit":30},{"field":"anchorBibleBook","termLimit":120},{"field":"anchorDataType","termLimit":30},{"field":"tag","termLimit":120},{"field":"notebook","termLimit":30},{"field":"author"},{"field":"anchorKind"},{"field":"anchorLanguage","termLimit":30},{"field":"anchorGuideSection","termLimit":30},{"field":"modified"},{"field":"created"}],"userLanguage":"en-CA","tzoMinutes":-240,"anchorSettings":{"textRange":{"targetFields":true,"referenceField":true}}}
2026-07-31 06:06:47.7360  INFO 74 ClientNotesApi | Got 1 notebooks, e.g. 3b3966aeb7bc46e7b3324523911bd52c. (0ms)
2026-07-31 06:06:47.8904  INFO 74 ClientNotesApi | Found 44 notebooks. (2ms) {"sort":"title","notebookFields":["id","title","revision","created","modified","isTrashed","isDeleted","importId","noteCount","role"],"limit":10000,"userLanguage":"en-CA"}
2026-07-31 06:06:47.9246  INFO 74 ClientNotesApi | Got 1 notes, e.g. 9be12fbcb28745d38cc98bdb9fa21a46. (0ms)
2026-07-31 06:06:47.9317  INFO 76 ClientNotesApi | Found 99 notes and 12 facets. (43ms) {"sort":"placement","filters":[{"field":"notebook","value":"3b3966aeb7bc46e7b3324523911bd52c"}],"query":"","noteFields":["id","revision","created","createdBy","modified","modifiedBy","isTrashed","isDeleted","noteKind","content","style","anchors","tags","placement","role","labels","clipping","anchorIndex"],"noteLimit":100,"previousNoteLimit":100,"start":{"noteId":"3b9021ee37e7445d86ab9758b54d2048"},"noteTotalField":true,"facets":[{"field":"noteKind"},{"field":"anchorResource","termLimit":30},{"field":"anchorBibleBook","termLimit":120},{"field":"anchorDataType","termLimit":30},{"field":"tag","termLimit":120},{"field":"notebook","termLimit":30},{"field":"author"},{"field":"anchorKind"},{"field":"anchorLanguage","termLimit":30},{"field":"anchorGuideSection","termLimit":30},{"field":"modified"},{"field":"created"}],"userLanguage":"en-CA","tzoMinutes":-240,"anchorSettings":{"textRange":{"targetFields":true,"referenceField":true}}}
2026-07-31 06:06:47.9318  INFO 76 NotesToolViewModel | Found notes in 43ms: {"sort":"placement","filters":[{"field":"notebook","value":"3b3966aeb7bc46e7b3324523911bd52c"}],"query":"","noteFields":["id","revision","created","createdBy","modified","modifiedBy","isTrashed","isDeleted","noteKind","content","style","anchors","tags","placement","role","labels","clipping","anchorIndex"],"noteLimit":100,"previousNoteLimit":100,"start":{"noteId":"3b9021ee37e7445d86ab9758b54d2048"},"noteTotalField":true,"facets":[{"field":"noteKind"},{"field":"anchorResource","termLimit":30},{"field":"anchorBibleBook","termLimit":120},{"field":"anchorDataType","termLimit":30},{"field":"tag","termLimit":120},{"field":"notebook","termLimit":30},{"field":"author"},{"field":"anchorKind"},{"field":"anchorLanguage","termLimit":30},{"field":"anchorGuideSection","termLimit":30},{"field":"modified"},{"field":"created"}],"userLanguage":"en-CA","tzoMinutes":-240,"anchorSettings":{"textRange":{"targetFields":true,"referenceField":true}}}
2026-07-31 06:06:48.3864  INFO 76 ClientNotesApi | Found 44 notebooks. (1ms) {"sort":"title","notebookFields":["id","title","revision","created","modified","isTrashed","isDeleted","importId","noteCount","role","documentId"],"limit":10000,"userLanguage":"en-CA"}
2026-07-31 06:06:49.4850  INFO 1 PanelViewModel | Got NotesTool panel settings for Preferences: IsSidebarExpanded=false|ShowFullAnchorText=true|TextSize=18.666666666666668|ViewMode=full
2026-07-31 06:06:51.4062 ERROR 32 ApplicationUtility | Error handling response (POST https://prefsapi.logos.com/v2/prefs/sync/up). ~HttpRequestException: An error occurred while sending the request.
2026-07-31 06:06:51.4104  INFO 32 SyncClient | (4m 49.8s) Submitting 2 of 2 items.
2026-07-31 06:06:51.4109  INFO 32 SyncManager | Sync failed for PreferencesSyncItem with connection error. Retry attempt number 1 will attempt to retry
2026-07-31 06:06:51.5466  INFO 32 SyncClient | Found 1 items to submit for ReadingProgressSyncItem
2026-07-31 06:06:51.5468  INFO 32 SyncClient | (Timed) Submitting 1 of 1 items.
2026-07-31 06:06:51.9087  INFO 74 ClientNotesApi | Got 1 notebooks, e.g. 3b3966aeb7bc46e7b3324523911bd52c. (0ms)
2026-07-31 06:06:52.1853  INFO 32 SyncClient | (638ms) Submitting 1 of 1 items.
2026-07-31 06:06:52.1855  INFO 32 SyncClient | Integrated 1 successes, 0 conflicts, and 0 errors.
2026-07-31 06:06:52.1858  INFO 32 SyncClient | Downloading items for ReadingProgressSyncItem
2026-07-31 06:06:52.4240  INFO 32 SyncClient | New last known milestones: {"itemMilestone":"44743859"}
2026-07-31 06:06:52.4360  INFO 32 SyncClient | Found 3 items to submit for HistorySyncItem
2026-07-31 06:06:52.4363  INFO 32 SyncClient | (Timed) Submitting 3 of 3 items.
2026-07-31 06:06:52.6454  INFO 76 ClientNotesApi | Edited 1 notes. (0ms)
2026-07-31 06:06:52.6688  INFO 76 ClientNotesApi | Found 44 notebooks. (0ms) {"sort":"title","notebookFields":["id","title","revision","created","modified","isTrashed","isDeleted","importId","noteCount","role"],"limit":10000,"userLanguage":"en-CA"}
2026-07-31 06:06:52.6939  INFO 74 ClientNotesApi | Found 99 notes and 12 facets. (25ms) {"sort":"placement","filters":[{"field":"notebook","value":"3b3966aeb7bc46e7b3324523911bd52c"}],"query":"","noteFields":["id","revision","created","createdBy","modified","modifiedBy","isTrashed","isDeleted","noteKind","content","style","anchors","tags","placement","role","labels","clipping","anchorIndex"],"noteLimit":100,"previousNoteLimit":100,"start":{"noteId":"3b9021ee37e7445d86ab9758b54d2048"},"noteTotalField":true,"facets":[{"field":"noteKind"},{"field":"anchorResource","termLimit":30},{"field":"anchorBibleBook","termLimit":120},{"field":"anchorDataType","termLimit":30},{"field":"tag","termLimit":120},{"field":"notebook","termLimit":30},{"field":"author"},{"field":"anchorKind"},{"field":"anchorLanguage","termLimit":30},{"field":"anchorGuideSection","termLimit":30},{"field":"modified"},{"field":"created"}],"userLanguage":"en-CA","tzoMinutes":-240,"anchorSettings":{"textRange":{"targetFields":true,"referenceField":true}}}
2026-07-31 06:06:52.6940  INFO 74 NotesToolViewModel | Found notes in 25ms: {"sort":"placement","filters":[{"field":"notebook","value":"3b3966aeb7bc46e7b3324523911bd52c"}],"query":"","noteFields":["id","revision","created","createdBy","modified","modifiedBy","isTrashed","isDeleted","noteKind","content","style","anchors","tags","placement","role","labels","clipping","anchorIndex"],"noteLimit":100,"previousNoteLimit":100,"start":{"noteId":"3b9021ee37e7445d86ab9758b54d2048"},"noteTotalField":true,"facets":[{"field":"noteKind"},{"field":"anchorResource","termLimit":30},{"field":"anchorBibleBook","termLimit":120},{"field":"anchorDataType","termLimit":30},{"field":"tag","termLimit":120},{"field":"notebook","termLimit":30},{"field":"author"},{"field":"anchorKind"},{"field":"anchorLanguage","termLimit":30},{"field":"anchorGuideSection","termLimit":30},{"field":"modified"},{"field":"created"}],"userLanguage":"en-CA","tzoMinutes":-240,"anchorSettings":{"textRange":{"targetFields":true,"referenceField":true}}}
2026-07-31 06:06:52.9402  INFO 32 SyncClient | (504ms) Submitting 3 of 3 items.
2026-07-31 06:06:52.9403  INFO 32 SyncClient | Integrated 3 successes, 0 conflicts, and 0 errors.
2026-07-31 06:06:52.9405  INFO 32 SyncClient | Downloading items for HistorySyncItem
2026-07-31 06:06:52.9900  INFO 74 ClientNotesApi | Got 1 notebooks, e.g. 3b3966aeb7bc46e7b3324523911bd52c. (0ms)
2026-07-31 06:06:53.0523  INFO 32 SyncClient | New last known milestones: {"itemMilestone":"180899"}
2026-07-31 06:06:53.0549  INFO 32 SyncV3Client | Creating 1 sync items: note/9895
2026-07-31 06:06:53.6485  INFO 74 ClientNotesApi | Found 44 notebooks. (1ms) {"sort":"title","notebookFields":["id","title","revision","created","modified","isTrashed","isDeleted","importId","noteCount","role","documentId"],"limit":10000,"userLanguage":"en-CA"}
2026-07-31 06:06:53.6602  INFO 74 SyncV3Client | Updating 1 sync items: note/4847324558/heading
2026-07-31 06:06:53.6696  INFO 74 SyncV3Client | Gathered 5 sync items to submit (not incl. errors): note/4847324558/content, note/4847324558/placement, note/4847324558/anchors, note/4847324558/style, note/4847324558/heading
2026-07-31 06:06:53.9986  INFO 32 SyncManager | Finished requesting sync on all sync clients.
2026-07-31 06:06:53.9987  INFO 32 SyncManager | Requesting sync on all sync clients
2026-07-31 06:06:54.0759  INFO 32 SyncClient | Found 3 items to submit for PreferencesSyncItem
2026-07-31 06:06:54.0760  INFO 32 SyncClient | (Timed) Submitting 3 of 3 items.
2026-07-31 06:06:54.7400  INFO 1 PanelViewModel | Got NotesTool panel settings for Preferences: IsSidebarExpanded=false|ShowFullAnchorText=true|TextSize=18.666666666666668|ViewMode=full
2026-07-31 06:06:54.9097  INFO 32 SyncClient | (834ms) Submitting 3 of 3 items.
2026-07-31 06:06:54.9102  INFO 32 SyncClient | Integrated 3 successes, 0 conflicts, and 0 errors.
2026-07-31 06:06:54.9103  INFO 32 SyncClient | Downloading items for PreferencesSyncItem
2026-07-31 06:06:55.0878  INFO 32 SyncClient | New last known milestones: {"itemMilestone":"418992"}
2026-07-31 06:06:55.1500  INFO 32 SyncManager | Finished requesting sync on all sync clients.
2026-07-31 06:06:56.0712  INFO 1 PanelViewModel | Got NotesTool panel settings for Snapshot: EditNoteId=9be12fbcb28745d38cc98bdb9fa21a46|IsEditorFullSize=false|IsSidebarExpanded=false|IsTrashExpanded=false|SelectedNotebookId=3b3966aeb7bc46e7b3324523911bd52c|ShowFullAnchorText=true|Sort=placement|ViewMode=full
2026-07-31 06:06:56.0715  INFO 1 PanelViewModel | Got NotesTool panel settings for History: EditNoteId=9be12fbcb28745d38cc98bdb9fa21a46|IsEditorFullSize=false|IsSidebarExpanded=false|IsTrashExpanded=false|SelectedNotebookId=3b3966aeb7bc46e7b3324523911bd52c|ShowFullAnchorText=true|Sort=placement|ViewMode=full
2026-07-31 06:06:56.3071  INFO 70 WebServiceClient | Checking for new license compared to W/"a5d72db1-ccfe-4785-a82b-0aad7de4d474"
2026-07-31 06:06:56.7825  INFO 76 WebServiceClient | License check revealed no new license version.
2026-07-31 06:07:06.0760  INFO 32 SyncManager | Requesting sync on all sync clients
2026-07-31 06:07:06.1780  INFO 32 SyncClient | Found 1 items to submit for HistorySyncItem
2026-07-31 06:07:06.1780  INFO 32 SyncClient | (Timed) Submitting 1 of 1 items.
2026-07-31 06:07:06.3525  INFO 32 SyncClient | (174ms) Submitting 1 of 1 items.
2026-07-31 06:07:06.3527  INFO 32 SyncClient | Integrated 1 successes, 0 conflicts, and 0 errors.
2026-07-31 06:07:06.3529  INFO 32 SyncClient | Downloading items for HistorySyncItem
2026-07-31 06:07:06.5468  INFO 32 SyncClient | New last known milestones: {"itemMilestone":"180900"}
2026-07-31 06:07:06.5538  INFO 32 SyncManager | Finished requesting sync on all sync clients.
2026-07-31 06:07:30.9431  INFO 1 PanelViewModel | Got Resource panel settings for Preferences: MultiViewEnabled=false|MultiViewLayoutIsVertical=false|ParallelResourceSetName=allparallelresources
2026-07-31 06:07:50.1807  INFO 32 SyncManager | Requesting sync on all sync clients
2026-07-31 06:07:50.2436  INFO 32 SyncClient | Found 2 items to submit for PreferencesSyncItem
2026-07-31 06:07:50.2437  INFO 32 SyncClient | (Timed) Submitting 2 of 2 items.
2026-07-31 06:07:50.9770  INFO 32 SyncClient | (733ms) Submitting 2 of 2 items.
2026-07-31 06:07:50.9774  INFO 32 SyncClient | Integrated 2 successes, 0 conflicts, and 0 errors.
2026-07-31 06:07:50.9776  INFO 32 SyncClient | Downloading items for PreferencesSyncItem
2026-07-31 06:07:51.1448  INFO 32 SyncClient | New last known milestones: {"itemMilestone":"418993"}
2026-07-31 06:07:51.2106  INFO 32 SyncClient | Found 1 items to submit for ReadingProgressSyncItem
2026-07-31 06:07:51.2106  INFO 32 SyncClient | (Timed) Submitting 1 of 1 items.
2026-07-31 06:07:51.6487  INFO 32 SyncClient | (438ms) Submitting 1 of 1 items.
2026-07-31 06:07:51.6490  INFO 32 SyncClient | Integrated 1 successes, 0 conflicts, and 0 errors.
2026-07-31 06:07:51.6498  INFO 32 SyncClient | Downloading items for ReadingProgressSyncItem
2026-07-31 06:07:51.8809  INFO 32 SyncClient | New last known milestones: {"itemMilestone":"44743860"}
2026-07-31 06:07:51.8825  INFO 32 SyncClient | Downloading items for HistorySyncItem
2026-07-31 06:07:52.4272  INFO 32 SyncClient | Unchanged last known milestones: {"itemMilestone":"180900"}
2026-07-31 06:07:52.7632  INFO 32 SyncManager | Finished requesting sync on all sync clients.
2026-07-31 06:07:52.7633  INFO 32 SyncManager | Requesting sync on all sync clients
2026-07-31 06:07:52.8603  INFO 32 SyncManager | Finished requesting sync on all sync clients.
2026-07-31 06:07:56.7843  INFO 74 WebServiceClient | Checking for new license compared to W/"a5d72db1-ccfe-4785-a82b-0aad7de4d474"
2026-07-31 06:07:57.4395  INFO 44 WebServiceClient | License check revealed no new license version.
2026-07-31 06:08:50.6453  INFO 32 SyncManager | Requesting sync on all sync clients
2026-07-31 06:08:50.7083  INFO 32 SyncClient | Downloading items for PreferencesSyncItem
2026-07-31 06:08:50.8795  INFO 32 SyncClient | Unchanged last known milestones: {"itemMilestone":"418993"}
2026-07-31 06:08:50.9347  INFO 32 SyncClient | Downloading items for ReadingProgressSyncItem
2026-07-31 06:08:51.0323  INFO 32 SyncClient | Unchanged last known milestones: {"itemMilestone":"44743860"}
2026-07-31 06:08:51.0340  INFO 32 SyncManager | Finished requesting sync on all sync clients.
2026-07-31 06:08:57.4426  INFO 47 WebServiceClient | Checking for new license compared to W/"a5d72db1-ccfe-4785-a82b-0aad7de4d474"
2026-07-31 06:08:57.9527  INFO 23 WebServiceClient | License check revealed no new license version.
2026-07-31 06:09:08.6946  INFO 1 PanelViewModel | Got Resource panel settings for Preferences: MultiViewEnabled=false|MultiViewLayoutIsVertical=false|ParallelResourceSetName=allparallelresources
2026-07-31 06:09:33.6976  INFO 32 SyncManager | Requesting sync on all sync clients
2026-07-31 06:09:33.7730  INFO 32 SyncClient | Found 2 items to submit for PreferencesSyncItem
2026-07-31 06:09:33.7731  INFO 32 SyncClient | (Timed) Submitting 2 of 2 items.
2026-07-31 06:09:33.8967  INFO 32 SyncClient | (124ms) Submitting 2 of 2 items.
2026-07-31 06:09:33.8969  INFO 32 SyncClient | Integrated 2 successes, 0 conflicts, and 0 errors.
2026-07-31 06:09:33.8970  INFO 32 SyncClient | Downloading items for PreferencesSyncItem
2026-07-31 06:09:33.9905  INFO 32 SyncClient | New last known milestones: {"itemMilestone":"418994"}
2026-07-31 06:09:34.0472  INFO 32 SyncManager | Finished requesting sync on all sync clients.
2026-07-31 06:09:37.8494  INFO 1 PanelViewModel | Got Resource panel settings for Preferences: MultiViewEnabled=false|MultiViewLayoutIsVertical=false|ParallelResourceSetName=allparallelresources
2026-07-31 06:09:51.2162  INFO 32 SyncManager | Requesting sync on all sync clients
2026-07-31 06:09:51.3018  INFO 32 SyncClient | Found 2 items to submit for PreferencesSyncItem
2026-07-31 06:09:51.3019  INFO 32 SyncClient | (Timed) Submitting 2 of 2 items.
2026-07-31 06:09:51.7166  INFO 32 SyncClient | (415ms) Submitting 2 of 2 items.
2026-07-31 06:09:51.7170  INFO 32 SyncClient | Integrated 2 successes, 0 conflicts, and 0 errors.
2026-07-31 06:09:51.7171  INFO 32 SyncClient | Downloading items for PreferencesSyncItem
2026-07-31 06:09:51.8167  INFO 32 SyncClient | New last known milestones: {"itemMilestone":"418995"}
2026-07-31 06:09:51.9383  INFO 32 SyncManager | Finished requesting sync on all sync clients.
2026-07-31 06:09:57.9561  INFO 47 WebServiceClient | Checking for new license compared to W/"a5d72db1-ccfe-4785-a82b-0aad7de4d474"
2026-07-31 06:09:58.5122  INFO 44 WebServiceClient | License check revealed no new license version.
2026-07-31 06:10:03.4448  INFO 1 PanelViewModel | Got Resource panel settings for Preferences: MultiViewEnabled=false|MultiViewLayoutIsVertical=false|ParallelResourceSetName=allparallelresources
2026-07-31 06:10:20.7560  INFO 44 BkHighlightingVisualFilterBase | Calculated markup for LLS:WS_78D4ACD829E74392B4F75C5065979CA9 1679932:7. (0ms)
2026-07-31 06:10:20.7560  INFO 23 CorrespondingWordsUserVisualFilter | Calculated markup for LLS:WS_78D4ACD829E74392B4F75C5065979CA9 1679932:7. (0ms)
2026-07-31 06:10:20.8929  INFO 44 CorrespondingWordsUserVisualFilter | Calculated markup for LLS:WS_78D4ACD829E74392B4F75C5065979CA9 1679939:7116. (2ms)
2026-07-31 06:10:21.5859  INFO 23 BkHighlightingVisualFilterBase | Calculated markup for LLS:WS_78D4ACD829E74392B4F75C5065979CA9 1679939:7116. (695ms)
2026-07-31 06:10:23.5741  INFO 1 PanelViewModel | Got Resource panel settings for Preferences: MultiViewEnabled=false|MultiViewLayoutIsVertical=false|ParallelResourceSetName=allparallelresources
2026-07-31 06:10:28.4480  INFO 32 SyncManager | Requesting sync on all sync clients
2026-07-31 06:10:28.5130  INFO 32 SyncClient | Found 2 items to submit for PreferencesSyncItem
2026-07-31 06:10:28.5130  INFO 32 SyncClient | (Timed) Submitting 2 of 2 items.
2026-07-31 06:10:28.6932  INFO 32 SyncClient | (180ms) Submitting 2 of 2 items.
2026-07-31 06:10:28.6934  INFO 32 SyncClient | Integrated 2 successes, 0 conflicts, and 0 errors.
2026-07-31 06:10:28.6935  INFO 32 SyncClient | Downloading items for PreferencesSyncItem
2026-07-31 06:10:29.0529  INFO 32 SyncClient | New last known milestones: {"itemMilestone":"418996"}
2026-07-31 06:10:29.1189  INFO 32 SyncManager | Finished requesting sync on all sync clients.
2026-07-31 06:10:46.6966  INFO 32 SyncManager | Requesting sync on all sync clients
2026-07-31 06:10:46.7956  INFO 32 SyncClient | Found 1 items to submit for ReadingProgressSyncItem
2026-07-31 06:10:46.7957  INFO 32 SyncClient | (Timed) Submitting 1 of 1 items.
2026-07-31 06:10:47.3277  INFO 32 SyncClient | (532ms) Submitting 1 of 1 items.
2026-07-31 06:10:47.3280  INFO 32 SyncClient | Integrated 1 successes, 0 conflicts, and 0 errors.
2026-07-31 06:10:47.3287  INFO 32 SyncClient | Downloading items for ReadingProgressSyncItem
2026-07-31 06:10:47.4283  INFO 32 SyncClient | New last known milestones: {"itemMilestone":"44743861"}
2026-07-31 06:10:47.4324  INFO 32 SyncManager | Finished requesting sync on all sync clients.
2026-07-31 06:10:51.6686  INFO 32 SyncManager | Requesting sync on all sync clients
2026-07-31 06:10:51.7198  INFO 1 PanelViewModel | Got Resource panel settings for Preferences: MultiViewEnabled=false|MultiViewLayoutIsVertical=false|ParallelResourceSetName=allparallelresources
2026-07-31 06:10:51.7391  INFO 32 SyncClient | Found 2 items to submit for PreferencesSyncItem
2026-07-31 06:10:51.7391  INFO 32 SyncClient | (Timed) Submitting 2 of 2 items.
2026-07-31 06:10:52.0235  INFO 32 SyncClient | (284ms) Submitting 2 of 2 items.
2026-07-31 06:10:52.0237  INFO 32 SyncClient | Integrated 2 successes, 0 conflicts, and 0 errors.
2026-07-31 06:10:52.0238  INFO 32 SyncClient | Downloading items for PreferencesSyncItem
2026-07-31 06:10:52.1201  INFO 32 SyncClient | New last known milestones: {"itemMilestone":"418997"}
2026-07-31 06:10:52.1853  INFO 32 SyncClient | Downloading items for ReadingProgressSyncItem
2026-07-31 06:10:52.2801  INFO 32 SyncClient | Unchanged last known milestones: {"itemMilestone":"44743861"}
2026-07-31 06:10:52.2821  INFO 32 SyncManager | Finished requesting sync on all sync clients.
2026-07-31 06:10:52.2821  INFO 32 SyncManager | Requesting sync on all sync clients
2026-07-31 06:10:52.3720  INFO 32 SyncManager | Finished requesting sync on all sync clients.
2026-07-31 06:10:58.5137  INFO 47 WebServiceClient | Checking for new license compared to W/"a5d72db1-ccfe-4785-a82b-0aad7de4d474"
2026-07-31 06:10:59.1330  INFO 47 WebServiceClient | License check revealed no new license version.
2026-07-31 06:11:52.1308  INFO 32 SyncManager | Requesting sync on all sync clients
2026-07-31 06:11:52.1783  INFO 32 SyncClient | Downloading items for PreferencesSyncItem
2026-07-31 06:11:52.5810  INFO 32 SyncClient | Unchanged last known milestones: {"itemMilestone":"418997"}
2026-07-31 06:11:52.6476  INFO 32 SyncManager | Finished requesting sync on all sync clients.
2026-07-31 06:11:59.1358  INFO 23 WebServiceClient | Checking for new license compared to W/"a5d72db1-ccfe-4785-a82b-0aad7de4d474"
2026-07-31 06:11:59.7533  INFO 49 WebServiceClient | License check revealed no new license version.
2026-07-31 06:12:22.2186  INFO 1 AppCommand | (Timed) Executing command: Close|Kind=AllPanels
2026-07-31 06:12:22.3383  INFO 1 PanelViewModel | Got Resource panel settings for Snapshot: Id=LLS:WS_78D4ACD829E74392B4F75C5065979CA9|Milestone=DataType%3ddayofyear%7cResource%3dLLS:WS_78D4ACD829E74392B4F75C5065979CA9%7cStartSegment%3d1670700%7cVersion%3d2025-09-04T22:30:08Z|MultiViewEnabled=false|MultiViewLayoutIsVertical=false|ParallelResourceSetName=allparallelresources|Position=res/LL
2026-07-31 06:12:22.3384  INFO 1 PanelViewModel | Got Resource panel settings for Snapshot: ActiveLeftSidebarNavigationItem=Contents|ActiveRightSidebarNavigationItem=Insights|AreInterlinearsVisible=false|Id=LLS:1.0.710|Locator=false|Milestone=DataType%3dbible+esv%7cResource%3dLLS:1.0.710%7cStartSegment%3d5193948%7cVersion%3d2026-02-17T13:55:29Z|MultiViewEnabled=true|MultiViewLayoutIsVertic
2026-07-31 06:12:22.3531  INFO 1 PanelViewModel | Got Resource panel settings for Snapshot: Id=LLS:WS_78D4ACD829E74392B4F75C5065979CA9|Milestone=DataType%3ddayofyear%7cResource%3dLLS:WS_78D4ACD829E74392B4F75C5065979CA9%7cStartSegment%3d1670700%7cVersion%3d2025-09-04T22:30:08Z|MultiViewEnabled=false|MultiViewLayoutIsVertical=false|ParallelResourceSetName=allparallelresources|Position=res/LL
2026-07-31 06:12:22.3531  INFO 1 PanelViewModel | Got Resource panel settings for Snapshot: ActiveLeftSidebarNavigationItem=Contents|ActiveRightSidebarNavigationItem=Insights|AreInterlinearsVisible=false|Id=LLS:1.0.710|Locator=false|Milestone=DataType%3dbible+esv%7cResource%3dLLS:1.0.710%7cStartSegment%3d5193948%7cVersion%3d2026-02-17T13:55:29Z|MultiViewEnabled=true|MultiViewLayoutIsVertic
2026-07-31 06:12:22.3533  INFO 1 PanelViewModel | Got Resource panel settings for History: Id=LLS:WS_78D4ACD829E74392B4F75C5065979CA9|Milestone=DataType%3ddayofyear%7cResource%3dLLS:WS_78D4ACD829E74392B4F75C5065979CA9%7cStartSegment%3d1670700%7cVersion%3d2025-09-04T22:30:08Z|Position=res/LLS:WS_78D4ACD829E74392B4F75C5065979CA9/2025-09-04T22:30:08Z/1679586|Reference=dayofyear.7.31
2026-07-31 06:12:22.3534  INFO 1 PanelViewModel | Got Resource panel settings for History: Id=LLS:1.0.710|Milestone=DataType%3dbible+esv%7cResource%3dLLS:1.0.710%7cStartSegment%3d5193948%7cVersion%3d2026-02-17T13:55:29Z|Position=res/LLS:1.0.710/2026-02-17T13:55:29Z/5193948|Reference=bible+esv.75.3.6
2026-07-31 06:12:22.3565  INFO 1 PanelViewModel | Got Resource panel settings for Preferences: MultiViewEnabled=false|MultiViewLayoutIsVertical=false|ParallelResourceSetName=allparallelresources
2026-07-31 06:12:22.3647  INFO 1 PanelViewModel | Got Resource panel settings for Preferences: ActiveLeftSidebarNavigationItem=Contents|ActiveRightSidebarNavigationItem=Insights|AreInterlinearsVisible=false|Locator=false|MultiViewEnabled=true|MultiViewLayoutIsVertical=false|ParallelResourceSetName=allparallelresources|ReverseInterlinear=true|ReverseInterlinearRows=Surface,MSS,Lemma,Morph,Stro
2026-07-31 06:12:22.3685  INFO 1 AppCommand | (150ms) Executing command: Close|Kind=AllPanels
2026-07-31 06:12:23.7458  INFO 49 AppMessageProvider | (Timed) Getting app message feed.
2026-07-31 06:12:23.7463  INFO 52 LocalFileDatabase | Connection opened (0ms): /Users/mjwebster/Library/Application Support/Logos4/Documents/wq8ubj9r.32o/UserPreferences2/PreferencesManager.db
2026-07-31 06:12:24.4422  INFO 43 AppMessageProvider | (696ms) Getting app message feed.
2026-07-31 06:12:24.4430  INFO 52 GetStartedProvider | ReadingPlansCard: calling web API.
2026-07-31 06:12:24.4447  INFO 43 HomePageViewModel | (Timed) Finding explore section cards.
2026-07-31 06:12:24.4448  INFO 43 BlogPostCardProvider | (Timed) Getting cards.
2026-07-31 06:12:24.4449  INFO 43 PartnerBrandingBlogPostCardProvider | (Timed) Getting cards.
2026-07-31 06:12:24.4449  INFO 43 PartnerBrandingBlogPostCardProvider | (0ms) Getting cards.
2026-07-31 06:12:24.4449  INFO 43 ProductCardProvider | (Timed) Getting cards.
2026-07-31 06:12:24.4450  INFO 43 AppMessageCardProvider | (Timed) Getting cards.
2026-07-31 06:12:24.4450  INFO 43 AppMessageProvider | (Timed) Getting app message feed.
2026-07-31 06:12:24.4451  INFO 43 AppSuggestionCardProvider | (Timed) Getting cards.
2026-07-31 06:12:24.4451  INFO 43 ExcerptCardProvider | (Timed) Getting cards.
2026-07-31 06:12:24.4452  INFO 43 ExcerptCardProvider | (0ms) Getting cards.
2026-07-31 06:12:24.4452  INFO 43 FromYourLibraryCardProvider | (Timed) Getting cards.
2026-07-31 06:12:24.4468  INFO 43 FromYourLibraryCardProvider | (2ms) Getting cards.
2026-07-31 06:12:24.4468  INFO 43 TodayInChristianHistoryCardProvider | (Timed) Getting cards.
2026-07-31 06:12:24.4468  INFO 43 TodayInChristianHistoryCardProvider | (0ms) Getting cards.
2026-07-31 06:12:24.4469  INFO 43 TrainingVideoCardProvider | (Timed) Getting cards.
2026-07-31 06:12:24.4469  INFO 42 TodayInChristianHistoryCardProvider | (Timed) Getting cards.
2026-07-31 06:12:24.4471  INFO 43 VerseOfTheDayCardProvider | (Timed) Getting cards.
2026-07-31 06:12:24.4472  INFO 43 WorkflowSuggestionCardProvider | (Timed) Getting cards.
2026-07-31 06:12:24.4507  INFO 42 TodayInChristianHistoryCardProvider | (4ms) Getting cards.
2026-07-31 06:12:24.4651  INFO 43 WorkflowSuggestionCardProvider | (18ms) Getting cards.
2026-07-31 06:12:24.4755  WARN 44 Sinai.Title | Couldn't find position_upgrade_manifest.dat as Baggage in /Users/mjwebster/Library/Application Support/Logos4/Data/wq8ubj9r.32o/ResourceManager/Resources/UBSHBK19.logos4.
2026-07-31 06:12:24.4807  WARN 44 Sinai.Title | Couldn't find position_upgrade_manifest.dat as Baggage in /Users/mjwebster/Library/Application Support/Logos4/Data/wq8ubj9r.32o/ResourceManager/Resources/CWCCACTS.logos4.
2026-07-31 06:12:24.6656  INFO 50 AppMessageProvider | (221ms) Getting app message feed.
2026-07-31 06:12:24.6660  INFO 50 AppMessageCardProvider | (221ms) Getting cards.
2026-07-31 06:12:24.6995  INFO 50 AppSuggestionCardProvider | (254ms) Getting cards.
2026-07-31 06:12:24.9896  INFO 74 VerseOfTheDayCardProvider | (542ms) Getting cards.
2026-07-31 06:12:24.9935  INFO 74 TrainingVideoCardProvider | (547ms) Getting cards.
2026-07-31 06:12:25.4359  INFO 74 BlogPostCardProvider | (991ms) Getting cards.
2026-07-31 06:12:26.5455  INFO 23 ProductCardProvider | (2101ms) Getting cards.
2026-07-31 06:12:26.5458  INFO 23 HomePageViewModel | (2101ms) Finding explore section cards.
[14447:2258087:0731/061226.615367:ERROR:net/cert/internal/trust_store_mac.cc:817] Error parsing certificate:
ERROR: Failed parsing extensions

2026-07-31 06:12:31.1368  INFO 1 AppCommand | (Timed) Executing command: Resource|Id=LLS:PROVPEARSON02|Reference=dayofyear.7.31
2026-07-31 06:12:31.1412  INFO 1 PanelViewModel | Applying Resource panel settings for Preferences: Locator=false|TextSize=14.666666666666666
2026-07-31 06:12:31.1413  INFO 1 PanelViewModel | Updated Resource panel text size to 14.666666666666666.
2026-07-31 06:12:31.1413  INFO 1 PanelViewModel | Navigating Resource panel to: Id=LLS:PROVPEARSON02|Reference=dayofyear.7.31
2026-07-31 06:12:31.1414  INFO 1 PanelViewModel | Applying Resource panel settings for Bookmark: Id=LLS:PROVPEARSON02|Reference=dayofyear.7.31
2026-07-31 06:12:31.1433  INFO 74 ResourcePanelMultiResourceConfigViewModel | Found 40 potential guest resources. (0ms)
2026-07-31 06:12:31.1627  INFO 1 ResourcePanelViewModel | Updating 1 ResourceViewModels for host: LLS:PROVPEARSON02 with configuration: LLS:PROVPEARSON02
2026-07-31 06:12:31.1675  INFO 1 PanelViewModel | Applying Resource panel settings for Preferences: Milestone=DataType%3ddayofyear%7cResource%3dLLS:PROVPEARSON02%7cStartSegment%3d81002%7cVersion%3d2012-12-20T20:54:11Z|MultiViewEnabled=false|MultiViewLayoutIsVertical=false|Position=res/LLS:PROVPEARSON02/2012-12-20T20:54:11Z/81002|Reference=dayofyear.7.31|RightContents=false
2026-07-31 06:12:31.1682  INFO 1 PanelViewModel | Updated Resource panel text size to 16.
2026-07-31 06:12:31.1736  INFO 41 SeriesResourceCache | Opened 2 SRA resources in series (with LLS:PROVPEARSON02): LLS:PROVPEARSON01 LLS:PROVPEARSON02
2026-07-31 06:12:31.1840  INFO 50 ContextInformationCache | (Timed) Initializing cache
2026-07-31 06:12:31.1845  INFO 50 ContextInformationCache | GetArticleInformation took 00:00:00.0004665
2026-07-31 06:12:31.1845  INFO 50 ContextInformationCache | (1ms) Initializing cache
2026-07-31 06:12:31.1942  INFO 1 PanelViewModel | Got Resource panel settings for History: Id=LLS:PROVPEARSON02|Milestone=DataType%3ddayofyear%7cResource%3dLLS:PROVPEARSON02%7cStartSegment%3d81002%7cVersion%3d2012-12-20T20:54:11Z|Position=res/LLS:PROVPEARSON02/2012-12-20T20:54:11Z/81002|Reference=dayofyear.7.31
2026-07-31 06:12:31.195 Logos[14447:2257600] <VariableDividerWidthSplitView: 0x10c0f1aa900>: the delegate <ResourcePanelController: 0x10c0a8e9880> was sent -splitView:resizeSubviewsWithOldSize: and left the arranged view frames in an inconsistent state:
2026-07-31 06:12:31.195 Logos[14447:2257600] Split view bounds: {{0, 0}, {694.16666666666913, 790.41666666663673}}
2026-07-31 06:12:31.195 Logos[14447:2257600]     Arranged view frame: {{0, 0}, {0, 100}}
2026-07-31 06:12:31.195 Logos[14447:2257600]     Arranged view frame: {{0, 0}, {100, 100}}
2026-07-31 06:12:31.195 Logos[14447:2257600]     Arranged view frame: {{0, 0}, {0, 100}}
2026-07-31 06:12:31.195 Logos[14447:2257600] The outer edges of the arranged view frames are supposed to line up with the split view's bounds' edges. NSSplitView is working around the problem, perhaps at the cost of more redrawing. (This message is only logged once per NSSplitView.)
2026-07-31 06:12:31.195 Logos[14447:2257600] The arranged view frames are not in the same order as the arranged views array. NSSplitView requires that these orders be kept consistent, otherwise behavior is undefined.
2026-07-31 06:12:31.195 Logos[14447:2257600] <NSSplitView: 0x10c0f1aac40>: the delegate <ResourcePanelController: 0x10c0a8e9880> was sent -splitView:resizeSubviewsWithOldSize: and left the arranged view frames in an inconsistent state:
2026-07-31 06:12:31.195 Logos[14447:2257600] Split view bounds: {{0, 0}, {694.16666666666913, 790.41666666663673}}
2026-07-31 06:12:31.195 Logos[14447:2257600]     Arranged view frame: {{0, 0}, {695, 790.41666666663673}}
2026-07-31 06:12:31.195 Logos[14447:2257600] The outer edges of the arranged view frames are supposed to line up with the split view's bounds' edges. NSSplitView is working around the problem, perhaps at the cost of more redrawing. (This message is only logged once per NSSplitView.)
2026-07-31 06:12:31.2092  INFO 1 AppCommand | (72ms) Executing command: Resource|Id=LLS:PROVPEARSON02|Reference=dayofyear.7.31
2026-07-31 06:12:31.2328  INFO 1 NotesToolUserVisualFilterProvider | Markup needed for LLS:PROVPEARSON02 81002:140.
2026-07-31 06:12:31.2333  INFO 50 CorrespondingWordsUserVisualFilter | Calculated markup for LLS:PROVPEARSON02 81002:140. (0ms)
2026-07-31 06:12:31.2335  INFO 1 NotesToolUserVisualFilterProvider | Markup needed for LLS:PROVPEARSON02 81142:608.
2026-07-31 06:12:31.2336  INFO 47 CorrespondingWordsUserVisualFilter | Calculated markup for LLS:PROVPEARSON02 81142:608. (0ms)
2026-07-31 06:12:31.2340  INFO 1 NotesToolUserVisualFilterProvider | Markup needed for LLS:PROVPEARSON02 81750:284.
2026-07-31 06:12:31.2341  INFO 50 CorrespondingWordsUserVisualFilter | Calculated markup for LLS:PROVPEARSON02 81750:284. (0ms)
2026-07-31 06:12:31.2348  INFO 47 CorrespondingWordsUserVisualFilter | Calculated markup for LLS:PROVPEARSON02 82034:1710. (0ms)
2026-07-31 06:12:31.2348  INFO 1 NotesToolUserVisualFilterProvider | Markup needed for LLS:PROVPEARSON02 82034:1710.
2026-07-31 06:12:31.3081  INFO 52 FilteringResourceViewComponent | (Timed) Updating resource filter
2026-07-31 06:12:31.3084  INFO 23 FilteringResourceViewComponent | (0ms) Updating resource filter
2026-07-31 06:12:31.3085  INFO 1 PanelViewModel | Got Resource panel settings for History: Id=LLS:PROVPEARSON02|Milestone=DataType%3ddayofyear%7cResource%3dLLS:PROVPEARSON02%7cStartSegment%3d81002%7cVersion%3d2012-12-20T20:54:11Z|Position=res/LLS:PROVPEARSON02/2012-12-20T20:54:11Z/81002|Reference=dayofyear.7.31
2026-07-31 06:12:31.3114  INFO 52 NotesToolUserVisualFilterProvider | Got 0 notes markups for LLS:PROVPEARSON02 81002:2742. (2ms)
2026-07-31 06:12:31.3118  INFO 49 NotesDigitalLibraryService | Cached all 190 milestones for LLS:PROVPEARSON02 2012-12-20T20:54:11Z. (0ms)
2026-07-31 06:12:31.3119  INFO 49 NotesToolUserVisualFilterProvider | Got 0 notes markups for LLS:PROVPEARSON02 0:2147483647. (3ms)
2026-07-31 06:12:31.7233  INFO 49 BkHighlightingVisualFilterBase | Calculated markup for LLS:PROVPEARSON02 81142:608. (489ms)
2026-07-31 06:12:31.7234  INFO 43 BkHighlightingVisualFilterBase | Calculated markup for LLS:PROVPEARSON02 82034:1710. (489ms)
2026-07-31 06:12:31.7236  INFO 23 BkHighlightingVisualFilterBase | Calculated markup for LLS:PROVPEARSON02 81002:140. (490ms)
2026-07-31 06:12:31.7236  INFO 52 BkHighlightingVisualFilterBase | Calculated markup for LLS:PROVPEARSON02 81750:284. (489ms)
2026-07-31 06:12:33.3085  INFO 1 PanelViewModel | Got Resource panel settings for Preferences: MultiViewEnabled=false|MultiViewLayoutIsVertical=false|RightContents=false
2026-07-31 06:12:35.1548  INFO 1 LDLS4.AppModel | Converting navigation request for reference Pr 21:5 to keylink.
2026-07-31 06:12:35.1571  INFO 1 PanelViewModel | Applying Resource panel settings for Preferences: Locator=false|TextSize=14.666666666666666
2026-07-31 06:12:35.1571  INFO 1 PanelViewModel | Updated Resource panel text size to 14.666666666666666.
2026-07-31 06:12:35.1572  INFO 1 PanelViewModel | Navigating Resource panel to: HeadwordLanguage=|Id=LLS:1.0.710|Milestone=DataType%3dbible+esv%7cResource%3dLLS:1.0.710%7cStartSegment%3d3393201%7cVersion%3d2026-02-17T13:55:29Z|Reference=bible.20.21.5|SourcePanelId=ce9cdc44-18d6-4825-85a5-52235bfbaf09
2026-07-31 06:12:35.1572  INFO 1 PanelViewModel | Applying Resource panel settings for Bookmark: HeadwordLanguage=|Id=LLS:1.0.710|Milestone=DataType%3dbible+esv%7cResource%3dLLS:1.0.710%7cStartSegment%3d3393201%7cVersion%3d2026-02-17T13:55:29Z|Reference=bible.20.21.5|SourcePanelId=ce9cdc44-18d6-4825-85a5-52235bfbaf09
2026-07-31 06:12:35.1603  INFO 23 ResourcePanelMultiResourceConfigViewModel | Found 3370 potential guest resources. (2ms)
2026-07-31 06:12:35.1781  INFO 1 ResourcePanelViewModel | Updating 1 ResourceViewModels for host: LLS:1.0.710 with configuration: LLS:1.0.710
2026-07-31 06:12:35.1839  INFO 1 PanelViewModel | Applying Resource panel settings for Preferences: ActiveLeftSidebarNavigationItem=Contents|ActiveRightSidebarNavigationItem=Insights|AreInterlinearsVisible=false|Locator=false|Milestone=DataType%3dbible+esv%7cResource%3dLLS:1.0.710%7cStartSegment%3d5193948%7cVersion%3d2026-02-17T13:55:29Z|MultiViewEnabled=true|MultiViewLayoutIsVertical=false|Parall
2026-07-31 06:12:35.1847  INFO 1 PanelViewModel | Updated Resource panel text size to 16.
2026-07-31 06:12:35.1965  INFO 52 LibrarySearcher | (Timed) Searching SingleResource for: lemma.h:אֶ֫רֶץ
2026-07-31 06:12:35.1968  INFO 47 LibrarySearcher | (Timed) Searching SingleResource for: lemma.h:=יהוה
2026-07-31 06:12:35.2050  INFO 52 SimpleQueryUtility | (Timed) Performing section search
2026-07-31 06:12:35.2050  INFO 47 SimpleQueryUtility | (Timed) Performing section search
2026-07-31 06:12:35.2065  INFO 52 SimpleQueryUtility | (1ms) Performing section search
2026-07-31 06:12:35.2068  INFO 52 LibrarySearcher | (10ms) Searching SingleResource for: lemma.h:אֶ֫רֶץ
2026-07-31 06:12:35.2068  INFO 47 SimpleQueryUtility | (2ms) Performing section search
2026-07-31 06:12:35.2071  INFO 52 VisualFilterDocumentUserVisualFilterManager | Found 2509 results in LLS:1.0.710 (10ms): lemma.h:אֶ֫רֶץ
2026-07-31 06:12:35.2072  INFO 47 LibrarySearcher | (10ms) Searching SingleResource for: lemma.h:=יהוה
2026-07-31 06:12:35.2105  INFO 52 LibrarySearcher | (Timed) Searching SingleResource for: lemma.g:αἰών
2026-07-31 06:12:35.2106  INFO 47 VisualFilterDocumentUserVisualFilterManager | Found 6828 results in LLS:1.0.710 (13ms): lemma.h:=יהוה
2026-07-31 06:12:35.2114  INFO 47 LibrarySearcher | (Timed) Searching SingleResource for: lemma.h:אֱלֹהִים
2026-07-31 06:12:35.2120  INFO 47 SimpleQueryUtility | (Timed) Performing section search
2026-07-31 06:12:35.2120  INFO 52 SimpleQueryUtility | (Timed) Performing section search
2026-07-31 06:12:35.2124  INFO 47 SimpleQueryUtility | (0ms) Performing section search
2026-07-31 06:12:35.2124  INFO 70 ContextInformationCache | (Timed) Initializing cache
2026-07-31 06:12:35.2126  INFO 47 LibrarySearcher | (1ms) Searching SingleResource for: lemma.h:אֱלֹהִים
2026-07-31 06:12:35.2127  INFO 52 SimpleQueryUtility | (1ms) Performing section search
2026-07-31 06:12:35.2128  INFO 47 VisualFilterDocumentUserVisualFilterManager | Found 2604 results in LLS:1.0.710 (1ms): lemma.h:אֱלֹהִים
2026-07-31 06:12:35.2130  INFO 52 LibrarySearcher | (2ms) Searching SingleResource for: lemma.g:αἰών
2026-07-31 06:12:35.2130  INFO 52 VisualFilterDocumentUserVisualFilterManager | Found 124 results in LLS:1.0.710 (2ms): lemma.g:αἰών
2026-07-31 06:12:35.2131  INFO 52 LibrarySearcher | (Timed) Searching SingleResource for: lemma.g:κόσμος
2026-07-31 06:12:35.2131  INFO 47 LibrarySearcher | (Timed) Searching SingleResource for: lemma.h:=אָדוֹן
2026-07-31 06:12:35.2174  INFO 52 SimpleQueryUtility | (Timed) Performing section search
2026-07-31 06:12:35.2174  INFO 47 SimpleQueryUtility | (Timed) Performing section search
2026-07-31 06:12:35.2177  INFO 47 SimpleQueryUtility | (0ms) Performing section search
2026-07-31 06:12:35.2178  INFO 52 SimpleQueryUtility | (0ms) Performing section search
2026-07-31 06:12:35.2179  INFO 47 LibrarySearcher | (2ms) Searching SingleResource for: lemma.h:=אָדוֹן
2026-07-31 06:12:35.2180  INFO 47 VisualFilterDocumentUserVisualFilterManager | Found 782 results in LLS:1.0.710 (4ms): lemma.h:=אָדוֹן
2026-07-31 06:12:35.2181  INFO 52 LibrarySearcher | (5ms) Searching SingleResource for: lemma.g:κόσμος
2026-07-31 06:12:35.2181  INFO 52 VisualFilterDocumentUserVisualFilterManager | Found 185 results in LLS:1.0.710 (4ms): lemma.g:κόσμος
2026-07-31 06:12:35.2182  INFO 47 LibrarySearcher | (Timed) Searching SingleResource for: lemma.g:θεός
2026-07-31 06:12:35.2182  INFO 52 LibrarySearcher | (Timed) Searching SingleResource for: lemma.h:מַלְאָךְ
2026-07-31 06:12:35.2188  INFO 47 SimpleQueryUtility | (Timed) Performing section search
2026-07-31 06:12:35.2190  INFO 52 SimpleQueryUtility | (Timed) Performing section search
2026-07-31 06:12:35.2192  INFO 52 SimpleQueryUtility | (0ms) Performing section search
2026-07-31 06:12:35.2192  INFO 47 SimpleQueryUtility | (0ms) Performing section search
2026-07-31 06:12:35.2193  INFO 52 LibrarySearcher | (1ms) Searching SingleResource for: lemma.h:מַלְאָךְ
2026-07-31 06:12:35.2194  INFO 52 VisualFilterDocumentUserVisualFilterManager | Found 213 results in LLS:1.0.710 (1ms): lemma.h:מַלְאָךְ
2026-07-31 06:12:35.2195  INFO 47 LibrarySearcher | (1ms) Searching SingleResource for: lemma.g:θεός
2026-07-31 06:12:35.2197  INFO 47 VisualFilterDocumentUserVisualFilterManager | Found 1309 results in LLS:1.0.710 (1ms): lemma.g:θεός
2026-07-31 06:12:35.2199  INFO 47 LibrarySearcher | (Timed) Searching SingleResource for: lemma.g:κύριος
2026-07-31 06:12:35.2204  INFO 47 SimpleQueryUtility | (Timed) Performing section search
2026-07-31 06:12:35.2208  INFO 47 SimpleQueryUtility | (0ms) Performing section search
2026-07-31 06:12:35.2242  INFO 47 LibrarySearcher | (4ms) Searching SingleResource for: lemma.g:κύριος
2026-07-31 06:12:35.2243  INFO 47 VisualFilterDocumentUserVisualFilterManager | Found 713 results in LLS:1.0.710 (4ms): lemma.g:κύριος
2026-07-31 06:12:35.2245  INFO 47 LibrarySearcher | (Timed) Searching SingleResource for: lemma.g:ὕψιστος
2026-07-31 06:12:35.2253  INFO 47 SimpleQueryUtility | (Timed) Performing section search
2026-07-31 06:12:35.2255  INFO 47 SimpleQueryUtility | (0ms) Performing section search
2026-07-31 06:12:35.2257  INFO 47 LibrarySearcher | (1ms) Searching SingleResource for: lemma.g:ὕψιστος
2026-07-31 06:12:35.2257  INFO 47 VisualFilterDocumentUserVisualFilterManager | Found 13 results in LLS:1.0.710 (1ms): lemma.g:ὕψιστος
2026-07-31 06:12:35.2258  INFO 47 LibrarySearcher | (Timed) Searching SingleResource for: lemma.g:Ἐμμανουήλ
2026-07-31 06:12:35.2269  INFO 47 SimpleQueryUtility | (Timed) Performing section search
2026-07-31 06:12:35.2274  INFO 47 SimpleQueryUtility | (1ms) Performing section search
2026-07-31 06:12:35.2276  INFO 47 LibrarySearcher | (2ms) Searching SingleResource for: lemma.g:Ἐμμανουήλ
2026-07-31 06:12:35.2276  INFO 47 VisualFilterDocumentUserVisualFilterManager | Found 1 results in LLS:1.0.710 (1ms): lemma.g:Ἐμμανουήλ
2026-07-31 06:12:35.2277  INFO 47 LibrarySearcher | (Timed) Searching SingleResource for: lemma.sesb.h:=יְהוָה
2026-07-31 06:12:35.2287  INFO 47 SimpleQueryUtility | (Timed) Performing section search
2026-07-31 06:12:35.2292  INFO 47 SimpleQueryUtility | (0ms) Performing section search
2026-07-31 06:12:35.2293  INFO 47 LibrarySearcher | (2ms) Searching SingleResource for: lemma.sesb.h:=יְהוָה
2026-07-31 06:12:35.2293  INFO 47 VisualFilterDocumentUserVisualFilterManager | Found 0 results in LLS:1.0.710 (1ms): lemma.sesb.h:=יְהוָה
2026-07-31 06:12:35.2294  INFO 47 LibrarySearcher | (Timed) Searching SingleResource for: lemma.sesb.h:=אָדֹון
2026-07-31 06:12:35.2303  INFO 47 SimpleQueryUtility | (Timed) Performing section search
2026-07-31 06:12:35.2304  INFO 47 SimpleQueryUtility | (0ms) Performing section search
2026-07-31 06:12:35.2305  INFO 47 LibrarySearcher | (1ms) Searching SingleResource for: lemma.sesb.h:=אָדֹון
2026-07-31 06:12:35.2305  INFO 47 VisualFilterDocumentUserVisualFilterManager | Found 0 results in LLS:1.0.710 (1ms): lemma.sesb.h:=אָדֹון
2026-07-31 06:12:35.2306  INFO 47 LibrarySearcher | (Timed) Searching SingleResource for: lemma.sesb.h:=אֱלֹהִים
2026-07-31 06:12:35.2328  INFO 1 PanelViewModel | Got Resource panel settings for History: Id=LLS:1.0.710|Milestone=DataType%3dbible+esv%7cResource%3dLLS:1.0.710%7cStartSegment%3d3393201%7cVersion%3d2026-02-17T13:55:29Z|Position=res/LLS:1.0.710/2026-02-17T13:55:29Z/3393201|Reference=bible+esv.20.21.5
2026-07-31 06:12:35.2334  INFO 47 SimpleQueryUtility | (Timed) Performing section search
2026-07-31 06:12:35.2336  INFO 47 SimpleQueryUtility | (0ms) Performing section search
2026-07-31 06:12:35.2337  INFO 47 LibrarySearcher | (3ms) Searching SingleResource for: lemma.sesb.h:=אֱלֹהִים
2026-07-31 06:12:35.2338  INFO 47 VisualFilterDocumentUserVisualFilterManager | Found 0 results in LLS:1.0.710 (3ms): lemma.sesb.h:=אֱלֹהִים
2026-07-31 06:12:35.2339  INFO 47 LibrarySearcher | (Timed) Searching SingleResource for: lemma.h:=אֱלוֹהַּ
2026-07-31 06:12:35.2346  INFO 47 SimpleQueryUtility | (Timed) Performing section search
2026-07-31 06:12:35.2347  INFO 47 SimpleQueryUtility | (0ms) Performing section search
2026-07-31 06:12:35.2349  INFO 47 LibrarySearcher | (1ms) Searching SingleResource for: lemma.h:=אֱלוֹהַּ
2026-07-31 06:12:35.2349  INFO 47 VisualFilterDocumentUserVisualFilterManager | Found 58 results in LLS:1.0.710 (1ms): lemma.h:=אֱלוֹהַּ
2026-07-31 06:12:35.2350  INFO 47 LibrarySearcher | (Timed) Searching SingleResource for: lemma.a:אֱלָהּ
2026-07-31 06:12:35.2360  INFO 47 SimpleQueryUtility | (Timed) Performing section search
2026-07-31 06:12:35.2363  INFO 47 SimpleQueryUtility | (0ms) Performing section search
2026-07-31 06:12:35.2365  INFO 47 LibrarySearcher | (2ms) Searching SingleResource for: lemma.a:אֱלָהּ
2026-07-31 06:12:35.2365  INFO 47 VisualFilterDocumentUserVisualFilterManager | Found 95 results in LLS:1.0.710 (1ms): lemma.a:אֱלָהּ
2026-07-31 06:12:35.236 Logos[14447:2257600] <VariableDividerWidthSplitView: 0x10c202b0d00>: the delegate <ResourcePanelController: 0x10c10b4d340> was sent -splitView:resizeSubviewsWithOldSize: and left the arranged view frames in an inconsistent state:
2026-07-31 06:12:35.236 Logos[14447:2257600] Split view bounds: {{0, 0}, {694.16666666664037, 753.33333333330472}}
2026-07-31 06:12:35.236 Logos[14447:2257600]     Arranged view frame: {{0, 0}, {0, 100}}
2026-07-31 06:12:35.236 Logos[14447:2257600]     Arranged view frame: {{0, 0}, {100, 100}}
2026-07-31 06:12:35.236 Logos[14447:2257600]     Arranged view frame: {{0, 0}, {0, 100}}
2026-07-31 06:12:35.236 Logos[14447:2257600] The outer edges of the arranged view frames are supposed to line up with the split view's bounds' edges. NSSplitView is working around the problem, perhaps at the cost of more redrawing. (This message is only logged once per NSSplitView.)
2026-07-31 06:12:35.236 Logos[14447:2257600] The arranged view frames are not in the same order as the arranged views array. NSSplitView requires that these orders be kept consistent, otherwise behavior is undefined.
2026-07-31 06:12:35.237 Logos[14447:2257600] <NSSplitView: 0x10c202b1040>: the delegate <ResourcePanelController: 0x10c10b4d340> was sent -splitView:resizeSubviewsWithOldSize: and left the arranged view frames in an inconsistent state:
2026-07-31 06:12:35.237 Logos[14447:2257600] Split view bounds: {{0, 0}, {694.16666666670608, 753.33333333337612}}
2026-07-31 06:12:35.237 Logos[14447:2257600]     Arranged view frame: {{0, 0}, {695, 753.33333333337612}}
2026-07-31 06:12:35.237 Logos[14447:2257600] The outer edges of the arranged view frames are supposed to line up with the split view's bounds' edges. NSSplitView is working around the problem, perhaps at the cost of more redrawing. (This message is only logged once per NSSplitView.)
2026-07-31 06:12:35.2371  INFO 47 LibrarySearcher | (Timed) Searching SingleResource for: lemma.h:אֵל.5
2026-07-31 06:12:35.2378  INFO 47 SimpleQueryUtility | (Timed) Performing section search
2026-07-31 06:12:35.2380  INFO 47 SimpleQueryUtility | (0ms) Performing section search
2026-07-31 06:12:35.2382  INFO 47 LibrarySearcher | (1ms) Searching SingleResource for: lemma.h:אֵל.5
2026-07-31 06:12:35.2382  INFO 47 VisualFilterDocumentUserVisualFilterManager | Found 235 results in LLS:1.0.710 (1ms): lemma.h:אֵל.5
2026-07-31 06:12:35.2645  INFO 1 NotesToolUserVisualFilterProvider | Markup needed for LLS:1.0.710 3392850:2870.
2026-07-31 06:12:35.2689  INFO 44 ActiveWordNumbersVisualFilter | Calculated markup for LLS:1.0.710 3392850:2870. (4ms)
2026-07-31 06:12:35.2746  INFO 74 BkIndicatorVisualFilterBase | Calculated markup for LLS:1.0.710 3392850:2870. (10ms)
2026-07-31 06:12:35.2747  INFO 41 BkIndicatorVisualFilterBase | Calculated markup for LLS:1.0.710 3392850:2870. (10ms)
2026-07-31 06:12:35.2840  INFO 42 CorrespondingWordsUserVisualFilter | Calculated markup for LLS:1.0.710 3392850:2870. (19ms)
2026-07-31 06:12:35.2975  INFO 1 ParallelResourceSetsViewModel | Found 82 parallel resources in 1 sets. (67ms)
2026-07-31 06:12:35.3060  INFO 70 ContextInformationCache | GetVerseInformation took 00:00:00.0936322
2026-07-31 06:12:35.3225  INFO 50 AtlasMapsVisualFilter | Calculated markup for LLS:1.0.710 3392850:2870. (58ms)
2026-07-31 06:12:35.3349  INFO 74 FilteringResourceViewComponent | (Timed) Updating resource filter
2026-07-31 06:12:35.3354  INFO 50 LocalFileDatabase | Connection opened (0ms): /Users/mjwebster/Library/Application Support/Logos4/Data/wq8ubj9r.32o/ResourceManager/ResourceManager.db
2026-07-31 06:12:35.3356  INFO 52 FilteringResourceViewComponent | (1ms) Updating resource filter
2026-07-31 06:12:35.3359  INFO 1 PanelViewModel | Got Resource panel settings for History: Id=LLS:1.0.710|Milestone=DataType%3dbible+esv%7cResource%3dLLS:1.0.710%7cStartSegment%3d3393201%7cVersion%3d2026-02-17T13:55:29Z|Position=res/LLS:1.0.710/2026-02-17T13:55:29Z/3393201|Reference=bible+esv.20.21.5
2026-07-31 06:12:35.3378  INFO 44 SqliteNotesClientRepository | Found 42 text range anchor resources. (2ms)
2026-07-31 06:12:35.3380  INFO 44 SqliteNotesClientRepository | Found 9 corpora sets for 42 resources. (0ms)
2026-07-31 06:12:35.3460  INFO 44 SqliteNotesClientRepository | Found 295 text range anchors in 8 matching resources. (7ms)
2026-07-31 06:12:35.3567  INFO 44 SqliteNotesClientRepository | Got 5 word number sets from 5 of 295 text range anchors. (10ms)
2026-07-31 06:12:35.3583  INFO 44 SqliteNotesClientRepository | Got 295 text range sets from word numbers for LLS:1.0.710 2026-02-17T13:55:29Z. (1ms)
2026-07-31 06:12:35.3588  INFO 44 NotesToolUserVisualFilterProvider | Got 450 sympathetic notes markups for LLS:1.0.710 0:2147483647. (23ms)
2026-07-31 06:12:35.3708  INFO 70 ContextInformationCache | GetPericopeInformation took 00:00:00.0646949
2026-07-31 06:12:35.3712  INFO 70 ContextInformationCache | GetArticleInformation took 00:00:00.0003965
2026-07-31 06:12:35.3712  INFO 70 ContextInformationCache | (159ms) Initializing cache
2026-07-31 06:12:35.4813  INFO 42 ClientNotesApi | Got 11 notes markups. (117ms) {"resource":{"id":"LLS:1.0.710","version":"2026-02-17T13:55:29Z"},"ranges":[{"offset":3392850,"length":2870}],"noteFields":["id","placement","style"],"limit":2147483647,"sources":["reference"]}
2026-07-31 06:12:35.4815  INFO 42 NotesToolUserVisualFilterProvider | Got 11 notes markups for LLS:1.0.710 3392850:2870. (118ms)
2026-07-31 06:12:36.3693  INFO 48 VerseOfTheDayVisualFilter | Calculated markup for LLS:1.0.710 3392850:2870. (1104ms)
2026-07-31 06:12:36.8730  INFO 50 ClientNotesApi | Got 9203 notes markups. (1529ms) {"resource":{"id":"LLS:1.0.710","version":"2026-02-17T13:55:29Z"},"ranges":[{"offset":0,"length":2147483647}],"noteFields":["id","placement","style"],"limit":2147483647,"sources":["reference"]}
2026-07-31 06:12:36.8760  INFO 50 NotesToolUserVisualFilterProvider | Got 9658 notes markups for LLS:1.0.710 0:2147483647. (1539ms)
2026-07-31 06:12:37.3378  INFO 1 PanelViewModel | Got Resource panel settings for Preferences: ActiveLeftSidebarNavigationItem=Contents|ActiveRightSidebarNavigationItem=Insights|AreInterlinearsVisible=false|Locator=false|MultiViewEnabled=true|MultiViewLayoutIsVertical=false|ParallelResourceSetName=allparallelresources|ReverseInterlinear=true|ReverseInterlinearRows=Surface,MSS,Lemma,Morph,Stro
2026-07-31 06:12:41.3764  INFO 57 OtherMediaVisualFilter | Calculated markup for LLS:1.0.710 3392850:2870. (6111ms)
2026-07-31 06:12:47.3670  INFO 32 SyncManager | Requesting sync on all sync clients
2026-07-31 06:12:47.4598  INFO 32 SyncClient | Found 4 items to submit for PreferencesSyncItem
2026-07-31 06:12:47.4600  INFO 32 SyncClient | (Timed) Submitting 4 of 4 items.
2026-07-31 06:12:47.7180  INFO 32 SyncClient | (258ms) Submitting 4 of 4 items.
2026-07-31 06:12:47.7183  INFO 32 SyncClient | Integrated 4 successes, 0 conflicts, and 0 errors.
2026-07-31 06:12:47.7184  INFO 32 SyncClient | Downloading items for PreferencesSyncItem
2026-07-31 06:12:47.8733  INFO 32 SyncClient | New last known milestones: {"itemMilestone":"418998"}
2026-07-31 06:12:47.9919  INFO 32 SyncClient | Found 1 items to submit for ReadingProgressSyncItem
2026-07-31 06:12:47.9920  INFO 32 SyncClient | (Timed) Submitting 1 of 1 items.
2026-07-31 06:12:48.7794  INFO 32 SyncClient | (787ms) Submitting 1 of 1 items.
2026-07-31 06:12:48.7797  INFO 32 SyncClient | Integrated 1 successes, 0 conflicts, and 0 errors.
2026-07-31 06:12:48.7805  INFO 32 SyncClient | Downloading items for ReadingProgressSyncItem
2026-07-31 06:12:48.9858  INFO 32 SyncClient | New last known milestones: {"itemMilestone":"44743862"}
2026-07-31 06:12:48.9973  INFO 32 SyncClient | Found 3 items to submit for HistorySyncItem
2026-07-31 06:12:48.9974  INFO 32 SyncClient | (Timed) Submitting 3 of 3 items.
2026-07-31 06:12:49.4106  INFO 32 SyncClient | (413ms) Submitting 3 of 3 items.
2026-07-31 06:12:49.4108  INFO 32 SyncClient | Integrated 3 successes, 0 conflicts, and 0 errors.
2026-07-31 06:12:49.4111  INFO 32 SyncClient | Downloading items for HistorySyncItem
2026-07-31 06:12:49.5990  INFO 32 SyncClient | New last known milestones: {"itemMilestone":"180901"}
2026-07-31 06:12:49.6042  INFO 32 SyncManager | Finished requesting sync on all sync clients.
2026-07-31 06:12:52.5576  INFO 32 SyncManager | Requesting sync on all sync clients
2026-07-31 06:12:52.6264  INFO 32 SyncClient | Downloading items for PreferencesSyncItem
2026-07-31 06:12:52.8754  INFO 32 SyncClient | Unchanged last known milestones: {"itemMilestone":"418998"}
2026-07-31 06:12:52.9250  INFO 32 SyncClient | Downloading items for ReadingProgressSyncItem
2026-07-31 06:12:53.0792  INFO 32 SyncClient | Unchanged last known milestones: {"itemMilestone":"44743862"}
2026-07-31 06:12:53.0800  INFO 32 SyncClient | Downloading items for HistorySyncItem
2026-07-31 06:12:53.1854  INFO 32 SyncClient | Unchanged last known milestones: {"itemMilestone":"180901"}
2026-07-31 06:12:53.1890  INFO 32 SyncManager | Finished requesting sync on all sync clients.
2026-07-31 06:12:53.1891  INFO 32 SyncManager | Requesting sync on all sync clients
2026-07-31 06:12:53.2935  INFO 32 SyncManager | Finished requesting sync on all sync clients.
2026-07-31 06:12:59.7563  INFO 77 WebServiceClient | Checking for new license compared to W/"a5d72db1-ccfe-4785-a82b-0aad7de4d474"
2026-07-31 06:13:00.4519  INFO 57 WebServiceClient | License check revealed no new license version.
2026-07-31 06:14:00.4547  INFO 57 WebServiceClient | Checking for new license compared to W/"a5d72db1-ccfe-4785-a82b-0aad7de4d474"
2026-07-31 06:14:00.8621  INFO 77 WebServiceClient | License check revealed no new license version.
2026-07-31 06:14:06.7971  INFO 1 PanelViewModel | Got Resource panel settings for Preferences: MultiViewEnabled=false|MultiViewLayoutIsVertical=false|RightContents=false
2026-07-31 06:14:10.2621  INFO 1 PanelViewModel | Got Resource panel settings for Preferences: MultiViewEnabled=false|MultiViewLayoutIsVertical=false|RightContents=false
2026-07-31 06:14:12.1324  INFO 45 BkHighlightingVisualFilterBase | Calculated markup for LLS:PROVPEARSON02 83744:7. (0ms)
2026-07-31 06:14:12.1325  INFO 57 CorrespondingWordsUserVisualFilter | Calculated markup for LLS:PROVPEARSON02 83744:7. (0ms)
2026-07-31 06:14:12.2618  INFO 32 SyncManager | Requesting sync on all sync clients
2026-07-31 06:14:12.3413  INFO 32 SyncClient | Found 2 items to submit for PreferencesSyncItem
2026-07-31 06:14:12.3414  INFO 32 SyncClient | (Timed) Submitting 2 of 2 items.
2026-07-31 06:14:12.8898  INFO 32 SyncClient | (548ms) Submitting 2 of 2 items.
2026-07-31 06:14:12.8901  INFO 32 SyncClient | Integrated 2 successes, 0 conflicts, and 0 errors.
2026-07-31 06:14:12.8902  INFO 32 SyncClient | Downloading items for PreferencesSyncItem
2026-07-31 06:14:12.9900  INFO 32 SyncClient | New last known milestones: {"itemMilestone":"418999"}
2026-07-31 06:14:13.1272  INFO 32 SyncManager | Finished requesting sync on all sync clients.
2026-07-31 06:14:14.1492  INFO 1 PanelViewModel | Got Resource panel settings for Preferences: MultiViewEnabled=false|MultiViewLayoutIsVertical=false|RightContents=false
2026-07-31 06:14:16.6668  INFO 77 CorrespondingWordsUserVisualFilter | Calculated markup for LLS:PROVPEARSON02 83751:125. (0ms)
2026-07-31 06:14:16.6669  INFO 45 BkHighlightingVisualFilterBase | Calculated markup for LLS:PROVPEARSON02 83751:125. (0ms)
2026-07-31 06:14:18.5118  INFO 1 PanelViewModel | Got Resource panel settings for Preferences: MultiViewEnabled=false|MultiViewLayoutIsVertical=false|RightContents=false
2026-07-31 06:14:39.1655  INFO 32 SyncManager | Requesting sync on all sync clients
2026-07-31 06:14:39.2327  INFO 32 SyncClient | Found 2 items to submit for PreferencesSyncItem
2026-07-31 06:14:39.2328  INFO 32 SyncClient | (Timed) Submitting 2 of 2 items.
2026-07-31 06:14:39.3709  INFO 32 SyncClient | (138ms) Submitting 2 of 2 items.
2026-07-31 06:14:39.3711  INFO 32 SyncClient | Integrated 2 successes, 0 conflicts, and 0 errors.
2026-07-31 06:14:39.3711  INFO 32 SyncClient | Downloading items for PreferencesSyncItem
2026-07-31 06:14:39.4682  INFO 32 SyncClient | New last known milestones: {"itemMilestone":"419000"}
2026-07-31 06:14:39.5253  INFO 32 SyncManager | Finished requesting sync on all sync clients.
2026-07-31 06:14:50.2381  INFO 77 CorrespondingWordsUserVisualFilter | Calculated markup for LLS:PROVPEARSON02 83876:656. (0ms)
2026-07-31 06:14:50.6902  INFO 77 BkHighlightingVisualFilterBase | Calculated markup for LLS:PROVPEARSON02 83876:656. (452ms)
2026-07-31 06:14:52.7789  INFO 1 PanelViewModel | Got Resource panel settings for Preferences: MultiViewEnabled=false|MultiViewLayoutIsVertical=false|RightContents=false
2026-07-31 06:14:53.5527  INFO 32 SyncManager | Requesting sync on all sync clients
2026-07-31 06:14:53.6259  INFO 32 SyncClient | Found 2 items to submit for PreferencesSyncItem
2026-07-31 06:14:53.6260  INFO 32 SyncClient | (Timed) Submitting 2 of 2 items.
2026-07-31 06:14:53.7525  INFO 32 SyncClient | (127ms) Submitting 2 of 2 items.
2026-07-31 06:14:53.7527  INFO 32 SyncClient | Integrated 2 successes, 0 conflicts, and 0 errors.
2026-07-31 06:14:53.7527  INFO 32 SyncClient | Downloading items for PreferencesSyncItem
2026-07-31 06:14:54.0695  INFO 32 SyncClient | New last known milestones: {"itemMilestone":"419001"}
2026-07-31 06:14:54.1359  INFO 32 SyncManager | Finished requesting sync on all sync clients.
2026-07-31 06:14:58.8396  INFO 77 AppMessageProvider | (Timed) Getting app message feed.
2026-07-31 06:14:59.4419  INFO 77 AppMessageProvider | (602ms) Getting app message feed.
2026-07-31 06:15:00.8658  INFO 77 WebServiceClient | Checking for new license compared to W/"a5d72db1-ccfe-4785-a82b-0aad7de4d474"
2026-07-31 06:15:01.4887  INFO 77 WebServiceClient | License check revealed no new license version.
2026-07-31 06:15:09.8632  INFO 1 PanelViewModel | Got Resource panel settings for Preferences: MultiViewEnabled=false|MultiViewLayoutIsVertical=false|RightContents=false
2026-07-31 06:15:12.7384  INFO 1 PanelViewModel | Got Resource panel settings for Preferences: MultiViewEnabled=false|MultiViewLayoutIsVertical=false|RightContents=false
2026-07-31 06:15:18.2649  INFO 57 BkHighlightingVisualFilterBase | Calculated markup for LLS:PROVPEARSON02 84532:711. (0ms)
2026-07-31 06:15:18.2649  INFO 10 CorrespondingWordsUserVisualFilter | Calculated markup for LLS:PROVPEARSON02 84532:711. (0ms)
2026-07-31 06:15:22.5079  INFO 10 BkHighlightingVisualFilterBase | Calculated markup for LLS:PROVPEARSON02 85243:1166. (0ms)
2026-07-31 06:15:22.5080  INFO 57 CorrespondingWordsUserVisualFilter | Calculated markup for LLS:PROVPEARSON02 85243:1166. (0ms)
2026-07-31 06:15:24.3175  INFO 1 PanelViewModel | Got Resource panel settings for Preferences: MultiViewEnabled=false|MultiViewLayoutIsVertical=false|RightContents=false
2026-07-31 06:15:34.8662  INFO 32 SyncManager | Requesting sync on all sync clients
2026-07-31 06:15:34.9216  INFO 32 SyncClient | Found 2 items to submit for PreferencesSyncItem
2026-07-31 06:15:34.9216  INFO 32 SyncClient | (Timed) Submitting 2 of 2 items.
2026-07-31 06:15:35.0762  INFO 32 SyncClient | (155ms) Submitting 2 of 2 items.
2026-07-31 06:15:35.0764  INFO 32 SyncClient | Integrated 2 successes, 0 conflicts, and 0 errors.
2026-07-31 06:15:35.0765  INFO 32 SyncClient | Downloading items for PreferencesSyncItem
2026-07-31 06:15:35.2491  INFO 32 SyncClient | New last known milestones: {"itemMilestone":"419002"}
2026-07-31 06:15:35.3091  INFO 32 SyncManager | Finished requesting sync on all sync clients.
2026-07-31 06:15:36.0132  INFO 1 PanelViewModel | Got Resource panel settings for Preferences: MultiViewEnabled=false|MultiViewLayoutIsVertical=false|RightContents=false
2026-07-31 06:15:36.9358  INFO 1 AppCommand | (Timed) Executing command: Close|Kind=AllPanels
2026-07-31 06:15:37.0507  INFO 1 PanelViewModel | Got Resource panel settings for Snapshot: Id=LLS:PROVPEARSON02|Milestone=DataType%3ddayofyear%7cResource%3dLLS:PROVPEARSON02%7cStartSegment%3d83744%7cVersion%3d2012-12-20T20:54:11Z|MultiViewEnabled=false|MultiViewLayoutIsVertical=false|Position=res/LLS:PROVPEARSON02/2012-12-20T20:54:11Z/83744|ProductPreviewTitle=Counsels%20of%20the%20Wise%2
2026-07-31 06:15:37.0508  INFO 1 PanelViewModel | Got Resource panel settings for Snapshot: ActiveLeftSidebarNavigationItem=Contents|ActiveRightSidebarNavigationItem=Insights|AreInterlinearsVisible=false|Id=LLS:1.0.710|Locator=false|Milestone=DataType%3dbible+esv%7cResource%3dLLS:1.0.710%7cStartSegment%3d3393201%7cVersion%3d2026-02-17T13:55:29Z|MultiViewEnabled=true|MultiViewLayoutIsVertic
2026-07-31 06:15:37.0670  INFO 1 PanelViewModel | Got Resource panel settings for Snapshot: Id=LLS:PROVPEARSON02|Milestone=DataType%3ddayofyear%7cResource%3dLLS:PROVPEARSON02%7cStartSegment%3d83744%7cVersion%3d2012-12-20T20:54:11Z|MultiViewEnabled=false|MultiViewLayoutIsVertical=false|Position=res/LLS:PROVPEARSON02/2012-12-20T20:54:11Z/83744|ProductPreviewTitle=Counsels%20of%20the%20Wise%2
2026-07-31 06:15:37.0670  INFO 1 PanelViewModel | Got Resource panel settings for Snapshot: ActiveLeftSidebarNavigationItem=Contents|ActiveRightSidebarNavigationItem=Insights|AreInterlinearsVisible=false|Id=LLS:1.0.710|Locator=false|Milestone=DataType%3dbible+esv%7cResource%3dLLS:1.0.710%7cStartSegment%3d3393201%7cVersion%3d2026-02-17T13:55:29Z|MultiViewEnabled=true|MultiViewLayoutIsVertic
2026-07-31 06:15:37.0672  INFO 1 PanelViewModel | Got Resource panel settings for History: Id=LLS:PROVPEARSON02|Milestone=DataType%3ddayofyear%7cResource%3dLLS:PROVPEARSON02%7cStartSegment%3d83744%7cVersion%3d2012-12-20T20:54:11Z|Position=res/LLS:PROVPEARSON02/2012-12-20T20:54:11Z/83744|Reference=dayofyear.8
2026-07-31 06:15:37.0673  INFO 1 PanelViewModel | Got Resource panel settings for History: Id=LLS:1.0.710|Milestone=DataType%3dbible+esv%7cResource%3dLLS:1.0.710%7cStartSegment%3d3393201%7cVersion%3d2026-02-17T13:55:29Z|Position=res/LLS:1.0.710/2026-02-17T13:55:29Z/3393201|Reference=bible+esv.20.21.5
2026-07-31 06:15:37.0706  INFO 1 PanelViewModel | Got Resource panel settings for Preferences: ActiveLeftSidebarNavigationItem=Contents|ActiveRightSidebarNavigationItem=Insights|AreInterlinearsVisible=false|Locator=false|MultiViewEnabled=true|MultiViewLayoutIsVertical=false|ParallelResourceSetName=allparallelresources|ReverseInterlinear=true|ReverseInterlinearRows=Surface,MSS,Lemma,Morph,Stro
2026-07-31 06:15:37.0784  INFO 1 PanelViewModel | Got Resource panel settings for Preferences: MultiViewEnabled=false|MultiViewLayoutIsVertical=false|RightContents=false
2026-07-31 06:15:37.0826  INFO 1 AppCommand | (147ms) Executing command: Close|Kind=AllPanels
2026-07-31 06:15:38.2939  INFO 45 AppMessageProvider | (Timed) Getting app message feed.
2026-07-31 06:15:38.2939  INFO 10 AppMessageProvider | (Timed) Getting app message feed.
2026-07-31 06:15:38.6191  INFO 4 AppMessageProvider | (325ms) Getting app message feed.
2026-07-31 06:15:38.6229  INFO 57 HomePageViewModel | (Timed) Finding explore section cards.
2026-07-31 06:15:38.6230  INFO 57 BlogPostCardProvider | (Timed) Getting cards.
2026-07-31 06:15:38.6231  INFO 57 PartnerBrandingBlogPostCardProvider | (Timed) Getting cards.
2026-07-31 06:15:38.6231  INFO 57 PartnerBrandingBlogPostCardProvider | (0ms) Getting cards.
2026-07-31 06:15:38.6231  INFO 57 ProductCardProvider | (Timed) Getting cards.
2026-07-31 06:15:38.6232  INFO 57 AppMessageCardProvider | (Timed) Getting cards.
2026-07-31 06:15:38.6232  INFO 57 AppMessageProvider | (Timed) Getting app message feed.
2026-07-31 06:15:38.6233  INFO 57 AppSuggestionCardProvider | (Timed) Getting cards.
2026-07-31 06:15:38.6233  INFO 57 ExcerptCardProvider | (Timed) Getting cards.
2026-07-31 06:15:38.6233  INFO 57 ExcerptCardProvider | (0ms) Getting cards.
2026-07-31 06:15:38.6233  INFO 57 FromYourLibraryCardProvider | (Timed) Getting cards.
2026-07-31 06:15:38.6266  INFO 57 FromYourLibraryCardProvider | (3ms) Getting cards.
2026-07-31 06:15:38.6267  INFO 57 TodayInChristianHistoryCardProvider | (Timed) Getting cards.
2026-07-31 06:15:38.6267  INFO 57 TodayInChristianHistoryCardProvider | (0ms) Getting cards.
2026-07-31 06:15:38.6267  INFO 57 TrainingVideoCardProvider | (Timed) Getting cards.
2026-07-31 06:15:38.6267  INFO 77 TodayInChristianHistoryCardProvider | (Timed) Getting cards.
2026-07-31 06:15:38.6269  INFO 57 VerseOfTheDayCardProvider | (Timed) Getting cards.
2026-07-31 06:15:38.6270  INFO 57 WorkflowSuggestionCardProvider | (Timed) Getting cards.
2026-07-31 06:15:38.6278  INFO 77 TodayInChristianHistoryCardProvider | (1ms) Getting cards.
2026-07-31 06:15:38.6410  INFO 57 WorkflowSuggestionCardProvider | (14ms) Getting cards.
2026-07-31 06:15:38.6434  WARN 45 Sinai.Title | Couldn't find position_upgrade_manifest.dat as Baggage in /Users/mjwebster/Library/Application Support/Logos4/Data/wq8ubj9r.32o/ResourceManager/Resources/NAC34.logos4.
2026-07-31 06:15:38.6503  WARN 45 Sinai.Title | Couldn't find position_upgrade_manifest.dat as Baggage in /Users/mjwebster/Library/Application Support/Logos4/Data/wq8ubj9r.32o/ResourceManager/Resources/CONCISE.logos4.
2026-07-31 06:15:38.7810  INFO 9 AppSuggestionCardProvider | (158ms) Getting cards.
2026-07-31 06:15:38.8847  INFO 4 AppMessageProvider | (261ms) Getting app message feed.
2026-07-31 06:15:38.8851  INFO 4 AppMessageCardProvider | (262ms) Getting cards.
2026-07-31 06:15:38.9490  INFO 45 AppMessageProvider | (655ms) Getting app message feed.
2026-07-31 06:15:38.9493  INFO 45 GetStartedProvider | ReadingPlansCard: calling web API.
2026-07-31 06:15:39.0040  INFO 45 VerseOfTheDayCardProvider | (377ms) Getting cards.
2026-07-31 06:15:39.1166  INFO 9 TrainingVideoCardProvider | (490ms) Getting cards.
2026-07-31 06:15:39.4209  INFO 45 BlogPostCardProvider | (798ms) Getting cards.
2026-07-31 06:15:39.8566  INFO 45 ProductCardProvider | (1233ms) Getting cards.
2026-07-31 06:15:39.8567  INFO 45 HomePageViewModel | (1234ms) Finding explore section cards.
2026-07-31 06:15:42.8303  INFO 1 AppCommand | (Timed) Executing command: Resource|Id=LLS:20.10.7|Reference=dayofyear.7.31
2026-07-31 06:15:42.8346  INFO 1 PanelViewModel | Applying Resource panel settings for Preferences: Locator=false|TextSize=14.666666666666666
2026-07-31 06:15:42.8347  INFO 1 PanelViewModel | Updated Resource panel text size to 14.666666666666666.
2026-07-31 06:15:42.8347  INFO 1 PanelViewModel | Navigating Resource panel to: Id=LLS:20.10.7|Reference=dayofyear.7.31
2026-07-31 06:15:42.8348  INFO 1 PanelViewModel | Applying Resource panel settings for Bookmark: Id=LLS:20.10.7|Reference=dayofyear.7.31
2026-07-31 06:15:42.8373  INFO 9 ResourcePanelMultiResourceConfigViewModel | Found 40 potential guest resources. (0ms)
2026-07-31 06:15:42.8601  INFO 1 ResourcePanelViewModel | Updating 1 ResourceViewModels for host: LLS:20.10.7 with configuration: LLS:20.10.7
2026-07-31 06:15:42.8709  INFO 1 PanelViewModel | Applying Resource panel settings for Preferences: Milestone=DataType%3ddayofyear%7cResource%3dLLS:20.10.7%7cStartSegment%3d498006%7cVersion%3d2011-04-11T21:22:59Z|MultiViewEnabled=true|MultiViewLayoutIsVertical=false|ParallelResourceSetName=allparallelresources|Position=res/LLS:20.10.7/2011-04-11T21:22:59Z/498007|Reference=dayofyear.7.31
2026-07-31 06:15:42.8716  INFO 1 PanelViewModel | Updated Resource panel text size to 16.
2026-07-31 06:15:42.8872  INFO 4 ContextInformationCache | (Timed) Initializing cache
2026-07-31 06:15:42.8876  INFO 4 ContextInformationCache | GetArticleInformation took 00:00:00.0003352
2026-07-31 06:15:42.8876  INFO 4 ContextInformationCache | (0ms) Initializing cache
2026-07-31 06:15:42.8984  INFO 1 PanelViewModel | Got Resource panel settings for History: Id=LLS:20.10.7|Milestone=DataType%3ddayofyear%7cResource%3dLLS:20.10.7%7cStartSegment%3d498006%7cVersion%3d2011-04-11T21:22:59Z|Position=res/LLS:20.10.7/2011-04-11T21:22:59Z/498006|Reference=dayofyear.7.31
2026-07-31 06:15:42.899 Logos[14447:2257600] <VariableDividerWidthSplitView: 0x10c16f41ac0>: the delegate <ResourcePanelController: 0x10c14c3e380> was sent -splitView:resizeSubviewsWithOldSize: and left the arranged view frames in an inconsistent state:
2026-07-31 06:15:42.899 Logos[14447:2257600] Split view bounds: {{0, 0}, {694.16666666666913, 790.41666666663673}}
2026-07-31 06:15:42.899 Logos[14447:2257600]     Arranged view frame: {{0, 0}, {0, 100}}
2026-07-31 06:15:42.899 Logos[14447:2257600]     Arranged view frame: {{0, 0}, {100, 100}}
2026-07-31 06:15:42.899 Logos[14447:2257600]     Arranged view frame: {{0, 0}, {0, 100}}
2026-07-31 06:15:42.899 Logos[14447:2257600] The outer edges of the arranged view frames are supposed to line up with the split view's bounds' edges. NSSplitView is working around the problem, perhaps at the cost of more redrawing. (This message is only logged once per NSSplitView.)
2026-07-31 06:15:42.899 Logos[14447:2257600] The arranged view frames are not in the same order as the arranged views array. NSSplitView requires that these orders be kept consistent, otherwise behavior is undefined.
2026-07-31 06:15:42.899 Logos[14447:2257600] <NSSplitView: 0x10c16f30680>: the delegate <ResourcePanelController: 0x10c14c3e380> was sent -splitView:resizeSubviewsWithOldSize: and left the arranged view frames in an inconsistent state:
2026-07-31 06:15:42.899 Logos[14447:2257600] Split view bounds: {{0, 0}, {694.16666666666913, 790.41666666663673}}
2026-07-31 06:15:42.899 Logos[14447:2257600]     Arranged view frame: {{0, 0}, {695, 790.41666666663673}}
2026-07-31 06:15:42.899 Logos[14447:2257600] The outer edges of the arranged view frames are supposed to line up with the split view's bounds' edges. NSSplitView is working around the problem, perhaps at the cost of more redrawing. (This message is only logged once per NSSplitView.)
2026-07-31 06:15:42.9153  INFO 1 AppCommand | (85ms) Executing command: Resource|Id=LLS:20.10.7|Reference=dayofyear.7.31
2026-07-31 06:15:42.9708  INFO 1 NotesToolUserVisualFilterProvider | Markup needed for LLS:20.10.7 498006:2276.
2026-07-31 06:15:42.9756  INFO 4 CorrespondingWordsUserVisualFilter | Calculated markup for LLS:20.10.7 498006:2276. (4ms)
2026-07-31 06:15:42.9986  INFO 1 ParallelResourceSetsViewModel | Found 37 parallel resources in 1 sets. (101ms)
2026-07-31 06:15:43.0260  INFO 10 FilteringResourceViewComponent | (Timed) Updating resource filter
2026-07-31 06:15:43.0261  INFO 53 FilteringResourceViewComponent | (0ms) Updating resource filter
2026-07-31 06:15:43.0263  INFO 1 PanelViewModel | Got Resource panel settings for History: Id=LLS:20.10.7|Milestone=DataType%3ddayofyear%7cResource%3dLLS:20.10.7%7cStartSegment%3d498006%7cVersion%3d2011-04-11T21:22:59Z|Position=res/LLS:20.10.7/2011-04-11T21:22:59Z/498006|Reference=dayofyear.7.31
2026-07-31 06:15:43.0266  INFO 10 NotesToolUserVisualFilterProvider | Got 0 notes markups for LLS:20.10.7 498006:2276. (0ms)
2026-07-31 06:15:43.0268  INFO 75 NotesDigitalLibraryService | Cached all 366 milestones for LLS:20.10.7 2011-04-11T21:22:59Z. (0ms)
2026-07-31 06:15:43.0269  INFO 75 NotesToolUserVisualFilterProvider | Got 0 notes markups for LLS:20.10.7 0:2147483647. (0ms)
2026-07-31 06:15:43.0871  INFO 10 BkHighlightingVisualFilterBase | Calculated markup for LLS:20.10.7 498006:2276. (116ms)
2026-07-31 06:15:43.6775  INFO 4 PopularHighlightsVisualFilter | Calculated markup for LLS:20.10.7 498006:2276. (221ms)
2026-07-31 06:15:48.5463  INFO 1 PanelViewModel | Got Resource panel settings for Preferences: MultiViewEnabled=true|MultiViewLayoutIsVertical=false|ParallelResourceSetName=allparallelresources
2026-07-31 06:15:48.7355  INFO 1 LDLS4.AppModel | Converting navigation request for reference 1 Pe 1:9 to keylink.
2026-07-31 06:15:48.7373  INFO 1 PanelViewModel | Applying Resource panel settings for Preferences: Locator=false|TextSize=14.666666666666666
2026-07-31 06:15:48.7373  INFO 1 PanelViewModel | Updated Resource panel text size to 14.666666666666666.
2026-07-31 06:15:48.7374  INFO 1 PanelViewModel | Navigating Resource panel to: HeadwordLanguage=|Id=LLS:1.0.710|Milestone=DataType%3dbible+esv%7cResource%3dLLS:1.0.710%7cStartSegment%3d5280173%7cVersion%3d2026-02-17T13:55:29Z|Reference=bible.81.1.9|SourcePanelId=516afa99-fc99-49cc-94d2-1564ae0df389
2026-07-31 06:15:48.7374  INFO 1 PanelViewModel | Applying Resource panel settings for Bookmark: HeadwordLanguage=|Id=LLS:1.0.710|Milestone=DataType%3dbible+esv%7cResource%3dLLS:1.0.710%7cStartSegment%3d5280173%7cVersion%3d2026-02-17T13:55:29Z|Reference=bible.81.1.9|SourcePanelId=516afa99-fc99-49cc-94d2-1564ae0df389
2026-07-31 06:15:48.7392  INFO 75 ResourcePanelMultiResourceConfigViewModel | Found 3370 potential guest resources. (1ms)
2026-07-31 06:15:48.7594  INFO 1 ResourcePanelViewModel | Updating 1 ResourceViewModels for host: LLS:1.0.710 with configuration: LLS:1.0.710
2026-07-31 06:15:48.7645  INFO 1 PanelViewModel | Applying Resource panel settings for Preferences: ActiveLeftSidebarNavigationItem=Contents|ActiveRightSidebarNavigationItem=Insights|AreInterlinearsVisible=false|Locator=false|Milestone=DataType%3dbible+esv%7cResource%3dLLS:1.0.710%7cStartSegment%3d3393201%7cVersion%3d2026-02-17T13:55:29Z|MultiViewEnabled=true|MultiViewLayoutIsVertical=false|Parall
2026-07-31 06:15:48.7651  INFO 1 PanelViewModel | Updated Resource panel text size to 16.
2026-07-31 06:15:48.7719  INFO 10 LibrarySearcher | (Timed) Searching SingleResource for: lemma.h:אֶ֫רֶץ
2026-07-31 06:15:48.7720  INFO 68 LibrarySearcher | (Timed) Searching SingleResource for: lemma.h:=יהוה
2026-07-31 06:15:48.7748  INFO 10 SimpleQueryUtility | (Timed) Performing section search
2026-07-31 06:15:48.7748  INFO 68 SimpleQueryUtility | (Timed) Performing section search
2026-07-31 06:15:48.7781  INFO 10 SimpleQueryUtility | (3ms) Performing section search
2026-07-31 06:15:48.7781  INFO 68 SimpleQueryUtility | (3ms) Performing section search
2026-07-31 06:15:48.7784  INFO 10 LibrarySearcher | (7ms) Searching SingleResource for: lemma.h:אֶ֫רֶץ
2026-07-31 06:15:48.7786  INFO 68 LibrarySearcher | (7ms) Searching SingleResource for: lemma.h:=יהוה
2026-07-31 06:15:48.7787  INFO 10 VisualFilterDocumentUserVisualFilterManager | Found 2509 results in LLS:1.0.710 (6ms): lemma.h:אֶ֫רֶץ
2026-07-31 06:15:48.7791  INFO 10 LibrarySearcher | (Timed) Searching SingleResource for: lemma.g:αἰών
2026-07-31 06:15:48.7792  INFO 68 VisualFilterDocumentUserVisualFilterManager | Found 6828 results in LLS:1.0.710 (7ms): lemma.h:=יהוה
2026-07-31 06:15:48.7827  INFO 68 LibrarySearcher | (Timed) Searching SingleResource for: lemma.h:אֱלֹהִים
2026-07-31 06:15:48.7829  INFO 10 SimpleQueryUtility | (Timed) Performing section search
2026-07-31 06:15:48.7832  INFO 68 SimpleQueryUtility | (Timed) Performing section search
2026-07-31 06:15:48.7836  INFO 10 SimpleQueryUtility | (1ms) Performing section search
2026-07-31 06:15:48.7836  INFO 68 SimpleQueryUtility | (0ms) Performing section search
2026-07-31 06:15:48.7837  INFO 10 LibrarySearcher | (5ms) Searching SingleResource for: lemma.g:αἰών
2026-07-31 06:15:48.7838  INFO 10 VisualFilterDocumentUserVisualFilterManager | Found 124 results in LLS:1.0.710 (4ms): lemma.g:αἰών
2026-07-31 06:15:48.7839  INFO 10 LibrarySearcher | (Timed) Searching SingleResource for: lemma.g:κόσμος
2026-07-31 06:15:48.7840  INFO 68 LibrarySearcher | (1ms) Searching SingleResource for: lemma.h:אֱלֹהִים
2026-07-31 06:15:48.7842  INFO 68 VisualFilterDocumentUserVisualFilterManager | Found 2604 results in LLS:1.0.710 (1ms): lemma.h:אֱלֹהִים
2026-07-31 06:15:48.7850  INFO 10 SimpleQueryUtility | (Timed) Performing section search
2026-07-31 06:15:48.7853  INFO 4 ContextInformationCache | (Timed) Initializing cache
2026-07-31 06:15:48.7854  INFO 10 SimpleQueryUtility | (0ms) Performing section search
2026-07-31 06:15:48.7856  INFO 10 LibrarySearcher | (2ms) Searching SingleResource for: lemma.g:κόσμος
2026-07-31 06:15:48.7857  INFO 10 VisualFilterDocumentUserVisualFilterManager | Found 185 results in LLS:1.0.710 (1ms): lemma.g:κόσμος
2026-07-31 06:15:48.7858  INFO 10 LibrarySearcher | (Timed) Searching SingleResource for: lemma.h:מַלְאָךְ
2026-07-31 06:15:48.7906  INFO 10 SimpleQueryUtility | (Timed) Performing section search
2026-07-31 06:15:48.7910  INFO 10 SimpleQueryUtility | (0ms) Performing section search
2026-07-31 06:15:48.7912  INFO 10 LibrarySearcher | (5ms) Searching SingleResource for: lemma.h:מַלְאָךְ
2026-07-31 06:15:48.7912  INFO 10 VisualFilterDocumentUserVisualFilterManager | Found 213 results in LLS:1.0.710 (5ms): lemma.h:מַלְאָךְ
2026-07-31 06:15:48.7919  INFO 68 LibrarySearcher | (Timed) Searching SingleResource for: lemma.h:=אָדוֹן
2026-07-31 06:15:48.7927  INFO 68 SimpleQueryUtility | (Timed) Performing section search
2026-07-31 06:15:48.7929  INFO 68 SimpleQueryUtility | (0ms) Performing section search
2026-07-31 06:15:48.7931  INFO 68 LibrarySearcher | (1ms) Searching SingleResource for: lemma.h:=אָדוֹן
2026-07-31 06:15:48.7932  INFO 68 VisualFilterDocumentUserVisualFilterManager | Found 782 results in LLS:1.0.710 (1ms): lemma.h:=אָדוֹן
2026-07-31 06:15:48.7933  INFO 68 LibrarySearcher | (Timed) Searching SingleResource for: lemma.g:θεός
2026-07-31 06:15:48.7938  INFO 68 SimpleQueryUtility | (Timed) Performing section search
2026-07-31 06:15:48.7942  INFO 68 SimpleQueryUtility | (0ms) Performing section search
2026-07-31 06:15:48.7944  INFO 68 LibrarySearcher | (1ms) Searching SingleResource for: lemma.g:θεός
2026-07-31 06:15:48.8034  INFO 1 PanelViewModel | Got Resource panel settings for History: Id=LLS:1.0.710|Milestone=DataType%3dbible+esv%7cResource%3dLLS:1.0.710%7cStartSegment%3d5280173%7cVersion%3d2026-02-17T13:55:29Z|Position=res/LLS:1.0.710/2026-02-17T13:55:29Z/5280173|Reference=bible+esv.81.1.9
2026-07-31 06:15:48.8055  INFO 68 VisualFilterDocumentUserVisualFilterManager | Found 1309 results in LLS:1.0.710 (12ms): lemma.g:θεός
2026-07-31 06:15:48.8059  INFO 68 LibrarySearcher | (Timed) Searching SingleResource for: lemma.g:κύριος
2026-07-31 06:15:48.8065  INFO 68 SimpleQueryUtility | (Timed) Performing section search
2026-07-31 06:15:48.8070  INFO 68 SimpleQueryUtility | (0ms) Performing section search
2026-07-31 06:15:48.8072  INFO 68 LibrarySearcher | (1ms) Searching SingleResource for: lemma.g:κύριος
2026-07-31 06:15:48.8073  INFO 68 VisualFilterDocumentUserVisualFilterManager | Found 713 results in LLS:1.0.710 (1ms): lemma.g:κύριος
2026-07-31 06:15:48.8074  INFO 68 LibrarySearcher | (Timed) Searching SingleResource for: lemma.g:ὕψιστος
2026-07-31 06:15:48.807 Logos[14447:2257600] <VariableDividerWidthSplitView: 0x10c202b4e00>: the delegate <ResourcePanelController: 0x10c08e41b80> was sent -splitView:resizeSubviewsWithOldSize: and left the arranged view frames in an inconsistent state:
2026-07-31 06:15:48.807 Logos[14447:2257600] Split view bounds: {{0, 0}, {694.16666666664037, 753.33333333330472}}
2026-07-31 06:15:48.807 Logos[14447:2257600]     Arranged view frame: {{0, 0}, {0, 100}}
2026-07-31 06:15:48.807 Logos[14447:2257600]     Arranged view frame: {{0, 0}, {100, 100}}
2026-07-31 06:15:48.807 Logos[14447:2257600]     Arranged view frame: {{0, 0}, {0, 100}}
2026-07-31 06:15:48.807 Logos[14447:2257600] The outer edges of the arranged view frames are supposed to line up with the split view's bounds' edges. NSSplitView is working around the problem, perhaps at the cost of more redrawing. (This message is only logged once per NSSplitView.)
2026-07-31 06:15:48.807 Logos[14447:2257600] The arranged view frames are not in the same order as the arranged views array. NSSplitView requires that these orders be kept consistent, otherwise behavior is undefined.
2026-07-31 06:15:48.807 Logos[14447:2257600] <NSSplitView: 0x10c202b6180>: the delegate <ResourcePanelController: 0x10c08e41b80> was sent -splitView:resizeSubviewsWithOldSize: and left the arranged view frames in an inconsistent state:
2026-07-31 06:15:48.807 Logos[14447:2257600] Split view bounds: {{0, 0}, {694.16666666670608, 753.33333333337612}}
2026-07-31 06:15:48.807 Logos[14447:2257600]     Arranged view frame: {{0, 0}, {695, 753.33333333337612}}
2026-07-31 06:15:48.807 Logos[14447:2257600] The outer edges of the arranged view frames are supposed to line up with the split view's bounds' edges. NSSplitView is working around the problem, perhaps at the cost of more redrawing. (This message is only logged once per NSSplitView.)
2026-07-31 06:15:48.8082  INFO 68 SimpleQueryUtility | (Timed) Performing section search
2026-07-31 06:15:48.8085  INFO 68 SimpleQueryUtility | (0ms) Performing section search
2026-07-31 06:15:48.8087  INFO 68 LibrarySearcher | (1ms) Searching SingleResource for: lemma.g:ὕψιστος
2026-07-31 06:15:48.8087  INFO 68 VisualFilterDocumentUserVisualFilterManager | Found 13 results in LLS:1.0.710 (1ms): lemma.g:ὕψιστος
2026-07-31 06:15:48.8088  INFO 68 LibrarySearcher | (Timed) Searching SingleResource for: lemma.g:Ἐμμανουήλ
2026-07-31 06:15:48.8099  INFO 68 SimpleQueryUtility | (Timed) Performing section search
2026-07-31 06:15:48.8104  INFO 68 SimpleQueryUtility | (1ms) Performing section search
2026-07-31 06:15:48.8106  INFO 68 LibrarySearcher | (2ms) Searching SingleResource for: lemma.g:Ἐμμανουήλ
2026-07-31 06:15:48.8106  INFO 68 VisualFilterDocumentUserVisualFilterManager | Found 1 results in LLS:1.0.710 (1ms): lemma.g:Ἐμμανουήλ
2026-07-31 06:15:48.8138  INFO 68 LibrarySearcher | (Timed) Searching SingleResource for: lemma.sesb.h:=יְהוָה
2026-07-31 06:15:48.8150  INFO 68 SimpleQueryUtility | (Timed) Performing section search
2026-07-31 06:15:48.8155  INFO 68 SimpleQueryUtility | (0ms) Performing section search
2026-07-31 06:15:48.8156  INFO 68 LibrarySearcher | (2ms) Searching SingleResource for: lemma.sesb.h:=יְהוָה
2026-07-31 06:15:48.8157  INFO 68 VisualFilterDocumentUserVisualFilterManager | Found 0 results in LLS:1.0.710 (1ms): lemma.sesb.h:=יְהוָה
2026-07-31 06:15:48.8158  INFO 68 LibrarySearcher | (Timed) Searching SingleResource for: lemma.sesb.h:=אָדֹון
2026-07-31 06:15:48.8167  INFO 68 SimpleQueryUtility | (Timed) Performing section search
2026-07-31 06:15:48.8169  INFO 68 SimpleQueryUtility | (0ms) Performing section search
2026-07-31 06:15:48.8170  INFO 68 LibrarySearcher | (1ms) Searching SingleResource for: lemma.sesb.h:=אָדֹון
2026-07-31 06:15:48.8170  INFO 68 VisualFilterDocumentUserVisualFilterManager | Found 0 results in LLS:1.0.710 (1ms): lemma.sesb.h:=אָדֹון
2026-07-31 06:15:48.8171  INFO 68 LibrarySearcher | (Timed) Searching SingleResource for: lemma.sesb.h:=אֱלֹהִים
2026-07-31 06:15:48.8178  INFO 68 SimpleQueryUtility | (Timed) Performing section search
2026-07-31 06:15:48.8179  INFO 68 SimpleQueryUtility | (0ms) Performing section search
2026-07-31 06:15:48.8181  INFO 68 LibrarySearcher | (1ms) Searching SingleResource for: lemma.sesb.h:=אֱלֹהִים
2026-07-31 06:15:48.8181  INFO 68 VisualFilterDocumentUserVisualFilterManager | Found 0 results in LLS:1.0.710 (0ms): lemma.sesb.h:=אֱלֹהִים
2026-07-31 06:15:48.8181  INFO 68 LibrarySearcher | (Timed) Searching SingleResource for: lemma.h:=אֱלוֹהַּ
2026-07-31 06:15:48.8188  INFO 68 SimpleQueryUtility | (Timed) Performing section search
2026-07-31 06:15:48.8189  INFO 68 SimpleQueryUtility | (0ms) Performing section search
2026-07-31 06:15:48.8191  INFO 68 LibrarySearcher | (1ms) Searching SingleResource for: lemma.h:=אֱלוֹהַּ
2026-07-31 06:15:48.8191  INFO 68 VisualFilterDocumentUserVisualFilterManager | Found 58 results in LLS:1.0.710 (0ms): lemma.h:=אֱלוֹהַּ
2026-07-31 06:15:48.8192  INFO 68 LibrarySearcher | (Timed) Searching SingleResource for: lemma.a:אֱלָהּ
2026-07-31 06:15:48.8200  INFO 68 SimpleQueryUtility | (Timed) Performing section search
2026-07-31 06:15:48.8204  INFO 68 SimpleQueryUtility | (0ms) Performing section search
2026-07-31 06:15:48.8205  INFO 68 LibrarySearcher | (1ms) Searching SingleResource for: lemma.a:אֱלָהּ
2026-07-31 06:15:48.8206  INFO 68 VisualFilterDocumentUserVisualFilterManager | Found 95 results in LLS:1.0.710 (1ms): lemma.a:אֱלָהּ
2026-07-31 06:15:48.8211  INFO 68 LibrarySearcher | (Timed) Searching SingleResource for: lemma.h:אֵל.5
2026-07-31 06:15:48.8217  INFO 68 SimpleQueryUtility | (Timed) Performing section search
2026-07-31 06:15:48.8218  INFO 68 SimpleQueryUtility | (0ms) Performing section search
2026-07-31 06:15:48.8220  INFO 68 LibrarySearcher | (1ms) Searching SingleResource for: lemma.h:אֵל.5
2026-07-31 06:15:48.8221  INFO 68 VisualFilterDocumentUserVisualFilterManager | Found 235 results in LLS:1.0.710 (0ms): lemma.h:אֵל.5
2026-07-31 06:15:48.8286  INFO 1 NotesToolUserVisualFilterProvider | Markup needed for LLS:1.0.710 5278889:3485.
2026-07-31 06:15:48.8390  INFO 57 BkIndicatorVisualFilterBase | Calculated markup for LLS:1.0.710 5278889:3485. (10ms)
2026-07-31 06:15:48.8392  INFO 48 BkIndicatorVisualFilterBase | Calculated markup for LLS:1.0.710 5278889:3485. (10ms)
2026-07-31 06:15:48.8399  INFO 45 ActiveWordNumbersVisualFilter | Calculated markup for LLS:1.0.710 5278889:3485. (11ms)
2026-07-31 06:15:48.8528  INFO 58 CorrespondingWordsUserVisualFilter | Calculated markup for LLS:1.0.710 5278889:3485. (24ms)
2026-07-31 06:15:48.8647  INFO 1 ParallelResourceSetsViewModel | Found 126 parallel resources in 1 sets. (62ms)
2026-07-31 06:15:48.8749  INFO 10 AtlasMapsVisualFilter | Calculated markup for LLS:1.0.710 5278889:3485. (46ms)
2026-07-31 06:15:48.8759  INFO 4 ContextInformationCache | GetVerseInformation took 00:00:00.0906020
2026-07-31 06:15:48.8998  INFO 48 FilteringResourceViewComponent | (Timed) Updating resource filter
2026-07-31 06:15:48.9089  INFO 58 FilteringResourceViewComponent | (9ms) Updating resource filter
2026-07-31 06:15:48.9094  INFO 48 SqliteNotesClientRepository | Found 42 text range anchor resources. (9ms)
2026-07-31 06:15:48.9094  INFO 1 PanelViewModel | Got Resource panel settings for History: Id=LLS:1.0.710|Milestone=DataType%3dbible+esv%7cResource%3dLLS:1.0.710%7cStartSegment%3d5280173%7cVersion%3d2026-02-17T13:55:29Z|Position=res/LLS:1.0.710/2026-02-17T13:55:29Z/5280173|Reference=bible+esv.81.1.9
2026-07-31 06:15:48.9095  INFO 48 SqliteNotesClientRepository | Found 9 corpora sets for 42 resources. (0ms)
2026-07-31 06:15:48.9167  INFO 48 SqliteNotesClientRepository | Found 295 text range anchors in 8 matching resources. (7ms)
2026-07-31 06:15:48.9256  INFO 48 SqliteNotesClientRepository | Got 5 word number sets from 5 of 295 text range anchors. (8ms)
2026-07-31 06:15:48.9273  INFO 48 SqliteNotesClientRepository | Got 295 text range sets from word numbers for LLS:1.0.710 2026-02-17T13:55:29Z. (1ms)
2026-07-31 06:15:48.9276  INFO 48 NotesToolUserVisualFilterProvider | Got 450 sympathetic notes markups for LLS:1.0.710 0:2147483647. (27ms)
2026-07-31 06:15:48.9349  INFO 4 ContextInformationCache | GetPericopeInformation took 00:00:00.0589008
2026-07-31 06:15:48.9353  INFO 4 ContextInformationCache | GetArticleInformation took 00:00:00.0003870
2026-07-31 06:15:48.9353  INFO 4 ContextInformationCache | (150ms) Initializing cache
2026-07-31 06:15:49.0218  INFO 48 NotesToolUserVisualFilterProvider | Got 17 notes markups for LLS:1.0.710 5278889:3485. (92ms)
2026-07-31 06:15:49.7594  INFO 48 VerseOfTheDayVisualFilter | Calculated markup for LLS:1.0.710 5278889:3485. (930ms)
2026-07-31 06:15:50.3605  INFO 57 ClientNotesApi | Got 9203 notes markups. (1450ms) {"resource":{"id":"LLS:1.0.710","version":"2026-02-17T13:55:29Z"},"ranges":[{"offset":0,"length":2147483647}],"noteFields":["id","placement","style"],"limit":2147483647,"sources":["reference"]}
2026-07-31 06:15:50.3621  INFO 57 NotesToolUserVisualFilterProvider | Got 9658 notes markups for LLS:1.0.710 0:2147483647. (1462ms)
2026-07-31 06:15:50.9098  INFO 1 PanelViewModel | Got Resource panel settings for Preferences: ActiveLeftSidebarNavigationItem=Contents|ActiveRightSidebarNavigationItem=Insights|AreInterlinearsVisible=false|Locator=false|MultiViewEnabled=true|MultiViewLayoutIsVertical=false|ParallelResourceSetName=allparallelresources|ReverseInterlinear=true|ReverseInterlinearRows=Surface,MSS,Lemma,Morph,Stro
2026-07-31 06:15:52.2307  INFO 1 PanelViewModel | Got Resource panel settings for Preferences: MultiViewEnabled=true|MultiViewLayoutIsVertical=false|ParallelResourceSetName=allparallelresources
2026-07-31 06:15:53.5084  INFO 41 OtherMediaVisualFilter | Calculated markup for LLS:1.0.710 5278889:3485. (4679ms)
2026-07-31 06:15:53.9346  INFO 32 SyncManager | Requesting sync on all sync clients
2026-07-31 06:15:54.0181  INFO 32 SyncClient | Found 5 items to submit for PreferencesSyncItem
2026-07-31 06:15:54.0182  INFO 32 SyncClient | (Timed) Submitting 5 of 5 items.
2026-07-31 06:15:54.4447  INFO 32 SyncClient | (427ms) Submitting 5 of 5 items.
2026-07-31 06:15:54.4452  INFO 32 SyncClient | Integrated 5 successes, 0 conflicts, and 0 errors.
2026-07-31 06:15:54.4453  INFO 32 SyncClient | Downloading items for PreferencesSyncItem
2026-07-31 06:15:54.7339  INFO 32 SyncClient | New last known milestones: {"itemMilestone":"419003"}
2026-07-31 06:15:54.8632  INFO 32 SyncClient | Found 3 items to submit for HistorySyncItem
2026-07-31 06:15:54.8634  INFO 32 SyncClient | (Timed) Submitting 3 of 3 items.
2026-07-31 06:15:55.5577  INFO 32 SyncClient | (694ms) Submitting 3 of 3 items.
2026-07-31 06:15:55.5580  INFO 32 SyncClient | Integrated 3 successes, 0 conflicts, and 0 errors.
2026-07-31 06:15:55.5586  INFO 32 SyncClient | Downloading items for HistorySyncItem
2026-07-31 06:15:55.6606  INFO 32 SyncClient | New last known milestones: {"itemMilestone":"180902"}
2026-07-31 06:15:55.6662  INFO 32 SyncManager | Finished requesting sync on all sync clients.
2026-07-31 06:16:01.4921  INFO 50 WebServiceClient | Checking for new license compared to W/"a5d72db1-ccfe-4785-a82b-0aad7de4d474"
2026-07-31 06:16:02.1095  INFO 41 WebServiceClient | License check revealed no new license version.
2026-07-31 06:16:21.1513  INFO 32 SyncManager | Requesting sync on all sync clients
2026-07-31 06:16:21.2637  INFO 32 SyncClient | Found 1 items to submit for HistorySyncItem
2026-07-31 06:16:21.2637  INFO 32 SyncClient | (Timed) Submitting 1 of 1 items.
2026-07-31 06:16:21.5685  INFO 32 SyncClient | (305ms) Submitting 1 of 1 items.
2026-07-31 06:16:21.5688  INFO 32 SyncClient | Integrated 1 successes, 0 conflicts, and 0 errors.
2026-07-31 06:16:21.5695  INFO 32 SyncClient | Downloading items for HistorySyncItem
2026-07-31 06:16:21.7723  INFO 32 SyncClient | New last known milestones: {"itemMilestone":"180903"}
2026-07-31 06:16:21.7751  INFO 32 SyncManager | Finished requesting sync on all sync clients.
2026-07-31 06:16:53.9268  INFO 6 CommonFeaturesSelectionMenuSectionViewModel | (Timed) Initializing
2026-07-31 06:16:53.9296  INFO 6 HighlightingSelectionMenuSectionViewModel | (Timed) Initializing
2026-07-31 06:16:53.9296  INFO 6 CopyVerseSectionViewModel | (Timed) Initializing
2026-07-31 06:16:53.9324  INFO 1 CommonFeaturesSelectionMenuSectionViewModel | (3ms) Initializing
2026-07-31 06:16:53.9325  INFO 1 CopyVerseSectionViewModel | (3ms) Initializing
2026-07-31 06:16:53.9348  INFO 1 HighlightingSelectionMenuSectionViewModel | (5ms) Initializing
2026-07-31 06:16:54.4266  INFO 32 SyncManager | Requesting sync on all sync clients
2026-07-31 06:16:54.5089  INFO 32 SyncClient | Downloading items for PreferencesSyncItem
2026-07-31 06:16:54.6124  INFO 32 SyncClient | Unchanged last known milestones: {"itemMilestone":"419003"}
2026-07-31 06:16:54.7188  INFO 32 SyncClient | Downloading items for HistorySyncItem
2026-07-31 06:16:54.8228  INFO 32 SyncClient | Unchanged last known milestones: {"itemMilestone":"180903"}
2026-07-31 06:16:54.8242  INFO 32 SyncManager | Finished requesting sync on all sync clients.
2026-07-31 06:16:54.8242  INFO 32 SyncManager | Requesting sync on all sync clients
2026-07-31 06:16:54.9164  INFO 32 SyncManager | Finished requesting sync on all sync clients.
2026-07-31 06:17:02.1145  INFO 41 WebServiceClient | Checking for new license compared to W/"a5d72db1-ccfe-4785-a82b-0aad7de4d474"
2026-07-31 06:17:02.7301  INFO 41 WebServiceClient | License check revealed no new license version.
2026-07-31 06:17:13.9886  INFO 49 LocalFileDatabase | Connection opened (3ms): /Users/mjwebster/Library/Application Support/Logos4/Data/wq8ubj9r.32o/ReadingProgressManager/readingprogressmanager.db
2026-07-31 06:17:24.0065  INFO 32 SyncManager | Requesting sync on all sync clients
2026-07-31 06:17:24.1714  INFO 32 SyncClient | Found 1 items to submit for ReadingProgressSyncItem
2026-07-31 06:17:24.1714  INFO 32 SyncClient | (Timed) Submitting 1 of 1 items.
2026-07-31 06:17:24.6564  INFO 32 SyncClient | (485ms) Submitting 1 of 1 items.
2026-07-31 06:17:24.6567  INFO 32 SyncClient | Integrated 1 successes, 0 conflicts, and 0 errors.
2026-07-31 06:17:24.6574  INFO 32 SyncClient | Downloading items for ReadingProgressSyncItem
2026-07-31 06:17:24.8513  INFO 32 SyncClient | New last known milestones: {"itemMilestone":"44743863"}
2026-07-31 06:17:24.8557  INFO 32 SyncManager | Finished requesting sync on all sync clients.
2026-07-31 06:17:54.9604  INFO 32 SyncManager | Requesting sync on all sync clients
2026-07-31 06:17:55.0676  INFO 32 SyncClient | Downloading items for ReadingProgressSyncItem
2026-07-31 06:17:55.7176  INFO 32 SyncClient | Unchanged last known milestones: {"itemMilestone":"44743863"}
2026-07-31 06:17:55.7252  INFO 32 SyncManager | Finished requesting sync on all sync clients.
2026-07-31 06:18:02.7349  INFO 78 WebServiceClient | Checking for new license compared to W/"a5d72db1-ccfe-4785-a82b-0aad7de4d474"
2026-07-31 06:18:03.0821  INFO 78 CorrespondingWordsUserVisualFilter | Calculated markup for LLS:20.10.7 500282:2234. (1ms)
2026-07-31 06:18:03.0823  INFO 23 BkHighlightingVisualFilterBase | Calculated markup for LLS:20.10.7 500282:2234. (1ms)
2026-07-31 06:18:03.3024  INFO 23 WebServiceClient | License check revealed no new license version.
2026-07-31 06:18:03.6023  INFO 23 PopularHighlightsVisualFilter | Calculated markup for LLS:20.10.7 500282:2234. (521ms)
2026-07-31 06:18:06.9297  INFO 1 PanelViewModel | Got Resource panel settings for Preferences: MultiViewEnabled=true|MultiViewLayoutIsVertical=false|ParallelResourceSetName=allparallelresources
2026-07-31 06:18:31.9381  INFO 32 SyncManager | Requesting sync on all sync clients
2026-07-31 06:18:32.0003  INFO 32 SyncClient | Found 2 items to submit for PreferencesSyncItem
2026-07-31 06:18:32.0004  INFO 32 SyncClient | (Timed) Submitting 2 of 2 items.
2026-07-31 06:18:32.5584  INFO 32 SyncClient | (558ms) Submitting 2 of 2 items.
2026-07-31 06:18:32.5588  INFO 32 SyncClient | Integrated 2 successes, 0 conflicts, and 0 errors.
2026-07-31 06:18:32.5589  INFO 32 SyncClient | Downloading items for PreferencesSyncItem
2026-07-31 06:18:32.8492  INFO 32 SyncClient | New last known milestones: {"itemMilestone":"419004"}
2026-07-31 06:18:32.9184  INFO 32 SyncManager | Finished requesting sync on all sync clients.
2026-07-31 06:18:55.4832  INFO 32 SyncManager | Requesting sync on all sync clients
2026-07-31 06:18:55.5431  INFO 32 SyncClient | Downloading items for PreferencesSyncItem
2026-07-31 06:18:55.6404  INFO 32 SyncClient | Unchanged last known milestones: {"itemMilestone":"419004"}
2026-07-31 06:18:55.6920  INFO 32 SyncManager | Finished requesting sync on all sync clients.
2026-07-31 06:19:03.3070  INFO 6 WebServiceClient | Checking for new license compared to W/"a5d72db1-ccfe-4785-a82b-0aad7de4d474"
2026-07-31 06:19:03.7735  INFO 6 WebServiceClient | License check revealed no new license version.
2026-07-31 06:19:17.5071  INFO 1 PanelViewModel | Got Resource panel settings for Preferences: MultiViewEnabled=true|MultiViewLayoutIsVertical=false|ParallelResourceSetName=allparallelresources
2026-07-31 06:19:19.0975  INFO 32 SyncManager | Requesting sync on all sync clients
2026-07-31 06:19:19.1664  INFO 32 SyncClient | Found 2 items to submit for PreferencesSyncItem
2026-07-31 06:19:19.1664  INFO 32 SyncClient | (Timed) Submitting 2 of 2 items.
2026-07-31 06:19:19.3389  INFO 32 SyncClient | (172ms) Submitting 2 of 2 items.
2026-07-31 06:19:19.3391  INFO 32 SyncClient | Integrated 2 successes, 0 conflicts, and 0 errors.
2026-07-31 06:19:19.3391  INFO 32 SyncClient | Downloading items for PreferencesSyncItem
2026-07-31 06:19:19.5444  INFO 32 SyncClient | New last known milestones: {"itemMilestone":"419005"}
2026-07-31 06:19:19.6092  INFO 32 SyncClient | Found 1 items to submit for ReadingProgressSyncItem
2026-07-31 06:19:19.6093  INFO 32 SyncClient | (Timed) Submitting 1 of 1 items.
2026-07-31 06:19:20.0574  INFO 32 SyncClient | (448ms) Submitting 1 of 1 items.
2026-07-31 06:19:20.0578  INFO 32 SyncClient | Integrated 1 successes, 0 conflicts, and 0 errors.
2026-07-31 06:19:20.0586  INFO 32 SyncClient | Downloading items for ReadingProgressSyncItem
2026-07-31 06:19:20.3552  INFO 32 SyncClient | New last known milestones: {"itemMilestone":"44743864"}
2026-07-31 06:19:20.3592  INFO 32 SyncManager | Finished requesting sync on all sync clients.
2026-07-31 06:19:28.6720  INFO 1 PanelViewModel | Got Resource panel settings for Preferences: MultiViewEnabled=true|MultiViewLayoutIsVertical=false|ParallelResourceSetName=allparallelresources
2026-07-31 06:19:40.8664  INFO 1 PanelViewModel | Got Resource panel settings for Preferences: MultiViewEnabled=true|MultiViewLayoutIsVertical=false|ParallelResourceSetName=allparallelresources
2026-07-31 06:19:53.6748  INFO 32 SyncManager | Requesting sync on all sync clients
2026-07-31 06:19:53.7403  INFO 32 SyncClient | Found 2 items to submit for PreferencesSyncItem
2026-07-31 06:19:53.7404  INFO 32 SyncClient | (Timed) Submitting 2 of 2 items.
2026-07-31 06:19:53.9514  INFO 32 SyncClient | (211ms) Submitting 2 of 2 items.
2026-07-31 06:19:53.9517  INFO 32 SyncClient | Integrated 2 successes, 0 conflicts, and 0 errors.
2026-07-31 06:19:53.9518  INFO 32 SyncClient | Downloading items for PreferencesSyncItem
2026-07-31 06:19:54.0514  INFO 32 SyncClient | New last known milestones: {"itemMilestone":"419006"}
2026-07-31 06:19:54.1181  INFO 32 SyncManager | Finished requesting sync on all sync clients.
2026-07-31 06:19:55.8989  INFO 32 SyncManager | Requesting sync on all sync clients
2026-07-31 06:19:55.9712  INFO 32 SyncClient | Downloading items for PreferencesSyncItem
2026-07-31 06:19:56.3986  INFO 32 SyncClient | Unchanged last known milestones: {"itemMilestone":"419006"}
2026-07-31 06:19:56.4615  INFO 32 SyncClient | Downloading items for ReadingProgressSyncItem
2026-07-31 06:19:57.0206  INFO 32 SyncClient | Unchanged last known milestones: {"itemMilestone":"44743864"}
2026-07-31 06:19:57.0247  INFO 32 SyncManager | Finished requesting sync on all sync clients.
2026-07-31 06:19:57.0248  INFO 32 SyncManager | Requesting sync on all sync clients
2026-07-31 06:19:57.1260  INFO 32 SyncManager | Finished requesting sync on all sync clients.
2026-07-31 06:20:00.0424  INFO 1 PanelViewModel | Got Resource panel settings for Preferences: MultiViewEnabled=true|MultiViewLayoutIsVertical=false|ParallelResourceSetName=allparallelresources
2026-07-31 06:20:00.6409  INFO 1 AppCommand | (Timed) Executing command: Close|Kind=AllPanels
2026-07-31 06:20:00.7672  INFO 1 PanelViewModel | Got Resource panel settings for Snapshot: Id=LLS:20.10.7|Milestone=DataType%3ddayofyear%7cResource%3dLLS:20.10.7%7cStartSegment%3d500282%7cVersion%3d2011-04-11T21:22:59Z|MultiViewEnabled=true|MultiViewLayoutIsVertical=false|ParallelResourceSetName=allparallelresources|Position=res/LLS:20.10.7/2011-04-11T21:22:59Z/500283|ProductPreviewTitle=
2026-07-31 06:20:00.7673  INFO 1 PanelViewModel | Got Resource panel settings for Snapshot: ActiveLeftSidebarNavigationItem=Contents|ActiveRightSidebarNavigationItem=Insights|AreInterlinearsVisible=false|Id=LLS:1.0.710|Locator=false|Milestone=DataType%3dbible+esv%7cResource%3dLLS:1.0.710%7cStartSegment%3d5280173%7cVersion%3d2026-02-17T13:55:29Z|MultiViewEnabled=true|MultiViewLayoutIsVertic
2026-07-31 06:20:00.7804  INFO 1 PanelViewModel | Got Resource panel settings for Snapshot: Id=LLS:20.10.7|Milestone=DataType%3ddayofyear%7cResource%3dLLS:20.10.7%7cStartSegment%3d500282%7cVersion%3d2011-04-11T21:22:59Z|MultiViewEnabled=true|MultiViewLayoutIsVertical=false|ParallelResourceSetName=allparallelresources|Position=res/LLS:20.10.7/2011-04-11T21:22:59Z/500283|ProductPreviewTitle=
2026-07-31 06:20:00.7805  INFO 1 PanelViewModel | Got Resource panel settings for Snapshot: ActiveLeftSidebarNavigationItem=Contents|ActiveRightSidebarNavigationItem=Insights|AreInterlinearsVisible=false|Id=LLS:1.0.710|Locator=false|Milestone=DataType%3dbible+esv%7cResource%3dLLS:1.0.710%7cStartSegment%3d5280173%7cVersion%3d2026-02-17T13:55:29Z|MultiViewEnabled=true|MultiViewLayoutIsVertic
2026-07-31 06:20:00.7807  INFO 1 PanelViewModel | Got Resource panel settings for History: Id=LLS:20.10.7|Milestone=DataType%3ddayofyear%7cResource%3dLLS:20.10.7%7cStartSegment%3d500282%7cVersion%3d2011-04-11T21:22:59Z|Position=res/LLS:20.10.7/2011-04-11T21:22:59Z/500283|Reference=dayofyear.8.1
2026-07-31 06:20:00.7807  INFO 1 PanelViewModel | Got Resource panel settings for History: Id=LLS:1.0.710|Milestone=DataType%3dbible+esv%7cResource%3dLLS:1.0.710%7cStartSegment%3d5280173%7cVersion%3d2026-02-17T13:55:29Z|Position=res/LLS:1.0.710/2026-02-17T13:55:29Z/5280173|Reference=bible+esv.81.1.9
2026-07-31 06:20:00.7838  INFO 1 PanelViewModel | Got Resource panel settings for Preferences: MultiViewEnabled=true|MultiViewLayoutIsVertical=false|ParallelResourceSetName=allparallelresources
2026-07-31 06:20:00.7905  INFO 1 PanelViewModel | Got Resource panel settings for Preferences: ActiveLeftSidebarNavigationItem=Contents|ActiveRightSidebarNavigationItem=Insights|AreInterlinearsVisible=false|Locator=false|MultiViewEnabled=true|MultiViewLayoutIsVertical=false|ParallelResourceSetName=allparallelresources|ReverseInterlinear=true|ReverseInterlinearRows=Surface,MSS,Lemma,Morph,Stro
2026-07-31 06:20:00.7949  INFO 1 AppCommand | (154ms) Executing command: Close|Kind=AllPanels
2026-07-31 06:20:02.0700  INFO 13 AppMessageProvider | (Timed) Getting app message feed.
2026-07-31 06:20:02.7142  INFO 13 AppMessageProvider | (644ms) Getting app message feed.
2026-07-31 06:20:02.7146  INFO 67 GetStartedProvider | ReadingPlansCard: calling web API.
2026-07-31 06:20:02.7176  INFO 13 HomePageViewModel | (Timed) Finding explore section cards.
2026-07-31 06:20:02.7177  INFO 13 BlogPostCardProvider | (Timed) Getting cards.
2026-07-31 06:20:02.7178  INFO 13 PartnerBrandingBlogPostCardProvider | (Timed) Getting cards.
2026-07-31 06:20:02.7178  INFO 13 PartnerBrandingBlogPostCardProvider | (0ms) Getting cards.
2026-07-31 06:20:02.7178  INFO 13 ProductCardProvider | (Timed) Getting cards.
2026-07-31 06:20:02.7179  INFO 13 AppMessageCardProvider | (Timed) Getting cards.
2026-07-31 06:20:02.7179  INFO 13 AppMessageProvider | (Timed) Getting app message feed.
2026-07-31 06:20:02.7180  INFO 13 AppSuggestionCardProvider | (Timed) Getting cards.
2026-07-31 06:20:02.7180  INFO 13 ExcerptCardProvider | (Timed) Getting cards.
2026-07-31 06:20:02.7180  INFO 13 ExcerptCardProvider | (0ms) Getting cards.
2026-07-31 06:20:02.7180  INFO 13 FromYourLibraryCardProvider | (Timed) Getting cards.
2026-07-31 06:20:02.7193  INFO 13 FromYourLibraryCardProvider | (1ms) Getting cards.
2026-07-31 06:20:02.7194  INFO 13 TodayInChristianHistoryCardProvider | (Timed) Getting cards.
2026-07-31 06:20:02.7194  INFO 13 TodayInChristianHistoryCardProvider | (0ms) Getting cards.
2026-07-31 06:20:02.7194  INFO 13 TrainingVideoCardProvider | (Timed) Getting cards.
2026-07-31 06:20:02.7194  INFO 44 TodayInChristianHistoryCardProvider | (Timed) Getting cards.
2026-07-31 06:20:02.7196  INFO 13 VerseOfTheDayCardProvider | (Timed) Getting cards.
2026-07-31 06:20:02.7197  INFO 13 WorkflowSuggestionCardProvider | (Timed) Getting cards.
2026-07-31 06:20:02.7204  INFO 44 TodayInChristianHistoryCardProvider | (1ms) Getting cards.
2026-07-31 06:20:02.7378  INFO 13 WorkflowSuggestionCardProvider | (18ms) Getting cards.
2026-07-31 06:20:02.8854  INFO 42 AppMessageProvider | (167ms) Getting app message feed.
2026-07-31 06:20:02.8858  INFO 42 AppMessageCardProvider | (168ms) Getting cards.
2026-07-31 06:20:02.8935  INFO 42 AppSuggestionCardProvider | (176ms) Getting cards.
2026-07-31 06:20:03.1926  INFO 23 TrainingVideoCardProvider | (473ms) Getting cards.
2026-07-31 06:20:03.2148  INFO 6 VerseOfTheDayCardProvider | (495ms) Getting cards.
2026-07-31 06:20:03.5412  INFO 52 BlogPostCardProvider | (823ms) Getting cards.
2026-07-31 06:20:03.5567  INFO 6 ProductCardProvider | (839ms) Getting cards.
2026-07-31 06:20:03.5568  INFO 6 HomePageViewModel | (839ms) Finding explore section cards.
2026-07-31 06:20:03.7776  INFO 6 WebServiceClient | Checking for new license compared to W/"a5d72db1-ccfe-4785-a82b-0aad7de4d474"
2026-07-31 06:20:04.1873  INFO 42 WebServiceClient | License check revealed no new license version.
2026-07-31 06:20:04.3923  INFO 1 AppCommand | (Timed) Executing command: Resource|Id=LLS:SONGSOFJESUS|Reference=dayofyear.7.31
2026-07-31 06:20:04.3962  INFO 1 PanelViewModel | Applying Resource panel settings for Preferences: Locator=false|TextSize=14.666666666666666
2026-07-31 06:20:04.3963  INFO 1 PanelViewModel | Updated Resource panel text size to 14.666666666666666.
2026-07-31 06:20:04.3964  INFO 1 PanelViewModel | Navigating Resource panel to: Id=LLS:SONGSOFJESUS|Reference=dayofyear.7.31
2026-07-31 06:20:04.3964  INFO 1 PanelViewModel | Applying Resource panel settings for Bookmark: Id=LLS:SONGSOFJESUS|Reference=dayofyear.7.31
2026-07-31 06:20:04.3990  INFO 6 ResourcePanelMultiResourceConfigViewModel | Found 40 potential guest resources. (0ms)
2026-07-31 06:20:04.4199  INFO 1 ResourcePanelViewModel | Updating 1 ResourceViewModels for host: LLS:SONGSOFJESUS with configuration: LLS:SONGSOFJESUS
2026-07-31 06:20:04.4302  INFO 1 PanelViewModel | Applying Resource panel settings for Preferences: Milestone=DataType%3ddayofyear%7cResource%3dLLS:SONGSOFJESUS%7cStartSegment%3d353395%7cVersion%3d2017-08-09T00:22:52Z|MultiViewEnabled=false|MultiViewLayoutIsVertical=false|Position=res/LLS:SONGSOFJESUS/2017-08-09T00:22:52Z/353395|Reference=dayofyear.8.1
2026-07-31 06:20:04.4309  INFO 1 PanelViewModel | Updated Resource panel text size to 16.
2026-07-31 06:20:04.4466  INFO 6 ContextInformationCache | (Timed) Initializing cache
2026-07-31 06:20:04.4470  INFO 6 ContextInformationCache | GetArticleInformation took 00:00:00.0003179
2026-07-31 06:20:04.4470  INFO 6 ContextInformationCache | (0ms) Initializing cache
2026-07-31 06:20:04.4571  INFO 1 PanelViewModel | Got Resource panel settings for History: Id=LLS:SONGSOFJESUS|Milestone=DataType%3ddayofyear%7cResource%3dLLS:SONGSOFJESUS%7cStartSegment%3d351895%7cVersion%3d2017-08-09T00:22:52Z|Position=res/LLS:SONGSOFJESUS/2017-08-09T00:22:52Z/351895|Reference=dayofyear.7.31
2026-07-31 06:20:04.457 Logos[14447:2257600] <VariableDividerWidthSplitView: 0x10c08c957c0>: the delegate <ResourcePanelController: 0x10c0e30d480> was sent -splitView:resizeSubviewsWithOldSize: and left the arranged view frames in an inconsistent state:
2026-07-31 06:20:04.457 Logos[14447:2257600] Split view bounds: {{0, 0}, {694.16666666666913, 790.41666666663673}}
2026-07-31 06:20:04.457 Logos[14447:2257600]     Arranged view frame: {{0, 0}, {0, 100}}
2026-07-31 06:20:04.457 Logos[14447:2257600]     Arranged view frame: {{0, 0}, {100, 100}}
2026-07-31 06:20:04.457 Logos[14447:2257600]     Arranged view frame: {{0, 0}, {0, 100}}
2026-07-31 06:20:04.457 Logos[14447:2257600] The outer edges of the arranged view frames are supposed to line up with the split view's bounds' edges. NSSplitView is working around the problem, perhaps at the cost of more redrawing. (This message is only logged once per NSSplitView.)
2026-07-31 06:20:04.457 Logos[14447:2257600] The arranged view frames are not in the same order as the arranged views array. NSSplitView requires that these orders be kept consistent, otherwise behavior is undefined.
2026-07-31 06:20:04.458 Logos[14447:2257600] <NSSplitView: 0x10c08c90680>: the delegate <ResourcePanelController: 0x10c0e30d480> was sent -splitView:resizeSubviewsWithOldSize: and left the arranged view frames in an inconsistent state:
2026-07-31 06:20:04.458 Logos[14447:2257600] Split view bounds: {{0, 0}, {694.16666666666913, 790.41666666663673}}
2026-07-31 06:20:04.458 Logos[14447:2257600]     Arranged view frame: {{0, 0}, {695, 790.41666666663673}}
2026-07-31 06:20:04.458 Logos[14447:2257600] The outer edges of the arranged view frames are supposed to line up with the split view's bounds' edges. NSSplitView is working around the problem, perhaps at the cost of more redrawing. (This message is only logged once per NSSplitView.)
2026-07-31 06:20:04.4682  INFO 1 AppCommand | (76ms) Executing command: Resource|Id=LLS:SONGSOFJESUS|Reference=dayofyear.7.31
2026-07-31 06:20:04.4857  INFO 1 NotesToolUserVisualFilterProvider | Markup needed for LLS:SONGSOFJESUS 351895:1500.
2026-07-31 06:20:04.4864  INFO 6 CorrespondingWordsUserVisualFilter | Calculated markup for LLS:SONGSOFJESUS 351895:1500. (0ms)
2026-07-31 06:20:04.4871  INFO 52 UniversalTimelineVisualFilter | Calculated markup for LLS:SONGSOFJESUS 351895:1500. (1ms)
2026-07-31 06:20:04.4877  INFO 1 NotesToolUserVisualFilterProvider | Markup needed for LLS:SONGSOFJESUS 353395:1622.
2026-07-31 06:20:04.4881  INFO 69 UniversalTimelineVisualFilter | Calculated markup for LLS:SONGSOFJESUS 353395:1622. (0ms)
2026-07-31 06:20:04.4899  INFO 6 CorrespondingWordsUserVisualFilter | Calculated markup for LLS:SONGSOFJESUS 353395:1622. (2ms)
2026-07-31 06:20:04.5964  INFO 6 FilteringResourceViewComponent | (Timed) Updating resource filter
2026-07-31 06:20:04.5966  INFO 13 FilteringResourceViewComponent | (0ms) Updating resource filter
2026-07-31 06:20:04.5968  INFO 1 PanelViewModel | Got Resource panel settings for History: Id=LLS:SONGSOFJESUS|Milestone=DataType%3ddayofyear%7cResource%3dLLS:SONGSOFJESUS%7cStartSegment%3d351895%7cVersion%3d2017-08-09T00:22:52Z|Position=res/LLS:SONGSOFJESUS/2017-08-09T00:22:52Z/351895|Reference=dayofyear.7.31
2026-07-31 06:20:04.6021  INFO 6 NotesToolUserVisualFilterProvider | Got 0 notes markups for LLS:SONGSOFJESUS 351895:3122. (5ms)
2026-07-31 06:20:04.6023  INFO 69 NotesDigitalLibraryService | Cached all 365 milestones for LLS:SONGSOFJESUS 2017-08-09T00:22:52Z. (0ms)
2026-07-31 06:20:04.6024  INFO 69 NotesToolUserVisualFilterProvider | Got 0 notes markups for LLS:SONGSOFJESUS 0:2147483647. (6ms)
2026-07-31 06:20:04.8563  INFO 6 BkHighlightingVisualFilterBase | Calculated markup for LLS:SONGSOFJESUS 351895:1500. (370ms)
2026-07-31 06:20:04.8591  INFO 69 BkHighlightingVisualFilterBase | Calculated markup for LLS:SONGSOFJESUS 353395:1622. (371ms)
2026-07-31 06:20:05.2139  INFO 6 PopularHighlightsVisualFilter | Calculated markup for LLS:SONGSOFJESUS 351895:1500. (147ms)
2026-07-31 06:20:05.3222  INFO 69 PopularHighlightsVisualFilter | Calculated markup for LLS:SONGSOFJESUS 353395:1622. (254ms)
2026-07-31 06:20:06.5979  INFO 1 PanelViewModel | Got Resource panel settings for Preferences: MultiViewEnabled=false|MultiViewLayoutIsVertical=false
2026-07-31 06:20:14.4688  INFO 32 SyncManager | Requesting sync on all sync clients
2026-07-31 06:20:14.5411  INFO 32 SyncClient | Found 5 items to submit for PreferencesSyncItem
2026-07-31 06:20:14.5412  INFO 32 SyncClient | (Timed) Submitting 5 of 5 items.
2026-07-31 06:20:14.7061  INFO 32 SyncClient | (165ms) Submitting 5 of 5 items.
2026-07-31 06:20:14.7065  INFO 32 SyncClient | Integrated 5 successes, 0 conflicts, and 0 errors.
2026-07-31 06:20:14.7066  INFO 32 SyncClient | Downloading items for PreferencesSyncItem
2026-07-31 06:20:14.8083  INFO 32 SyncClient | New last known milestones: {"itemMilestone":"419007"}
2026-07-31 06:20:14.8728  INFO 32 SyncClient | Found 2 items to submit for HistorySyncItem
2026-07-31 06:20:14.8728  INFO 32 SyncClient | (Timed) Submitting 2 of 2 items.
2026-07-31 06:20:15.5293  INFO 32 SyncClient | (656ms) Submitting 2 of 2 items.
2026-07-31 06:20:15.5298  INFO 32 SyncClient | Integrated 2 successes, 0 conflicts, and 0 errors.
2026-07-31 06:20:15.5304  INFO 32 SyncClient | Downloading items for HistorySyncItem
2026-07-31 06:20:15.6605  INFO 32 SyncClient | New last known milestones: {"itemMilestone":"180904"}
2026-07-31 06:20:15.6632  INFO 32 SyncManager | Finished requesting sync on all sync clients.
2026-07-31 06:20:38.7118  INFO 1 LDLS4.AppModel | Converting navigation request for reference Ps 86:14–17 to keylink.
2026-07-31 06:20:38.7146  INFO 1 PanelViewModel | Applying Resource panel settings for Preferences: Locator=false|TextSize=14.666666666666666
2026-07-31 06:20:38.7147  INFO 1 PanelViewModel | Updated Resource panel text size to 14.666666666666666.
2026-07-31 06:20:38.7147  INFO 1 PanelViewModel | Navigating Resource panel to: HeadwordLanguage=|Id=LLS:1.0.710|Milestone=DataType%3dbible+esv%7cResource%3dLLS:1.0.710%7cStartSegment%3d3231739%7cVersion%3d2026-02-17T13:55:29Z|MilestoneEnd=DataType%3dbible+esv%7cResource%3dLLS:1.0.710%7cStartSegment%3d3232118%7cVersion%3d2026-02-17T13:55:29Z|Reference=bible.19.86.14-19.86.17|So
2026-07-31 06:20:38.7147  INFO 1 PanelViewModel | Applying Resource panel settings for Bookmark: HeadwordLanguage=|Id=LLS:1.0.710|Milestone=DataType%3dbible+esv%7cResource%3dLLS:1.0.710%7cStartSegment%3d3231739%7cVersion%3d2026-02-17T13:55:29Z|MilestoneEnd=DataType%3dbible+esv%7cResource%3dLLS:1.0.710%7cStartSegment%3d3232118%7cVersion%3d2026-02-17T13:55:29Z|Reference=bible.19.86.14-19.86.17|So
2026-07-31 06:20:38.7165  INFO 6 ResourcePanelMultiResourceConfigViewModel | Found 3370 potential guest resources. (1ms)
2026-07-31 06:20:38.7403  INFO 1 ResourcePanelViewModel | Updating 1 ResourceViewModels for host: LLS:1.0.710 with configuration: LLS:1.0.710
2026-07-31 06:20:38.7483  INFO 1 PanelViewModel | Applying Resource panel settings for Preferences: ActiveLeftSidebarNavigationItem=Contents|ActiveRightSidebarNavigationItem=Insights|AreInterlinearsVisible=false|Locator=false|Milestone=DataType%3dbible+esv%7cResource%3dLLS:1.0.710%7cStartSegment%3d5280173%7cVersion%3d2026-02-17T13:55:29Z|MultiViewEnabled=true|MultiViewLayoutIsVertical=false|Parall
2026-07-31 06:20:38.7489  INFO 1 PanelViewModel | Updated Resource panel text size to 16.
2026-07-31 06:20:38.7554  INFO 13 LibrarySearcher | (Timed) Searching SingleResource for: lemma.h:אֶ֫רֶץ
2026-07-31 06:20:38.7561  INFO 70 LibrarySearcher | (Timed) Searching SingleResource for: lemma.h:=יהוה
2026-07-31 06:20:38.7613  INFO 70 SimpleQueryUtility | (Timed) Performing section search
2026-07-31 06:20:38.7613  INFO 13 SimpleQueryUtility | (Timed) Performing section search
2026-07-31 06:20:38.7628  INFO 13 SimpleQueryUtility | (1ms) Performing section search
2026-07-31 06:20:38.7630  INFO 13 LibrarySearcher | (8ms) Searching SingleResource for: lemma.h:אֶ֫רֶץ
2026-07-31 06:20:38.7631  INFO 70 SimpleQueryUtility | (2ms) Performing section search
2026-07-31 06:20:38.7632  INFO 13 VisualFilterDocumentUserVisualFilterManager | Found 2509 results in LLS:1.0.710 (7ms): lemma.h:אֶ֫רֶץ
2026-07-31 06:20:38.7663  INFO 70 LibrarySearcher | (10ms) Searching SingleResource for: lemma.h:=יהוה
2026-07-31 06:20:38.7664  INFO 13 LibrarySearcher | (Timed) Searching SingleResource for: lemma.g:αἰών
2026-07-31 06:20:38.7667  INFO 70 VisualFilterDocumentUserVisualFilterManager | Found 6828 results in LLS:1.0.710 (10ms): lemma.h:=יהוה
2026-07-31 06:20:38.7672  INFO 70 LibrarySearcher | (Timed) Searching SingleResource for: lemma.h:אֱלֹהִים
2026-07-31 06:20:38.7677  INFO 70 SimpleQueryUtility | (Timed) Performing section search
2026-07-31 06:20:38.7677  INFO 13 SimpleQueryUtility | (Timed) Performing section search
2026-07-31 06:20:38.7681  INFO 70 SimpleQueryUtility | (0ms) Performing section search
2026-07-31 06:20:38.7683  INFO 70 LibrarySearcher | (1ms) Searching SingleResource for: lemma.h:אֱלֹהִים
2026-07-31 06:20:38.7683  INFO 13 SimpleQueryUtility | (1ms) Performing section search
2026-07-31 06:20:38.7685  INFO 70 VisualFilterDocumentUserVisualFilterManager | Found 2604 results in LLS:1.0.710 (1ms): lemma.h:אֱלֹהִים
2026-07-31 06:20:38.7686  INFO 13 LibrarySearcher | (2ms) Searching SingleResource for: lemma.g:αἰών
2026-07-31 06:20:38.7686  INFO 13 VisualFilterDocumentUserVisualFilterManager | Found 124 results in LLS:1.0.710 (2ms): lemma.g:αἰών
2026-07-31 06:20:38.7687  INFO 13 LibrarySearcher | (Timed) Searching SingleResource for: lemma.g:κόσμος
2026-07-31 06:20:38.7688  INFO 70 LibrarySearcher | (Timed) Searching SingleResource for: lemma.h:=אָדוֹן
2026-07-31 06:20:38.7689  INFO 6 ContextInformationCache | (Timed) Initializing cache
2026-07-31 06:20:38.7727  INFO 70 SimpleQueryUtility | (Timed) Performing section search
2026-07-31 06:20:38.7728  INFO 13 SimpleQueryUtility | (Timed) Performing section search
2026-07-31 06:20:38.7731  INFO 70 SimpleQueryUtility | (0ms) Performing section search
2026-07-31 06:20:38.7733  INFO 70 LibrarySearcher | (4ms) Searching SingleResource for: lemma.h:=אָדוֹן
2026-07-31 06:20:38.7733  INFO 13 SimpleQueryUtility | (0ms) Performing section search
2026-07-31 06:20:38.7733  INFO 70 VisualFilterDocumentUserVisualFilterManager | Found 782 results in LLS:1.0.710 (4ms): lemma.h:=אָדוֹן
2026-07-31 06:20:38.7735  INFO 13 LibrarySearcher | (5ms) Searching SingleResource for: lemma.g:κόσμος
2026-07-31 06:20:38.7735  INFO 70 LibrarySearcher | (Timed) Searching SingleResource for: lemma.g:θεός
2026-07-31 06:20:38.7735  INFO 13 VisualFilterDocumentUserVisualFilterManager | Found 185 results in LLS:1.0.710 (4ms): lemma.g:κόσμος
2026-07-31 06:20:38.7736  INFO 13 LibrarySearcher | (Timed) Searching SingleResource for: lemma.h:מַלְאָךְ
2026-07-31 06:20:38.7740  INFO 70 SimpleQueryUtility | (Timed) Performing section search
2026-07-31 06:20:38.7744  INFO 70 SimpleQueryUtility | (0ms) Performing section search
2026-07-31 06:20:38.7744  INFO 13 SimpleQueryUtility | (Timed) Performing section search
2026-07-31 06:20:38.7746  INFO 70 LibrarySearcher | (1ms) Searching SingleResource for: lemma.g:θεός
2026-07-31 06:20:38.7746  INFO 13 SimpleQueryUtility | (0ms) Performing section search
2026-07-31 06:20:38.7747  INFO 70 VisualFilterDocumentUserVisualFilterManager | Found 1309 results in LLS:1.0.710 (1ms): lemma.g:θεός
2026-07-31 06:20:38.7748  INFO 13 LibrarySearcher | (1ms) Searching SingleResource for: lemma.h:מַלְאָךְ
2026-07-31 06:20:38.7749  INFO 13 VisualFilterDocumentUserVisualFilterManager | Found 213 results in LLS:1.0.710 (1ms): lemma.h:מַלְאָךְ
2026-07-31 06:20:38.7749  INFO 70 LibrarySearcher | (Timed) Searching SingleResource for: lemma.g:κύριος
2026-07-31 06:20:38.7787  INFO 70 SimpleQueryUtility | (Timed) Performing section search
2026-07-31 06:20:38.7791  INFO 70 SimpleQueryUtility | (0ms) Performing section search
2026-07-31 06:20:38.7794  INFO 70 LibrarySearcher | (4ms) Searching SingleResource for: lemma.g:κύριος
2026-07-31 06:20:38.7794  INFO 70 VisualFilterDocumentUserVisualFilterManager | Found 713 results in LLS:1.0.710 (4ms): lemma.g:κύριος
2026-07-31 06:20:38.7796  INFO 70 LibrarySearcher | (Timed) Searching SingleResource for: lemma.g:ὕψιστος
2026-07-31 06:20:38.7804  INFO 70 SimpleQueryUtility | (Timed) Performing section search
2026-07-31 06:20:38.7806  INFO 70 SimpleQueryUtility | (0ms) Performing section search
2026-07-31 06:20:38.7808  INFO 70 LibrarySearcher | (1ms) Searching SingleResource for: lemma.g:ὕψιστος
2026-07-31 06:20:38.7808  INFO 70 VisualFilterDocumentUserVisualFilterManager | Found 13 results in LLS:1.0.710 (1ms): lemma.g:ὕψιστος
2026-07-31 06:20:38.7808  INFO 70 LibrarySearcher | (Timed) Searching SingleResource for: lemma.g:Ἐμμανουήλ
2026-07-31 06:20:38.7818  INFO 70 SimpleQueryUtility | (Timed) Performing section search
2026-07-31 06:20:38.7824  INFO 70 SimpleQueryUtility | (1ms) Performing section search
2026-07-31 06:20:38.7825  INFO 70 LibrarySearcher | (2ms) Searching SingleResource for: lemma.g:Ἐμμανουήλ
2026-07-31 06:20:38.7826  INFO 70 VisualFilterDocumentUserVisualFilterManager | Found 1 results in LLS:1.0.710 (1ms): lemma.g:Ἐμμανουήλ
2026-07-31 06:20:38.7826  INFO 70 LibrarySearcher | (Timed) Searching SingleResource for: lemma.sesb.h:=יְהוָה
2026-07-31 06:20:38.7837  INFO 70 SimpleQueryUtility | (Timed) Performing section search
2026-07-31 06:20:38.7842  INFO 70 SimpleQueryUtility | (0ms) Performing section search
2026-07-31 06:20:38.7844  INFO 70 LibrarySearcher | (2ms) Searching SingleResource for: lemma.sesb.h:=יְהוָה
2026-07-31 06:20:38.7844  INFO 70 VisualFilterDocumentUserVisualFilterManager | Found 0 results in LLS:1.0.710 (1ms): lemma.sesb.h:=יְהוָה
2026-07-31 06:20:38.7844  INFO 70 LibrarySearcher | (Timed) Searching SingleResource for: lemma.sesb.h:=אָדֹון
2026-07-31 06:20:38.7853  INFO 70 SimpleQueryUtility | (Timed) Performing section search
2026-07-31 06:20:38.7854  INFO 70 SimpleQueryUtility | (0ms) Performing section search
2026-07-31 06:20:38.7855  INFO 70 LibrarySearcher | (1ms) Searching SingleResource for: lemma.sesb.h:=אָדֹון
2026-07-31 06:20:38.7855  INFO 70 VisualFilterDocumentUserVisualFilterManager | Found 0 results in LLS:1.0.710 (1ms): lemma.sesb.h:=אָדֹון
2026-07-31 06:20:38.7891  INFO 70 LibrarySearcher | (Timed) Searching SingleResource for: lemma.sesb.h:=אֱלֹהִים
2026-07-31 06:20:38.7900  INFO 70 SimpleQueryUtility | (Timed) Performing section search
2026-07-31 06:20:38.7901  INFO 70 SimpleQueryUtility | (0ms) Performing section search
2026-07-31 06:20:38.7903  INFO 70 LibrarySearcher | (1ms) Searching SingleResource for: lemma.sesb.h:=אֱלֹהִים
2026-07-31 06:20:38.7903  INFO 70 VisualFilterDocumentUserVisualFilterManager | Found 0 results in LLS:1.0.710 (1ms): lemma.sesb.h:=אֱלֹהִים
2026-07-31 06:20:38.7904  INFO 1 PanelViewModel | Got Resource panel settings for History: Id=LLS:1.0.710|Milestone=DataType%3dbible+esv%7cResource%3dLLS:1.0.710%7cStartSegment%3d3231739%7cVersion%3d2026-02-17T13:55:29Z|MilestoneEnd=DataType%3dbible+esv%7cResource%3dLLS:1.0.710%7cStartSegment%3d3232118%7cVersion%3d2026-02-17T13:55:29Z|Position=res/LLS:1.0.710/2026-02-17T13:55:29Z/3231739|
2026-07-31 06:20:38.7904  INFO 70 LibrarySearcher | (Timed) Searching SingleResource for: lemma.h:=אֱלוֹהַּ
2026-07-31 06:20:38.7912  INFO 70 SimpleQueryUtility | (Timed) Performing section search
2026-07-31 06:20:38.7913  INFO 70 SimpleQueryUtility | (0ms) Performing section search
2026-07-31 06:20:38.7915  INFO 70 LibrarySearcher | (1ms) Searching SingleResource for: lemma.h:=אֱלוֹהַּ
2026-07-31 06:20:38.7915  INFO 70 VisualFilterDocumentUserVisualFilterManager | Found 58 results in LLS:1.0.710 (1ms): lemma.h:=אֱלוֹהַּ
2026-07-31 06:20:38.7916  INFO 70 LibrarySearcher | (Timed) Searching SingleResource for: lemma.a:אֱלָהּ
2026-07-31 06:20:38.7926  INFO 70 SimpleQueryUtility | (Timed) Performing section search
2026-07-31 06:20:38.7929  INFO 70 SimpleQueryUtility | (0ms) Performing section search
2026-07-31 06:20:38.7931  INFO 70 LibrarySearcher | (2ms) Searching SingleResource for: lemma.a:אֱלָהּ
2026-07-31 06:20:38.7931  INFO 70 VisualFilterDocumentUserVisualFilterManager | Found 95 results in LLS:1.0.710 (1ms): lemma.a:אֱלָהּ
2026-07-31 06:20:38.7936  INFO 70 LibrarySearcher | (Timed) Searching SingleResource for: lemma.h:אֵל.5
2026-07-31 06:20:38.794 Logos[14447:2257600] <VariableDividerWidthSplitView: 0x10c202b3740>: the delegate <ResourcePanelController: 0x10c0e3012c0> was sent -splitView:resizeSubviewsWithOldSize: and left the arranged view frames in an inconsistent state:
2026-07-31 06:20:38.7943  INFO 70 SimpleQueryUtility | (Timed) Performing section search
2026-07-31 06:20:38.794 Logos[14447:2257600] Split view bounds: {{0, 0}, {694.16666666664037, 753.33333333330472}}
2026-07-31 06:20:38.794 Logos[14447:2257600]     Arranged view frame: {{0, 0}, {0, 100}}
2026-07-31 06:20:38.794 Logos[14447:2257600]     Arranged view frame: {{0, 0}, {100, 100}}
2026-07-31 06:20:38.794 Logos[14447:2257600]     Arranged view frame: {{0, 0}, {0, 100}}
2026-07-31 06:20:38.794 Logos[14447:2257600] The outer edges of the arranged view frames are supposed to line up with the split view's bounds' edges. NSSplitView is working around the problem, perhaps at the cost of more redrawing. (This message is only logged once per NSSplitView.)
2026-07-31 06:20:38.794 Logos[14447:2257600] The arranged view frames are not in the same order as the arranged views array. NSSplitView requires that these orders be kept consistent, otherwise behavior is undefined.
2026-07-31 06:20:38.7945  INFO 70 SimpleQueryUtility | (0ms) Performing section search
2026-07-31 06:20:38.794 Logos[14447:2257600] <NSSplitView: 0x10c202b3a80>: the delegate <ResourcePanelController: 0x10c0e3012c0> was sent -splitView:resizeSubviewsWithOldSize: and left the arranged view frames in an inconsistent state:
2026-07-31 06:20:38.794 Logos[14447:2257600] Split view bounds: {{0, 0}, {694.16666666670608, 753.33333333337612}}
2026-07-31 06:20:38.794 Logos[14447:2257600]     Arranged view frame: {{0, 0}, {695, 753.33333333337612}}
2026-07-31 06:20:38.794 Logos[14447:2257600] The outer edges of the arranged view frames are supposed to line up with the split view's bounds' edges. NSSplitView is working around the problem, perhaps at the cost of more redrawing. (This message is only logged once per NSSplitView.)
2026-07-31 06:20:38.7947  INFO 70 LibrarySearcher | (1ms) Searching SingleResource for: lemma.h:אֵל.5
2026-07-31 06:20:38.7947  INFO 70 VisualFilterDocumentUserVisualFilterManager | Found 235 results in LLS:1.0.710 (1ms): lemma.h:אֵל.5
2026-07-31 06:20:38.8232  INFO 1 NotesToolUserVisualFilterProvider | Markup needed for LLS:1.0.710 3230507:1757.
2026-07-31 06:20:38.8260  INFO 76 ActiveWordNumbersVisualFilter | Calculated markup for LLS:1.0.710 3230507:1757. (2ms)
2026-07-31 06:20:38.8262  INFO 1 NotesToolUserVisualFilterProvider | Markup needed for LLS:1.0.710 3232264:717.
2026-07-31 06:20:38.8266  INFO 47 BkIndicatorVisualFilterBase | Calculated markup for LLS:1.0.710 3230507:1757. (3ms)
2026-07-31 06:20:38.8269  INFO 23 BkIndicatorVisualFilterBase | Calculated markup for LLS:1.0.710 3230507:1757. (3ms)
2026-07-31 06:20:38.8299  INFO 1 NotesToolUserVisualFilterProvider | Markup needed for LLS:1.0.710 3232981:1866.
2026-07-31 06:20:38.8305  INFO 68 BkIndicatorVisualFilterBase | Calculated markup for LLS:1.0.710 3232264:717. (4ms)
2026-07-31 06:20:38.8308  INFO 46 BkIndicatorVisualFilterBase | Calculated markup for LLS:1.0.710 3232264:717. (4ms)
2026-07-31 06:20:38.8311  INFO 9 ActiveWordNumbersVisualFilter | Calculated markup for LLS:1.0.710 3232264:717. (4ms)
2026-07-31 06:20:38.8318  INFO 4 BkIndicatorVisualFilterBase | Calculated markup for LLS:1.0.710 3232981:1866. (1ms)
2026-07-31 06:20:38.8323  INFO 10 BkIndicatorVisualFilterBase | Calculated markup for LLS:1.0.710 3232981:1866. (1ms)
2026-07-31 06:20:38.8346  INFO 47 ActiveWordNumbersVisualFilter | Calculated markup for LLS:1.0.710 3232981:1866. (4ms)
2026-07-31 06:20:38.8368  INFO 76 CorrespondingWordsUserVisualFilter | Calculated markup for LLS:1.0.710 3232264:717. (10ms)
2026-07-31 06:20:38.8380  INFO 69 CorrespondingWordsUserVisualFilter | Calculated markup for LLS:1.0.710 3230507:1757. (14ms)
2026-07-31 06:20:38.8453  INFO 23 CorrespondingWordsUserVisualFilter | Calculated markup for LLS:1.0.710 3232981:1866. (15ms)
2026-07-31 06:20:38.8537  INFO 70 AtlasMapsVisualFilter | Calculated markup for LLS:1.0.710 3232264:717. (27ms)
2026-07-31 06:20:38.8571  INFO 1 ParallelResourceSetsViewModel | Found 91 parallel resources in 1 sets. (67ms)
2026-07-31 06:20:38.8640  INFO 6 ContextInformationCache | GetVerseInformation took 00:00:00.0950852
2026-07-31 06:20:38.8766  INFO 48 AtlasMapsVisualFilter | Calculated markup for LLS:1.0.710 3230507:1757. (53ms)
2026-07-31 06:20:38.8821  INFO 53 AtlasMapsVisualFilter | Calculated markup for LLS:1.0.710 3232981:1866. (51ms)
2026-07-31 06:20:38.8827  INFO 69 FilteringResourceViewComponent | (Timed) Updating resource filter
2026-07-31 06:20:38.8830  INFO 23 FilteringResourceViewComponent | (0ms) Updating resource filter
2026-07-31 06:20:38.8832  INFO 1 PanelViewModel | Got Resource panel settings for History: Id=LLS:1.0.710|Milestone=DataType%3dbible+esv%7cResource%3dLLS:1.0.710%7cStartSegment%3d3231739%7cVersion%3d2026-02-17T13:55:29Z|MilestoneEnd=DataType%3dbible+esv%7cResource%3dLLS:1.0.710%7cStartSegment%3d3232118%7cVersion%3d2026-02-17T13:55:29Z|Position=res/LLS:1.0.710/2026-02-17T13:55:29Z/3231739|
2026-07-31 06:20:38.8885  INFO 48 SqliteNotesClientRepository | Found 42 text range anchor resources. (5ms)
2026-07-31 06:20:38.8888  INFO 48 SqliteNotesClientRepository | Found 9 corpora sets for 42 resources. (0ms)
2026-07-31 06:20:38.8972  INFO 48 SqliteNotesClientRepository | Found 295 text range anchors in 8 matching resources. (8ms)
2026-07-31 06:20:38.9080  INFO 48 SqliteNotesClientRepository | Got 5 word number sets from 5 of 295 text range anchors. (10ms)
2026-07-31 06:20:38.9122  INFO 48 SqliteNotesClientRepository | Got 295 text range sets from word numbers for LLS:1.0.710 2026-02-17T13:55:29Z. (4ms)
2026-07-31 06:20:38.9126  INFO 48 NotesToolUserVisualFilterProvider | Got 450 sympathetic notes markups for LLS:1.0.710 0:2147483647. (29ms)
2026-07-31 06:20:38.9313  INFO 6 ContextInformationCache | GetPericopeInformation took 00:00:00.0672522
2026-07-31 06:20:38.9317  INFO 6 ContextInformationCache | GetArticleInformation took 00:00:00.0003922
2026-07-31 06:20:38.9318  INFO 6 ContextInformationCache | (163ms) Initializing cache
2026-07-31 06:20:39.0665  INFO 48 ClientNotesApi | Got 10 notes markups. (143ms) {"resource":{"id":"LLS:1.0.710","version":"2026-02-17T13:55:29Z"},"ranges":[{"offset":3230507,"length":4340}],"noteFields":["id","placement","style"],"limit":2147483647,"sources":["reference"]}
2026-07-31 06:20:39.0666  INFO 48 NotesToolUserVisualFilterProvider | Got 10 notes markups for LLS:1.0.710 3230507:4340. (144ms)
2026-07-31 06:20:39.3924  INFO 48 VerseOfTheDayVisualFilter | Calculated markup for LLS:1.0.710 3232264:717. (566ms)
2026-07-31 06:20:39.3925  INFO 48 VerseOfTheDayVisualFilter | Calculated markup for LLS:1.0.710 3230507:1757. (569ms)
2026-07-31 06:20:39.3927  INFO 48 VerseOfTheDayVisualFilter | Calculated markup for LLS:1.0.710 3232981:1866. (562ms)
2026-07-31 06:20:40.3447  INFO 70 ClientNotesApi | Got 9203 notes markups. (1452ms) {"resource":{"id":"LLS:1.0.710","version":"2026-02-17T13:55:29Z"},"ranges":[{"offset":0,"length":2147483647}],"noteFields":["id","placement","style"],"limit":2147483647,"sources":["reference"]}
2026-07-31 06:20:40.3492  INFO 70 NotesToolUserVisualFilterProvider | Got 9658 notes markups for LLS:1.0.710 0:2147483647. (1466ms)
2026-07-31 06:20:40.4216  INFO 70 OtherMediaVisualFilter | Calculated markup for LLS:1.0.710 3232264:717. (1595ms)
2026-07-31 06:20:42.1461  INFO 4 VerseOfTheDayVisualFilter | Calculated markup for LLS:1.0.710 3229273:1234. (0ms)
2026-07-31 06:20:42.1487  INFO 57 BkIndicatorVisualFilterBase | Calculated markup for LLS:1.0.710 3229273:1234. (2ms)
2026-07-31 06:20:42.1493  INFO 68 BkIndicatorVisualFilterBase | Calculated markup for LLS:1.0.710 3229273:1234. (3ms)
2026-07-31 06:20:42.1493  INFO 10 ActiveWordNumbersVisualFilter | Calculated markup for LLS:1.0.710 3229273:1234. (3ms)
2026-07-31 06:20:42.1528  INFO 76 CorrespondingWordsUserVisualFilter | Calculated markup for LLS:1.0.710 3229273:1234. (6ms)
2026-07-31 06:20:42.1668  INFO 9 AtlasMapsVisualFilter | Calculated markup for LLS:1.0.710 3229273:1234. (20ms)
2026-07-31 06:20:42.4417  INFO 10 OtherMediaVisualFilter | Calculated markup for LLS:1.0.710 3230507:1757. (3618ms)
2026-07-31 06:20:45.1487  INFO 10 OtherMediaVisualFilter | Calculated markup for LLS:1.0.710 3229273:1234. (3002ms)
2026-07-31 06:20:47.0042  INFO 1 PanelViewModel | Got Resource panel settings for Preferences: ActiveLeftSidebarNavigationItem=Contents|ActiveRightSidebarNavigationItem=Insights|AreInterlinearsVisible=false|Locator=false|MultiViewEnabled=true|MultiViewLayoutIsVertical=false|ParallelResourceSetName=allparallelresources|ReverseInterlinear=true|ReverseInterlinearRows=Surface,MSS,Lemma,Morph,Stro
2026-07-31 06:20:53.4479  INFO 1 PanelViewModel | Got Resource panel settings for Preferences: ActiveLeftSidebarNavigationItem=Contents|ActiveRightSidebarNavigationItem=Insights|AreInterlinearsVisible=false|Locator=false|MultiViewEnabled=true|MultiViewLayoutIsVertical=false|ParallelResourceSetName=allparallelresources|ReverseInterlinear=true|ReverseInterlinearRows=Surface,MSS,Lemma,Morph,Stro
2026-07-31 06:20:55.7795  INFO 9 VerseOfTheDayVisualFilter | Calculated markup for LLS:1.0.710 3232981:1866. (0ms)
2026-07-31 06:20:55.7822  INFO 57 BkIndicatorVisualFilterBase | Calculated markup for LLS:1.0.710 3232981:1866. (2ms)
2026-07-31 06:20:55.7824  INFO 76 BkIndicatorVisualFilterBase | Calculated markup for LLS:1.0.710 3232981:1866. (2ms)
2026-07-31 06:20:55.7839  INFO 4 ActiveWordNumbersVisualFilter | Calculated markup for LLS:1.0.710 3232981:1866. (4ms)
2026-07-31 06:20:55.7929  INFO 70 CorrespondingWordsUserVisualFilter | Calculated markup for LLS:1.0.710 3232981:1866. (13ms)
2026-07-31 06:20:55.8152  INFO 68 AtlasMapsVisualFilter | Calculated markup for LLS:1.0.710 3232981:1866. (35ms)
2026-07-31 06:20:56.3186  INFO 32 SyncManager | Requesting sync on all sync clients
2026-07-31 06:20:56.3658  INFO 32 SyncClient | Found 2 items to submit for PreferencesSyncItem
2026-07-31 06:20:56.3658  INFO 32 SyncClient | (Timed) Submitting 2 of 2 items.
2026-07-31 06:20:56.5037  INFO 32 SyncClient | (138ms) Submitting 2 of 2 items.
2026-07-31 06:20:56.5038  INFO 32 SyncClient | Integrated 2 successes, 0 conflicts, and 0 errors.
2026-07-31 06:20:56.5039  INFO 32 SyncClient | Downloading items for PreferencesSyncItem
2026-07-31 06:20:56.6189  INFO 32 SyncClient | New last known milestones: {"itemMilestone":"419008"}
2026-07-31 06:20:56.6707  INFO 32 SyncClient | Found 1 items to submit for ReadingProgressSyncItem
2026-07-31 06:20:56.6708  INFO 32 SyncClient | (Timed) Submitting 1 of 1 items.
2026-07-31 06:20:56.8053  INFO 32 SyncClient | (134ms) Submitting 1 of 1 items.
2026-07-31 06:20:56.8054  INFO 32 SyncClient | Integrated 1 successes, 0 conflicts, and 0 errors.
2026-07-31 06:20:56.8057  INFO 32 SyncClient | Downloading items for ReadingProgressSyncItem
2026-07-31 06:20:56.9024  INFO 32 SyncClient | New last known milestones: {"itemMilestone":"44743865"}
2026-07-31 06:20:56.9142  INFO 32 SyncClient | Found 2 items to submit for HistorySyncItem
2026-07-31 06:20:56.9142  INFO 32 SyncClient | (Timed) Submitting 2 of 2 items.
2026-07-31 06:20:57.0534  INFO 32 SyncClient | (139ms) Submitting 2 of 2 items.
2026-07-31 06:20:57.0536  INFO 32 SyncClient | Integrated 2 successes, 0 conflicts, and 0 errors.
2026-07-31 06:20:57.0539  INFO 32 SyncClient | Downloading items for HistorySyncItem
2026-07-31 06:20:57.1535  INFO 32 SyncClient | New last known milestones: {"itemMilestone":"180905"}
2026-07-31 06:20:57.1595  INFO 32 SyncManager | Finished requesting sync on all sync clients.
2026-07-31 06:20:58.9687  INFO 70 OtherMediaVisualFilter | Calculated markup for LLS:1.0.710 3232981:1866. (3189ms)
2026-07-31 06:20:59.3514  INFO 1 PanelViewModel | Got Resource panel settings for Preferences: ActiveLeftSidebarNavigationItem=Contents|ActiveRightSidebarNavigationItem=Insights|AreInterlinearsVisible=false|Locator=false|MultiViewEnabled=true|MultiViewLayoutIsVertical=false|ParallelResourceSetName=allparallelresources|ReverseInterlinear=true|ReverseInterlinearRows=Surface,MSS,Lemma,Morph,Stro
2026-07-31 06:21:04.1901  INFO 4 WebServiceClient | Checking for new license compared to W/"a5d72db1-ccfe-4785-a82b-0aad7de4d474"
2026-07-31 06:21:04.6091  INFO 68 WebServiceClient | License check revealed no new license version.
2026-07-31 06:21:12.1415  INFO 1 PanelViewModel | Applying AddNewTab panel settings for Preferences: TextSize=12
2026-07-31 06:21:12.1416  INFO 1 PanelViewModel | Updated AddNewTab panel text size to 12.
2026-07-31 06:21:12.1638  INFO 1 PanelViewModel | Got AddNewTab panel settings for History: 
2026-07-31 06:21:12.3605  INFO 41 LocalFileDatabase | Connection opened (1ms): /Users/mjwebster/Library/Application Support/Logos4/Data/wq8ubj9r.32o/LibraryCatalog/catalog.db
2026-07-31 06:21:12.3605  INFO 43 LocalFileDatabase | Connection opened (1ms): /Users/mjwebster/Library/Application Support/Logos4/Data/wq8ubj9r.32o/LibraryCatalog/catalog.db
2026-07-31 06:21:12.3605  INFO 67 LocalFileDatabase | Connection opened (1ms): /Users/mjwebster/Library/Application Support/Logos4/Data/wq8ubj9r.32o/LibraryCatalog/catalog.db
2026-07-31 06:21:12.3605  INFO 50 LocalFileDatabase | Connection opened (1ms): /Users/mjwebster/Library/Application Support/Logos4/Data/wq8ubj9r.32o/LibraryCatalog/catalog.db
2026-07-31 06:21:12.3605  INFO 57 LocalFileDatabase | Connection opened (1ms): /Users/mjwebster/Library/Application Support/Logos4/Data/wq8ubj9r.32o/LibraryCatalog/catalog.db
2026-07-31 06:21:12.3605  INFO 68 LocalFileDatabase | Connection opened (1ms): /Users/mjwebster/Library/Application Support/Logos4/Data/wq8ubj9r.32o/LibraryCatalog/catalog.db
2026-07-31 06:21:12.3605  INFO 44 LocalFileDatabase | Connection opened (1ms): /Users/mjwebster/Library/Application Support/Logos4/Data/wq8ubj9r.32o/LibraryCatalog/catalog.db
2026-07-31 06:21:12.3606  INFO 42 LocalFileDatabase | Connection opened (1ms): /Users/mjwebster/Library/Application Support/Logos4/Data/wq8ubj9r.32o/LibraryCatalog/catalog.db
2026-07-31 06:21:12.3605  INFO 21 LocalFileDatabase | Connection opened (1ms): /Users/mjwebster/Library/Application Support/Logos4/Data/wq8ubj9r.32o/LibraryCatalog/catalog.db
2026-07-31 06:21:12.3606  INFO 9 LocalFileDatabase | Connection opened (1ms): /Users/mjwebster/Library/Application Support/Logos4/Data/wq8ubj9r.32o/LibraryCatalog/catalog.db
2026-07-31 06:21:12.3606  INFO 45 LocalFileDatabase | Connection opened (1ms): /Users/mjwebster/Library/Application Support/Logos4/Data/wq8ubj9r.32o/LibraryCatalog/catalog.db
2026-07-31 06:21:12.3607  INFO 73 LocalFileDatabase | Connection opened (1ms): /Users/mjwebster/Library/Application Support/Logos4/Data/wq8ubj9r.32o/LibraryCatalog/catalog.db
2026-07-31 06:21:12.3607  INFO 52 LocalFileDatabase | Connection opened (1ms): /Users/mjwebster/Library/Application Support/Logos4/Data/wq8ubj9r.32o/LibraryCatalog/catalog.db
2026-07-31 06:21:12.4523 ERROR 50 ResourceCoverDownloadManager | Error downloading image from 'https://covers.logoscdn.com/pbb_24034e066ddc4932beba8d453d599173/cover.jpg'; cover image will not be updated.
2026-07-31 06:21:12.5378 ERROR 56 ResourceCoverDownloadManager | Error downloading image from 'https://covers.logoscdn.com/pbb_7de223606c57454a893c3b1ab9af820f/cover.jpg'; cover image will not be updated.
2026-07-31 06:21:12.6280 ERROR 50 ResourceCoverDownloadManager | Error downloading image from 'https://covers.logoscdn.com/pbb_29d24f607bda4aee94d977ba6706a73b/cover.jpg'; cover image will not be updated.
2026-07-31 06:21:12.6419 ERROR 21 ResourceCoverDownloadManager | Error downloading image from 'https://covers.logoscdn.com/pbb_b665af40e75248e3925fd0b72abb254e/cover.jpg'; cover image will not be updated.
2026-07-31 06:21:13.3219  INFO 74 DocumentManager | (Timed) Rebuilding document index.
2026-07-31 06:21:13.7312  INFO 74 ClientNotesApi | Found 628 notes. (8ms) {"filters":[{"field":"notebook","value":""}],"noteFields":["id","content","anchors","tags"],"noteLimit":2147483647,"anchorSettings":{"textRange":{"referenceField":true}}}
2026-07-31 06:21:13.7736  INFO 74 ClientNotesApi | Found 44 notebooks. (0ms) {"notebookFields":["id","title"],"limit":2147483647}
2026-07-31 06:21:13.7769  INFO 74 ClientNotesApi | Found 2 notes. (3ms) {"filters":[{"field":"notebook","value":"d3b1a30a1a38443f833164d9d14b4d44"}],"noteFields":["id","content","anchors","tags"],"noteLimit":2147483647,"anchorSettings":{"textRange":{"referenceField":true}}}
2026-07-31 06:21:13.7808  INFO 74 ClientNotesApi | Found 1 notes. (2ms) {"filters":[{"field":"notebook","value":"c790f28bb04c44ad9d83e6b726753f1c"}],"noteFields":["id","content","anchors","tags"],"noteLimit":2147483647,"anchorSettings":{"textRange":{"referenceField":true}}}
2026-07-31 06:21:13.7842  INFO 74 ClientNotesApi | Found 156 notes. (3ms) {"filters":[{"field":"notebook","value":"cd2bec22b543472fb6d3e8d1018a7d27"}],"noteFields":["id","content","anchors","tags"],"noteLimit":2147483647,"anchorSettings":{"textRange":{"referenceField":true}}}
2026-07-31 06:21:13.7872  INFO 74 ClientNotesApi | Found 2 notes. (2ms) {"filters":[{"field":"notebook","value":"6b0c55f79a77459b91cf6e87142b7b20"}],"noteFields":["id","content","anchors","tags"],"noteLimit":2147483647,"anchorSettings":{"textRange":{"referenceField":true}}}
2026-07-31 06:21:13.7911  INFO 74 ClientNotesApi | Found 4 notes. (3ms) {"filters":[{"field":"notebook","value":"0706044a3d7245ffb368c336ffb497b3"}],"noteFields":["id","content","anchors","tags"],"noteLimit":2147483647,"anchorSettings":{"textRange":{"referenceField":true}}}
2026-07-31 06:21:13.7965  INFO 74 ClientNotesApi | Found 1 notes. (2ms) {"filters":[{"field":"notebook","value":"569667d92c9b42a396beea033c98eae4"}],"noteFields":["id","content","anchors","tags"],"noteLimit":2147483647,"anchorSettings":{"textRange":{"referenceField":true}}}
2026-07-31 06:21:13.8022  INFO 74 ClientNotesApi | Found 1 notes. (3ms) {"filters":[{"field":"notebook","value":"f6dbd12c182441a2a9c5bf1a8ee799f0"}],"noteFields":["id","content","anchors","tags"],"noteLimit":2147483647,"anchorSettings":{"textRange":{"referenceField":true}}}
2026-07-31 06:21:13.8059  INFO 74 ClientNotesApi | Found 0 notes. (2ms) {"filters":[{"field":"notebook","value":"27c2a334aef9408a89429d23f14d7eaf"}],"noteFields":["id","content","anchors","tags"],"noteLimit":2147483647,"anchorSettings":{"textRange":{"referenceField":true}}}
2026-07-31 06:21:13.8088  INFO 74 ClientNotesApi | Found 1 notes. (2ms) {"filters":[{"field":"notebook","value":"f48ac39454b64dac8c5f9957b8080f2f"}],"noteFields":["id","content","anchors","tags"],"noteLimit":2147483647,"anchorSettings":{"textRange":{"referenceField":true}}}
2026-07-31 06:21:13.8150  INFO 74 ClientNotesApi | Found 1 notes. (2ms) {"filters":[{"field":"notebook","value":"7083347aae1a471cb33751bd15325e28"}],"noteFields":["id","content","anchors","tags"],"noteLimit":2147483647,"anchorSettings":{"textRange":{"referenceField":true}}}
2026-07-31 06:21:13.8206  INFO 74 ClientNotesApi | Found 1 notes. (5ms) {"filters":[{"field":"notebook","value":"a444ef821d4946a085d8a42db72530d2"}],"noteFields":["id","content","anchors","tags"],"noteLimit":2147483647,"anchorSettings":{"textRange":{"referenceField":true}}}
2026-07-31 06:21:13.8239  INFO 74 ClientNotesApi | Found 2 notes. (2ms) {"filters":[{"field":"notebook","value":"16a5a443b2a54873883de2ca1d403268"}],"noteFields":["id","content","anchors","tags"],"noteLimit":2147483647,"anchorSettings":{"textRange":{"referenceField":true}}}
2026-07-31 06:21:13.8279  INFO 74 ClientNotesApi | Found 2 notes. (2ms) {"filters":[{"field":"notebook","value":"61b2ed2fb8944b20b27ae72c7777d8e1"}],"noteFields":["id","content","anchors","tags"],"noteLimit":2147483647,"anchorSettings":{"textRange":{"referenceField":true}}}
2026-07-31 06:21:13.8580  INFO 74 ClientNotesApi | Found 5585 notes. (29ms) {"filters":[{"field":"notebook","value":"3b3966aeb7bc46e7b3324523911bd52c"}],"noteFields":["id","content","anchors","tags"],"noteLimit":2147483647,"anchorSettings":{"textRange":{"referenceField":true}}}
2026-07-31 06:21:14.3247  INFO 74 ClientNotesApi | Found 7 notes. (3ms) {"filters":[{"field":"notebook","value":"d379982634d246dda048f47f8cb9492e"}],"noteFields":["id","content","anchors","tags"],"noteLimit":2147483647,"anchorSettings":{"textRange":{"referenceField":true}}}
2026-07-31 06:21:14.3533  INFO 74 ClientNotesApi | Found 155 notes. (3ms) {"filters":[{"field":"notebook","value":"9614a1ef591940968e9582942718f629"}],"noteFields":["id","content","anchors","tags"],"noteLimit":2147483647,"anchorSettings":{"textRange":{"referenceField":true}}}
2026-07-31 06:21:14.3714  INFO 74 ClientNotesApi | Found 1 notes. (3ms) {"filters":[{"field":"notebook","value":"6f208182392546039e393728367b1c0e"}],"noteFields":["id","content","anchors","tags"],"noteLimit":2147483647,"anchorSettings":{"textRange":{"referenceField":true}}}
2026-07-31 06:21:14.3755  INFO 74 ClientNotesApi | Found 1 notes. (2ms) {"filters":[{"field":"notebook","value":"6689cebe511048da9a8eee9a7fdf0897"}],"noteFields":["id","content","anchors","tags"],"noteLimit":2147483647,"anchorSettings":{"textRange":{"referenceField":true}}}
2026-07-31 06:21:14.3790  INFO 74 ClientNotesApi | Found 365 notes. (3ms) {"filters":[{"field":"notebook","value":"4f7d264621014a0c8d595568bd216332"}],"noteFields":["id","content","anchors","tags"],"noteLimit":2147483647,"anchorSettings":{"textRange":{"referenceField":true}}}
2026-07-31 06:21:14.3844  INFO 74 ClientNotesApi | Found 9 notes. (2ms) {"filters":[{"field":"notebook","value":"cb8af2c9931e4e60a317fa372aa162b7"}],"noteFields":["id","content","anchors","tags"],"noteLimit":2147483647,"anchorSettings":{"textRange":{"referenceField":true}}}
2026-07-31 06:21:14.3905  INFO 74 ClientNotesApi | Found 2 notes. (2ms) {"filters":[{"field":"notebook","value":"94d255a2e61141198ca1e916296b849f"}],"noteFields":["id","content","anchors","tags"],"noteLimit":2147483647,"anchorSettings":{"textRange":{"referenceField":true}}}
2026-07-31 06:21:14.3937  INFO 74 ClientNotesApi | Found 2 notes. (2ms) {"filters":[{"field":"notebook","value":"ce4d15a876504618bca10dba63cdacda"}],"noteFields":["id","content","anchors","tags"],"noteLimit":2147483647,"anchorSettings":{"textRange":{"referenceField":true}}}
2026-07-31 06:21:14.3978  INFO 74 ClientNotesApi | Found 265 notes. (3ms) {"filters":[{"field":"notebook","value":"518fc0d1e0bd42f7a75a015120088122"}],"noteFields":["id","content","anchors","tags"],"noteLimit":2147483647,"anchorSettings":{"textRange":{"referenceField":true}}}
2026-07-31 06:21:14.4161  INFO 74 ClientNotesApi | Found 2 notes. (2ms) {"filters":[{"field":"notebook","value":"7cf3ff21f84e4cdc9c67b89d89487499"}],"noteFields":["id","content","anchors","tags"],"noteLimit":2147483647,"anchorSettings":{"textRange":{"referenceField":true}}}
2026-07-31 06:21:14.4192  INFO 74 ClientNotesApi | Found 182 notes. (2ms) {"filters":[{"field":"notebook","value":"a45b7adf39ea4f91aec293491e0381a4"}],"noteFields":["id","content","anchors","tags"],"noteLimit":2147483647,"anchorSettings":{"textRange":{"referenceField":true}}}
2026-07-31 06:21:14.4225  INFO 74 ClientNotesApi | Found 18 notes. (2ms) {"filters":[{"field":"notebook","value":"e2bb5243c10947c58c2e1c2a703df910"}],"noteFields":["id","content","anchors","tags"],"noteLimit":2147483647,"anchorSettings":{"textRange":{"referenceField":true}}}
2026-07-31 06:21:14.4285  INFO 74 ClientNotesApi | Found 1 notes. (2ms) {"filters":[{"field":"notebook","value":"abbfddffeee34a568729e0fbc03fc062"}],"noteFields":["id","content","anchors","tags"],"noteLimit":2147483647,"anchorSettings":{"textRange":{"referenceField":true}}}
2026-07-31 06:21:14.4312  INFO 74 ClientNotesApi | Found 1 notes. (2ms) {"filters":[{"field":"notebook","value":"2d1211855a4d4778b0dff78f7bb19e74"}],"noteFields":["id","content","anchors","tags"],"noteLimit":2147483647,"anchorSettings":{"textRange":{"referenceField":true}}}
2026-07-31 06:21:14.4343  INFO 74 ClientNotesApi | Found 75 notes. (2ms) {"filters":[{"field":"notebook","value":"692a4a0e1a0a401fa225c8c3c6bc8fbf"}],"noteFields":["id","content","anchors","tags"],"noteLimit":2147483647,"anchorSettings":{"textRange":{"referenceField":true}}}
2026-07-31 06:21:14.4371  INFO 74 ClientNotesApi | Found 1 notes. (2ms) {"filters":[{"field":"notebook","value":"e04893d5314c47ca829c20804916a768"}],"noteFields":["id","content","anchors","tags"],"noteLimit":2147483647,"anchorSettings":{"textRange":{"referenceField":true}}}
2026-07-31 06:21:14.4395  INFO 74 ClientNotesApi | Found 2 notes. (2ms) {"filters":[{"field":"notebook","value":"4694b0165771411d8774ecf577ad3132"}],"noteFields":["id","content","anchors","tags"],"noteLimit":2147483647,"anchorSettings":{"textRange":{"referenceField":true}}}
2026-07-31 06:21:14.4425  INFO 74 ClientNotesApi | Found 2 notes. (2ms) {"filters":[{"field":"notebook","value":"cb164988e79743d185edb5b31acbf3d0"}],"noteFields":["id","content","anchors","tags"],"noteLimit":2147483647,"anchorSettings":{"textRange":{"referenceField":true}}}
2026-07-31 06:21:14.4455  INFO 74 ClientNotesApi | Found 13 notes. (2ms) {"filters":[{"field":"notebook","value":"cc8b9fdaf8044972a885f3ec9cd13a38"}],"noteFields":["id","content","anchors","tags"],"noteLimit":2147483647,"anchorSettings":{"textRange":{"referenceField":true}}}
2026-07-31 06:21:14.4491  INFO 74 ClientNotesApi | Found 4 notes. (2ms) {"filters":[{"field":"notebook","value":"b121b8e056764e9ea3e7650d7d722692"}],"noteFields":["id","content","anchors","tags"],"noteLimit":2147483647,"anchorSettings":{"textRange":{"referenceField":true}}}
2026-07-31 06:21:14.4531  INFO 74 ClientNotesApi | Found 13 notes. (2ms) {"filters":[{"field":"notebook","value":"ee04fc73725c4507b709c4c131842704"}],"noteFields":["id","content","anchors","tags"],"noteLimit":2147483647,"anchorSettings":{"textRange":{"referenceField":true}}}
2026-07-31 06:21:14.4572  INFO 74 ClientNotesApi | Found 1 notes. (2ms) {"filters":[{"field":"notebook","value":"737bd40281a34ef791a0bab11a00fdcd"}],"noteFields":["id","content","anchors","tags"],"noteLimit":2147483647,"anchorSettings":{"textRange":{"referenceField":true}}}
2026-07-31 06:21:14.4600  INFO 74 ClientNotesApi | Found 11 notes. (2ms) {"filters":[{"field":"notebook","value":"388767e268c442e28e8f7de80cb14312"}],"noteFields":["id","content","anchors","tags"],"noteLimit":2147483647,"anchorSettings":{"textRange":{"referenceField":true}}}
2026-07-31 06:21:14.4768  INFO 74 ClientNotesApi | Found 1191 notes. (8ms) {"filters":[{"field":"notebook","value":"259308aef3e44419bf020534b0da1c3d"}],"noteFields":["id","content","anchors","tags"],"noteLimit":2147483647,"anchorSettings":{"textRange":{"referenceField":true}}}
2026-07-31 06:21:14.5813  INFO 74 ClientNotesApi | Found 6 notes. (3ms) {"filters":[{"field":"notebook","value":"92dd16250b8340b8a1e13dbc5147c727"}],"noteFields":["id","content","anchors","tags"],"noteLimit":2147483647,"anchorSettings":{"textRange":{"referenceField":true}}}
2026-07-31 06:21:14.5864  INFO 74 ClientNotesApi | Found 4 notes. (2ms) {"filters":[{"field":"notebook","value":"b3eaf1c3cc98479bb1f6a78ffbe17f28"}],"noteFields":["id","content","anchors","tags"],"noteLimit":2147483647,"anchorSettings":{"textRange":{"referenceField":true}}}
2026-07-31 06:21:14.5896  INFO 74 ClientNotesApi | Found 8 notes. (2ms) {"filters":[{"field":"notebook","value":"27efb5d26d524041b615a46d3164ef3f"}],"noteFields":["id","content","anchors","tags"],"noteLimit":2147483647,"anchorSettings":{"textRange":{"referenceField":true}}}
2026-07-31 06:21:14.5950  INFO 74 ClientNotesApi | Found 2 notes. (2ms) {"filters":[{"field":"notebook","value":"4a1dd99f87764631b32c64a6140ca3e5"}],"noteFields":["id","content","anchors","tags"],"noteLimit":2147483647,"anchorSettings":{"textRange":{"referenceField":true}}}
2026-07-31 06:21:14.5982  INFO 74 ClientNotesApi | Found 33 notes. (3ms) {"filters":[{"field":"notebook","value":"e10df7bbf64f45799bbd98bd3d9f2340"}],"noteFields":["id","content","anchors","tags"],"noteLimit":2147483647,"anchorSettings":{"textRange":{"referenceField":true}}}
2026-07-31 06:21:14.6213  INFO 74 ClientNotesApi | Found 1 notes. (3ms) {"filters":[{"field":"notebook","value":"9681eb4fd34a41c6b5fe234ae1c0470d"}],"noteFields":["id","content","anchors","tags"],"noteLimit":2147483647,"anchorSettings":{"textRange":{"referenceField":true}}}
2026-07-31 06:21:15.0724  INFO 4 MultipleFilesPostingFileWriter | Closing index streams
2026-07-31 06:21:15.3023  INFO 1 PanelViewModel | Applying Resource panel settings for Preferences: Locator=false|TextSize=14.666666666666666
2026-07-31 06:21:15.3023  INFO 1 PanelViewModel | Updated Resource panel text size to 14.666666666666666.
2026-07-31 06:21:15.3023  INFO 1 PanelViewModel | Navigating Resource panel to: Id=LLS:1.0.171|SourcePanelId=9791d6f9-02e3-4e84-b276-2e1227fd1ef8
2026-07-31 06:21:15.3023  INFO 1 PanelViewModel | Applying Resource panel settings for Bookmark: Id=LLS:1.0.171|SourcePanelId=9791d6f9-02e3-4e84-b276-2e1227fd1ef8
2026-07-31 06:21:15.3056  INFO 21 ResourcePanelMultiResourceConfigViewModel | Found 3628 potential guest resources. (3ms)
2026-07-31 06:21:15.3075  INFO 74 DocumentManager | (Timed) Attempting to replace index '/Users/mjwebster/Library/Application Support/Logos4/Documents/wq8ubj9r.32o/Documents/documents' with new index '/Users/mjwebster/Library/Application Support/Logos4/Documents/wq8ubj9r.32o/Documents/qsadhktq.1rb'.
2026-07-31 06:21:15.3075  INFO 74 FileSystemIndexInfo | Replacing /Users/mjwebster/Library/Application Support/Logos4/Documents/wq8ubj9r.32o/Documents/documents with /Users/mjwebster/Library/Application Support/Logos4/Documents/wq8ubj9r.32o/Documents/qsadhktq.1rb
2026-07-31 06:21:15.3191  INFO 1 ResourcePanelViewModel | Updating 1 ResourceViewModels for host: LLS:1.0.171 with configuration: LLS:1.0.171
2026-07-31 06:21:15.3272  INFO 1 PanelViewModel | Applying Resource panel settings for Preferences: ActiveLeftSidebarNavigationItem=Favorites|ActiveRightSidebarNavigationItem=Summarization|AreInterlinearsVisible=false|Milestone=DataType%3dbible+nlt%7cResource%3dLLS:1.0.171%7cStartSegment%3d1543313%7cVersion%3d2021-09-17T15:11:23Z|MultiViewEnabled=true|MultiViewLayoutIsVertical=false|ParallelResour
2026-07-31 06:21:15.3277  INFO 1 PanelViewModel | Updated Resource panel text size to 16.
2026-07-31 06:21:15.3475  INFO 21 LibrarySearcher | (Timed) Searching SingleResource for: lemma.h:אֶ֫רֶץ
2026-07-31 06:21:15.3477  INFO 57 LibrarySearcher | (Timed) Searching SingleResource for: lemma.h:אֵיפָה
2026-07-31 06:21:15.3478  INFO 76 LibrarySearcher | (Timed) Searching SingleResource for: lemma.h:=יהוה
2026-07-31 06:21:15.3481  INFO 56 LibrarySearcher | (Timed) Searching SingleResource for: lemma.h:חֶ֫סֶד.2
2026-07-31 06:21:15.3484  INFO 21 SimpleQueryUtility | (Timed) Performing section search
2026-07-31 06:21:15.3485  INFO 76 SimpleQueryUtility | (Timed) Performing section search
2026-07-31 06:21:15.3489  INFO 57 SimpleQueryUtility | (Timed) Performing section search
2026-07-31 06:21:15.3525  INFO 21 SimpleQueryUtility | (4ms) Performing section search
2026-07-31 06:21:15.3525  INFO 57 SimpleQueryUtility | (4ms) Performing section search
2026-07-31 06:21:15.3525  INFO 76 SimpleQueryUtility | (4ms) Performing section search
2026-07-31 06:21:15.3526  INFO 56 SimpleQueryUtility | (Timed) Performing section search
2026-07-31 06:21:15.3527  INFO 57 LibrarySearcher | (5ms) Searching SingleResource for: lemma.h:אֵיפָה
2026-07-31 06:21:15.3527  INFO 57 VisualFilterDocumentUserVisualFilterManager | Found 44 results in LLS:1.0.171 (4ms): lemma.h:אֵיפָה
2026-07-31 06:21:15.3528  INFO 21 LibrarySearcher | (5ms) Searching SingleResource for: lemma.h:אֶ֫רֶץ
2026-07-31 06:21:15.3529  INFO 76 LibrarySearcher | (5ms) Searching SingleResource for: lemma.h:=יהוה
2026-07-31 06:21:15.3530  INFO 56 SimpleQueryUtility | (0ms) Performing section search
2026-07-31 06:21:15.3530  INFO 57 LibrarySearcher | (Timed) Searching SingleResource for: lemma.h:הִין
2026-07-31 06:21:15.3531  INFO 21 VisualFilterDocumentUserVisualFilterManager | Found 2573 results in LLS:1.0.171 (5ms): lemma.h:אֶ֫רֶץ
2026-07-31 06:21:15.3532  INFO 56 LibrarySearcher | (5ms) Searching SingleResource for: lemma.h:חֶ֫סֶד.2
2026-07-31 06:21:15.3533  INFO 56 VisualFilterDocumentUserVisualFilterManager | Found 253 results in LLS:1.0.171 (5ms): lemma.h:חֶ֫סֶד.2
2026-07-31 06:21:15.3577  INFO 76 VisualFilterDocumentUserVisualFilterManager | Found 6832 results in LLS:1.0.171 (9ms): lemma.h:=יהוה
2026-07-31 06:21:15.3577  INFO 21 LibrarySearcher | (Timed) Searching SingleResource for: lemma.g:αἰών
2026-07-31 06:21:15.3577  INFO 56 LibrarySearcher | (Timed) Searching SingleResource for: lemma.h:רַחֲמִים
2026-07-31 06:21:15.3583  INFO 21 SimpleQueryUtility | (Timed) Performing section search
2026-07-31 06:21:15.3585  INFO 57 SimpleQueryUtility | (Timed) Performing section search
2026-07-31 06:21:15.3586  INFO 76 LibrarySearcher | (Timed) Searching SingleResource for: lemma.h:אֱלֹהִים
2026-07-31 06:21:15.3587  INFO 21 SimpleQueryUtility | (0ms) Performing section search
2026-07-31 06:21:15.3587  INFO 57 SimpleQueryUtility | (0ms) Performing section search
2026-07-31 06:21:15.3588  INFO 21 LibrarySearcher | (1ms) Searching SingleResource for: lemma.g:αἰών
2026-07-31 06:21:15.3588  INFO 21 VisualFilterDocumentUserVisualFilterManager | Found 126 results in LLS:1.0.171 (1ms): lemma.g:αἰών
2026-07-31 06:21:15.3589  INFO 21 LibrarySearcher | (Timed) Searching SingleResource for: lemma.g:κόσμος
2026-07-31 06:21:15.3590  INFO 57 LibrarySearcher | (6ms) Searching SingleResource for: lemma.h:הִין
2026-07-31 06:21:15.3590  INFO 57 VisualFilterDocumentUserVisualFilterManager | Found 22 results in LLS:1.0.171 (5ms): lemma.h:הִין
2026-07-31 06:21:15.3590  INFO 57 LibrarySearcher | (Timed) Searching SingleResource for: lemma.h:לֹג
2026-07-31 06:21:15.3591  INFO 56 SimpleQueryUtility | (Timed) Performing section search
2026-07-31 06:21:15.3591  INFO 76 SimpleQueryUtility | (Timed) Performing section search
2026-07-31 06:21:15.3592  INFO 4 LibrarySearcher | (Timed) Searching SingleResource for: lemma.g:δίκαιος OR lemma.g:δίκαιος OR lemma.g:νόμος
2026-07-31 06:21:15.3593  INFO 56 SimpleQueryUtility | (0ms) Performing section search
2026-07-31 06:21:15.3594  INFO 56 LibrarySearcher | (2ms) Searching SingleResource for: lemma.h:רַחֲמִים
2026-07-31 06:21:15.3594  INFO 21 SimpleQueryUtility | (Timed) Performing section search
2026-07-31 06:21:15.3594  INFO 56 VisualFilterDocumentUserVisualFilterManager | Found 41 results in LLS:1.0.171 (1ms): lemma.h:רַחֲמִים
2026-07-31 06:21:15.3594  INFO 21 SimpleQueryUtility | (0ms) Performing section search
2026-07-31 06:21:15.3595  INFO 21 LibrarySearcher | (1ms) Searching SingleResource for: lemma.g:κόσμος
2026-07-31 06:21:15.3595  INFO 21 VisualFilterDocumentUserVisualFilterManager | Found 187 results in LLS:1.0.171 (0ms): lemma.g:κόσμος
2026-07-31 06:21:15.3610  INFO 76 SimpleQueryUtility | (2ms) Performing section search
2026-07-31 06:21:15.3610  INFO 21 LibrarySearcher | (Timed) Searching SingleResource for: lemma.h:מַלְאָךְ
2026-07-31 06:21:15.3610  INFO 57 SimpleQueryUtility | (Timed) Performing section search
2026-07-31 06:21:15.3612  INFO 76 LibrarySearcher | (3ms) Searching SingleResource for: lemma.h:אֱלֹהִים
2026-07-31 06:21:15.3614  INFO 76 VisualFilterDocumentUserVisualFilterManager | Found 2608 results in LLS:1.0.171 (2ms): lemma.h:אֱלֹהִים
2026-07-31 06:21:15.3614  INFO 21 SimpleQueryUtility | (Timed) Performing section search
2026-07-31 06:21:15.3614  INFO 57 SimpleQueryUtility | (0ms) Performing section search
2026-07-31 06:21:15.3614  INFO 21 SimpleQueryUtility | (0ms) Performing section search
2026-07-31 06:21:15.3615  INFO 57 LibrarySearcher | (2ms) Searching SingleResource for: lemma.h:לֹג
2026-07-31 06:21:15.3615  INFO 57 VisualFilterDocumentUserVisualFilterManager | Found 5 results in LLS:1.0.171 (2ms): lemma.h:לֹג
2026-07-31 06:21:15.3617  INFO 76 LibrarySearcher | (Timed) Searching SingleResource for: lemma.h:=אָדוֹן
2026-07-31 06:21:15.3617  INFO 21 LibrarySearcher | (1ms) Searching SingleResource for: lemma.h:מַלְאָךְ
2026-07-31 06:21:15.3617  INFO 21 VisualFilterDocumentUserVisualFilterManager | Found 215 results in LLS:1.0.171 (2ms): lemma.h:מַלְאָךְ
2026-07-31 06:21:15.3620  INFO 76 SimpleQueryUtility | (Timed) Performing section search
2026-07-31 06:21:15.3620  INFO 57 LibrarySearcher | (Timed) Searching SingleResource for: lemma.h:עֹ֫מֶר.2
2026-07-31 06:21:15.3622  INFO 76 SimpleQueryUtility | (0ms) Performing section search
2026-07-31 06:21:15.3624  INFO 76 LibrarySearcher | (1ms) Searching SingleResource for: lemma.h:=אָדוֹן
2026-07-31 06:21:15.3639  INFO 76 VisualFilterDocumentUserVisualFilterManager | Found 773 results in LLS:1.0.171 (2ms): lemma.h:=אָדוֹן
2026-07-31 06:21:15.3640  INFO 76 LibrarySearcher | (Timed) Searching SingleResource for: lemma.g:θεός
2026-07-31 06:21:15.3643  INFO 57 SimpleQueryUtility | (Timed) Performing section search
2026-07-31 06:21:15.3643  INFO 76 SimpleQueryUtility | (Timed) Performing section search
2026-07-31 06:21:15.3644  INFO 57 SimpleQueryUtility | (0ms) Performing section search
2026-07-31 06:21:15.3645  INFO 57 LibrarySearcher | (2ms) Searching SingleResource for: lemma.h:עֹ֫מֶר.2
2026-07-31 06:21:15.3645  INFO 57 VisualFilterDocumentUserVisualFilterManager | Found 6 results in LLS:1.0.171 (2ms): lemma.h:עֹ֫מֶר.2
2026-07-31 06:21:15.3646  INFO 57 LibrarySearcher | (Timed) Searching SingleResource for: lemma.h:סְאָה
2026-07-31 06:21:15.3648  INFO 76 SimpleQueryUtility | (0ms) Performing section search
2026-07-31 06:21:15.3650  INFO 76 LibrarySearcher | (1ms) Searching SingleResource for: lemma.g:θεός
2026-07-31 06:21:15.3651  INFO 76 VisualFilterDocumentUserVisualFilterManager | Found 1317 results in LLS:1.0.171 (1ms): lemma.g:θεός
2026-07-31 06:21:15.3653  INFO 76 LibrarySearcher | (Timed) Searching SingleResource for: lemma.g:κύριος
2026-07-31 06:21:15.3654  INFO 57 SimpleQueryUtility | (Timed) Performing section search
2026-07-31 06:21:15.3655  INFO 57 SimpleQueryUtility | (0ms) Performing section search
2026-07-31 06:21:15.3656  INFO 76 SimpleQueryUtility | (Timed) Performing section search
2026-07-31 06:21:15.3656  INFO 57 LibrarySearcher | (1ms) Searching SingleResource for: lemma.h:סְאָה
2026-07-31 06:21:15.3657  INFO 57 VisualFilterDocumentUserVisualFilterManager | Found 9 results in LLS:1.0.171 (1ms): lemma.h:סְאָה
2026-07-31 06:21:15.3670  INFO 76 SimpleQueryUtility | (1ms) Performing section search
2026-07-31 06:21:15.3671  INFO 57 LibrarySearcher | (Timed) Searching SingleResource for: lemma.h:בַּת.2
2026-07-31 06:21:15.3671  INFO 76 LibrarySearcher | (2ms) Searching SingleResource for: lemma.g:κύριος
2026-07-31 06:21:15.3672  INFO 76 VisualFilterDocumentUserVisualFilterManager | Found 716 results in LLS:1.0.171 (1ms): lemma.g:κύριος
2026-07-31 06:21:15.3673  INFO 21 ContextInformationCache | (Timed) Initializing cache
2026-07-31 06:21:15.3673  INFO 76 LibrarySearcher | (Timed) Searching SingleResource for: lemma.g:ὕψιστος
2026-07-31 06:21:15.3677  INFO 76 SimpleQueryUtility | (Timed) Performing section search
2026-07-31 06:21:15.3677  INFO 76 SimpleQueryUtility | (0ms) Performing section search
2026-07-31 06:21:15.3679  INFO 76 LibrarySearcher | (1ms) Searching SingleResource for: lemma.g:ὕψιστος
2026-07-31 06:21:15.3679  INFO 76 VisualFilterDocumentUserVisualFilterManager | Found 16 results in LLS:1.0.171 (0ms): lemma.g:ὕψιστος
2026-07-31 06:21:15.3679  INFO 57 SimpleQueryUtility | (Timed) Performing section search
2026-07-31 06:21:15.3679  INFO 76 LibrarySearcher | (Timed) Searching SingleResource for: lemma.g:Ἐμμανουήλ
2026-07-31 06:21:15.3682  INFO 57 SimpleQueryUtility | (0ms) Performing section search
2026-07-31 06:21:15.3683  INFO 76 SimpleQueryUtility | (Timed) Performing section search
2026-07-31 06:21:15.3683  INFO 76 SimpleQueryUtility | (0ms) Performing section search
2026-07-31 06:21:15.3683  INFO 57 LibrarySearcher | (1ms) Searching SingleResource for: lemma.h:בַּת.2
2026-07-31 06:21:15.3683  INFO 57 VisualFilterDocumentUserVisualFilterManager | Found 15 results in LLS:1.0.171 (1ms): lemma.h:בַּת.2
2026-07-31 06:21:15.3705  INFO 57 LibrarySearcher | (Timed) Searching SingleResource for: lemma.h:קַב
2026-07-31 06:21:15.3705  INFO 76 LibrarySearcher | (3ms) Searching SingleResource for: lemma.g:Ἐμμανουήλ
2026-07-31 06:21:15.3705  INFO 76 VisualFilterDocumentUserVisualFilterManager | Found 1 results in LLS:1.0.171 (2ms): lemma.g:Ἐμμανουήλ
2026-07-31 06:21:15.3706  INFO 76 LibrarySearcher | (Timed) Searching SingleResource for: lemma.sesb.h:=יְהוָה
2026-07-31 06:21:15.3710  INFO 76 SimpleQueryUtility | (Timed) Performing section search
2026-07-31 06:21:15.3710  INFO 76 SimpleQueryUtility | (0ms) Performing section search
2026-07-31 06:21:15.3711  INFO 76 LibrarySearcher | (1ms) Searching SingleResource for: lemma.sesb.h:=יְהוָה
2026-07-31 06:21:15.3711  INFO 76 VisualFilterDocumentUserVisualFilterManager | Found 0 results in LLS:1.0.171 (0ms): lemma.sesb.h:=יְהוָה
2026-07-31 06:21:15.3712  INFO 76 LibrarySearcher | (Timed) Searching SingleResource for: lemma.sesb.h:=אָדֹון
2026-07-31 06:21:15.3713  INFO 57 SimpleQueryUtility | (Timed) Performing section search
2026-07-31 06:21:15.3714  INFO 57 SimpleQueryUtility | (0ms) Performing section search
2026-07-31 06:21:15.3715  INFO 76 SimpleQueryUtility | (Timed) Performing section search
2026-07-31 06:21:15.3715  INFO 76 SimpleQueryUtility | (0ms) Performing section search
2026-07-31 06:21:15.3715  INFO 57 LibrarySearcher | (1ms) Searching SingleResource for: lemma.h:קַב
2026-07-31 06:21:15.3715  INFO 57 VisualFilterDocumentUserVisualFilterManager | Found 1 results in LLS:1.0.171 (1ms): lemma.h:קַב
2026-07-31 06:21:15.3716  INFO 57 LibrarySearcher | (Timed) Searching SingleResource for: lemma.h:כֹּר
2026-07-31 06:21:15.3716  INFO 76 LibrarySearcher | (0ms) Searching SingleResource for: lemma.sesb.h:=אָדֹון
2026-07-31 06:21:15.3716  INFO 76 VisualFilterDocumentUserVisualFilterManager | Found 0 results in LLS:1.0.171 (0ms): lemma.sesb.h:=אָדֹון
2026-07-31 06:21:15.3717  INFO 76 LibrarySearcher | (Timed) Searching SingleResource for: lemma.sesb.h:=אֱלֹהִים
2026-07-31 06:21:15.3744  INFO 76 SimpleQueryUtility | (Timed) Performing section search
2026-07-31 06:21:15.3744  INFO 76 SimpleQueryUtility | (0ms) Performing section search
2026-07-31 06:21:15.3746  INFO 76 LibrarySearcher | (3ms) Searching SingleResource for: lemma.sesb.h:=אֱלֹהִים
2026-07-31 06:21:15.3746  INFO 76 VisualFilterDocumentUserVisualFilterManager | Found 0 results in LLS:1.0.171 (2ms): lemma.sesb.h:=אֱלֹהִים
2026-07-31 06:21:15.3746  INFO 57 SimpleQueryUtility | (Timed) Performing section search
2026-07-31 06:21:15.3747  INFO 76 LibrarySearcher | (Timed) Searching SingleResource for: lemma.h:=אֱלוֹהַּ
2026-07-31 06:21:15.3748  INFO 57 SimpleQueryUtility | (0ms) Performing section search
2026-07-31 06:21:15.3750  INFO 57 LibrarySearcher | (3ms) Searching SingleResource for: lemma.h:כֹּר
2026-07-31 06:21:15.3750  INFO 57 VisualFilterDocumentUserVisualFilterManager | Found 8 results in LLS:1.0.171 (3ms): lemma.h:כֹּר
2026-07-31 06:21:15.3751  INFO 76 SimpleQueryUtility | (Timed) Performing section search
2026-07-31 06:21:15.3751  INFO 76 SimpleQueryUtility | (0ms) Performing section search
2026-07-31 06:21:15.3753  INFO 76 LibrarySearcher | (1ms) Searching SingleResource for: lemma.h:=אֱלוֹהַּ
2026-07-31 06:21:15.3753  INFO 76 VisualFilterDocumentUserVisualFilterManager | Found 58 results in LLS:1.0.171 (0ms): lemma.h:=אֱלוֹהַּ
2026-07-31 06:21:15.3753  INFO 76 LibrarySearcher | (Timed) Searching SingleResource for: lemma.a:אֱלָהּ
2026-07-31 06:21:15.3757  INFO 76 SimpleQueryUtility | (Timed) Performing section search
2026-07-31 06:21:15.3757  INFO 76 SimpleQueryUtility | (0ms) Performing section search
2026-07-31 06:21:15.3759  INFO 76 LibrarySearcher | (1ms) Searching SingleResource for: lemma.a:אֱלָהּ
2026-07-31 06:21:15.3759  INFO 76 VisualFilterDocumentUserVisualFilterManager | Found 96 results in LLS:1.0.171 (0ms): lemma.a:אֱלָהּ
2026-07-31 06:21:15.3783  INFO 76 LibrarySearcher | (Timed) Searching SingleResource for: lemma.h:אֵל.5
2026-07-31 06:21:15.3785  INFO 57 LibrarySearcher | (Timed) Searching SingleResource for: "sabbath day's"
2026-07-31 06:21:15.3786  INFO 76 SimpleQueryUtility | (Timed) Performing section search
2026-07-31 06:21:15.3787  INFO 76 SimpleQueryUtility | (0ms) Performing section search
2026-07-31 06:21:15.3789  INFO 76 LibrarySearcher | (1ms) Searching SingleResource for: lemma.h:אֵל.5
2026-07-31 06:21:15.3789  INFO 76 VisualFilterDocumentUserVisualFilterManager | Found 235 results in LLS:1.0.171 (0ms): lemma.h:אֵל.5
2026-07-31 06:21:15.3801  INFO 57 SimpleQueryUtility | (Timed) Performing section search
2026-07-31 06:21:15.3808  INFO 57 SimpleQueryUtility | (1ms) Performing section search
2026-07-31 06:21:15.3810  INFO 57 LibrarySearcher | (2ms) Searching SingleResource for: "sabbath day's"
2026-07-31 06:21:15.3810  INFO 57 VisualFilterDocumentUserVisualFilterManager | Found 0 results in LLS:1.0.171 (2ms): "sabbath day's"
2026-07-31 06:21:15.3810  INFO 57 LibrarySearcher | (Timed) Searching SingleResource for: lemma.g:δίδραχμον
2026-07-31 06:21:15.3819  INFO 57 SimpleQueryUtility | (Timed) Performing section search
2026-07-31 06:21:15.3820  INFO 57 SimpleQueryUtility | (0ms) Performing section search
2026-07-31 06:21:15.3821  INFO 57 LibrarySearcher | (1ms) Searching SingleResource for: lemma.g:δίδραχμον
2026-07-31 06:21:15.3821  INFO 57 VisualFilterDocumentUserVisualFilterManager | Found 2 results in LLS:1.0.171 (1ms): lemma.g:δίδραχμον
2026-07-31 06:21:15.3822  INFO 57 LibrarySearcher | (Timed) Searching SingleResource for: lemma.g:μνᾶ
2026-07-31 06:21:15.3831  INFO 57 SimpleQueryUtility | (Timed) Performing section search
2026-07-31 06:21:15.3834  INFO 57 SimpleQueryUtility | (0ms) Performing section search
2026-07-31 06:21:15.3835  INFO 57 LibrarySearcher | (1ms) Searching SingleResource for: lemma.g:μνᾶ
2026-07-31 06:21:15.3835  INFO 57 VisualFilterDocumentUserVisualFilterManager | Found 9 results in LLS:1.0.171 (1ms): lemma.g:μνᾶ
2026-07-31 06:21:15.3836  INFO 57 LibrarySearcher | (Timed) Searching SingleResource for: lemma.g:κοδράντης
2026-07-31 06:21:15.3838  INFO 1 PanelViewModel | Got Resource panel settings for History: Id=LLS:1.0.171|Milestone=DataType%3dbible+nlt%7cResource%3dLLS:1.0.171%7cStartSegment%3d2456107%7cVersion%3d2021-09-17T15:11:23Z|Position=res/LLS:1.0.171/2021-09-17T15:11:23Z/2456107|Reference=bible+nlt.19.86.15
2026-07-31 06:21:15.3893  INFO 57 SimpleQueryUtility | (Timed) Performing section search
2026-07-31 06:21:15.3894  INFO 57 SimpleQueryUtility | (0ms) Performing section search
2026-07-31 06:21:15.3896  INFO 57 LibrarySearcher | (6ms) Searching SingleResource for: lemma.g:κοδράντης
2026-07-31 06:21:15.3896  INFO 57 VisualFilterDocumentUserVisualFilterManager | Found 2 results in LLS:1.0.171 (6ms): lemma.g:κοδράντης
2026-07-31 06:21:15.3897  INFO 57 LibrarySearcher | (Timed) Searching SingleResource for: lemma.h:קָנֶה
2026-07-31 06:21:15.3903  INFO 4 LibrarySearcher | (31ms) Searching SingleResource for: lemma.g:δίκαιος OR lemma.g:δίκαιος OR lemma.g:νόμος
2026-07-31 06:21:15.3903  INFO 4 VisualFilterDocumentUserVisualFilterManager | Found 366 results in LLS:1.0.171 (31ms): lemma.g:δίκαιος OR lemma.g:δίκαιος OR lemma.g:νόμος
2026-07-31 06:21:15.3903  INFO 57 SimpleQueryUtility | (Timed) Performing section search
2026-07-31 06:21:15.3905  INFO 57 SimpleQueryUtility | (0ms) Performing section search
2026-07-31 06:21:15.3906  INFO 57 LibrarySearcher | (1ms) Searching SingleResource for: lemma.h:קָנֶה
2026-07-31 06:21:15.3907  INFO 57 VisualFilterDocumentUserVisualFilterManager | Found 61 results in LLS:1.0.171 (0ms): lemma.h:קָנֶה
2026-07-31 06:21:15.3910  INFO 57 LibrarySearcher | (Timed) Searching SingleResource for: lemma.h:גֵּרָה.2
2026-07-31 06:21:15.391 Logos[14447:2257600] <VariableDividerWidthSplitView: 0x10c0f1b2480>: the delegate <ResourcePanelController: 0x10c1f567a80> was sent -splitView:resizeSubviewsWithOldSize: and left the arranged view frames in an inconsistent state:
2026-07-31 06:21:15.391 Logos[14447:2257600] Split view bounds: {{0, 0}, {694.16666666664037, 753.33333333330472}}
2026-07-31 06:21:15.391 Logos[14447:2257600]     Arranged view frame: {{0, 0}, {0, 100}}
2026-07-31 06:21:15.391 Logos[14447:2257600]     Arranged view frame: {{0, 0}, {100, 100}}
2026-07-31 06:21:15.391 Logos[14447:2257600]     Arranged view frame: {{0, 0}, {0, 100}}
2026-07-31 06:21:15.391 Logos[14447:2257600] The outer edges of the arranged view frames are supposed to line up with the split view's bounds' edges. NSSplitView is working around the problem, perhaps at the cost of more redrawing. (This message is only logged once per NSSplitView.)
2026-07-31 06:21:15.391 Logos[14447:2257600] The arranged view frames are not in the same order as the arranged views array. NSSplitView requires that these orders be kept consistent, otherwise behavior is undefined.
2026-07-31 06:21:15.391 Logos[14447:2257600] <NSSplitView: 0x10c0f1b27c0>: the delegate <ResourcePanelController: 0x10c1f567a80> was sent -splitView:resizeSubviewsWithOldSize: and left the arranged view frames in an inconsistent state:
2026-07-31 06:21:15.391 Logos[14447:2257600] Split view bounds: {{0, 0}, {694.16666666670608, 753.33333333337612}}
2026-07-31 06:21:15.391 Logos[14447:2257600]     Arranged view frame: {{0, 0}, {695, 753.33333333337612}}
2026-07-31 06:21:15.391 Logos[14447:2257600] The outer edges of the arranged view frames are supposed to line up with the split view's bounds' edges. NSSplitView is working around the problem, perhaps at the cost of more redrawing. (This message is only logged once per NSSplitView.)
2026-07-31 06:21:15.3917  INFO 57 SimpleQueryUtility | (Timed) Performing section search
2026-07-31 06:21:15.3919  INFO 57 SimpleQueryUtility | (0ms) Performing section search
2026-07-31 06:21:15.3920  INFO 57 LibrarySearcher | (1ms) Searching SingleResource for: lemma.h:גֵּרָה.2
2026-07-31 06:21:15.3920  INFO 57 VisualFilterDocumentUserVisualFilterManager | Found 5 results in LLS:1.0.171 (1ms): lemma.h:גֵּרָה.2
2026-07-31 06:21:15.3921  INFO 57 LibrarySearcher | (Timed) Searching SingleResource for: lemma.h:בֶּ֫קַע
2026-07-31 06:21:15.3927  INFO 57 SimpleQueryUtility | (Timed) Performing section search
2026-07-31 06:21:15.3928  INFO 57 SimpleQueryUtility | (0ms) Performing section search
2026-07-31 06:21:15.3930  INFO 57 LibrarySearcher | (1ms) Searching SingleResource for: lemma.h:בֶּ֫קַע
2026-07-31 06:21:15.3930  INFO 57 VisualFilterDocumentUserVisualFilterManager | Found 2 results in LLS:1.0.171 (0ms): lemma.h:בֶּ֫קַע
2026-07-31 06:21:15.3931  INFO 57 LibrarySearcher | (Timed) Searching SingleResource for: lemma.h:פִּים
2026-07-31 06:21:15.3938  INFO 57 SimpleQueryUtility | (Timed) Performing section search
2026-07-31 06:21:15.3940  INFO 57 SimpleQueryUtility | (0ms) Performing section search
2026-07-31 06:21:15.3941  INFO 57 LibrarySearcher | (1ms) Searching SingleResource for: lemma.h:פִּים
2026-07-31 06:21:15.3941  INFO 57 VisualFilterDocumentUserVisualFilterManager | Found 1 results in LLS:1.0.171 (1ms): lemma.h:פִּים
2026-07-31 06:21:15.3942  INFO 57 LibrarySearcher | (Timed) Searching SingleResource for: lemma.h:שֶׁ֫קֶל
2026-07-31 06:21:15.3948  INFO 57 SimpleQueryUtility | (Timed) Performing section search
2026-07-31 06:21:15.3950  INFO 57 SimpleQueryUtility | (0ms) Performing section search
2026-07-31 06:21:15.3951  INFO 57 LibrarySearcher | (1ms) Searching SingleResource for: lemma.h:שֶׁ֫קֶל
2026-07-31 06:21:15.3951  INFO 57 VisualFilterDocumentUserVisualFilterManager | Found 90 results in LLS:1.0.171 (0ms): lemma.h:שֶׁ֫קֶל
2026-07-31 06:21:15.3952  INFO 57 LibrarySearcher | (Timed) Searching SingleResource for: lemma.g:λίτρα
2026-07-31 06:21:15.3958  INFO 57 SimpleQueryUtility | (Timed) Performing section search
2026-07-31 06:21:15.3959  INFO 57 SimpleQueryUtility | (0ms) Performing section search
2026-07-31 06:21:15.3961  INFO 57 LibrarySearcher | (1ms) Searching SingleResource for: lemma.g:λίτρα
2026-07-31 06:21:15.3961  INFO 57 VisualFilterDocumentUserVisualFilterManager | Found 2 results in LLS:1.0.171 (0ms): lemma.g:λίτρα
2026-07-31 06:21:15.3961  INFO 57 LibrarySearcher | (Timed) Searching SingleResource for: lemma.h:כִּכָּר
2026-07-31 06:21:15.3966  INFO 57 SimpleQueryUtility | (Timed) Performing section search
2026-07-31 06:21:15.3968  INFO 57 SimpleQueryUtility | (0ms) Performing section search
2026-07-31 06:21:15.3969  INFO 57 LibrarySearcher | (1ms) Searching SingleResource for: lemma.h:כִּכָּר
2026-07-31 06:21:15.3969  INFO 57 VisualFilterDocumentUserVisualFilterManager | Found 71 results in LLS:1.0.171 (0ms): lemma.h:כִּכָּר
2026-07-31 06:21:15.3970  INFO 57 LibrarySearcher | (Timed) Searching SingleResource for: lemma.g:τάλαντον
2026-07-31 06:21:15.3998  INFO 57 SimpleQueryUtility | (Timed) Performing section search
2026-07-31 06:21:15.4001  INFO 57 SimpleQueryUtility | (0ms) Performing section search
2026-07-31 06:21:15.4003  INFO 57 LibrarySearcher | (3ms) Searching SingleResource for: lemma.g:τάλαντον
2026-07-31 06:21:15.4003  INFO 57 VisualFilterDocumentUserVisualFilterManager | Found 14 results in LLS:1.0.171 (3ms): lemma.g:τάλαντον
2026-07-31 06:21:15.4003  INFO 57 LibrarySearcher | (Timed) Searching SingleResource for: lemma.g:ταλαντιαῖος
2026-07-31 06:21:15.4011  INFO 57 SimpleQueryUtility | (Timed) Performing section search
2026-07-31 06:21:15.4013  INFO 57 SimpleQueryUtility | (0ms) Performing section search
2026-07-31 06:21:15.4015  INFO 57 LibrarySearcher | (1ms) Searching SingleResource for: lemma.g:ταλαντιαῖος
2026-07-31 06:21:15.4015  INFO 57 VisualFilterDocumentUserVisualFilterManager | Found 2 results in LLS:1.0.171 (1ms): lemma.g:ταλαντιαῖος
2026-07-31 06:21:15.4210  INFO 43 SympatheticVisualFilter | Calculated markup for LLS:1.0.171 2454870:1593. (0ms)
2026-07-31 06:21:15.4276  INFO 4 UniversalTimelineVisualFilter | Calculated markup for LLS:1.0.171 2454870:1593. (7ms)
2026-07-31 06:21:15.4281  INFO 56 BkIndicatorVisualFilterBase | Calculated markup for LLS:1.0.171 2454870:1593. (8ms)
2026-07-31 06:21:15.4357  INFO 45 CorrespondingWordsUserVisualFilter | Calculated markup for LLS:1.0.171 2454870:1593. (15ms)
2026-07-31 06:21:15.4438  INFO 1 NotesToolUserVisualFilterProvider | Markup needed for LLS:1.0.171 2454870:1593.
2026-07-31 06:21:15.4521  INFO 21 ContextInformationCache | GetVerseInformation took 00:00:00.0847989
2026-07-31 06:21:15.4538  INFO 57 AtlasMapsVisualFilter | Calculated markup for LLS:1.0.171 2454870:1593. (33ms)
2026-07-31 06:21:15.4546  INFO 56 SympatheticVisualFilter | Calculated markup for LLS:1.0.171 2456463:766. (0ms)
2026-07-31 06:21:15.4576  INFO 56 UniversalTimelineVisualFilter | Calculated markup for LLS:1.0.171 2456463:766. (3ms)
2026-07-31 06:21:15.4577  INFO 76 BkIndicatorVisualFilterBase | Calculated markup for LLS:1.0.171 2456463:766. (3ms)
2026-07-31 06:21:15.4589  INFO 1 NotesToolUserVisualFilterProvider | Markup needed for LLS:1.0.171 2456463:766.
2026-07-31 06:21:15.4609  INFO 57 CorrespondingWordsUserVisualFilter | Calculated markup for LLS:1.0.171 2456463:766. (6ms)
2026-07-31 06:21:15.4693  INFO 43 AtlasMapsVisualFilter | Calculated markup for LLS:1.0.171 2456463:766. (14ms)
2026-07-31 06:21:15.5036  INFO 21 ContextInformationCache | GetPericopeInformation took 00:00:00.0514958
2026-07-31 06:21:15.5041  INFO 21 ContextInformationCache | GetArticleInformation took 00:00:00.0004164
2026-07-31 06:21:15.5041  INFO 21 ContextInformationCache | (137ms) Initializing cache
2026-07-31 06:21:15.5162  INFO 1 ParallelResourceSetsViewModel | Found 94 parallel resources in 2 sets. (133ms)
2026-07-31 06:21:15.5169  INFO 76 FilteringResourceViewComponent | (Timed) Updating resource filter
2026-07-31 06:21:15.5175  INFO 76 FilteringResourceViewComponent | (0ms) Updating resource filter
2026-07-31 06:21:15.5200  INFO 1 PanelViewModel | Got Resource panel settings for History: Id=LLS:1.0.171|Milestone=DataType%3dbible+nlt%7cResource%3dLLS:1.0.171%7cStartSegment%3d2456107%7cVersion%3d2021-09-17T15:11:23Z|Position=res/LLS:1.0.171/2021-09-17T15:11:23Z/2456107|Reference=bible+nlt.19.86.15
2026-07-31 06:21:15.5211  INFO 43 SqliteNotesClientRepository | Found 42 text range anchor resources. (4ms)
2026-07-31 06:21:15.5212  INFO 43 SqliteNotesClientRepository | Found 9 corpora sets for 42 resources. (0ms)
2026-07-31 06:21:15.5285  INFO 43 SqliteNotesClientRepository | Found 696 text range anchors in 8 matching resources. (7ms)
2026-07-31 06:21:15.5385  INFO 43 SqliteNotesClientRepository | Got 7 word number sets from 7 of 696 text range anchors. (9ms)
2026-07-31 06:21:15.5435  INFO 43 SqliteNotesClientRepository | Got 696 text range sets from word numbers for LLS:1.0.171 2021-09-17T15:11:23Z. (4ms)
2026-07-31 06:21:15.5457  INFO 43 NotesToolUserVisualFilterProvider | Got 1066 sympathetic notes markups for LLS:1.0.171 0:2147483647. (28ms)
2026-07-31 06:21:15.5485  INFO 21 ClientNotesApi | Saved word number cache. (2ms)
2026-07-31 06:21:15.5964  INFO 45 NotesDigitalLibraryService | Cached all 65034 milestones for LLS:1.0.171 2021-09-17T15:11:23Z. (78ms)
2026-07-31 06:21:15.6270  INFO 21 NotesToolUserVisualFilterProvider | Got 6 notes markups for LLS:1.0.171 2454870:2359. (53ms)
2026-07-31 06:21:15.6429  INFO 23 PopularHighlightsVisualFilter | Calculated markup for LLS:1.0.171 2454870:1593. (112ms)
2026-07-31 06:21:15.7428  INFO 23 PopularHighlightsVisualFilter | Calculated markup for LLS:1.0.171 2456463:766. (197ms)
2026-07-31 06:21:15.8248  INFO 74 DocumentManager | (517ms) Attempting to replace index '/Users/mjwebster/Library/Application Support/Logos4/Documents/wq8ubj9r.32o/Documents/documents' with new index '/Users/mjwebster/Library/Application Support/Logos4/Documents/wq8ubj9r.32o/Documents/qsadhktq.1rb'.
2026-07-31 06:21:15.8260  INFO 74 DocumentManager | (2504ms) Rebuilding document index.
